Code,latitude,longitude,target_dose_rate,target_dose_rate_0_1m,organic_carbon_b0,organic_carbon_b10,clay_fraction_0_30,clay_fraction_30_60,sand_fraction_b0,sand_fraction_b10,bulk_density_b0,bulk_density_b10,soil_pH_b0,soil_pH_b10,elevation_m,slope_deg_final,twi_scaled,source_row_index,predicted_target_dose_rate,model_mode,model_version,feature_set,model_name,warning_count,warning_columns,warning_types
1,51.160815,29.852414,0.09,0.1,7.0,7.0,13.0,14.0,71.0,71.0,126.0,128.0,52.0,53.0,143.0,18.3,4.94,0,0.10770014444323792,env_mode,1.0.0,env_only,random_forest,0,,
2,51.151827,29.838133,0.09,0.09,4.0,4.0,17.0,19.0,57.0,57.0,136.0,134.0,60.0,60.0,132.0,1.7,7.4,1,0.10229889999654455,env_mode,1.0.0,env_only,random_forest,0,,
3,51.151827,29.852412,0.09,0.1,4.0,4.0,14.0,16.0,61.0,61.0,133.0,133.0,57.0,56.0,129.0,5.5,6.17,2,0.10351053248548896,env_mode,1.0.0,env_only,random_forest,0,,
4,51.151183,29.86728,0.09,0.11,5.0,5.0,13.0,15.0,61.0,61.0,128.0,130.0,58.0,58.0,136.0,12.5,5.29,3,0.10492607515852591,env_mode,1.0.0,env_only,random_forest,0,,
5,51.151822,29.880973,0.1,0.11,5.0,5.0,11.0,12.0,72.0,72.0,126.0,128.0,55.0,55.0,136.0,24.1,4.83,4,0.11231978296558227,env_mode,1.0.0,env_only,random_forest,0,,
6,51.142829,29.852414,0.1,0.11,4.0,4.0,13.0,14.0,62.0,62.0,129.0,130.0,62.0,62.0,133.0,4.9,5.91,5,0.10494309996924907,env_mode,1.0.0,env_only,random_forest,0,,
7,51.14306,29.85566,0.1,0.11,5.0,5.0,13.0,15.0,62.0,62.0,130.0,131.0,60.0,60.0,134.0,22.5,5.11,6,0.10533172947046221,env_mode,1.0.0,env_only,random_forest,0,,
8,51.142835,29.861932,0.1,0.11,5.0,4.0,14.0,15.0,64.0,64.0,135.0,134.0,60.0,60.0,127.0,6.0,7.05,7,0.10273365434587646,env_mode,1.0.0,env_only,random_forest,0,,
9,51.142829,29.866694,0.11,0.11,4.0,4.0,14.0,15.0,61.0,61.0,134.0,133.0,57.0,57.0,127.0,11.1,5.68,8,0.1045045450480346,env_mode,1.0.0,env_only,random_forest,0,,
10,51.142829,29.880973,0.1,0.12,4.0,4.0,14.0,16.0,62.0,61.0,133.0,134.0,63.0,63.0,130.0,10.9,5.64,9,0.10361575348255173,env_mode,1.0.0,env_only,random_forest,0,,
11,51.139837,29.861932,0.1,0.1,4.0,5.0,14.0,16.0,64.0,63.0,133.0,133.0,59.0,60.0,131.0,7.3,5.92,10,0.1039165424600586,env_mode,1.0.0,env_only,random_forest,0,,
12,51.13967,29.86646,0.1,0.1,5.0,4.0,14.0,16.0,62.0,62.0,133.0,132.0,59.0,59.0,129.0,17.9,5.54,11,0.10586776838133913,env_mode,1.0.0,env_only,random_forest,0,,
13,51.139837,29.87145,0.09,0.11,5.0,4.0,13.0,15.0,60.0,60.0,131.0,132.0,60.0,60.0,126.0,7.0,6.79,12,0.10273022644441646,env_mode,1.0.0,env_only,random_forest,0,,
14,51.136839,29.86669,0.09,0.1,4.0,4.0,13.0,15.0,60.0,61.0,133.0,132.0,58.0,58.0,132.0,4.9,6.7,13,0.10364809652379169,env_mode,1.0.0,env_only,random_forest,0,,
15,51.136839,29.87145,0.09,0.1,3.0,3.0,15.0,17.0,59.0,59.0,136.0,134.0,62.0,62.0,132.0,17.7,4.97,14,0.10341611120350093,env_mode,1.0.0,env_only,random_forest,0,,
16,51.136839,29.87621,0.1,0.11,5.0,5.0,15.0,17.0,56.0,56.0,133.0,133.0,65.0,65.0,125.0,21.0,5.12,15,0.10578486762690639,env_mode,1.0.0,env_only,random_forest,0,,
17,51.133842,29.852412,0.11,0.11,5.0,4.0,14.0,16.0,61.0,61.0,128.0,128.0,62.0,62.0,134.0,5.1,6.3,16,0.10347259846553712,env_mode,1.0.0,env_only,random_forest,0,,
18,51.133835,29.866694,0.1,0.11,4.0,4.0,15.0,17.0,62.0,61.0,133.0,130.0,62.0,62.0,132.0,2.8,6.43,17,0.10346511832701619,env_mode,1.0.0,env_only,random_forest,0,,
19,51.133842,29.87145,0.09,0.1,4.0,5.0,16.0,18.0,56.0,56.0,134.0,131.0,64.0,64.0,130.0,4.1,6.86,18,0.10372669212387148,env_mode,1.0.0,env_only,random_forest,0,,
20,51.133842,29.87621,0.1,0.1,3.0,3.0,15.0,16.0,52.0,52.0,133.0,132.0,65.0,65.0,128.0,5.5,6.11,19,0.10747503243351017,env_mode,1.0.0,env_only,random_forest,0,,
21,51.133835,29.88057,0.09,0.1,4.0,4.0,15.0,17.0,57.0,56.0,133.0,132.0,64.0,65.0,125.0,16.4,5.21,20,0.10534916921024118,env_mode,1.0.0,env_only,random_forest,0,,
22,51.133503,29.895709,0.11,0.12,6.0,7.0,13.0,14.0,63.0,63.0,126.0,128.0,61.0,62.0,129.0,16.6,5.3,21,0.10853153811839734,env_mode,1.0.0,env_only,random_forest,0,,
23,51.132683,29.909355,0.12,0.12,5.0,4.0,14.0,16.0,67.0,66.0,129.0,129.0,60.0,60.0,127.0,2.0,7.92,22,0.10280671402539997,env_mode,1.0.0,env_only,random_forest,0,,
24,51.132917,29.952255,0.1,0.12,4.0,4.0,13.0,16.0,60.0,60.0,134.0,132.0,60.0,60.0,130.0,7.6,6.06,23,0.10481012027185128,env_mode,1.0.0,env_only,random_forest,0,,
25,51.133035,30.022914,0.11,0.13,3.0,4.0,14.0,16.0,67.0,67.0,126.0,126.0,58.0,58.0,130.0,6.5,5.8,24,0.1052034406100473,env_mode,1.0.0,env_only,random_forest,0,,
26,51.130844,29.88097,0.1,0.11,5.0,4.0,16.0,17.0,54.0,54.0,136.0,134.0,65.0,65.0,124.0,8.2,5.46,25,0.10564024116568696,env_mode,1.0.0,env_only,random_forest,0,,
27,51.130844,29.87621,0.1,0.1,3.0,3.0,16.0,17.0,52.0,51.0,135.0,134.0,64.0,64.0,123.0,14.3,5.35,26,0.10732200346563323,env_mode,1.0.0,env_only,random_forest,0,,
28,51.12779,29.90987,0.12,0.13,4.0,4.0,15.0,17.0,60.0,60.0,134.0,133.0,63.0,63.0,125.0,19.0,5.15,27,0.10491199335162846,env_mode,1.0.0,env_only,random_forest,0,,
29,51.127846,29.914288,0.1,0.12,5.0,4.0,15.0,16.0,59.0,59.0,134.0,133.0,63.0,63.0,129.0,6.0,6.13,28,0.10450728468400251,env_mode,1.0.0,env_only,random_forest,0,,
30,51.127846,29.919047,0.1,0.11,4.0,5.0,15.0,16.0,57.0,58.0,132.0,130.0,66.0,66.0,129.0,3.2,6.93,29,0.10266233600156001,env_mode,1.0.0,env_only,random_forest,0,,
31,51.127846,29.923806,0.12,0.12,5.0,4.0,15.0,16.0,52.0,51.0,134.0,133.0,66.0,66.0,125.0,7.5,6.29,30,0.1075020715423286,env_mode,1.0.0,env_only,random_forest,0,,
32,51.127553,29.928473,0.11,0.12,6.0,5.0,14.0,16.0,53.0,53.0,133.0,132.0,65.0,65.0,124.0,6.6,5.91,31,0.10631287576420002,env_mode,1.0.0,env_only,random_forest,0,,
33,51.127846,29.933325,0.11,0.13,5.0,4.0,14.0,16.0,56.0,56.0,131.0,129.0,63.0,63.0,124.0,6.3,5.78,32,0.10524364317220489,env_mode,1.0.0,env_only,random_forest,0,,
34,51.127846,29.957124,0.12,0.12,4.0,4.0,17.0,18.0,54.0,53.0,133.0,131.0,63.0,63.0,129.0,13.9,5.64,33,0.10687832541345671,env_mode,1.0.0,env_only,random_forest,0,,
35,51.124848,30.095153,0.11,0.12,4.0,4.0,15.0,17.0,55.0,55.0,133.0,133.0,65.0,65.0,126.0,25.5,4.35,34,0.10705323762684456,env_mode,1.0.0,env_only,random_forest,0,,
36,51.124069,30.080768,0.12,0.12,4.0,4.0,15.0,16.0,56.0,56.0,134.0,132.0,64.0,64.0,118.0,3.0,6.42,35,0.10758090585009639,env_mode,1.0.0,env_only,random_forest,0,,
37,51.123952,30.066375,0.11,0.12,4.0,4.0,16.0,18.0,52.0,53.0,134.0,133.0,65.0,65.0,115.0,1.8,7.71,36,0.10702547796540343,env_mode,1.0.0,env_only,random_forest,0,,
38,51.124069,30.053664,0.12,0.13,4.0,4.0,16.0,18.0,49.0,49.0,131.0,130.0,65.0,65.0,116.0,3.9,6.72,37,0.11004949208195311,env_mode,1.0.0,env_only,random_forest,0,,
39,51.125783,30.037053,0.1,0.11,5.0,5.0,14.0,16.0,50.0,49.0,131.0,130.0,64.0,64.0,117.0,1.6,8.15,38,0.10788802012760661,env_mode,1.0.0,env_only,random_forest,0,,
40,51.124538,30.022447,0.13,0.14,4.0,4.0,14.0,16.0,53.0,52.0,129.0,129.0,61.0,61.0,117.0,7.3,6.49,39,0.10737652098703944,env_mode,1.0.0,env_only,random_forest,0,,
41,51.124842,30.00949,0.13,0.15,10.0,11.0,10.0,11.0,61.0,61.0,124.0,129.0,57.0,57.0,138.0,16.8,4.7,40,0.11741071330674349,env_mode,1.0.0,env_only,random_forest,0,,
42,51.124842,29.99521,0.13,0.14,7.0,6.0,12.0,14.0,67.0,67.0,130.0,129.0,57.0,57.0,130.0,23.9,4.39,41,0.11708157606181542,env_mode,1.0.0,env_only,random_forest,0,,
43,51.124842,29.98093,0.13,0.15,6.0,6.0,14.0,16.0,65.0,65.0,123.0,125.0,57.0,58.0,140.0,23.8,4.94,42,0.11226177905285159,env_mode,1.0.0,env_only,random_forest,0,,
44,51.125124,29.965994,0.13,0.13,4.0,4.0,16.0,18.0,58.0,57.0,133.0,134.0,67.0,67.0,127.0,11.3,5.57,43,0.1032218858938745,env_mode,1.0.0,env_only,random_forest,0,,
45,51.12493,29.95222,0.11,0.12,5.0,4.0,17.0,18.0,54.0,55.0,133.0,133.0,64.0,64.0,121.0,33.4,4.53,44,0.10528352200458085,env_mode,1.0.0,env_only,random_forest,0,,
46,51.124069,29.947582,0.12,0.12,5.0,4.0,16.0,18.0,53.0,52.0,131.0,130.0,65.0,65.0,120.0,13.0,5.45,45,0.10750149404895165,env_mode,1.0.0,env_only,random_forest,0,,
47,51.124848,29.942845,0.11,0.11,5.0,4.0,15.0,16.0,51.0,50.0,132.0,130.0,64.0,64.0,122.0,19.3,4.69,46,0.10853514864192083,env_mode,1.0.0,env_only,random_forest,0,,
48,51.12447,29.93698,0.11,0.11,4.0,4.0,14.0,15.0,53.0,52.0,133.0,131.0,65.0,65.0,121.0,6.6,5.8,47,0.10720927246311968,env_mode,1.0.0,env_only,random_forest,0,,
49,51.1253,29.932534,0.1,0.12,5.0,5.0,14.0,16.0,54.0,53.0,133.0,132.0,64.0,64.0,121.0,11.6,5.51,48,0.10652000985574615,env_mode,1.0.0,env_only,random_forest,0,,
50,51.1253,29.927861,0.1,0.12,6.0,5.0,14.0,16.0,50.0,50.0,133.0,132.0,65.0,65.0,122.0,16.0,4.93,49,0.10768170294507143,env_mode,1.0.0,env_only,random_forest,0,,
51,51.1256,29.92359,0.11,0.12,5.0,5.0,15.0,16.0,52.0,52.0,134.0,132.0,66.0,66.0,122.0,17.7,5.13,50,0.10670141533179214,env_mode,1.0.0,env_only,random_forest,0,,
52,51.125417,29.918982,0.11,0.11,5.0,4.0,15.0,16.0,55.0,55.0,130.0,129.0,66.0,66.0,123.0,9.6,5.57,51,0.10324394596594101,env_mode,1.0.0,env_only,random_forest,0,,
53,51.12571,29.914683,0.1,0.12,5.0,4.0,15.0,17.0,58.0,57.0,135.0,133.0,65.0,65.0,121.0,16.7,5.25,52,0.1048800525595372,env_mode,1.0.0,env_only,random_forest,0,,
54,51.12606,29.90969,0.11,0.11,4.0,4.0,15.0,17.0,57.0,57.0,134.0,132.0,64.0,64.0,120.0,6.9,6.05,53,0.10577864842361648,env_mode,1.0.0,env_only,random_forest,0,,
55,51.124848,29.895249,0.1,0.12,6.0,5.0,14.0,16.0,64.0,64.0,129.0,129.0,62.0,62.0,121.0,11.0,5.43,54,0.1034225428472406,env_mode,1.0.0,env_only,random_forest,0,,
56,51.124842,29.880973,0.11,0.11,4.0,4.0,16.0,17.0,50.0,49.0,131.0,132.0,64.0,64.0,120.0,0.6,8.71,55,0.1090925444998188,env_mode,1.0.0,env_only,random_forest,0,,
57,51.12501,29.86512,0.1,0.1,4.0,4.0,15.0,17.0,53.0,53.0,132.0,131.0,64.0,64.0,119.0,4.6,6.57,56,0.10649890705495649,env_mode,1.0.0,env_only,random_forest,0,,
58,51.124842,29.852414,0.1,0.11,4.0,5.0,16.0,18.0,53.0,52.0,133.0,131.0,65.0,65.0,119.0,0.7,9.56,57,0.10557838182852623,env_mode,1.0.0,env_only,random_forest,0,,
59,51.124842,29.838134,0.11,0.12,5.0,5.0,15.0,17.0,56.0,56.0,136.0,134.0,63.0,63.0,120.0,3.4,7.63,58,0.10484326946026463,env_mode,1.0.0,env_only,random_forest,0,,
60,51.124848,29.828614,0.11,0.12,4.0,4.0,17.0,19.0,59.0,59.0,137.0,135.0,61.0,61.0,127.0,13.0,5.25,59,0.10414744477648397,env_mode,1.0.0,env_only,random_forest,0,,
61,51.12458,29.82432,0.12,0.12,4.0,4.0,16.0,18.0,57.0,57.0,139.0,138.0,60.0,61.0,129.0,6.6,6.09,60,0.10492034482650392,env_mode,1.0.0,env_only,random_forest,0,,
62,51.12767,29.83336,0.11,0.12,4.0,4.0,15.0,17.0,57.0,57.0,133.0,132.0,59.0,59.0,126.0,16.2,5.21,61,0.106114263199532,env_mode,1.0.0,env_only,random_forest,0,,
63,51.124842,29.809575,0.1,0.11,4.0,4.0,15.0,17.0,59.0,59.0,138.0,137.0,62.0,62.0,128.0,3.3,6.49,62,0.10437029255386651,env_mode,1.0.0,env_only,random_forest,0,,
64,51.124842,29.709618,0.09,0.1,7.0,7.0,10.0,12.0,59.0,59.0,122.0,127.0,59.0,59.0,145.0,34.1,4.45,63,0.1031334988923983,env_mode,1.0.0,env_only,random_forest,0,,
65,51.121852,29.819094,0.13,0.13,3.0,4.0,16.0,17.0,64.0,64.0,140.0,138.0,59.0,59.0,124.0,11.0,5.42,64,0.10457349256070106,env_mode,1.0.0,env_only,random_forest,0,,
66,51.121852,29.852412,0.1,0.1,4.0,4.0,16.0,18.0,58.0,59.0,134.0,133.0,64.0,64.0,123.0,10.8,5.78,65,0.10367323076126664,env_mode,1.0.0,env_only,random_forest,0,,
67,51.121852,29.857172,0.1,0.1,4.0,4.0,17.0,18.0,60.0,59.0,133.0,133.0,63.0,63.0,122.0,12.0,5.45,66,0.10296633978056226,env_mode,1.0.0,env_only,random_forest,0,,
68,51.12198,29.86163,0.1,0.11,4.0,4.0,17.0,18.0,55.0,55.0,134.0,132.0,65.0,65.0,121.0,9.6,5.47,67,0.10487920455342017,env_mode,1.0.0,env_only,random_forest,0,,
69,51.121852,30.019,0.13,0.13,5.0,5.0,16.0,17.0,56.0,56.0,133.0,132.0,64.0,64.0,119.0,2.9,6.48,68,0.10692138967408268,env_mode,1.0.0,env_only,random_forest,0,,
70,51.118854,30.023759,0.13,0.15,5.0,4.0,15.0,16.0,51.0,51.0,131.0,130.0,66.0,66.0,116.0,2.4,7.96,69,0.10886128640591275,env_mode,1.0.0,env_only,random_forest,0,,
71,51.118854,30.019,0.13,0.17,5.0,5.0,15.0,16.0,58.0,58.0,131.0,131.0,65.0,65.0,117.0,4.0,6.4,70,0.10626166950143803,env_mode,1.0.0,env_only,random_forest,0,,
72,51.11909,30.01489,0.13,0.17,7.0,7.0,13.0,14.0,61.0,61.0,123.0,123.0,60.0,60.0,120.0,5.7,6.72,71,0.10737147150062422,env_mode,1.0.0,env_only,random_forest,0,,
73,51.118854,29.86669,0.1,0.12,4.0,4.0,15.0,18.0,56.0,56.0,134.0,133.0,63.0,63.0,126.0,15.9,4.99,72,0.10596895102626712,env_mode,1.0.0,env_only,random_forest,0,,
74,51.118854,29.861932,0.11,0.11,4.0,4.0,16.0,18.0,55.0,55.0,135.0,133.0,64.0,64.0,124.0,5.2,6.33,73,0.10587664436325912,env_mode,1.0.0,env_only,random_forest,0,,
75,51.118854,29.857172,0.11,0.12,4.0,4.0,15.0,17.0,57.0,57.0,134.0,133.0,64.0,64.0,126.0,5.7,5.89,74,0.10503646754459536,env_mode,1.0.0,env_only,random_forest,0,,
76,51.11882,29.85284,0.11,0.13,3.0,3.0,17.0,19.0,60.0,60.0,134.0,132.0,63.0,63.0,129.0,8.5,5.89,75,0.10306034984029334,env_mode,1.0.0,env_only,random_forest,0,,
77,51.115856,29.695343,0.09,0.1,4.0,4.0,14.0,15.0,68.0,66.0,124.0,125.0,61.0,61.0,136.0,9.9,6.13,76,0.10262550097542662,env_mode,1.0.0,env_only,random_forest,0,,
78,51.115849,29.709618,0.1,0.11,5.0,5.0,13.0,15.0,67.0,66.0,128.0,130.0,63.0,63.0,134.0,5.3,7.02,77,0.10179486689728717,env_mode,1.0.0,env_only,random_forest,0,,
79,51.115849,29.723898,0.1,0.11,4.0,4.0,14.0,16.0,72.0,72.0,135.0,136.0,62.0,61.0,130.0,45.0,4.52,78,0.10560123317689575,env_mode,1.0.0,env_only,random_forest,0,,
80,51.115856,29.728661,0.1,0.11,4.0,4.0,14.0,15.0,75.0,76.0,135.0,134.0,60.0,60.0,132.0,3.2,6.68,79,0.10331628379577638,env_mode,1.0.0,env_only,random_forest,0,,
81,51.115856,29.733421,0.09,0.1,4.0,4.0,14.0,15.0,76.0,76.0,131.0,130.0,62.0,62.0,137.0,16.5,4.9,80,0.10336221350585352,env_mode,1.0.0,env_only,random_forest,0,,
82,51.115856,29.738181,0.11,0.11,6.0,5.0,12.0,13.0,70.0,70.0,126.0,131.0,61.0,61.0,149.0,25.2,4.27,81,0.10346131251758096,env_mode,1.0.0,env_only,random_forest,0,,
83,51.115849,29.752457,0.1,0.1,4.0,4.0,11.0,13.0,73.0,74.0,132.0,134.0,62.0,62.0,126.0,8.1,6.02,82,0.10737804740912184,env_mode,1.0.0,env_only,random_forest,0,,
84,51.115913,29.765125,0.1,0.11,5.0,5.0,10.0,12.0,76.0,76.0,121.0,127.0,53.0,53.0,141.0,18.3,4.9,83,0.11024549667510053,env_mode,1.0.0,env_only,random_forest,0,,
85,51.115849,29.781016,0.09,0.09,7.0,6.0,14.0,16.0,65.0,64.0,123.0,124.0,57.0,57.0,122.0,0.6,8.65,84,0.10462855162175756,env_mode,1.0.0,env_only,random_forest,0,,
86,51.115849,29.795296,0.09,0.1,4.0,4.0,14.0,15.0,64.0,63.0,139.0,138.0,55.0,55.0,121.0,3.8,6.57,85,0.10813234538325361,env_mode,1.0.0,env_only,random_forest,0,,
87,51.116323,29.809426,0.1,0.11,5.0,5.0,14.0,16.0,62.0,61.0,134.0,134.0,61.0,61.0,122.0,8.4,5.91,86,0.10429548754212226,env_mode,1.0.0,env_only,random_forest,0,,
88,51.115856,29.823854,0.11,0.11,4.0,5.0,11.0,13.0,72.0,73.0,137.0,138.0,59.0,59.0,129.0,40.3,4.1,87,0.11147498219818325,env_mode,1.0.0,env_only,random_forest,0,,
89,51.11474,29.837746,0.11,0.12,6.0,7.0,10.0,12.0,70.0,70.0,120.0,124.0,55.0,55.0,143.0,24.0,4.76,88,0.10930947202457518,env_mode,1.0.0,env_only,random_forest,0,,
90,51.115849,29.852414,0.11,0.13,3.0,3.0,17.0,19.0,58.0,58.0,133.0,132.0,63.0,63.0,128.0,3.1,6.57,89,0.10382754352252459,env_mode,1.0.0,env_only,random_forest,0,,
91,51.116264,29.862701,0.12,0.13,5.0,5.0,15.0,18.0,55.0,55.0,136.0,133.0,63.0,63.0,124.0,5.3,6.83,90,0.105033026556338,env_mode,1.0.0,env_only,random_forest,0,,
92,51.11565,29.8666,0.12,0.14,4.0,4.0,15.0,17.0,55.0,55.0,137.0,135.0,64.0,64.0,124.0,2.6,6.53,91,0.10619163874870988,env_mode,1.0.0,env_only,random_forest,0,,
93,51.115854,29.872234,0.1,0.12,3.0,4.0,16.0,18.0,55.0,54.0,135.0,133.0,63.0,63.0,125.0,5.0,6.66,92,0.10566038078548745,env_mode,1.0.0,env_only,random_forest,0,,
94,51.115856,29.87621,0.09,0.1,3.0,4.0,16.0,18.0,55.0,55.0,133.0,132.0,63.0,63.0,127.0,10.3,5.75,93,0.10568094998736277,env_mode,1.0.0,env_only,random_forest,0,,
95,51.11545,29.88094,0.09,0.1,5.0,5.0,15.0,17.0,57.0,57.0,133.0,131.0,63.0,63.0,128.0,6.8,5.93,94,0.10512375114836985,env_mode,1.0.0,env_only,random_forest,0,,
96,51.115849,29.895253,0.12,0.12,5.0,5.0,11.0,13.0,61.0,61.0,131.0,131.0,63.0,63.0,128.0,18.7,5.13,95,0.10964943167200396,env_mode,1.0.0,env_only,random_forest,0,,
97,51.115849,29.909532,0.1,0.12,4.0,4.0,14.0,15.0,65.0,65.0,136.0,136.0,62.0,62.0,139.0,44.8,3.84,96,0.1037812803694213,env_mode,1.0.0,env_only,random_forest,0,,
98,51.116323,29.923639,0.11,0.11,5.0,5.0,11.0,12.0,67.0,67.0,126.0,125.0,60.0,60.0,137.0,7.3,6.05,97,0.10566497038404656,env_mode,1.0.0,env_only,random_forest,0,,
99,51.116264,29.939621,0.11,0.11,5.0,6.0,12.0,14.0,53.0,53.0,130.0,130.0,61.0,61.0,132.0,12.9,5.14,98,0.10978387723943896,env_mode,1.0.0,env_only,random_forest,0,,
100,51.115678,29.951585,0.1,0.12,5.0,5.0,17.0,19.0,56.0,56.0,131.0,130.0,66.0,66.0,118.0,14.9,5.44,99,0.1010073711595866,env_mode,1.0.0,env_only,random_forest,0,,
101,51.115849,29.966651,0.12,0.13,5.0,5.0,16.0,18.0,50.0,50.0,132.0,130.0,66.0,66.0,117.0,1.3,7.68,100,0.10697050613050012,env_mode,1.0.0,env_only,random_forest,0,,
102,51.115856,29.980922,0.12,0.14,6.0,5.0,15.0,17.0,46.0,45.0,120.0,120.0,67.0,67.0,117.0,0.6,8.13,101,0.10488263410136792,env_mode,1.0.0,env_only,random_forest,0,,
103,51.116323,29.995139,0.12,0.14,5.0,5.0,15.0,16.0,56.0,56.0,130.0,128.0,63.0,63.0,116.0,9.6,5.79,102,0.10686656002715404,env_mode,1.0.0,env_only,random_forest,0,,
104,51.115849,30.00949,0.13,0.14,4.0,4.0,14.0,16.0,69.0,70.0,123.0,123.0,60.0,60.0,117.0,13.3,5.59,103,0.10844191859985654,env_mode,1.0.0,env_only,random_forest,0,,
105,51.115856,30.018999,0.14,0.14,4.0,4.0,15.0,16.0,56.0,56.0,129.0,127.0,62.0,62.0,119.0,25.8,4.83,104,0.11197251447135428,env_mode,1.0.0,env_only,random_forest,0,,
106,51.116417,30.02203,0.14,0.16,5.0,4.0,15.0,16.0,54.0,54.0,126.0,124.0,64.0,64.0,121.0,27.6,4.78,105,0.11179045186522711,env_mode,1.0.0,env_only,random_forest,0,,
107,51.115856,30.028519,0.11,0.11,4.0,4.0,15.0,16.0,54.0,54.0,132.0,131.0,62.0,62.0,132.0,37.9,4.48,106,0.10723409811660108,env_mode,1.0.0,env_only,random_forest,0,,
108,51.115856,30.038037,0.12,0.13,5.0,5.0,17.0,19.0,50.0,50.0,132.0,130.0,65.0,64.0,133.0,11.5,5.48,107,0.10876732926452573,env_mode,1.0.0,env_only,random_forest,0,,
109,51.115849,30.052328,0.12,0.12,5.0,5.0,17.0,19.0,53.0,53.0,131.0,130.0,64.0,64.0,119.0,10.8,5.73,108,0.10482064732174175,env_mode,1.0.0,env_only,random_forest,0,,
110,51.115856,30.0666,0.11,0.11,4.0,4.0,18.0,20.0,51.0,50.0,135.0,133.0,65.0,65.0,123.0,3.9,6.76,109,0.10898896927336568,env_mode,1.0.0,env_only,random_forest,0,,
111,51.115856,30.080875,0.11,0.12,4.0,4.0,17.0,18.0,49.0,49.0,134.0,136.0,65.0,65.0,126.0,13.3,5.43,110,0.10926219285871985,env_mode,1.0.0,env_only,random_forest,0,,
112,51.115849,30.095167,0.1,0.11,5.0,5.0,18.0,19.0,51.0,49.0,137.0,136.0,70.0,70.0,126.0,9.2,5.75,111,0.10295221194935468,env_mode,1.0.0,env_only,random_forest,0,,
113,51.115856,30.109432,0.11,0.11,5.0,5.0,17.0,18.0,52.0,52.0,141.0,141.0,69.0,69.0,126.0,6.1,6.89,112,0.10454482816594125,env_mode,1.0.0,env_only,random_forest,0,,
114,51.115849,30.123726,0.14,0.16,5.0,5.0,13.0,14.0,58.0,58.0,132.0,132.0,59.0,59.0,141.0,25.7,4.57,113,0.10914123966470403,env_mode,1.0.0,env_only,random_forest,0,,
115,51.11586,30.13847,0.14,0.14,8.0,8.0,12.0,13.0,65.0,65.0,126.0,125.0,58.0,58.0,142.0,18.6,5.38,114,0.11058339704770385,env_mode,1.0.0,env_only,random_forest,0,,
116,51.115849,30.209404,0.11,0.11,5.0,4.0,16.0,17.0,69.0,70.0,124.0,128.0,57.0,57.0,122.0,1.2,7.47,115,0.10409156435817103,env_mode,1.0.0,env_only,random_forest,0,,
117,51.115856,30.223663,0.09,0.09,6.0,6.0,15.0,16.0,62.0,61.0,119.0,126.0,53.0,52.0,123.0,8.3,6.21,116,0.11728543312700607,env_mode,1.0.0,env_only,random_forest,0,,
118,51.11535,30.27978,0.09,0.09,5.0,5.0,12.0,13.0,62.0,63.0,130.0,132.0,59.0,59.0,121.0,12.2,4.97,117,0.10743061143082004,env_mode,1.0.0,env_only,random_forest,0,,
119,51.11654,30.28486,0.09,0.09,5.0,5.0,15.0,16.0,59.0,58.0,124.0,127.0,59.0,59.0,120.0,3.7,6.75,118,0.10261791106351636,env_mode,1.0.0,env_only,random_forest,0,,
120,51.11583,30.29546,0.1,0.11,5.0,5.0,12.0,13.0,63.0,62.0,117.0,120.0,60.0,60.0,120.0,3.9,6.77,119,0.10292847202904579,env_mode,1.0.0,env_only,random_forest,0,,
121,51.11642,30.30774,0.09,0.09,7.0,7.0,13.0,14.0,58.0,58.0,126.0,129.0,64.0,64.0,115.0,1.8,7.68,120,0.10562424304430393,env_mode,1.0.0,env_only,random_forest,0,,
122,51.11334,30.29089,0.09,0.09,4.0,4.0,14.0,15.0,64.0,64.0,129.0,129.0,61.0,61.0,118.0,3.8,6.51,121,0.10393278163655516,env_mode,1.0.0,env_only,random_forest,0,,
123,51.11333,30.28531,0.08,0.09,5.0,5.0,14.0,15.0,62.0,62.0,127.0,126.0,62.0,62.0,118.0,9.4,6.13,122,0.10390568797570855,env_mode,1.0.0,env_only,random_forest,0,,
124,51.11301,30.28076,0.08,0.09,3.0,4.0,16.0,17.0,62.0,62.0,136.0,137.0,60.0,60.0,119.0,3.2,7.3,123,0.10275532029041609,env_mode,1.0.0,env_only,random_forest,0,,
125,51.11274,30.27656,0.08,0.09,4.0,4.0,14.0,15.0,60.0,60.0,132.0,133.0,59.0,59.0,120.0,1.8,7.93,124,0.1020069273791914,env_mode,1.0.0,env_only,random_forest,0,,
126,51.11257,30.15238,0.1,0.11,5.0,4.0,15.0,16.0,61.0,61.0,117.0,122.0,58.0,58.0,126.0,7.9,5.88,125,0.10670429585099285,env_mode,1.0.0,env_only,random_forest,0,,
127,51.11399,30.14742,0.11,0.11,5.0,5.0,15.0,16.0,62.0,61.0,122.0,121.0,56.0,56.0,129.0,10.0,5.49,126,0.10902189046282625,env_mode,1.0.0,env_only,random_forest,0,,
128,51.11214,30.14361,0.11,0.12,4.0,5.0,16.0,17.0,59.0,60.0,130.0,128.0,59.0,59.0,123.0,22.1,4.94,127,0.10669635424874069,env_mode,1.0.0,env_only,random_forest,0,,
129,51.112858,30.137991,0.13,0.14,4.0,4.0,15.0,16.0,61.0,61.0,131.0,129.0,58.0,58.0,129.0,23.5,4.73,128,0.11115018533620394,env_mode,1.0.0,env_only,random_forest,0,,
130,51.11241,30.13295,0.11,0.11,3.0,3.0,15.0,17.0,60.0,61.0,133.0,131.0,59.0,59.0,125.0,7.3,6.19,129,0.10490764388981616,env_mode,1.0.0,env_only,random_forest,0,,
131,51.11288,30.01851,0.14,0.16,4.0,4.0,15.0,16.0,66.0,67.0,135.0,134.0,62.0,62.0,124.0,24.4,4.7,130,0.10895949266166104,env_mode,1.0.0,env_only,random_forest,0,,
132,51.112858,29.88097,0.11,0.11,5.0,5.0,15.0,16.0,60.0,60.0,129.0,129.0,63.0,63.0,127.0,6.5,5.83,131,0.10396933589214116,env_mode,1.0.0,env_only,random_forest,0,,
133,51.112858,29.86669,0.1,0.11,4.0,5.0,15.0,17.0,55.0,56.0,136.0,135.0,64.0,64.0,125.0,4.3,6.13,132,0.10559628693092674,env_mode,1.0.0,env_only,random_forest,0,,
134,51.112858,29.742941,0.1,0.1,3.0,4.0,13.0,15.0,69.0,69.0,132.0,134.0,61.0,61.0,130.0,4.6,6.35,133,0.1045873176261325,env_mode,1.0.0,env_only,random_forest,0,,
135,51.112858,29.738181,0.1,0.1,4.0,4.0,13.0,15.0,72.0,72.0,126.0,128.0,60.0,60.0,134.0,18.5,4.73,134,0.10510415584992153,env_mode,1.0.0,env_only,random_forest,0,,
136,51.112858,29.733421,0.09,0.09,4.0,4.0,15.0,17.0,71.0,71.0,135.0,136.0,61.0,61.0,132.0,10.3,6.05,135,0.10260158352910827,env_mode,1.0.0,env_only,random_forest,0,,
137,51.11255,29.72871,0.09,0.1,5.0,5.0,15.0,17.0,67.0,67.0,129.0,129.0,62.0,62.0,134.0,16.0,5.4,136,0.10254761882710763,env_mode,1.0.0,env_only,random_forest,0,,
138,51.109862,29.728661,0.11,0.11,4.0,5.0,15.0,17.0,68.0,68.0,132.0,132.0,61.0,61.0,135.0,4.3,6.33,137,0.10279321605380634,env_mode,1.0.0,env_only,random_forest,0,,
139,51.109862,29.733421,0.1,0.11,4.0,4.0,15.0,17.0,71.0,70.0,134.0,136.0,60.0,60.0,134.0,10.6,5.65,138,0.10239432036334727,env_mode,1.0.0,env_only,random_forest,0,,
140,51.109862,29.738181,0.1,0.1,3.0,4.0,13.0,15.0,73.0,73.0,132.0,134.0,60.0,60.0,133.0,18.4,5.31,139,0.10405947629986656,env_mode,1.0.0,env_only,random_forest,0,,
141,51.10995,29.74291,0.1,0.11,5.0,5.0,12.0,14.0,73.0,73.0,131.0,133.0,60.0,60.0,138.0,8.4,6.33,140,0.10452089349548073,env_mode,1.0.0,env_only,random_forest,0,,
142,51.109862,29.861932,0.1,0.11,4.0,4.0,15.0,16.0,56.0,56.0,134.0,132.0,63.0,63.0,128.0,6.4,6.1,141,0.10641455084406976,env_mode,1.0.0,env_only,random_forest,0,,
143,51.10995,29.97644,0.13,0.15,6.0,5.0,17.0,19.0,54.0,54.0,131.0,131.0,66.0,66.0,124.0,13.1,5.12,142,0.10273349690302282,env_mode,1.0.0,env_only,random_forest,0,,
144,51.11037,29.97977,0.13,0.13,5.0,5.0,17.0,19.0,55.0,55.0,132.0,131.0,65.0,64.0,124.0,6.0,6.01,143,0.10522777630627837,env_mode,1.0.0,env_only,random_forest,0,,
145,51.10988,30.01932,0.13,0.14,4.0,4.0,11.0,13.0,66.0,66.0,125.0,126.0,59.0,59.0,136.0,15.9,5.69,144,0.10865918867546752,env_mode,1.0.0,env_only,random_forest,0,,
146,51.10919,30.14231,0.12,0.12,4.0,4.0,15.0,16.0,59.0,59.0,133.0,131.0,60.0,60.0,123.0,3.5,6.55,145,0.10448067377382055,env_mode,1.0.0,env_only,random_forest,0,,
147,51.11028,30.14709,0.11,0.12,3.0,3.0,14.0,15.0,59.0,59.0,132.0,131.0,61.0,61.0,124.0,10.9,5.51,146,0.10407894525935318,env_mode,1.0.0,env_only,random_forest,0,,
148,51.10953,30.15272,0.1,0.13,4.0,4.0,14.0,15.0,60.0,59.0,134.0,133.0,58.0,58.0,122.0,11.8,5.13,147,0.10623174620127537,env_mode,1.0.0,env_only,random_forest,0,,
149,51.11006,30.15615,0.1,0.1,3.0,3.0,14.0,15.0,62.0,62.0,128.0,129.0,60.0,61.0,122.0,8.1,6.22,148,0.10385675998952906,env_mode,1.0.0,env_only,random_forest,0,,
150,51.1098,30.16252,0.09,0.11,5.0,4.0,14.0,15.0,60.0,61.0,131.0,130.0,60.0,60.0,123.0,8.8,5.35,149,0.10369098683100066,env_mode,1.0.0,env_only,random_forest,0,,
151,51.10971,30.27507,0.11,0.11,5.0,5.0,15.0,16.0,62.0,62.0,132.0,130.0,62.0,62.0,120.0,3.4,6.45,150,0.10448495125037564,env_mode,1.0.0,env_only,random_forest,0,,
152,51.10974,30.28132,0.1,0.11,4.0,4.0,14.0,15.0,61.0,61.0,134.0,133.0,60.0,60.0,122.0,6.4,5.81,151,0.10430325450918797,env_mode,1.0.0,env_only,random_forest,0,,
153,51.10977,30.28535,0.1,0.1,4.0,4.0,15.0,16.0,59.0,59.0,132.0,131.0,61.0,61.0,119.0,2.8,6.87,152,0.10295302197036699,env_mode,1.0.0,env_only,random_forest,0,,
154,51.11007,30.29075,0.09,0.09,4.0,4.0,14.0,15.0,58.0,58.0,134.0,135.0,61.0,61.0,119.0,1.0,7.7,153,0.10293363768261382,env_mode,1.0.0,env_only,random_forest,0,,
155,51.10672,30.30873,0.09,0.09,5.0,5.0,14.0,15.0,57.0,57.0,115.0,120.0,62.0,62.0,115.0,4.4,6.95,154,0.10319121004261564,env_mode,1.0.0,env_only,random_forest,0,,
156,51.107,30.29606,0.1,0.1,4.0,4.0,16.0,16.0,59.0,59.0,137.0,138.0,62.0,62.0,118.0,2.2,8.16,155,0.10347834820614639,env_mode,1.0.0,env_only,random_forest,0,,
157,51.10694,30.28127,0.1,0.1,5.0,4.0,15.0,16.0,55.0,55.0,130.0,130.0,62.0,62.0,119.0,2.8,7.2,156,0.10533140281228195,env_mode,1.0.0,env_only,random_forest,0,,
158,51.10643,30.2664,0.11,0.11,4.0,4.0,14.0,15.0,59.0,59.0,133.0,134.0,60.0,60.0,120.0,5.9,6.06,157,0.10472677307664575,env_mode,1.0.0,env_only,random_forest,0,,
159,51.10683,30.25109,0.1,0.11,4.0,4.0,15.0,16.0,55.0,54.0,134.0,132.0,62.0,62.0,119.0,4.6,6.45,158,0.10759199590822638,env_mode,1.0.0,env_only,random_forest,0,,
160,51.10688,30.23808,0.1,0.12,6.0,6.0,17.0,18.0,56.0,56.0,103.0,103.0,69.0,69.0,119.0,0.6,9.03,159,0.09953528396706703,env_mode,1.0.0,env_only,random_forest,0,,
161,51.10669,30.22462,0.1,0.1,5.0,5.0,16.0,17.0,55.0,54.0,138.0,137.0,68.0,68.0,119.0,7.8,5.56,160,0.10326172257404996,env_mode,1.0.0,env_only,random_forest,0,,
162,51.1069,30.21022,0.09,0.1,4.0,4.0,16.0,17.0,60.0,59.0,138.0,136.0,59.0,59.0,120.0,4.8,6.79,161,0.10266643377736749,env_mode,1.0.0,env_only,random_forest,0,,
163,51.106864,30.195106,0.12,0.12,6.0,6.0,11.0,12.0,68.0,68.0,120.0,125.0,51.0,52.0,145.0,45.0,3.66,162,0.11514791037627047,env_mode,1.0.0,env_only,random_forest,0,,
164,51.106864,30.180827,0.11,0.12,6.0,6.0,13.0,14.0,73.0,74.0,132.0,133.0,56.0,56.0,121.0,8.4,5.84,163,0.11072438407218106,env_mode,1.0.0,env_only,random_forest,0,,
165,51.10703,30.17192,0.1,0.1,5.0,4.0,14.0,15.0,66.0,66.0,132.0,133.0,56.0,56.0,124.0,10.6,5.77,164,0.10552710364662268,env_mode,1.0.0,env_only,random_forest,0,,
166,51.10735,30.16653,0.1,0.1,5.0,4.0,14.0,15.0,62.0,62.0,135.0,133.0,62.0,62.0,122.0,7.7,5.68,165,0.104214045531369,env_mode,1.0.0,env_only,random_forest,0,,
167,51.106864,30.161788,0.1,0.12,3.0,4.0,14.0,15.0,60.0,60.0,132.0,130.0,64.0,64.0,120.0,8.7,6.54,166,0.1041076847136095,env_mode,1.0.0,env_only,random_forest,0,,
168,51.10723,30.15733,0.1,0.11,4.0,4.0,13.0,14.0,57.0,56.0,131.0,130.0,63.0,63.0,121.0,8.5,5.78,167,0.10645836998411307,env_mode,1.0.0,env_only,random_forest,0,,
169,51.1073,30.152575,0.1,0.1,3.0,3.0,15.0,16.0,57.0,57.0,133.0,132.0,62.0,62.0,122.0,20.9,4.71,168,0.10642938224415467,env_mode,1.0.0,env_only,random_forest,0,,
170,51.106864,30.14751,0.12,0.12,3.0,4.0,15.0,16.0,54.0,54.0,134.0,133.0,61.0,61.0,123.0,8.3,5.83,169,0.10710210662865584,env_mode,1.0.0,env_only,random_forest,0,,
171,51.106864,30.14275,0.11,0.12,3.0,4.0,14.0,15.0,56.0,55.0,131.0,129.0,61.0,61.0,124.0,1.9,7.29,170,0.10450768845694294,env_mode,1.0.0,env_only,random_forest,0,,
172,51.10651,30.13886,0.13,0.14,4.0,5.0,15.0,15.0,53.0,53.0,135.0,133.0,62.0,62.0,122.0,13.4,5.29,171,0.10944724486640384,env_mode,1.0.0,env_only,random_forest,0,,
173,51.106864,30.133231,0.11,0.12,4.0,4.0,15.0,16.0,54.0,53.0,135.0,133.0,62.0,62.0,123.0,10.5,5.64,172,0.10693346692576441,env_mode,1.0.0,env_only,random_forest,0,,
174,51.106901,30.129276,0.12,0.12,5.0,4.0,15.0,16.0,50.0,50.0,134.0,133.0,63.0,63.0,122.0,3.4,7.29,173,0.10982021824494864,env_mode,1.0.0,env_only,random_forest,0,,
175,51.10657,30.12264,0.11,0.12,4.0,4.0,15.0,16.0,55.0,55.0,133.0,131.0,64.0,64.0,124.0,9.1,6.47,174,0.1066821397136251,env_mode,1.0.0,env_only,random_forest,0,,
176,51.106865,30.109789,0.14,0.14,5.0,5.0,16.0,17.0,55.0,55.0,134.0,132.0,68.0,68.0,128.0,7.1,6.27,175,0.10550413511235836,env_mode,1.0.0,env_only,random_forest,0,,
177,51.107079,30.095488,0.12,0.13,3.0,4.0,16.0,17.0,52.0,52.0,132.0,131.0,62.0,62.0,137.0,3.7,6.2,176,0.10734226424290345,env_mode,1.0.0,env_only,random_forest,0,,
178,51.106864,30.080875,0.13,0.14,4.0,4.0,16.0,18.0,54.0,53.0,133.0,132.0,62.0,62.0,134.0,17.5,5.28,177,0.10796530685740356,env_mode,1.0.0,env_only,random_forest,0,,
179,51.106864,30.066596,0.13,0.13,4.0,4.0,13.0,15.0,58.0,57.0,135.0,135.0,61.0,61.0,136.0,16.6,5.29,178,0.10623094218815503,env_mode,1.0.0,env_only,random_forest,0,,
180,51.106856,30.052328,0.12,0.13,5.0,5.0,14.0,15.0,59.0,58.0,135.0,134.0,61.0,61.0,133.0,15.8,5.43,179,0.10459236705982597,env_mode,1.0.0,env_only,random_forest,0,,
181,51.106864,30.038037,0.12,0.13,6.0,5.0,15.0,16.0,54.0,54.0,128.0,128.0,60.0,60.0,132.0,10.8,5.76,180,0.10680736097633915,env_mode,1.0.0,env_only,random_forest,0,,
182,51.10726,30.02347,0.2,0.21,6.0,7.0,11.0,12.0,70.0,69.0,118.0,124.0,55.0,55.0,146.0,42.7,4.04,181,0.11780751797109779,env_mode,1.0.0,env_only,random_forest,0,,
183,51.106856,30.00949,0.11,0.14,5.0,6.0,12.0,14.0,73.0,73.0,126.0,129.0,57.0,58.0,126.0,44.0,4.68,182,0.1128900574946363,env_mode,1.0.0,env_only,random_forest,0,,
184,51.10765,29.99459,0.13,0.13,5.0,5.0,15.0,16.0,66.0,66.0,129.0,127.0,64.0,64.0,127.0,20.8,5.05,183,0.10687442852559015,env_mode,1.0.0,env_only,random_forest,0,,
185,51.10712,29.98087,0.14,0.14,5.0,5.0,16.0,17.0,63.0,62.0,136.0,137.0,62.0,63.0,129.0,3.8,6.13,184,0.10491353731698022,env_mode,1.0.0,env_only,random_forest,0,,
186,51.106864,29.976163,0.1,0.1,4.0,4.0,16.0,18.0,61.0,61.0,136.0,136.0,62.0,62.0,124.0,10.0,6.23,185,0.10350606875710061,env_mode,1.0.0,env_only,random_forest,0,,
187,51.106864,29.971403,0.12,0.14,4.0,4.0,16.0,17.0,60.0,60.0,138.0,136.0,64.0,64.0,129.0,4.8,6.26,186,0.10461254400488176,env_mode,1.0.0,env_only,random_forest,0,,
188,51.10735,29.96643,0.1,0.13,3.0,3.0,17.0,18.0,62.0,62.0,141.0,139.0,63.0,63.0,124.0,8.8,6.14,187,0.1032811202558894,env_mode,1.0.0,env_only,random_forest,0,,
189,51.107076,29.955287,0.1,0.11,4.0,4.0,15.0,17.0,65.0,65.0,139.0,137.0,62.0,62.0,125.0,2.2,7.22,188,0.10247632189978342,env_mode,1.0.0,env_only,random_forest,0,,
190,51.106856,29.938092,0.1,0.12,5.0,5.0,11.0,12.0,77.0,78.0,127.0,132.0,54.0,54.0,137.0,19.7,4.91,189,0.11149738066741571,env_mode,1.0.0,env_only,random_forest,0,,
191,51.106856,29.923812,0.11,0.11,7.0,7.0,10.0,11.0,75.0,76.0,119.0,123.0,53.0,53.0,131.0,10.5,6.05,190,0.11912571968743728,env_mode,1.0.0,env_only,random_forest,0,,
192,51.10574,29.90955,0.1,0.11,6.0,7.0,10.0,12.0,73.0,73.0,124.0,128.0,53.0,53.0,145.0,8.9,5.61,191,0.10874224304463984,env_mode,1.0.0,env_only,random_forest,0,,
193,51.10665,29.895221,0.11,0.12,4.0,4.0,13.0,15.0,73.0,73.0,132.0,132.0,56.0,56.0,138.0,45.0,4.09,192,0.10929819398548042,env_mode,1.0.0,env_only,random_forest,0,,
194,51.106856,29.880973,0.11,0.12,4.0,4.0,14.0,15.0,66.0,65.0,136.0,136.0,61.0,61.0,127.0,8.2,6.02,193,0.10457836607095108,env_mode,1.0.0,env_only,random_forest,0,,
195,51.107182,29.865504,0.11,0.11,3.0,3.0,13.0,14.0,70.0,71.0,138.0,138.0,59.0,59.0,130.0,3.5,6.78,194,0.10558071675654619,env_mode,1.0.0,env_only,random_forest,0,,
196,51.106864,29.852412,0.1,0.11,5.0,5.0,12.0,14.0,66.0,66.0,139.0,139.0,60.0,60.0,130.0,4.2,6.43,195,0.10565118491333576,env_mode,1.0.0,env_only,random_forest,0,,
197,51.106856,29.838134,0.11,0.11,5.0,6.0,13.0,14.0,66.0,65.0,127.0,128.0,62.0,62.0,132.0,10.1,5.65,196,0.10553993974296022,env_mode,1.0.0,env_only,random_forest,0,,
198,51.106856,29.823855,0.11,0.11,5.0,4.0,13.0,15.0,68.0,69.0,133.0,133.0,61.0,61.0,132.0,6.4,6.1,197,0.1043021686710511,env_mode,1.0.0,env_only,random_forest,0,,
199,51.107005,29.794472,0.1,0.12,5.0,5.0,11.0,13.0,63.0,63.0,122.0,126.0,58.0,58.0,144.0,12.2,5.21,198,0.10340673220742205,env_mode,1.0.0,env_only,random_forest,0,,
200,51.106864,29.785777,0.1,0.1,4.0,6.0,14.0,15.0,64.0,64.0,128.0,128.0,62.0,62.0,131.0,4.7,6.4,199,0.10374438319332824,env_mode,1.0.0,env_only,random_forest,0,,
201,51.106856,29.781016,0.09,0.09,4.0,4.0,15.0,16.0,56.0,56.0,131.0,130.0,59.0,59.0,130.0,2.9,6.73,200,0.10501950199197058,env_mode,1.0.0,env_only,random_forest,0,,
202,51.10689,29.77648,0.1,0.11,4.0,4.0,14.0,16.0,58.0,57.0,136.0,135.0,58.0,58.0,128.0,4.7,7.13,201,0.1039732039625417,env_mode,1.0.0,env_only,random_forest,0,,
203,51.106864,29.771498,0.1,0.1,6.0,6.0,15.0,16.0,59.0,59.0,127.0,126.0,60.0,60.0,127.0,14.1,5.32,202,0.1050093948977398,env_mode,1.0.0,env_only,random_forest,0,,
204,51.106847,29.76659,0.09,0.1,5.0,5.0,15.0,17.0,66.0,67.0,123.0,121.0,60.0,60.0,125.0,6.6,6.24,203,0.10285565478604783,env_mode,1.0.0,env_only,random_forest,0,,
205,51.106864,29.761979,0.09,0.11,5.0,4.0,16.0,17.0,67.0,67.0,121.0,122.0,61.0,61.0,126.0,2.6,6.77,204,0.10173988115520011,env_mode,1.0.0,env_only,random_forest,0,,
206,51.107109,29.752422,0.1,0.1,4.0,4.0,12.0,13.0,68.0,68.0,128.0,130.0,57.0,57.0,141.0,29.6,4.51,205,0.10705459156820978,env_mode,1.0.0,env_only,random_forest,0,,
207,51.106974,29.737864,0.09,0.11,5.0,5.0,13.0,15.0,71.0,71.0,131.0,131.0,57.0,57.0,148.0,37.7,4.28,206,0.1031318195320843,env_mode,1.0.0,env_only,random_forest,0,,
208,51.106856,29.723898,0.1,0.11,4.0,4.0,16.0,18.0,60.0,61.0,136.0,135.0,63.0,63.0,141.0,29.3,4.26,207,0.10178646297188014,env_mode,1.0.0,env_only,random_forest,0,,
209,51.106856,29.709618,0.09,0.1,4.0,5.0,15.0,16.0,64.0,64.0,130.0,131.0,60.0,60.0,135.0,9.0,5.83,208,0.10255167689909828,env_mode,1.0.0,env_only,random_forest,0,,
210,51.106864,29.695343,0.1,0.1,4.0,4.0,13.0,15.0,62.0,62.0,132.0,133.0,61.0,61.0,137.0,7.1,6.13,209,0.10371195920899427,env_mode,1.0.0,env_only,random_forest,0,,
211,51.10423,29.76188,0.09,0.09,5.0,4.0,16.0,17.0,65.0,64.0,127.0,126.0,58.0,58.0,129.0,20.0,4.68,210,0.10778977632420567,env_mode,1.0.0,env_only,random_forest,0,,
212,51.1041,29.767766,0.1,0.1,6.0,6.0,15.0,17.0,61.0,61.0,126.0,126.0,58.0,58.0,129.0,5.4,6.55,211,0.10449764762000767,env_mode,1.0.0,env_only,random_forest,0,,
213,51.103866,29.771498,0.09,0.11,4.0,4.0,15.0,17.0,57.0,57.0,137.0,137.0,59.0,59.0,130.0,2.3,7.18,212,0.10292110959920672,env_mode,1.0.0,env_only,random_forest,0,,
214,51.10392,30.12236,0.1,0.1,4.0,4.0,15.0,16.0,52.0,52.0,136.0,133.0,62.0,62.0,125.0,7.3,6.22,213,0.10712464728450471,env_mode,1.0.0,env_only,random_forest,0,,
215,51.10377,30.12964,0.12,0.13,4.0,4.0,14.0,15.0,52.0,51.0,134.0,133.0,60.0,60.0,124.0,11.0,5.25,214,0.10906335039477283,env_mode,1.0.0,env_only,random_forest,0,,
216,51.10431,30.13353,0.11,0.12,5.0,4.0,14.0,15.0,53.0,52.0,134.0,133.0,63.0,63.0,122.0,3.5,6.69,215,0.10693446106647148,env_mode,1.0.0,env_only,random_forest,0,,
217,51.103866,30.14275,0.1,0.11,4.0,4.0,14.0,15.0,53.0,52.0,132.0,131.0,63.0,63.0,123.0,9.0,6.0,216,0.10644920983077072,env_mode,1.0.0,env_only,random_forest,0,,
218,51.10444,30.14743,0.1,0.11,3.0,4.0,15.0,16.0,54.0,54.0,133.0,132.0,65.0,65.0,123.0,4.6,6.42,217,0.10685306188460017,env_mode,1.0.0,env_only,random_forest,0,,
219,51.10396,30.15066,0.1,0.1,3.0,3.0,15.0,15.0,56.0,56.0,136.0,137.0,64.0,64.0,123.0,11.9,5.23,218,0.10609925052545492,env_mode,1.0.0,env_only,random_forest,0,,
220,51.10387,30.157028,0.13,0.14,4.0,4.0,14.0,14.0,55.0,55.0,135.0,134.0,63.0,63.0,120.0,17.1,5.06,219,0.11072389201488812,env_mode,1.0.0,env_only,random_forest,0,,
221,51.103866,30.161788,0.1,0.11,3.0,3.0,14.0,15.0,57.0,57.0,134.0,133.0,63.0,63.0,123.0,5.9,5.9,220,0.10496516978841475,env_mode,1.0.0,env_only,random_forest,0,,
222,51.103866,30.166548,0.14,0.14,4.0,5.0,16.0,16.0,62.0,62.0,134.0,132.0,63.0,63.0,122.0,12.9,5.37,221,0.10588602033063196,env_mode,1.0.0,env_only,random_forest,0,,
223,51.10385,30.17054,0.1,0.1,5.0,5.0,15.0,16.0,66.0,66.0,136.0,134.0,58.0,58.0,122.0,12.0,4.93,222,0.10759903293652379,env_mode,1.0.0,env_only,random_forest,0,,
224,51.10089,30.17108,0.14,0.14,5.0,5.0,11.0,12.0,64.0,64.0,130.0,130.0,58.0,58.0,124.0,17.6,5.08,223,0.11371301230629688,env_mode,1.0.0,env_only,random_forest,0,,
225,51.10128,30.166548,0.1,0.11,3.0,4.0,16.0,16.0,59.0,59.0,136.0,135.0,62.0,62.0,123.0,6.1,5.64,224,0.1046464567380661,env_mode,1.0.0,env_only,random_forest,0,,
226,51.100449,30.14856,0.12,0.12,4.0,4.0,15.0,16.0,56.0,56.0,134.0,133.0,63.0,63.0,124.0,6.6,6.02,225,0.1063484785257334,env_mode,1.0.0,env_only,random_forest,0,,
227,51.100868,30.14275,0.11,0.12,5.0,4.0,15.0,16.0,50.0,49.0,129.0,128.0,64.0,64.0,123.0,4.3,6.83,226,0.10751250330944141,env_mode,1.0.0,env_only,random_forest,0,,
228,51.100868,29.771498,0.1,0.11,3.0,4.0,14.0,17.0,60.0,59.0,136.0,135.0,57.0,57.0,132.0,2.7,7.13,227,0.10264245982751044,env_mode,1.0.0,env_only,random_forest,0,,
229,51.100868,29.766738,0.09,0.1,4.0,4.0,16.0,17.0,60.0,60.0,134.0,136.0,57.0,57.0,133.0,6.4,5.73,228,0.10324414964226648,env_mode,1.0.0,env_only,random_forest,0,,
230,51.100868,29.761979,0.1,0.11,5.0,5.0,16.0,17.0,66.0,66.0,124.0,123.0,58.0,58.0,131.0,16.0,5.75,229,0.10499746859337071,env_mode,1.0.0,env_only,random_forest,0,,
231,51.100868,29.757219,0.1,0.1,5.0,4.0,15.0,17.0,63.0,63.0,127.0,128.0,58.0,58.0,127.0,14.3,5.24,230,0.10530477480179498,env_mode,1.0.0,env_only,random_forest,0,,
232,51.097872,29.723902,0.1,0.11,4.0,4.0,18.0,20.0,59.0,59.0,133.0,132.0,64.0,64.0,136.0,5.4,6.23,231,0.10254110739173972,env_mode,1.0.0,env_only,random_forest,0,,
233,51.097862,29.738101,0.09,0.1,5.0,5.0,12.0,13.0,73.0,73.0,117.0,122.0,56.0,56.0,144.0,22.1,4.83,232,0.10372914811018383,env_mode,1.0.0,env_only,random_forest,0,,
234,51.097862,29.752457,0.1,0.11,4.0,4.0,13.0,15.0,68.0,68.0,131.0,132.0,57.0,57.0,129.0,5.8,5.76,233,0.10576341052757429,env_mode,1.0.0,env_only,random_forest,0,,
235,51.097872,29.757219,0.09,0.1,5.0,5.0,15.0,16.0,64.0,65.0,131.0,132.0,58.0,58.0,133.0,10.3,5.46,234,0.1034425949890391,env_mode,1.0.0,env_only,random_forest,0,,
236,51.09808,29.76195,0.11,0.11,4.0,4.0,16.0,18.0,62.0,62.0,135.0,134.0,59.0,59.0,130.0,7.1,5.86,235,0.10335836721979728,env_mode,1.0.0,env_only,random_forest,0,,
237,51.097862,29.766736,0.1,0.11,3.0,4.0,14.0,16.0,58.0,58.0,134.0,135.0,55.0,55.0,132.0,26.0,5.0,236,0.11232717760134549,env_mode,1.0.0,env_only,random_forest,0,,
238,51.098832,29.779019,0.09,0.09,4.0,4.0,17.0,19.0,60.0,60.0,138.0,140.0,56.0,56.0,131.0,2.8,6.82,237,0.10269719918485631,env_mode,1.0.0,env_only,random_forest,0,,
239,51.097862,29.795296,0.1,0.1,4.0,4.0,17.0,18.0,59.0,59.0,130.0,130.0,64.0,64.0,132.0,4.0,6.8,238,0.1016790191500208,env_mode,1.0.0,env_only,random_forest,0,,
240,51.097862,29.809575,0.09,0.11,7.0,7.0,15.0,16.0,63.0,63.0,127.0,129.0,61.0,61.0,129.0,1.8,7.2,239,0.10166866152486362,env_mode,1.0.0,env_only,random_forest,0,,
241,51.098953,29.825965,0.08,0.08,6.0,6.0,12.0,14.0,65.0,65.0,117.0,122.0,56.0,56.0,127.0,21.7,5.26,240,0.10934101379926763,env_mode,1.0.0,env_only,random_forest,0,,
242,51.097872,29.838133,0.1,0.12,5.0,5.0,13.0,15.0,64.0,65.0,126.0,129.0,56.0,56.0,137.0,4.9,6.47,241,0.10452880268400688,env_mode,1.0.0,env_only,random_forest,0,,
243,51.097862,29.852414,0.1,0.11,5.0,5.0,11.0,13.0,74.0,75.0,123.0,128.0,55.0,55.0,138.0,43.6,3.92,242,0.11249956698633706,env_mode,1.0.0,env_only,random_forest,0,,
244,51.097862,29.866694,0.1,0.11,5.0,5.0,11.0,12.0,72.0,72.0,122.0,129.0,55.0,55.0,143.0,15.5,5.17,243,0.10708724115628666,env_mode,1.0.0,env_only,random_forest,0,,
245,51.097862,29.880973,0.1,0.1,5.0,5.0,13.0,15.0,65.0,64.0,130.0,132.0,61.0,61.0,129.0,4.6,7.03,244,0.10272257171749527,env_mode,1.0.0,env_only,random_forest,0,,
246,51.097776,29.89509,0.09,0.1,5.0,5.0,12.0,14.0,71.0,71.0,125.0,131.0,59.0,59.0,136.0,34.5,5.03,245,0.10658261414462628,env_mode,1.0.0,env_only,random_forest,0,,
247,51.097862,29.909487,0.1,0.11,7.0,7.0,11.0,13.0,75.0,75.0,123.0,128.0,53.0,53.0,144.0,45.0,4.06,246,0.1111484269810522,env_mode,1.0.0,env_only,random_forest,0,,
248,51.096986,29.92448,0.11,0.11,8.0,8.0,10.0,11.0,69.0,70.0,113.0,121.0,50.0,50.0,142.0,7.3,6.39,247,0.11070395887969195,env_mode,1.0.0,env_only,random_forest,0,,
249,51.097689,29.93635,0.11,0.12,9.0,8.0,10.0,11.0,73.0,72.0,113.0,122.0,49.0,49.0,145.0,11.3,5.81,248,0.109657436390337,env_mode,1.0.0,env_only,random_forest,0,,
250,51.09713,29.95382,0.1,0.12,9.0,8.0,12.0,13.0,73.0,74.0,119.0,124.0,50.0,50.0,145.0,24.7,4.49,249,0.11067997955313663,env_mode,1.0.0,env_only,random_forest,0,,
251,51.097872,29.966644,0.12,0.12,5.0,5.0,12.0,13.0,76.0,76.0,114.0,121.0,53.0,53.0,150.0,19.0,4.62,250,0.11061149644924098,env_mode,1.0.0,env_only,random_forest,0,,
252,51.097862,29.98093,0.11,0.13,5.0,6.0,12.0,13.0,72.0,73.0,117.0,123.0,54.0,54.0,148.0,26.4,4.51,251,0.10792895088451841,env_mode,1.0.0,env_only,random_forest,0,,
253,51.09827,29.99426,0.15,0.15,8.0,7.0,11.0,12.0,71.0,71.0,116.0,120.0,53.0,53.0,150.0,7.3,6.63,252,0.11099850470546775,env_mode,1.0.0,env_only,random_forest,0,,
254,51.097872,30.00948,0.13,0.14,7.0,7.0,12.0,13.0,68.0,67.0,124.0,129.0,54.0,55.0,149.0,13.4,5.0,253,0.1099683611513436,env_mode,1.0.0,env_only,random_forest,0,,
255,51.097862,30.023769,0.12,0.13,4.0,4.0,16.0,17.0,58.0,58.0,133.0,135.0,60.0,60.0,133.0,10.3,5.65,254,0.10401835679398799,env_mode,1.0.0,env_only,random_forest,0,,
256,51.097872,30.038037,0.12,0.13,4.0,4.0,17.0,18.0,53.0,54.0,135.0,137.0,60.0,60.0,132.0,12.7,5.47,255,0.1062513368219036,env_mode,1.0.0,env_only,random_forest,0,,
257,51.09823,30.05259,0.14,0.15,7.0,7.0,14.0,16.0,65.0,65.0,129.0,130.0,57.0,57.0,137.0,24.7,4.66,256,0.11462620258532874,env_mode,1.0.0,env_only,random_forest,0,,
258,51.097872,30.066596,0.12,0.14,8.0,6.0,13.0,14.0,65.0,64.0,127.0,129.0,55.0,55.0,131.0,45.0,4.32,257,0.1179272286993146,env_mode,1.0.0,env_only,random_forest,0,,
259,51.09832,30.07888,0.11,0.11,4.0,4.0,16.0,17.0,59.0,59.0,130.0,131.0,57.0,57.0,127.0,8.4,6.07,258,0.10482413743802205,env_mode,1.0.0,env_only,random_forest,0,,
260,51.097872,30.095153,0.12,0.14,3.0,4.0,16.0,16.0,48.0,48.0,137.0,136.0,61.0,61.0,128.0,0.7,8.74,259,0.11030942193390027,env_mode,1.0.0,env_only,random_forest,0,,
261,51.0976,30.10845,0.19,0.22,5.0,5.0,14.0,15.0,56.0,56.0,133.0,133.0,58.0,58.0,139.0,17.0,5.08,260,0.11441875414371802,env_mode,1.0.0,env_only,random_forest,0,,
262,51.09823,30.12301,0.12,0.12,5.0,5.0,16.0,17.0,50.0,49.0,125.0,124.0,63.0,63.0,126.0,5.3,6.51,261,0.10551003025587775,env_mode,1.0.0,env_only,random_forest,0,,
263,51.097862,30.138006,0.11,0.12,5.0,5.0,14.0,15.0,50.0,50.0,133.0,132.0,64.0,63.0,123.0,5.7,5.99,262,0.10851712238134942,env_mode,1.0.0,env_only,random_forest,0,,
264,51.097862,30.15229,0.11,0.14,5.0,5.0,15.0,16.0,52.0,52.0,136.0,135.0,63.0,63.0,122.0,9.7,5.76,263,0.10622025566292843,env_mode,1.0.0,env_only,random_forest,0,,
265,51.09777,30.16727,0.11,0.11,5.0,5.0,14.0,14.0,63.0,63.0,132.0,132.0,60.0,60.0,121.0,17.0,5.05,264,0.10818077308721677,env_mode,1.0.0,env_only,random_forest,0,,
266,51.09719,30.1802,0.14,0.16,8.0,8.0,10.0,11.0,72.0,73.0,119.0,125.0,51.0,51.0,135.0,10.5,5.59,265,0.12237521192443641,env_mode,1.0.0,env_only,random_forest,0,,
267,51.097862,30.195124,0.09,0.09,7.0,7.0,11.0,11.0,73.0,73.0,119.0,126.0,51.0,51.0,123.0,9.8,5.94,266,0.1177911419147262,env_mode,1.0.0,env_only,random_forest,0,,
268,51.09787,30.20979,0.1,0.1,4.0,4.0,12.0,13.0,70.0,70.0,133.0,138.0,56.0,56.0,119.0,9.5,6.71,267,0.10741964465788789,env_mode,1.0.0,env_only,random_forest,0,,
269,51.09777,30.22431,0.1,0.11,3.0,3.0,16.0,16.0,57.0,57.0,139.0,137.0,62.0,62.0,119.0,0.9,8.24,268,0.10362354785363931,env_mode,1.0.0,env_only,random_forest,0,,
270,51.097423,30.235063,0.11,0.12,7.0,7.0,11.0,12.0,60.0,60.0,122.0,126.0,60.0,60.0,127.0,18.5,5.33,269,0.11098348348135105,env_mode,1.0.0,env_only,random_forest,0,,
271,51.098,30.25237,0.11,0.11,3.0,3.0,13.0,14.0,61.0,61.0,137.0,136.0,61.0,61.0,116.0,14.4,5.72,270,0.10815659345263264,env_mode,1.0.0,env_only,random_forest,0,,
272,51.09788,30.26656,0.12,0.12,3.0,3.0,16.0,17.0,55.0,55.0,137.0,136.0,62.0,62.0,116.0,1.2,8.33,271,0.10707884473165015,env_mode,1.0.0,env_only,random_forest,0,,
273,51.097862,30.280802,0.1,0.11,3.0,3.0,15.0,16.0,57.0,57.0,139.0,137.0,63.0,63.0,118.0,10.9,5.79,272,0.1049949866998018,env_mode,1.0.0,env_only,random_forest,0,,
274,51.0983,30.29691,0.1,0.11,5.0,4.0,16.0,17.0,56.0,56.0,125.0,124.0,60.0,61.0,119.0,2.3,7.12,273,0.10275487261944641,env_mode,1.0.0,env_only,random_forest,0,,
275,51.09725,30.30952,0.13,0.14,10.0,9.0,13.0,15.0,61.0,61.0,106.0,112.0,54.0,55.0,138.0,10.8,5.52,274,0.11589510764278556,env_mode,1.0.0,env_only,random_forest,0,,
276,51.096486,30.323126,0.15,0.17,14.0,13.0,13.0,14.0,61.0,61.0,112.0,118.0,56.0,56.0,118.0,5.9,5.9,275,0.11714217087865374,env_mode,1.0.0,env_only,random_forest,0,,
277,51.094873,29.761979,0.11,0.11,5.0,5.0,13.0,15.0,64.0,64.0,130.0,130.0,57.0,57.0,141.0,9.0,5.96,276,0.10498420243948793,env_mode,1.0.0,env_only,random_forest,0,,
278,51.094873,29.757219,0.11,0.11,5.0,6.0,14.0,16.0,64.0,64.0,122.0,123.0,57.0,57.0,130.0,9.3,5.77,277,0.1064934797163582,env_mode,1.0.0,env_only,random_forest,0,,
279,51.09198,29.75775,0.09,0.1,7.0,7.0,15.0,16.0,65.0,65.0,121.0,121.0,58.0,58.0,129.0,11.0,5.8,278,0.10523467494301436,env_mode,1.0.0,env_only,random_forest,0,,
280,51.091875,30.018999,0.11,0.13,4.0,4.0,16.0,17.0,57.0,57.0,134.0,136.0,61.0,61.0,128.0,7.7,6.12,279,0.10527451428318843,env_mode,1.0.0,env_only,random_forest,0,,
281,51.09116,30.02485,0.1,0.12,5.0,4.0,17.0,18.0,55.0,55.0,133.0,135.0,63.0,63.0,127.0,4.6,6.76,280,0.10503387987819202,env_mode,1.0.0,env_only,random_forest,0,,
282,51.09238,30.03711,0.12,0.12,5.0,5.0,17.0,19.0,54.0,54.0,134.0,133.0,64.0,64.0,129.0,4.9,6.31,281,0.10534915337710826,env_mode,1.0.0,env_only,random_forest,0,,
283,51.091875,30.042797,0.12,0.12,4.0,4.0,15.0,17.0,57.0,56.0,135.0,135.0,62.0,62.0,127.0,8.9,6.01,282,0.10558315017850066,env_mode,1.0.0,env_only,random_forest,0,,
284,51.09248,30.04746,0.12,0.12,4.0,4.0,14.0,16.0,60.0,60.0,134.0,133.0,62.0,62.0,136.0,8.7,5.79,283,0.10325816081843842,env_mode,1.0.0,env_only,random_forest,0,,
285,51.09123,30.05345,0.15,0.15,5.0,5.0,14.0,15.0,65.0,65.0,130.0,130.0,58.0,58.0,131.0,19.5,4.81,284,0.11242132684089998,env_mode,1.0.0,env_only,random_forest,0,,
286,51.09241,30.33763,0.09,0.09,6.0,6.0,15.0,16.0,65.0,65.0,120.0,124.0,56.0,57.0,117.0,7.3,6.06,285,0.10793107442013551,env_mode,1.0.0,env_only,random_forest,0,,
287,51.088458,30.36635,0.09,0.09,5.0,5.0,12.0,13.0,66.0,66.0,97.0,102.0,57.0,57.0,117.0,6.9,6.14,286,0.10662709881350695,env_mode,1.0.0,env_only,random_forest,0,,
288,51.08926,30.33778,0.1,0.1,3.0,3.0,15.0,15.0,67.0,67.0,124.0,123.0,59.0,59.0,113.0,8.7,5.67,287,0.10602486744854091,env_mode,1.0.0,env_only,random_forest,0,,
289,51.088869,30.323641,0.12,0.12,5.0,5.0,13.0,14.0,61.0,61.0,124.0,130.0,63.0,63.0,114.0,16.8,5.1,288,0.11011077933768457,env_mode,1.0.0,env_only,random_forest,0,,
290,51.08871,30.30723,0.12,0.13,3.0,3.0,16.0,16.0,58.0,58.0,135.0,140.0,70.0,70.0,115.0,3.3,6.4,289,0.10701058613040983,env_mode,1.0.0,env_only,random_forest,0,,
291,51.08875,30.2943,0.1,0.1,4.0,4.0,17.0,18.0,57.0,57.0,139.0,141.0,68.0,69.0,116.0,1.4,7.09,290,0.10369464599022471,env_mode,1.0.0,env_only,random_forest,0,,
292,51.08902,30.28173,0.12,0.12,3.0,3.0,17.0,18.0,55.0,55.0,139.0,137.0,68.0,68.0,116.0,0.4,8.75,291,0.10554681534333335,env_mode,1.0.0,env_only,random_forest,0,,
293,51.088877,30.2665,0.12,0.14,5.0,5.0,13.0,14.0,55.0,54.0,123.0,129.0,58.0,58.0,131.0,4.5,6.69,292,0.10937624586913111,env_mode,1.0.0,env_only,random_forest,0,,
294,51.08904,30.25095,0.16,0.19,6.0,6.0,11.0,12.0,53.0,53.0,123.0,129.0,54.0,54.0,121.0,19.7,4.75,293,0.12326725855693023,env_mode,1.0.0,env_only,random_forest,0,,
295,51.088406,30.237689,0.1,0.1,4.0,4.0,13.0,15.0,49.0,49.0,128.0,128.0,61.0,61.0,132.0,14.2,5.26,294,0.10875733571010857,env_mode,1.0.0,env_only,random_forest,0,,
296,51.08882,30.22364,0.1,0.11,4.0,4.0,15.0,16.0,60.0,60.0,128.0,127.0,60.0,60.0,117.0,3.3,6.84,295,0.10315748207004327,env_mode,1.0.0,env_only,random_forest,0,,
297,51.08878,30.20957,0.1,0.11,4.0,4.0,16.0,16.0,70.0,70.0,129.0,129.0,59.0,59.0,116.0,3.6,7.04,296,0.10488999173582224,env_mode,1.0.0,env_only,random_forest,0,,
298,51.08912,30.1954,0.18,0.18,9.0,9.0,12.0,13.0,73.0,73.0,118.0,127.0,54.0,54.0,130.0,24.2,4.7,297,0.1271161260859594,env_mode,1.0.0,env_only,random_forest,0,,
299,51.08858,30.17918,0.11,0.12,9.0,9.0,11.0,12.0,70.0,69.0,118.0,126.0,52.0,52.0,135.0,6.1,5.89,298,0.11890607782057794,env_mode,1.0.0,env_only,random_forest,0,,
300,51.08757,30.16666,0.09,0.09,7.0,7.0,12.0,14.0,64.0,64.0,116.0,117.0,59.0,58.0,123.0,13.4,5.84,299,0.10530067530103297,env_mode,1.0.0,env_only,random_forest,0,,
301,51.08942,30.152493,0.1,0.1,4.0,5.0,13.0,15.0,56.0,56.0,132.0,130.0,61.0,61.0,123.0,8.0,6.27,300,0.10582460141446817,env_mode,1.0.0,env_only,random_forest,0,,
302,51.089673,30.137587,0.1,0.1,4.0,4.0,17.0,18.0,52.0,52.0,135.0,134.0,62.0,62.0,124.0,6.5,6.23,301,0.10640655333617488,env_mode,1.0.0,env_only,random_forest,0,,
303,51.089622,30.123529,0.11,0.11,3.0,3.0,14.0,15.0,64.0,63.0,136.0,135.0,60.0,60.0,129.0,14.7,5.4,302,0.10489042533804292,env_mode,1.0.0,env_only,random_forest,0,,
304,51.089491,30.109713,0.1,0.1,5.0,5.0,11.0,13.0,68.0,68.0,128.0,129.0,57.0,57.0,137.0,12.2,5.56,303,0.10639455945087452,env_mode,1.0.0,env_only,random_forest,0,,
305,51.088869,30.095167,0.12,0.12,3.0,4.0,14.0,15.0,60.0,60.0,135.0,136.0,58.0,57.0,130.0,2.6,7.0,304,0.10392694388513496,env_mode,1.0.0,env_only,random_forest,0,,
306,51.088877,30.080875,0.11,0.12,4.0,4.0,15.0,17.0,59.0,60.0,130.0,131.0,56.0,56.0,126.0,6.1,6.33,305,0.10510280000930829,env_mode,1.0.0,env_only,random_forest,0,,
307,51.088869,30.066608,0.12,0.13,8.0,9.0,10.0,11.0,67.0,67.0,120.0,127.0,58.0,59.0,143.0,7.0,6.06,306,0.10684482890253179,env_mode,1.0.0,env_only,random_forest,0,,
308,51.088869,30.052328,0.12,0.14,5.0,4.0,13.0,14.0,61.0,61.0,131.0,132.0,61.0,61.0,134.0,20.9,5.03,307,0.10793843614770711,env_mode,1.0.0,env_only,random_forest,0,,
309,51.08911,30.04733,0.13,0.13,3.0,3.0,17.0,19.0,62.0,62.0,132.0,132.0,62.0,62.0,129.0,7.6,6.34,308,0.1034526388466478,env_mode,1.0.0,env_only,random_forest,0,,
310,51.08931,30.042899,0.12,0.12,4.0,4.0,16.0,17.0,60.0,59.0,132.0,131.0,61.0,61.0,127.0,6.4,6.02,309,0.10436430095853015,env_mode,1.0.0,env_only,random_forest,0,,
311,51.08949,30.0375,0.11,0.12,4.0,3.0,16.0,17.0,58.0,57.0,131.0,131.0,61.0,61.0,127.0,8.3,5.86,310,0.10472744589467325,env_mode,1.0.0,env_only,random_forest,0,,
312,51.08932,30.03352,0.12,0.12,4.0,4.0,17.0,19.0,55.0,55.0,132.0,132.0,63.0,62.0,126.0,16.7,5.55,311,0.10575366491410848,env_mode,1.0.0,env_only,random_forest,0,,
313,51.08936,30.02867,0.11,0.12,4.0,4.0,17.0,18.0,56.0,55.0,133.0,135.0,64.0,64.0,127.0,15.0,4.77,312,0.10564384319940258,env_mode,1.0.0,env_only,random_forest,0,,
314,51.08838,30.02322,0.12,0.13,4.0,4.0,16.0,18.0,57.0,57.0,134.0,135.0,64.0,64.0,125.0,6.4,6.64,313,0.10434051057876638,env_mode,1.0.0,env_only,random_forest,0,,
315,51.088877,30.018999,0.12,0.13,3.0,3.0,16.0,18.0,58.0,58.0,134.0,134.0,61.0,61.0,125.0,7.4,5.98,314,0.1046288515919327,env_mode,1.0.0,env_only,random_forest,0,,
316,51.089414,30.009772,0.11,0.11,3.0,4.0,15.0,17.0,55.0,55.0,135.0,136.0,59.0,59.0,127.0,8.9,6.15,315,0.10715175514242786,env_mode,1.0.0,env_only,random_forest,0,,
317,51.088869,29.99521,0.1,0.1,9.0,9.0,11.0,12.0,69.0,69.0,114.0,118.0,54.0,54.0,150.0,19.3,5.1,316,0.10530829513499791,env_mode,1.0.0,env_only,random_forest,0,,
318,51.088869,29.98093,0.13,0.14,8.0,7.0,12.0,14.0,70.0,69.0,112.0,118.0,51.0,51.0,134.0,14.8,5.25,317,0.1186237240522495,env_mode,1.0.0,env_only,random_forest,0,,
319,51.088877,29.966644,0.11,0.12,7.0,6.0,11.0,13.0,72.0,72.0,114.0,122.0,51.0,51.0,136.0,7.8,6.83,318,0.11438746130124645,env_mode,1.0.0,env_only,random_forest,0,,
320,51.088869,29.952371,0.11,0.12,8.0,8.0,12.0,13.0,69.0,68.0,121.0,127.0,53.0,53.0,131.0,10.9,5.7,319,0.11851178352118998,env_mode,1.0.0,env_only,random_forest,0,,
321,51.088869,29.938092,0.1,0.12,6.0,7.0,12.0,13.0,69.0,69.0,117.0,124.0,54.0,54.0,138.0,16.4,5.17,320,0.11148255714016253,env_mode,1.0.0,env_only,random_forest,0,,
322,51.088869,29.923812,0.1,0.11,5.0,6.0,11.0,13.0,74.0,74.0,118.0,124.0,50.0,50.0,140.0,45.0,3.83,321,0.11514357810063033,env_mode,1.0.0,env_only,random_forest,0,,
323,51.088869,29.909532,0.11,0.11,7.0,6.0,10.0,12.0,69.0,69.0,120.0,126.0,52.0,52.0,148.0,18.1,5.23,322,0.10567169548795662,env_mode,1.0.0,env_only,random_forest,0,,
324,51.088869,29.895253,0.1,0.12,5.0,6.0,12.0,13.0,71.0,72.0,118.0,126.0,51.0,51.0,153.0,16.8,4.92,323,0.10427851706763955,env_mode,1.0.0,env_only,random_forest,0,,
325,51.088869,29.880973,0.09,0.1,8.0,8.0,12.0,14.0,72.0,72.0,118.0,123.0,51.0,51.0,153.0,23.3,5.18,324,0.10448343061537314,env_mode,1.0.0,env_only,random_forest,0,,
326,51.088869,29.866694,0.09,0.11,6.0,6.0,12.0,14.0,72.0,72.0,118.0,124.0,51.0,51.0,138.0,15.2,5.54,325,0.11137451682049868,env_mode,1.0.0,env_only,random_forest,0,,
327,51.088869,29.852414,0.11,0.11,9.0,7.0,13.0,14.0,70.0,70.0,124.0,125.0,53.0,53.0,146.0,45.0,4.38,326,0.11029350737942714,env_mode,1.0.0,env_only,random_forest,0,,
328,51.088869,29.838134,0.12,0.12,7.0,7.0,12.0,14.0,65.0,64.0,123.0,129.0,53.0,53.0,141.0,17.4,4.61,327,0.11450043832729775,env_mode,1.0.0,env_only,random_forest,0,,
329,51.088869,29.823855,0.11,0.11,6.0,6.0,14.0,15.0,59.0,59.0,132.0,133.0,58.0,58.0,129.0,6.5,6.84,328,0.10461539560049081,env_mode,1.0.0,env_only,random_forest,0,,
330,51.088869,29.809575,0.1,0.1,4.0,4.0,17.0,19.0,61.0,60.0,136.0,135.0,57.0,57.0,132.0,1.5,7.18,329,0.1018720468334779,env_mode,1.0.0,env_only,random_forest,0,,
331,51.089661,29.795033,0.1,0.11,4.0,4.0,15.0,16.0,64.0,64.0,135.0,136.0,63.0,63.0,133.0,3.7,6.72,330,0.10210681104323395,env_mode,1.0.0,env_only,random_forest,0,,
332,51.088869,29.781016,0.09,0.1,4.0,5.0,12.0,13.0,70.0,70.0,120.0,124.0,59.0,59.0,139.0,10.7,5.26,331,0.10469954751855569,env_mode,1.0.0,env_only,random_forest,0,,
333,51.087985,29.766635,0.1,0.1,6.0,5.0,11.0,13.0,75.0,75.0,129.0,130.0,53.0,53.0,141.0,9.3,6.41,332,0.10947503142171752,env_mode,1.0.0,env_only,random_forest,0,,
334,51.088869,29.752457,0.1,0.11,5.0,6.0,13.0,14.0,70.0,70.0,117.0,118.0,57.0,57.0,145.0,45.0,4.11,333,0.10478043632424096,env_mode,1.0.0,env_only,random_forest,0,,
335,51.08602,30.33712,0.1,0.1,3.0,3.0,14.0,15.0,67.0,67.0,124.0,124.0,63.0,63.0,113.0,13.1,5.41,334,0.10660372796863976,env_mode,1.0.0,env_only,random_forest,0,,
336,51.0827,30.35716,0.1,0.11,4.0,3.0,16.0,17.0,66.0,66.0,126.0,126.0,59.0,59.0,111.0,5.4,6.73,335,0.1038109973230602,env_mode,1.0.0,env_only,random_forest,0,,
337,51.08286,30.34704,0.1,0.1,4.0,4.0,14.0,15.0,58.0,58.0,126.0,128.0,62.0,63.0,108.0,7.9,5.63,336,0.10602388001281944,env_mode,1.0.0,env_only,random_forest,0,,
338,51.08309,30.34274,0.1,0.11,4.0,4.0,15.0,16.0,60.0,60.0,126.0,124.0,62.0,62.0,108.0,3.7,6.33,337,0.10547888390582894,env_mode,1.0.0,env_only,random_forest,0,,
339,51.08275,30.33817,0.1,0.1,3.0,3.0,16.0,16.0,66.0,68.0,127.0,125.0,62.0,62.0,111.0,3.3,6.65,338,0.10486254136984421,env_mode,1.0.0,env_only,random_forest,0,,
340,51.08329,29.90467,0.1,0.11,5.0,4.0,14.0,15.0,57.0,56.0,127.0,127.0,58.0,58.0,132.0,5.3,5.82,339,0.10619754105235991,env_mode,1.0.0,env_only,random_forest,0,,
341,51.079885,29.752459,0.1,0.1,6.0,7.0,13.0,15.0,71.0,71.0,112.0,114.0,57.0,57.0,142.0,24.8,4.56,340,0.10448859610890276,env_mode,1.0.0,env_only,random_forest,0,,
342,51.079885,29.766738,0.09,0.1,8.0,7.0,12.0,13.0,75.0,74.0,111.0,117.0,53.0,53.0,142.0,26.6,4.65,341,0.10670315747867178,env_mode,1.0.0,env_only,random_forest,0,,
343,51.079876,29.781016,0.1,0.11,8.0,7.0,13.0,14.0,72.0,72.0,120.0,126.0,57.0,58.0,150.0,45.0,4.19,342,0.10356923964565763,env_mode,1.0.0,env_only,random_forest,0,,
344,51.079876,29.795296,0.09,0.1,3.0,3.0,17.0,19.0,57.0,57.0,137.0,136.0,59.0,59.0,137.0,3.1,6.58,343,0.10346036818466492,env_mode,1.0.0,env_only,random_forest,0,,
345,51.079876,29.809575,0.11,0.11,5.0,4.0,14.0,16.0,56.0,55.0,134.0,134.0,58.0,58.0,139.0,11.3,5.31,344,0.1086859628709735,env_mode,1.0.0,env_only,random_forest,0,,
346,51.079885,29.823854,0.09,0.1,5.0,5.0,14.0,15.0,57.0,57.0,135.0,135.0,60.0,60.0,135.0,13.1,5.42,345,0.10454959542595373,env_mode,1.0.0,env_only,random_forest,0,,
347,51.079876,29.838134,0.1,0.1,3.0,4.0,15.0,17.0,54.0,53.0,138.0,137.0,64.0,64.0,134.0,3.8,7.25,346,0.10490548768073003,env_mode,1.0.0,env_only,random_forest,0,,
348,51.079876,29.852414,0.11,0.12,5.0,6.0,14.0,15.0,64.0,64.0,128.0,130.0,57.0,57.0,138.0,17.5,5.14,347,0.1086032394242369,env_mode,1.0.0,env_only,random_forest,0,,
349,51.079876,29.866694,0.11,0.11,8.0,7.0,11.0,12.0,68.0,68.0,120.0,127.0,51.0,51.0,151.0,15.0,5.24,348,0.10761109207639581,env_mode,1.0.0,env_only,random_forest,0,,
350,51.079876,29.880973,0.1,0.12,4.0,4.0,13.0,14.0,62.0,62.0,128.0,129.0,56.0,56.0,140.0,6.7,6.14,349,0.10453821684482067,env_mode,1.0.0,env_only,random_forest,0,,
351,51.079876,29.895253,0.11,0.11,4.0,4.0,14.0,15.0,55.0,54.0,130.0,131.0,58.0,58.0,135.0,2.0,7.08,350,0.10733541955870089,env_mode,1.0.0,env_only,random_forest,0,,
352,51.079876,29.901488,0.1,0.12,5.0,5.0,16.0,17.0,58.0,57.0,133.0,132.0,61.0,61.0,133.0,1.5,7.45,351,0.10246995945406336,env_mode,1.0.0,env_only,random_forest,0,,
353,51.079885,29.904768,0.11,0.11,3.0,4.0,16.0,17.0,57.0,57.0,135.0,134.0,60.0,60.0,131.0,2.0,8.02,352,0.10313188775900962,env_mode,1.0.0,env_only,random_forest,0,,
354,51.079876,29.909532,0.1,0.12,4.0,4.0,16.0,18.0,59.0,58.0,133.0,135.0,59.0,59.0,129.0,3.9,7.23,353,0.10302158592108387,env_mode,1.0.0,env_only,random_forest,0,,
355,51.079876,29.923812,0.1,0.1,5.0,5.0,15.0,17.0,56.0,56.0,132.0,130.0,61.0,61.0,126.0,5.7,6.9,354,0.1042046231251494,env_mode,1.0.0,env_only,random_forest,0,,
356,51.079876,29.938092,0.11,0.11,3.0,4.0,16.0,18.0,53.0,53.0,134.0,133.0,65.0,65.0,129.0,7.7,5.58,355,0.10651258089193333,env_mode,1.0.0,env_only,random_forest,0,,
357,51.079876,29.952371,0.1,0.11,5.0,5.0,17.0,18.0,54.0,54.0,135.0,134.0,66.0,66.0,126.0,3.5,6.35,356,0.10272312736113057,env_mode,1.0.0,env_only,random_forest,0,,
358,51.079876,29.966651,0.1,0.1,5.0,4.0,15.0,17.0,58.0,58.0,130.0,129.0,64.0,64.0,125.0,3.7,6.43,357,0.10391166441501534,env_mode,1.0.0,env_only,random_forest,0,,
359,51.079885,29.971403,0.1,0.1,5.0,5.0,15.0,16.0,56.0,56.0,130.0,129.0,63.0,63.0,124.0,6.8,6.01,358,0.10542122936812995,env_mode,1.0.0,env_only,random_forest,0,,
360,51.079885,29.976163,0.1,0.1,5.0,4.0,15.0,16.0,58.0,58.0,135.0,133.0,62.0,62.0,128.0,8.4,5.84,359,0.10482219039090267,env_mode,1.0.0,env_only,random_forest,0,,
361,51.08032,29.98096,0.12,0.13,4.0,4.0,15.0,17.0,58.0,58.0,133.0,131.0,61.0,61.0,124.0,6.6,6.19,360,0.1051665444789463,env_mode,1.0.0,env_only,random_forest,0,,
362,51.081516,29.99411,0.09,0.1,4.0,4.0,15.0,17.0,60.0,59.0,131.0,130.0,59.0,59.0,123.0,8.9,5.84,361,0.10388532498289615,env_mode,1.0.0,env_only,random_forest,0,,
363,51.079876,30.00949,0.11,0.11,3.0,4.0,15.0,16.0,57.0,56.0,132.0,130.0,57.0,57.0,125.0,2.4,6.87,362,0.10480104300132967,env_mode,1.0.0,env_only,random_forest,0,,
364,51.079885,30.023759,0.11,0.13,5.0,4.0,17.0,18.0,55.0,55.0,133.0,132.0,64.0,64.0,125.0,4.4,6.62,363,0.10537747974098981,env_mode,1.0.0,env_only,random_forest,0,,
365,51.08004,30.03901,0.14,0.14,7.0,7.0,12.0,13.0,74.0,74.0,126.0,128.0,59.0,59.0,130.0,12.1,5.61,364,0.11121144312470332,env_mode,1.0.0,env_only,random_forest,0,,
366,51.079876,30.052328,0.12,0.12,7.0,7.0,10.0,11.0,70.0,70.0,132.0,132.0,56.0,56.0,138.0,11.7,5.13,365,0.1101080774778461,env_mode,1.0.0,env_only,random_forest,0,,
367,51.079876,30.066608,0.11,0.12,5.0,5.0,15.0,16.0,68.0,68.0,131.0,132.0,58.0,58.0,128.0,24.4,5.09,366,0.11030319725223772,env_mode,1.0.0,env_only,random_forest,0,,
368,51.079172,30.080565,0.13,0.13,5.0,4.0,13.0,15.0,74.0,74.0,131.0,131.0,55.0,55.0,126.0,16.6,4.88,367,0.11441513401809943,env_mode,1.0.0,env_only,random_forest,0,,
369,51.079876,30.095167,0.13,0.13,5.0,5.0,11.0,12.0,71.0,71.0,119.0,124.0,54.0,54.0,144.0,6.9,5.76,368,0.11185754457421068,env_mode,1.0.0,env_only,random_forest,0,,
370,51.079876,30.109447,0.13,0.14,7.0,7.0,11.0,12.0,67.0,67.0,120.0,126.0,55.0,55.0,133.0,13.0,6.57,369,0.11571850302029796,env_mode,1.0.0,env_only,random_forest,0,,
371,51.08027,30.12376,0.14,0.15,5.0,5.0,13.0,14.0,73.0,74.0,123.0,128.0,52.0,52.0,134.0,20.9,4.73,370,0.12044779563130317,env_mode,1.0.0,env_only,random_forest,0,,
372,51.0792,30.13783,0.11,0.12,4.0,4.0,13.0,14.0,71.0,72.0,134.0,134.0,57.0,57.0,122.0,23.6,4.74,371,0.11099797971651804,env_mode,1.0.0,env_only,random_forest,0,,
373,51.079885,30.152269,0.1,0.12,4.0,4.0,11.0,12.0,68.0,68.0,123.0,124.0,58.0,58.0,125.0,14.5,5.32,372,0.10984626222628661,env_mode,1.0.0,env_only,random_forest,0,,
374,51.07934,30.1671,0.12,0.12,5.0,5.0,14.0,14.0,61.0,61.0,124.0,125.0,61.0,61.0,119.0,3.5,6.27,373,0.1062389419342475,env_mode,1.0.0,env_only,random_forest,0,,
375,51.079922,30.181013,0.09,0.1,4.0,4.0,15.0,16.0,61.0,61.0,131.0,130.0,62.0,62.0,117.0,3.8,6.75,374,0.10363674270840498,env_mode,1.0.0,env_only,random_forest,0,,
376,51.079876,30.195124,0.12,0.14,9.0,9.0,11.0,12.0,74.0,74.0,115.0,122.0,52.0,52.0,128.0,22.5,5.27,375,0.12493909834088145,env_mode,1.0.0,env_only,random_forest,0,,
377,51.07935,30.20941,0.12,0.12,8.0,8.0,12.0,13.0,71.0,71.0,120.0,124.0,53.0,53.0,129.0,6.5,6.22,376,0.12018642594555475,env_mode,1.0.0,env_only,random_forest,0,,
378,51.0794,30.22309,0.09,0.09,5.0,5.0,15.0,16.0,53.0,53.0,125.0,125.0,63.0,63.0,115.0,3.1,7.23,377,0.1045394478600631,env_mode,1.0.0,env_only,random_forest,0,,
379,51.079876,30.237963,0.12,0.13,4.0,4.0,15.0,17.0,48.0,48.0,131.0,129.0,64.0,64.0,114.0,3.2,7.21,378,0.10996117524250143,env_mode,1.0.0,env_only,random_forest,0,,
380,51.079876,30.252243,0.13,0.14,4.0,3.0,16.0,17.0,44.0,44.0,134.0,132.0,64.0,64.0,115.0,6.8,6.1,379,0.11274668354132981,env_mode,1.0.0,env_only,random_forest,0,,
381,51.079876,30.266522,0.12,0.14,3.0,4.0,15.0,17.0,47.0,47.0,135.0,136.0,63.0,64.0,114.0,3.4,6.66,380,0.1125183919927463,env_mode,1.0.0,env_only,random_forest,0,,
382,51.07945,30.28069,0.1,0.11,3.0,3.0,17.0,18.0,52.0,51.0,138.0,139.0,64.0,64.0,113.0,7.6,5.58,381,0.10725799715884327,env_mode,1.0.0,env_only,random_forest,0,,
383,51.07985,30.29523,0.1,0.1,4.0,4.0,16.0,17.0,52.0,52.0,138.0,139.0,64.0,64.0,113.0,6.0,5.92,382,0.10670631437668511,env_mode,1.0.0,env_only,random_forest,0,,
384,51.079876,30.309361,0.09,0.09,4.0,4.0,17.0,18.0,58.0,58.0,133.0,138.0,65.0,65.0,111.0,10.2,5.49,383,0.10411670600551656,env_mode,1.0.0,env_only,random_forest,0,,
385,51.07982,30.32302,0.1,0.11,5.0,6.0,11.0,13.0,63.0,63.0,117.0,122.0,55.0,55.0,125.0,15.4,5.31,384,0.11430544163248543,env_mode,1.0.0,env_only,random_forest,0,,
386,51.07903,30.33656,0.09,0.1,4.0,4.0,14.0,15.0,66.0,67.0,130.0,131.0,59.0,59.0,113.0,6.0,6.25,385,0.10587966863044261,env_mode,1.0.0,env_only,random_forest,0,,
387,51.08022,30.343,0.09,0.09,4.0,4.0,16.0,17.0,59.0,59.0,124.0,125.0,60.0,60.0,110.0,3.1,6.8,386,0.102502082562092,env_mode,1.0.0,env_only,random_forest,0,,
388,51.08024,30.34811,0.09,0.1,4.0,4.0,16.0,17.0,59.0,59.0,125.0,124.0,60.0,60.0,110.0,12.2,5.67,387,0.10317107352043525,env_mode,1.0.0,env_only,random_forest,0,,
389,51.0802,30.3521,0.09,0.1,4.0,4.0,16.0,17.0,60.0,60.0,131.0,133.0,61.0,61.0,111.0,5.8,6.13,388,0.10427179980984035,env_mode,1.0.0,env_only,random_forest,0,,
390,51.08004,30.3566,0.1,0.1,4.0,3.0,16.0,17.0,63.0,63.0,132.0,133.0,62.0,61.0,112.0,6.7,6.22,389,0.10472151058670079,env_mode,1.0.0,env_only,random_forest,0,,
391,51.079876,30.366479,0.1,0.11,4.0,4.0,15.0,16.0,64.0,64.0,120.0,124.0,65.0,65.0,112.0,2.9,7.01,390,0.10510245019796845,env_mode,1.0.0,env_only,random_forest,0,,
392,51.07991,30.38073,0.1,0.1,3.0,4.0,15.0,16.0,61.0,61.0,129.0,132.0,63.0,63.0,109.0,3.1,6.34,391,0.10564820783756217,env_mode,1.0.0,env_only,random_forest,0,,
393,51.079885,30.390251,0.11,0.11,4.0,4.0,15.0,16.0,59.0,59.0,136.0,135.0,63.0,63.0,108.0,3.7,6.96,392,0.10719363614251462,env_mode,1.0.0,env_only,random_forest,0,,
394,51.07956,30.39463,0.1,0.11,4.0,4.0,16.0,17.0,55.0,54.0,127.0,128.0,62.0,62.0,104.0,10.1,6.09,393,0.10780429192496448,env_mode,1.0.0,env_only,random_forest,0,,
396,51.076887,30.39977,0.11,0.12,5.0,5.0,15.0,16.0,49.0,49.0,129.0,131.0,61.0,61.0,104.0,8.8,6.13,394,0.10916524425188516,env_mode,1.0.0,env_only,random_forest,0,,
397,51.076887,30.39501,0.11,0.11,5.0,5.0,15.0,16.0,57.0,57.0,131.0,131.0,60.0,60.0,108.0,14.9,5.64,395,0.10755284187505924,env_mode,1.0.0,env_only,random_forest,0,,
398,51.076887,30.390251,0.1,0.11,3.0,3.0,15.0,15.0,58.0,58.0,136.0,135.0,62.0,62.0,108.0,2.1,7.82,396,0.10708641426744347,env_mode,1.0.0,env_only,random_forest,0,,
399,51.07715,30.38556,0.12,0.13,4.0,4.0,15.0,15.0,59.0,59.0,138.0,137.0,64.0,64.0,108.0,2.8,6.9,397,0.10771585221643253,env_mode,1.0.0,env_only,random_forest,0,,
400,51.0775,30.38323,0.1,0.1,3.0,4.0,15.0,16.0,57.0,57.0,133.0,134.0,64.0,64.0,107.0,1.5,7.91,398,0.1076349819389216,env_mode,1.0.0,env_only,random_forest,0,,
401,51.076887,30.347414,0.13,0.14,5.0,4.0,16.0,17.0,61.0,61.0,134.0,135.0,60.0,60.0,116.0,15.4,4.82,399,0.10726684135224664,env_mode,1.0.0,env_only,random_forest,0,,
402,51.076887,30.342655,0.12,0.14,4.0,4.0,17.0,18.0,62.0,62.0,127.0,129.0,64.0,64.0,111.0,10.1,6.01,400,0.10317178816050591,env_mode,1.0.0,env_only,random_forest,0,,
403,51.07681,30.27078,0.14,0.14,3.0,3.0,16.0,17.0,48.0,48.0,134.0,132.0,64.0,64.0,113.0,3.0,7.64,401,0.11364809965566774,env_mode,1.0.0,env_only,random_forest,0,,
404,51.0772,30.26599,0.15,0.15,3.0,3.0,17.0,18.0,50.0,50.0,137.0,135.0,63.0,63.0,116.0,5.7,5.99,402,0.11302379599391464,env_mode,1.0.0,env_only,random_forest,0,,
405,51.07756,30.26186,0.13,0.13,3.0,3.0,16.0,18.0,48.0,48.0,133.0,132.0,65.0,65.0,115.0,4.8,6.13,403,0.11268792981511856,env_mode,1.0.0,env_only,random_forest,0,,
406,51.07692,29.99038,0.11,0.13,4.0,4.0,15.0,17.0,58.0,58.0,135.0,134.0,59.0,59.0,126.0,17.2,4.58,404,0.10665979176904714,env_mode,1.0.0,env_only,random_forest,0,,
407,51.076887,29.985681,0.11,0.12,4.0,4.0,15.0,17.0,60.0,60.0,135.0,134.0,62.0,62.0,124.0,10.7,5.14,405,0.10466204218705878,env_mode,1.0.0,env_only,random_forest,0,,
408,51.076887,29.980922,0.12,0.13,5.0,4.0,17.0,18.0,59.0,58.0,130.0,131.0,62.0,62.0,126.0,20.0,5.48,406,0.1038540099305036,env_mode,1.0.0,env_only,random_forest,0,,
409,51.07728,29.97631,0.13,0.14,4.0,4.0,16.0,17.0,55.0,54.0,133.0,132.0,63.0,63.0,123.0,5.2,6.59,407,0.10666921261195536,env_mode,1.0.0,env_only,random_forest,0,,
410,51.076136,29.972105,0.09,0.09,5.0,5.0,16.0,17.0,54.0,54.0,132.0,131.0,64.0,64.0,124.0,11.5,5.57,408,0.10558374609259011,env_mode,1.0.0,env_only,random_forest,0,,
411,51.076887,29.919047,0.11,0.12,4.0,4.0,16.0,18.0,60.0,60.0,133.0,133.0,62.0,62.0,130.0,7.8,5.9,409,0.10315524421718758,env_mode,1.0.0,env_only,random_forest,0,,
412,51.076887,29.914288,0.11,0.11,4.0,4.0,17.0,19.0,58.0,57.0,136.0,135.0,58.0,58.0,130.0,15.7,5.22,410,0.10521428218000546,env_mode,1.0.0,env_only,random_forest,0,,
413,51.07718,29.90931,0.11,0.12,4.0,4.0,16.0,18.0,59.0,59.0,134.0,134.0,58.0,58.0,132.0,7.4,5.77,411,0.10381000375602764,env_mode,1.0.0,env_only,random_forest,0,,
414,51.077297,29.905881,0.1,0.12,4.0,4.0,16.0,18.0,58.0,57.0,134.0,134.0,58.0,58.0,133.0,2.2,7.95,412,0.10307986788464887,env_mode,1.0.0,env_only,random_forest,0,,
415,51.073889,29.819094,0.1,0.1,4.0,4.0,16.0,18.0,59.0,59.0,139.0,138.0,60.0,60.0,134.0,10.1,5.78,413,0.1032313805147037,env_mode,1.0.0,env_only,random_forest,0,,
416,51.073889,29.904768,0.1,0.1,4.0,4.0,16.0,17.0,56.0,56.0,134.0,134.0,58.0,58.0,131.0,10.6,5.57,414,0.107130263197776,env_mode,1.0.0,env_only,random_forest,0,,
417,51.074016,29.908779,0.1,0.11,4.0,4.0,17.0,19.0,56.0,56.0,134.0,134.0,58.0,58.0,131.0,13.9,4.93,415,0.10718576509074808,env_mode,1.0.0,env_only,random_forest,0,,
418,51.07401,29.9243,0.1,0.11,4.0,4.0,13.0,15.0,58.0,58.0,132.0,132.0,61.0,61.0,131.0,8.2,6.15,416,0.10478860523431234,env_mode,1.0.0,env_only,random_forest,0,,
419,51.07378,29.96635,0.1,0.11,5.0,5.0,17.0,18.0,48.0,48.0,135.0,134.0,67.0,67.0,126.0,2.6,6.74,417,0.10391666824667604,env_mode,1.0.0,env_only,random_forest,0,,
420,51.07427,29.97148,0.11,0.11,5.0,5.0,17.0,18.0,54.0,54.0,132.0,131.0,64.0,64.0,126.0,4.1,6.79,418,0.10473541930916772,env_mode,1.0.0,env_only,random_forest,0,,
421,51.073889,29.976163,0.13,0.13,4.0,4.0,16.0,17.0,53.0,53.0,134.0,132.0,63.0,63.0,131.0,9.9,5.22,419,0.10810140473033351,env_mode,1.0.0,env_only,random_forest,0,,
422,51.07352,29.98019,0.08,0.1,3.0,4.0,17.0,18.0,57.0,57.0,135.0,135.0,64.0,64.0,126.0,12.4,5.55,420,0.10372870403163409,env_mode,1.0.0,env_only,random_forest,0,,
423,51.073889,29.985681,0.09,0.11,4.0,4.0,17.0,19.0,59.0,58.0,136.0,136.0,64.0,64.0,124.0,2.1,7.11,421,0.10205676005001216,env_mode,1.0.0,env_only,random_forest,0,,
424,51.07428,29.99022,0.1,0.1,4.0,4.0,17.0,19.0,60.0,60.0,136.0,136.0,64.0,64.0,123.0,0.4,8.72,422,0.10183553080292618,env_mode,1.0.0,env_only,random_forest,0,,
425,51.07417,30.26182,0.1,0.12,3.0,3.0,16.0,17.0,51.0,51.0,135.0,134.0,64.0,63.0,114.0,4.8,7.0,423,0.10973279078160404,env_mode,1.0.0,env_only,random_forest,0,,
426,51.073889,30.2665,0.12,0.13,4.0,4.0,17.0,18.0,50.0,50.0,135.0,137.0,62.0,62.0,113.0,5.0,6.1,424,0.11214423200864515,env_mode,1.0.0,env_only,random_forest,0,,
427,51.073889,30.27126,0.12,0.12,3.0,3.0,17.0,18.0,49.0,49.0,136.0,134.0,63.0,63.0,113.0,3.9,6.53,425,0.11284350094267356,env_mode,1.0.0,env_only,random_forest,0,,
428,51.073889,30.38096,0.11,0.12,3.0,4.0,17.0,17.0,57.0,57.0,137.0,137.0,64.0,64.0,109.0,4.9,6.53,426,0.10684392959380655,env_mode,1.0.0,env_only,random_forest,0,,
429,51.073889,30.385491,0.1,0.12,3.0,3.0,15.0,16.0,58.0,59.0,136.0,137.0,63.0,63.0,107.0,5.3,6.37,427,0.10778524025336128,env_mode,1.0.0,env_only,random_forest,0,,
430,51.073889,30.390251,0.11,0.13,3.0,4.0,15.0,16.0,57.0,57.0,133.0,134.0,63.0,62.0,109.0,6.3,5.87,428,0.10645363204637152,env_mode,1.0.0,env_only,random_forest,0,,
431,51.073889,30.39501,0.12,0.13,5.0,5.0,15.0,15.0,58.0,58.0,135.0,136.0,60.0,60.0,107.0,8.9,6.1,429,0.10847450179853632,env_mode,1.0.0,env_only,random_forest,0,,
432,51.073889,30.39977,0.11,0.12,7.0,8.0,15.0,16.0,58.0,58.0,117.0,118.0,62.0,62.0,107.0,4.5,6.1,430,0.10785694812021447,env_mode,1.0.0,env_only,random_forest,0,,
433,51.070892,30.40453,0.12,0.12,16.0,14.0,17.0,18.0,43.0,42.0,92.0,99.0,64.0,64.0,107.0,5.0,5.93,431,0.10764565043702866,env_mode,1.0.0,env_only,random_forest,0,,
434,51.070892,30.39977,0.12,0.13,7.0,8.0,14.0,15.0,57.0,56.0,112.0,116.0,63.0,63.0,106.0,3.5,7.0,432,0.107594691943873,env_mode,1.0.0,env_only,random_forest,0,,
435,51.070883,30.395039,0.1,0.12,8.0,8.0,15.0,16.0,55.0,55.0,124.0,125.0,63.0,63.0,109.0,5.0,6.56,433,0.10636217479756548,env_mode,1.0.0,env_only,random_forest,0,,
436,51.070892,30.390251,0.11,0.12,8.0,8.0,15.0,16.0,55.0,55.0,120.0,122.0,65.0,65.0,109.0,3.9,6.46,434,0.10692101602112168,env_mode,1.0.0,env_only,random_forest,0,,
437,51.070892,30.385491,0.12,0.12,7.0,6.0,15.0,16.0,55.0,55.0,127.0,128.0,65.0,65.0,108.0,4.3,6.52,435,0.1090377848134535,env_mode,1.0.0,env_only,random_forest,0,,
438,51.070883,30.380797,0.12,0.12,4.0,5.0,16.0,16.0,55.0,55.0,130.0,132.0,68.0,68.0,109.0,3.6,6.36,436,0.10701150428013452,env_mode,1.0.0,env_only,random_forest,0,,
439,51.070883,30.366479,0.1,0.11,5.0,6.0,16.0,17.0,56.0,55.0,124.0,126.0,64.0,64.0,109.0,8.6,6.04,437,0.1052156662241465,env_mode,1.0.0,env_only,random_forest,0,,
440,51.07149,30.35115,0.11,0.12,7.0,7.0,15.0,16.0,57.0,57.0,125.0,125.0,60.0,60.0,110.0,9.6,5.29,438,0.10623604089757842,env_mode,1.0.0,env_only,random_forest,0,,
441,51.070883,30.337951,0.11,0.12,5.0,5.0,17.0,19.0,56.0,56.0,122.0,122.0,61.0,61.0,103.0,1.2,7.61,439,0.10559629831860129,env_mode,1.0.0,env_only,random_forest,0,,
442,51.070883,30.323641,0.1,0.12,4.0,4.0,16.0,18.0,55.0,55.0,135.0,134.0,59.0,59.0,103.0,0.9,8.69,440,0.1079656692593572,env_mode,1.0.0,env_only,random_forest,0,,
443,51.070892,30.309337,0.11,0.13,5.0,5.0,16.0,18.0,53.0,53.0,133.0,133.0,62.0,62.0,104.0,1.9,7.23,441,0.1082534296239928,env_mode,1.0.0,env_only,random_forest,0,,
444,51.0716,30.29536,0.11,0.11,3.0,3.0,16.0,17.0,49.0,49.0,135.0,134.0,64.0,64.0,105.0,15.1,5.53,442,0.11090523237921793,env_mode,1.0.0,env_only,random_forest,0,,
445,51.07112,30.28154,0.12,0.12,4.0,4.0,16.0,17.0,49.0,49.0,134.0,135.0,63.0,63.0,107.0,10.1,5.44,443,0.11168741025138078,env_mode,1.0.0,env_only,random_forest,0,,
446,51.070818,30.275359,0.11,0.11,3.0,3.0,16.0,17.0,52.0,52.0,135.0,137.0,62.0,62.0,114.0,8.7,5.93,444,0.10731741536331926,env_mode,1.0.0,env_only,random_forest,0,,
447,51.070892,30.27126,0.1,0.11,3.0,4.0,17.0,17.0,51.0,50.0,134.0,132.0,62.0,62.0,113.0,4.3,6.42,445,0.11016767125551215,env_mode,1.0.0,env_only,random_forest,0,,
448,51.07061,30.2655,0.11,0.11,3.0,4.0,15.0,16.0,51.0,50.0,136.0,137.0,62.0,62.0,112.0,4.4,6.74,446,0.1099668156467264,env_mode,1.0.0,env_only,random_forest,0,,
449,51.070892,30.261741,0.1,0.11,3.0,4.0,16.0,17.0,52.0,52.0,135.0,134.0,63.0,63.0,114.0,3.2,7.07,447,0.10736537886219084,env_mode,1.0.0,env_only,random_forest,0,,
450,51.071208,30.256998,0.11,0.11,3.0,2.0,16.0,17.0,50.0,50.0,135.0,134.0,65.0,65.0,114.0,6.1,6.57,448,0.11187878294877526,env_mode,1.0.0,env_only,random_forest,0,,
451,51.07076,30.25218,0.11,0.11,3.0,2.0,15.0,16.0,48.0,47.0,134.0,132.0,64.0,64.0,115.0,4.9,6.33,449,0.11277114029345428,env_mode,1.0.0,env_only,random_forest,0,,
452,51.07117,30.23779,0.11,0.11,3.0,3.0,16.0,17.0,53.0,53.0,134.0,136.0,65.0,65.0,114.0,5.3,5.91,450,0.10773778929868846,env_mode,1.0.0,env_only,random_forest,0,,
453,51.07089,30.22384,0.09,0.09,5.0,5.0,14.0,15.0,63.0,63.0,130.0,129.0,57.0,57.0,123.0,11.5,5.67,451,0.10444795386369078,env_mode,1.0.0,env_only,random_forest,0,,
454,51.070892,30.209384,0.1,0.1,4.0,4.0,12.0,13.0,71.0,72.0,131.0,130.0,58.0,58.0,117.0,15.9,5.13,452,0.10888493653857888,env_mode,1.0.0,env_only,random_forest,0,,
455,51.07092,30.19519,0.11,0.11,5.0,5.0,12.0,13.0,71.0,71.0,125.0,127.0,57.0,57.0,118.0,22.8,4.76,453,0.11314138302202867,env_mode,1.0.0,env_only,random_forest,0,,
456,51.070805,30.180568,0.09,0.09,5.0,5.0,15.0,16.0,59.0,59.0,132.0,132.0,65.0,65.0,117.0,3.9,6.2,454,0.10568271353677376,env_mode,1.0.0,env_only,random_forest,0,,
457,51.07084,30.1686,0.09,0.09,4.0,4.0,14.0,15.0,64.0,64.0,134.0,134.0,62.0,62.0,120.0,6.8,6.02,455,0.10469433390493936,env_mode,1.0.0,env_only,random_forest,0,,
458,51.070751,30.151807,0.1,0.11,3.0,4.0,12.0,13.0,71.0,71.0,128.0,133.0,58.0,58.0,121.0,20.1,4.96,456,0.10857353292679375,env_mode,1.0.0,env_only,random_forest,0,,
459,51.07095,30.13844,0.11,0.11,8.0,8.0,11.0,12.0,74.0,75.0,121.0,127.0,56.0,56.0,135.0,12.3,5.48,457,0.11269850700031793,env_mode,1.0.0,env_only,random_forest,0,,
460,51.07126,30.12382,0.16,0.17,6.0,7.0,11.0,12.0,73.0,74.0,129.0,129.0,55.0,55.0,136.0,22.7,4.48,458,0.11979242482175173,env_mode,1.0.0,env_only,random_forest,0,,
461,51.070361,30.109469,0.09,0.1,4.0,5.0,13.0,14.0,71.0,72.0,128.0,129.0,58.0,58.0,122.0,7.0,5.68,459,0.10608495852605956,env_mode,1.0.0,env_only,random_forest,0,,
462,51.070883,30.095167,0.12,0.13,7.0,7.0,12.0,14.0,72.0,71.0,125.0,126.0,57.0,57.0,117.0,12.9,6.53,460,0.11206782766016653,env_mode,1.0.0,env_only,random_forest,0,,
463,51.06958,30.08226,0.12,0.13,4.0,4.0,11.0,13.0,75.0,75.0,130.0,131.0,57.0,57.0,139.0,20.5,4.67,461,0.10910321875051035,env_mode,1.0.0,env_only,random_forest,0,,
464,51.070883,30.066608,0.15,0.15,4.0,5.0,15.0,16.0,70.0,71.0,126.0,128.0,54.0,55.0,142.0,19.9,4.76,462,0.1145567947730882,env_mode,1.0.0,env_only,random_forest,0,,
465,51.070883,30.052328,0.1,0.12,4.0,4.0,15.0,16.0,66.0,66.0,135.0,136.0,59.0,59.0,122.0,5.9,5.98,463,0.10483508905017482,env_mode,1.0.0,env_only,random_forest,0,,
466,51.07047,30.039138,0.1,0.11,3.0,4.0,15.0,16.0,68.0,67.0,126.0,126.0,60.0,60.0,120.0,3.2,7.01,464,0.10246829589739606,env_mode,1.0.0,env_only,random_forest,0,,
467,51.0705,30.022898,0.12,0.12,5.0,4.0,14.0,16.0,63.0,63.0,136.0,135.0,61.0,62.0,118.0,4.7,5.75,465,0.10512411758636385,env_mode,1.0.0,env_only,random_forest,0,,
468,51.070883,30.00949,0.11,0.13,5.0,4.0,12.0,13.0,68.0,68.0,130.0,132.0,60.0,60.0,133.0,13.1,4.98,466,0.10662106118696002,env_mode,1.0.0,env_only,random_forest,0,,
469,51.07107,29.99345,0.11,0.12,5.0,4.0,17.0,18.0,55.0,55.0,135.0,134.0,63.0,63.0,124.0,2.5,7.51,467,0.10452836410352552,env_mode,1.0.0,env_only,random_forest,0,,
470,51.070892,29.980922,0.1,0.11,3.0,3.0,17.0,18.0,55.0,55.0,136.0,136.0,63.0,63.0,129.0,17.6,5.38,468,0.10525816472086327,env_mode,1.0.0,env_only,random_forest,0,,
471,51.071444,29.966526,0.11,0.11,5.0,5.0,18.0,19.0,49.0,49.0,135.0,133.0,67.0,67.0,129.0,14.0,5.3,469,0.10451984796332497,env_mode,1.0.0,env_only,random_forest,0,,
472,51.071267,29.953709,0.12,0.12,4.0,4.0,17.0,19.0,52.0,52.0,134.0,133.0,67.0,66.0,127.0,7.2,6.29,470,0.1052972249229623,env_mode,1.0.0,env_only,random_forest,0,,
473,51.070883,29.938092,0.12,0.13,6.0,5.0,13.0,14.0,56.0,56.0,128.0,128.0,60.0,60.0,135.0,5.1,6.01,471,0.1073629847888842,env_mode,1.0.0,env_only,random_forest,0,,
474,51.070883,29.923812,0.1,0.12,4.0,4.0,14.0,16.0,60.0,60.0,135.0,134.0,60.0,60.0,132.0,12.2,5.04,472,0.1036231322700244,env_mode,1.0.0,env_only,random_forest,0,,
475,51.07154,29.90879,0.1,0.12,5.0,5.0,14.0,16.0,57.0,56.0,133.0,133.0,59.0,59.0,132.0,5.9,6.5,473,0.10498976691724839,env_mode,1.0.0,env_only,random_forest,0,,
476,51.070892,29.900008,0.1,0.11,4.0,4.0,14.0,16.0,57.0,57.0,132.0,133.0,58.0,58.0,135.0,4.1,6.58,474,0.10400997286221401,env_mode,1.0.0,env_only,random_forest,0,,
477,51.069437,29.893942,0.11,0.11,5.0,5.0,12.0,13.0,62.0,60.0,129.0,130.0,55.0,55.0,146.0,26.8,4.29,475,0.10868024295546634,env_mode,1.0.0,env_only,random_forest,0,,
478,51.070883,29.880973,0.09,0.09,5.0,6.0,10.0,11.0,72.0,73.0,123.0,129.0,54.0,54.0,151.0,16.5,5.28,476,0.10324866564665888,env_mode,1.0.0,env_only,random_forest,0,,
479,51.069372,29.866127,0.09,0.1,5.0,6.0,14.0,15.0,70.0,70.0,131.0,131.0,56.0,56.0,144.0,14.0,5.85,477,0.10296674435457823,env_mode,1.0.0,env_only,random_forest,0,,
480,51.070892,29.852412,0.1,0.1,5.0,6.0,14.0,15.0,63.0,63.0,130.0,131.0,59.0,59.0,141.0,14.0,5.16,478,0.10408561610358429,env_mode,1.0.0,env_only,random_forest,0,,
481,51.070883,29.838134,0.09,0.1,3.0,4.0,17.0,18.0,60.0,59.0,136.0,134.0,62.0,62.0,138.0,1.1,8.17,479,0.10165727285586279,env_mode,1.0.0,env_only,random_forest,0,,
482,51.06997,29.82462,0.1,0.1,4.0,4.0,17.0,19.0,55.0,56.0,139.0,138.0,63.0,63.0,134.0,4.9,7.06,480,0.1036402422589393,env_mode,1.0.0,env_only,random_forest,0,,
483,51.070892,29.819094,0.09,0.09,4.0,4.0,14.0,15.0,59.0,59.0,140.0,142.0,60.0,60.0,137.0,16.5,5.12,481,0.10384993398082933,env_mode,1.0.0,env_only,random_forest,0,,
484,51.070883,29.809575,0.1,0.1,4.0,4.0,16.0,18.0,59.0,58.0,138.0,138.0,60.0,60.0,136.0,10.8,5.67,482,0.1032943972513034,env_mode,1.0.0,env_only,random_forest,0,,
485,51.07009,29.804846,0.11,0.11,3.0,3.0,17.0,18.0,56.0,56.0,139.0,139.0,62.0,62.0,138.0,4.1,6.73,483,0.10425347518641974,env_mode,1.0.0,env_only,random_forest,0,,
486,51.07093,29.79576,0.12,0.13,4.0,4.0,15.0,17.0,61.0,60.0,134.0,135.0,59.0,59.0,140.0,7.1,5.8,484,0.10321796048947993,env_mode,1.0.0,env_only,random_forest,0,,
487,51.07151,29.78159,0.09,0.1,5.0,5.0,11.0,12.0,67.0,67.0,123.0,127.0,51.0,51.0,158.0,17.2,4.79,485,0.10387248311842236,env_mode,1.0.0,env_only,random_forest,0,,
488,51.07101,29.76517,0.11,0.12,4.0,4.0,14.0,16.0,65.0,65.0,138.0,137.0,58.0,58.0,138.0,5.9,6.31,486,0.10333174708454375,env_mode,1.0.0,env_only,random_forest,0,,
489,51.070892,29.752459,0.1,0.11,6.0,5.0,12.0,13.0,68.0,67.0,113.0,119.0,56.0,56.0,144.0,29.0,4.41,487,0.10379717929170733,env_mode,1.0.0,env_only,random_forest,0,,
490,51.070892,29.814334,0.1,0.1,4.0,4.0,16.0,18.0,61.0,60.0,141.0,140.0,60.0,60.0,139.0,6.4,5.83,488,0.10289200013528597,env_mode,1.0.0,env_only,random_forest,0,,
491,51.067894,29.804816,0.1,0.11,4.0,4.0,17.0,19.0,57.0,57.0,134.0,134.0,60.0,60.0,136.0,3.7,6.38,489,0.10346603807614031,env_mode,1.0.0,env_only,random_forest,0,,
492,51.067894,29.809575,0.11,0.11,5.0,5.0,15.0,17.0,60.0,60.0,132.0,134.0,59.0,59.0,145.0,16.3,5.77,490,0.1031148006307545,env_mode,1.0.0,env_only,random_forest,0,,
493,51.067894,29.814334,0.1,0.12,4.0,5.0,15.0,16.0,58.0,57.0,132.0,134.0,60.0,61.0,148.0,31.2,5.12,491,0.10294866800505276,env_mode,1.0.0,env_only,random_forest,0,,
494,51.067894,29.819094,0.1,0.1,4.0,4.0,16.0,18.0,58.0,58.0,139.0,139.0,60.0,60.0,136.0,4.7,6.85,492,0.10298543944424364,env_mode,1.0.0,env_only,random_forest,0,,
495,51.067894,29.823854,0.1,0.11,4.0,4.0,17.0,19.0,57.0,57.0,138.0,137.0,62.0,62.0,136.0,6.1,6.0,493,0.10373575004492562,env_mode,1.0.0,env_only,random_forest,0,,
496,51.06807,30.23844,0.11,0.12,3.0,3.0,17.0,18.0,54.0,54.0,134.0,134.0,65.0,65.0,111.0,7.2,6.85,494,0.10610532324780811,env_mode,1.0.0,env_only,random_forest,0,,
497,51.067688,30.242496,0.11,0.11,3.0,3.0,16.0,17.0,56.0,57.0,135.0,134.0,63.0,63.0,110.0,6.8,6.77,495,0.10659513922061817,env_mode,1.0.0,env_only,random_forest,0,,
498,51.068435,30.247424,0.1,0.11,4.0,4.0,16.0,17.0,52.0,51.0,134.0,134.0,63.0,63.0,108.0,7.9,6.59,496,0.10808186451550007,env_mode,1.0.0,env_only,random_forest,0,,
499,51.06808,30.252211,0.1,0.11,3.0,4.0,16.0,17.0,53.0,52.0,136.0,134.0,64.0,64.0,109.0,12.0,5.59,497,0.10667647926044345,env_mode,1.0.0,env_only,random_forest,0,,
500,51.067894,30.256982,0.11,0.12,4.0,3.0,15.0,16.0,53.0,52.0,135.0,135.0,63.0,63.0,109.0,15.5,5.57,498,0.10786221841379195,env_mode,1.0.0,env_only,random_forest,0,,
501,51.067894,30.261741,0.11,0.11,3.0,3.0,14.0,14.0,54.0,54.0,134.0,135.0,62.0,62.0,111.0,11.6,5.54,499,0.10857886781626126,env_mode,1.0.0,env_only,random_forest,0,,
502,51.067961,30.266489,0.11,0.11,3.0,3.0,16.0,16.0,52.0,52.0,135.0,135.0,62.0,62.0,113.0,8.5,5.99,500,0.10792798698574017,env_mode,1.0.0,env_only,random_forest,0,,
503,51.06783,30.271642,0.11,0.12,5.0,5.0,18.0,19.0,51.0,50.0,135.0,134.0,63.0,63.0,112.0,9.6,5.81,501,0.1073972032168158,env_mode,1.0.0,env_only,random_forest,0,,
505,51.067948,30.386471,0.11,0.12,7.0,7.0,15.0,17.0,57.0,57.0,121.0,121.0,63.0,63.0,107.0,15.6,5.46,502,0.10802320142841794,env_mode,1.0.0,env_only,random_forest,0,,
506,51.067894,30.390251,0.1,0.11,14.0,13.0,15.0,17.0,50.0,50.0,92.0,106.0,61.0,61.0,106.0,24.3,4.7,503,0.108499713421411,env_mode,1.0.0,env_only,random_forest,0,,
507,51.068241,30.394883,0.11,0.11,9.0,9.0,16.0,17.0,56.0,56.0,96.0,101.0,63.0,63.0,108.0,29.5,4.33,504,0.10887678316692387,env_mode,1.0.0,env_only,random_forest,0,,
508,51.068182,30.39965,0.1,0.12,9.0,8.0,17.0,18.0,51.0,51.0,104.0,108.0,62.0,62.0,107.0,22.9,4.44,505,0.1058299057745589,env_mode,1.0.0,env_only,random_forest,0,,
509,51.0683,30.404417,0.1,0.12,13.0,12.0,16.0,17.0,52.0,51.0,83.0,94.0,56.0,56.0,106.0,10.2,5.47,506,0.11825887288103118,env_mode,1.0.0,env_only,random_forest,0,,
510,51.06515,30.27075,0.13,0.13,4.0,4.0,17.0,19.0,55.0,55.0,135.0,135.0,62.0,62.0,105.0,28.8,4.76,507,0.10973156626536465,env_mode,1.0.0,env_only,random_forest,0,,
511,51.065107,30.266653,0.12,0.12,5.0,4.0,15.0,16.0,56.0,56.0,131.0,131.0,62.0,62.0,109.0,11.0,6.53,508,0.10759200908936034,env_mode,1.0.0,env_only,random_forest,0,,
512,51.06536,30.26233,0.12,0.12,3.0,4.0,14.0,15.0,55.0,55.0,134.0,136.0,62.0,62.0,110.0,25.2,5.36,509,0.1107255281611548,env_mode,1.0.0,env_only,random_forest,0,,
513,51.06449,30.25693,0.11,0.11,4.0,4.0,15.0,16.0,53.0,53.0,133.0,134.0,63.0,63.0,113.0,7.4,6.18,510,0.10736275028705733,env_mode,1.0.0,env_only,random_forest,0,,
514,51.06437,30.25207,0.09,0.1,5.0,5.0,16.0,17.0,54.0,54.0,135.0,133.0,64.0,64.0,114.0,8.0,5.94,511,0.10634062033787703,env_mode,1.0.0,env_only,random_forest,0,,
515,51.06477,30.24661,0.1,0.11,5.0,4.0,16.0,17.0,57.0,57.0,137.0,135.0,63.0,63.0,114.0,11.4,5.55,512,0.10535556324320385,env_mode,1.0.0,env_only,random_forest,0,,
516,51.06477,30.24328,0.1,0.1,4.0,4.0,16.0,17.0,56.0,56.0,137.0,138.0,63.0,63.0,115.0,6.9,5.64,513,0.10625942410339506,env_mode,1.0.0,env_only,random_forest,0,,
517,51.067894,30.195106,0.1,0.11,3.0,4.0,15.0,16.0,63.0,62.0,136.0,134.0,63.0,63.0,116.0,19.5,5.16,514,0.10616823375225089,env_mode,1.0.0,env_only,random_forest,0,,
518,51.06763,30.19891,0.1,0.11,5.0,4.0,14.0,15.0,62.0,62.0,131.0,132.0,62.0,62.0,116.0,20.4,4.91,515,0.10754670539612603,env_mode,1.0.0,env_only,random_forest,0,,
519,51.06489,30.19947,0.1,0.11,3.0,3.0,15.0,16.0,60.0,60.0,135.0,134.0,64.0,64.0,115.0,14.5,5.52,516,0.10558167429835792,env_mode,1.0.0,env_only,random_forest,0,,
520,51.064985,30.196242,0.11,0.11,3.0,3.0,15.0,16.0,61.0,60.0,137.0,136.0,63.0,63.0,117.0,7.5,6.09,517,0.10552635290876199,env_mode,1.0.0,env_only,random_forest,0,,
521,51.064896,30.047557,0.12,0.12,3.0,3.0,16.0,17.0,66.0,66.0,130.0,129.0,63.0,63.0,121.0,5.6,6.32,518,0.10434254616031007,env_mode,1.0.0,env_only,random_forest,0,,
522,51.06507,30.04293,0.12,0.13,4.0,3.0,14.0,16.0,66.0,66.0,138.0,138.0,61.0,61.0,117.0,30.5,4.6,519,0.10935312388916434,env_mode,1.0.0,env_only,random_forest,0,,
523,51.064896,29.823854,0.09,0.1,4.0,4.0,18.0,20.0,58.0,57.0,138.0,137.0,63.0,63.0,136.0,4.1,6.85,520,0.10274825199948925,env_mode,1.0.0,env_only,random_forest,0,,
524,51.064896,29.819094,0.1,0.1,4.0,4.0,17.0,19.0,58.0,58.0,140.0,139.0,61.0,61.0,137.0,1.8,7.45,521,0.102516989808108,env_mode,1.0.0,env_only,random_forest,0,,
525,51.064896,29.814334,0.1,0.1,4.0,4.0,16.0,18.0,58.0,57.0,137.0,136.0,60.0,60.0,136.0,4.0,6.3,522,0.10360734042701848,env_mode,1.0.0,env_only,random_forest,0,,
526,51.064896,29.809575,0.1,0.11,4.0,4.0,17.0,18.0,59.0,59.0,135.0,134.0,60.0,60.0,139.0,5.3,6.1,523,0.10293877258253953,env_mode,1.0.0,env_only,random_forest,0,,
527,51.064896,29.804816,0.11,0.11,4.0,4.0,17.0,18.0,59.0,59.0,136.0,135.0,62.0,62.0,138.0,6.2,6.38,524,0.10313016080292423,env_mode,1.0.0,env_only,random_forest,0,,
528,51.061889,29.709618,0.1,0.12,4.0,4.0,15.0,17.0,59.0,59.0,137.0,137.0,60.0,60.0,138.0,3.7,6.13,525,0.10334605295348934,env_mode,1.0.0,env_only,random_forest,0,,
529,51.062048,29.725446,0.1,0.11,6.0,7.0,14.0,15.0,63.0,64.0,125.0,126.0,54.0,55.0,154.0,18.6,5.26,526,0.10638501023522978,env_mode,1.0.0,env_only,random_forest,0,,
530,51.061889,29.738177,0.11,0.11,5.0,5.0,12.0,14.0,65.0,65.0,115.0,121.0,56.0,56.0,158.0,33.8,4.34,527,0.1050860503734719,env_mode,1.0.0,env_only,random_forest,0,,
531,51.061889,29.752457,0.11,0.11,4.0,4.0,17.0,19.0,57.0,58.0,137.0,136.0,59.0,59.0,142.0,5.2,6.56,528,0.10302474225933556,env_mode,1.0.0,env_only,random_forest,0,,
532,51.061889,29.766736,0.11,0.11,3.0,4.0,16.0,17.0,60.0,61.0,139.0,140.0,59.0,59.0,139.0,6.4,6.26,529,0.10349648096989199,env_mode,1.0.0,env_only,random_forest,0,,
533,51.062524,29.781094,0.1,0.1,4.0,5.0,17.0,18.0,55.0,54.0,133.0,132.0,63.0,63.0,138.0,0.9,8.32,530,0.10371338918513535,env_mode,1.0.0,env_only,random_forest,0,,
534,51.06126,29.79627,0.09,0.1,3.0,4.0,17.0,18.0,57.0,56.0,138.0,138.0,63.0,63.0,142.0,24.8,4.76,531,0.10277066928986565,env_mode,1.0.0,env_only,random_forest,0,,
535,51.061889,29.809575,0.1,0.11,3.0,4.0,17.0,19.0,58.0,58.0,137.0,136.0,64.0,64.0,139.0,2.0,7.18,532,0.10176106017458054,env_mode,1.0.0,env_only,random_forest,0,,
536,51.061889,29.823855,0.1,0.12,4.0,3.0,18.0,19.0,55.0,54.0,138.0,136.0,70.0,70.0,138.0,1.8,7.12,533,0.10243808048651895,env_mode,1.0.0,env_only,random_forest,0,,
537,51.061899,29.838133,0.11,0.11,3.0,3.0,17.0,19.0,58.0,57.0,138.0,138.0,59.0,59.0,137.0,4.3,6.86,534,0.10323429700210432,env_mode,1.0.0,env_only,random_forest,0,,
538,51.061899,29.852412,0.1,0.11,6.0,6.0,14.0,15.0,63.0,63.0,131.0,132.0,56.0,56.0,146.0,17.8,5.31,535,0.10378945066133367,env_mode,1.0.0,env_only,random_forest,0,,
539,51.061899,29.86669,0.12,0.12,5.0,5.0,14.0,15.0,65.0,65.0,129.0,130.0,55.0,55.0,142.0,3.6,7.25,536,0.10728434072685647,env_mode,1.0.0,env_only,random_forest,0,,
540,51.061899,29.88097,0.11,0.12,5.0,6.0,13.0,14.0,68.0,67.0,125.0,128.0,54.0,55.0,140.0,23.1,5.64,537,0.10993079790184596,env_mode,1.0.0,env_only,random_forest,0,,
541,51.06197,29.89552,0.11,0.11,5.0,5.0,12.0,13.0,65.0,65.0,128.0,127.0,56.0,56.0,145.0,11.0,5.34,538,0.10484594679155133,env_mode,1.0.0,env_only,random_forest,0,,
542,51.061889,29.909532,0.1,0.12,5.0,5.0,13.0,15.0,63.0,63.0,133.0,134.0,57.0,57.0,147.0,29.3,4.63,539,0.10406335167544489,env_mode,1.0.0,env_only,random_forest,0,,
543,51.061899,29.923806,0.11,0.11,5.0,4.0,12.0,14.0,65.0,65.0,125.0,125.0,55.0,55.0,137.0,3.7,6.69,540,0.10817728320165539,env_mode,1.0.0,env_only,random_forest,0,,
544,51.061899,29.938085,0.1,0.12,5.0,4.0,11.0,13.0,64.0,64.0,131.0,132.0,61.0,61.0,136.0,4.3,6.8,541,0.10381956671069546,env_mode,1.0.0,env_only,random_forest,0,,
545,51.061889,29.952371,0.12,0.12,3.0,3.0,13.0,14.0,62.0,61.0,136.0,135.0,64.0,64.0,133.0,4.4,6.9,542,0.10498450892043575,env_mode,1.0.0,env_only,random_forest,0,,
546,51.063212,29.966181,0.11,0.11,4.0,4.0,15.0,17.0,62.0,62.0,133.0,132.0,64.0,64.0,130.0,4.4,6.45,543,0.10386856129241157,env_mode,1.0.0,env_only,random_forest,0,,
547,51.061899,29.980922,0.11,0.12,5.0,5.0,15.0,17.0,62.0,62.0,133.0,132.0,63.0,63.0,131.0,13.7,5.28,544,0.1042238066483391,env_mode,1.0.0,env_only,random_forest,0,,
548,51.061889,29.99521,0.12,0.12,5.0,5.0,12.0,13.0,68.0,68.0,132.0,133.0,60.0,61.0,131.0,5.0,6.27,545,0.10645387838164813,env_mode,1.0.0,env_only,random_forest,0,,
549,51.061899,30.00948,0.12,0.13,6.0,6.0,12.0,13.0,74.0,75.0,120.0,125.0,52.0,52.0,153.0,23.3,4.29,546,0.10789413092153156,env_mode,1.0.0,env_only,random_forest,0,,
550,51.061899,30.023759,0.12,0.14,6.0,6.0,13.0,14.0,77.0,78.0,118.0,124.0,51.0,51.0,141.0,16.1,5.0,547,0.11429828627619291,env_mode,1.0.0,env_only,random_forest,0,,
551,51.061889,30.038049,0.13,0.14,5.0,5.0,12.0,13.0,69.0,68.0,118.0,122.0,61.0,61.0,127.0,40.3,4.09,548,0.11548547982796598,env_mode,1.0.0,env_only,random_forest,0,,
552,51.061899,30.047557,0.11,0.13,3.0,4.0,15.0,16.0,63.0,63.0,137.0,137.0,60.0,60.0,116.0,11.3,6.37,549,0.10616532617598347,env_mode,1.0.0,env_only,random_forest,0,,
553,51.06251,30.052,0.1,0.11,3.0,4.0,14.0,16.0,70.0,70.0,130.0,130.0,63.0,63.0,119.0,24.0,4.73,550,0.10873641065468904,env_mode,1.0.0,env_only,random_forest,0,,
554,51.06252,30.06758,0.14,0.17,9.0,9.0,13.0,14.0,75.0,76.0,117.0,123.0,50.0,50.0,140.0,17.1,5.27,551,0.11872535434292393,env_mode,1.0.0,env_only,random_forest,0,,
555,51.06239,30.08037,0.13,0.17,7.0,7.0,12.0,13.0,74.0,74.0,122.0,126.0,52.0,52.0,146.0,19.8,4.67,552,0.11066972789143291,env_mode,1.0.0,env_only,random_forest,0,,
556,51.06209,30.09522,0.09,0.1,3.0,3.0,15.0,16.0,59.0,59.0,132.0,132.0,60.0,60.0,121.0,1.7,7.89,553,0.10212468328276095,env_mode,1.0.0,env_only,random_forest,0,,
557,51.061889,30.109447,0.12,0.14,5.0,5.0,14.0,15.0,64.0,64.0,136.0,137.0,61.0,61.0,130.0,28.8,4.62,554,0.10637066948686724,env_mode,1.0.0,env_only,random_forest,0,,
558,51.061889,30.123726,0.18,0.2,4.0,4.0,14.0,15.0,68.0,68.0,133.0,131.0,65.0,65.0,120.0,7.0,6.06,555,0.10859277042906969,env_mode,1.0.0,env_only,random_forest,0,,
559,51.061889,30.138006,0.12,0.12,4.0,4.0,14.0,16.0,71.0,71.0,129.0,131.0,58.0,58.0,123.0,14.0,5.01,556,0.10769677871676835,env_mode,1.0.0,env_only,random_forest,0,,
560,51.061889,30.152286,0.13,0.13,3.0,4.0,15.0,16.0,68.0,68.0,130.0,134.0,59.0,59.0,120.0,8.1,5.93,557,0.10679336888644148,env_mode,1.0.0,env_only,random_forest,0,,
561,51.061899,30.166548,0.11,0.13,5.0,5.0,13.0,14.0,72.0,72.0,113.0,119.0,57.0,57.0,123.0,4.7,5.99,558,0.10745264989106075,env_mode,1.0.0,env_only,random_forest,0,,
562,51.061889,30.180845,0.1,0.11,4.0,5.0,14.0,15.0,56.0,56.0,134.0,133.0,64.0,64.0,116.0,3.5,6.74,559,0.10680299956409474,env_mode,1.0.0,env_only,random_forest,0,,
563,51.061004,30.195435,0.1,0.1,4.0,4.0,16.0,18.0,56.0,56.0,136.0,135.0,66.0,66.0,117.0,4.7,6.37,560,0.10330146275542186,env_mode,1.0.0,env_only,random_forest,0,,
564,51.061738,30.199676,0.12,0.12,3.0,3.0,16.0,17.0,59.0,58.0,137.0,135.0,63.0,63.0,116.0,9.0,5.94,561,0.10602333803148946,env_mode,1.0.0,env_only,random_forest,0,,
565,51.06237,30.20466,0.12,0.13,4.0,4.0,15.0,16.0,54.0,54.0,128.0,129.0,65.0,65.0,115.0,26.0,5.2,562,0.11087388853063418,env_mode,1.0.0,env_only,random_forest,0,,
566,51.06191,30.20931,0.09,0.09,4.0,4.0,15.0,16.0,57.0,57.0,132.0,132.0,62.0,62.0,114.0,10.5,6.17,563,0.10471200250611697,env_mode,1.0.0,env_only,random_forest,0,,
567,51.061899,30.223663,0.12,0.12,3.0,4.0,18.0,20.0,59.0,59.0,138.0,136.0,62.0,62.0,107.0,10.1,6.15,564,0.10711467114402454,env_mode,1.0.0,env_only,random_forest,0,,
568,51.061889,30.237963,0.12,0.13,5.0,4.0,17.0,18.0,54.0,55.0,137.0,138.0,64.0,63.0,105.0,4.6,6.37,565,0.10912281123351411,env_mode,1.0.0,env_only,random_forest,0,,
569,51.061889,30.252243,0.11,0.11,6.0,5.0,17.0,17.0,56.0,55.0,133.0,134.0,64.0,64.0,105.0,0.5,8.71,566,0.10916172842787596,env_mode,1.0.0,env_only,random_forest,0,,
570,51.061899,30.2665,0.11,0.12,5.0,5.0,16.0,17.0,58.0,58.0,136.0,137.0,63.0,63.0,104.0,3.6,6.25,567,0.1091575574589237,env_mode,1.0.0,env_only,random_forest,0,,
571,51.061889,30.280802,0.11,0.12,5.0,4.0,17.0,18.0,55.0,56.0,135.0,133.0,63.0,63.0,103.0,4.5,6.23,568,0.10852199800727323,env_mode,1.0.0,env_only,random_forest,0,,
572,51.061889,30.295081,0.1,0.12,5.0,5.0,17.0,18.0,50.0,50.0,128.0,128.0,65.0,65.0,103.0,2.5,7.67,569,0.10812464494056159,env_mode,1.0.0,env_only,random_forest,0,,
573,51.061889,30.309361,0.12,0.12,7.0,7.0,17.0,18.0,50.0,50.0,128.0,128.0,61.0,61.0,103.0,2.1,8.25,570,0.10801247347405245,env_mode,1.0.0,env_only,random_forest,0,,
574,51.061899,30.323616,0.11,0.12,8.0,10.0,13.0,14.0,61.0,61.0,107.0,115.0,55.0,55.0,107.0,10.3,5.68,571,0.12076039323614704,env_mode,1.0.0,env_only,random_forest,0,,
575,51.061889,30.33792,0.11,0.11,19.0,18.0,11.0,13.0,69.0,69.0,105.0,114.0,51.0,51.0,119.0,8.5,5.8,572,0.12507652922135917,env_mode,1.0.0,env_only,random_forest,0,,
576,51.061889,30.3522,0.11,0.12,14.0,16.0,13.0,14.0,62.0,62.0,97.0,109.0,56.0,56.0,113.0,7.2,6.22,573,0.11556231193852037,env_mode,1.0.0,env_only,random_forest,0,,
577,51.05839,30.20845,0.09,0.09,5.0,5.0,14.0,15.0,59.0,59.0,133.0,133.0,61.0,61.0,112.0,45.0,3.9,574,0.10950969960451248,env_mode,1.0.0,env_only,random_forest,0,,
578,51.058824,30.203392,0.1,0.11,3.0,3.0,16.0,17.0,57.0,57.0,133.0,133.0,65.0,65.0,117.0,8.2,5.47,575,0.10543123125496477,env_mode,1.0.0,env_only,random_forest,0,,
579,51.058876,30.198908,0.11,0.11,3.0,3.0,16.0,17.0,53.0,53.0,138.0,136.0,64.0,64.0,116.0,7.6,5.92,576,0.10698500405300432,env_mode,1.0.0,env_only,random_forest,0,,
580,51.05862,29.71945,0.1,0.11,4.0,5.0,14.0,16.0,65.0,65.0,136.0,135.0,57.0,57.0,143.0,38.1,4.78,577,0.10424677354739201,env_mode,1.0.0,env_only,random_forest,0,,
581,51.055904,29.728661,0.1,0.1,4.0,4.0,14.0,16.0,58.0,58.0,137.0,138.0,58.0,58.0,143.0,15.1,5.12,578,0.10363073830514058,env_mode,1.0.0,env_only,random_forest,0,,
582,51.05604,29.73329,0.1,0.1,4.0,4.0,15.0,16.0,59.0,59.0,136.0,136.0,56.0,56.0,145.0,11.0,5.75,579,0.10308968592993611,env_mode,1.0.0,env_only,random_forest,0,,
583,51.055368,29.757191,0.1,0.11,4.0,4.0,17.0,19.0,59.0,59.0,135.0,136.0,59.0,59.0,145.0,5.3,6.36,580,0.10231241867526496,env_mode,1.0.0,env_only,random_forest,0,,
584,51.054895,29.762009,0.1,0.12,4.0,4.0,18.0,19.0,60.0,59.0,134.0,133.0,61.0,61.0,144.0,3.9,6.62,581,0.10138572909079532,env_mode,1.0.0,env_only,random_forest,0,,
585,51.054895,29.766639,0.11,0.12,4.0,4.0,16.0,18.0,56.0,56.0,133.0,132.0,61.0,61.0,144.0,7.0,5.72,582,0.10282408912019078,env_mode,1.0.0,env_only,random_forest,0,,
586,51.056141,30.198787,0.12,0.12,3.0,3.0,16.0,17.0,54.0,54.0,136.0,136.0,63.0,63.0,119.0,9.0,5.61,583,0.10604948282302862,env_mode,1.0.0,env_only,random_forest,0,,
587,51.055634,30.261563,0.1,0.11,7.0,7.0,15.0,16.0,56.0,57.0,135.0,135.0,62.0,62.0,104.0,4.8,6.83,584,0.10864954032323837,env_mode,1.0.0,env_only,random_forest,0,,
588,51.052896,30.3522,0.1,0.11,27.0,28.0,14.0,15.0,56.0,56.0,83.0,100.0,52.0,52.0,115.0,18.8,4.62,585,0.12436029870623401,env_mode,1.0.0,env_only,random_forest,0,,
589,51.052896,30.33792,0.11,0.11,26.0,26.0,10.0,11.0,63.0,63.0,88.0,101.0,50.0,50.0,121.0,6.4,5.83,586,0.12367010146542459,env_mode,1.0.0,env_only,random_forest,0,,
592,51.052621,30.292749,0.1,0.1,7.0,7.0,14.0,15.0,63.0,63.0,118.0,121.0,60.0,60.0,107.0,17.1,4.83,587,0.10857147419687535,env_mode,1.0.0,env_only,random_forest,0,,
593,51.05257,30.282851,0.12,0.12,4.0,4.0,15.0,17.0,58.0,57.0,131.0,132.0,60.0,61.0,104.0,9.7,5.63,588,0.10737759264886251,env_mode,1.0.0,env_only,random_forest,0,,
594,51.0527,30.27133,0.1,0.1,5.0,5.0,12.0,13.0,65.0,65.0,130.0,130.0,58.0,58.0,116.0,9.8,5.36,589,0.1067899028723736,env_mode,1.0.0,env_only,random_forest,0,,
595,51.0527,30.26792,0.13,0.14,4.0,5.0,13.0,14.0,66.0,66.0,133.0,133.0,59.0,59.0,115.0,7.6,6.46,590,0.10823488983957927,env_mode,1.0.0,env_only,random_forest,0,,
596,51.052896,30.252243,0.11,0.12,3.0,3.0,16.0,17.0,59.0,59.0,137.0,138.0,65.0,64.0,105.0,5.3,6.22,591,0.10863830153159261,env_mode,1.0.0,env_only,random_forest,0,,
597,51.052896,30.237963,0.12,0.12,5.0,4.0,16.0,17.0,57.0,58.0,137.0,135.0,64.0,64.0,104.0,0.5,8.65,592,0.1088480642791073,env_mode,1.0.0,env_only,random_forest,0,,
598,51.052896,30.223683,0.12,0.13,4.0,5.0,16.0,17.0,57.0,58.0,134.0,133.0,65.0,65.0,105.0,3.5,7.16,593,0.10873608760125822,env_mode,1.0.0,env_only,random_forest,0,,
599,51.052906,30.209384,0.11,0.11,8.0,8.0,16.0,17.0,54.0,53.0,130.0,132.0,61.0,61.0,110.0,19.5,5.03,594,0.10816165954228472,env_mode,1.0.0,env_only,random_forest,0,,
600,51.05272,30.20061,0.12,0.12,4.0,5.0,16.0,16.0,55.0,53.0,137.0,136.0,62.0,62.0,108.0,10.0,6.43,595,0.10856382412154635,env_mode,1.0.0,env_only,random_forest,0,,
601,51.05291,30.19582,0.09,0.09,4.0,4.0,16.0,16.0,52.0,52.0,137.0,136.0,63.0,63.0,113.0,10.2,5.99,596,0.10665451849839933,env_mode,1.0.0,env_only,random_forest,0,,
602,51.0535,30.18082,0.1,0.11,3.0,3.0,15.0,16.0,68.0,68.0,135.0,134.0,60.0,61.0,125.0,8.1,5.75,597,0.10502871538908695,env_mode,1.0.0,env_only,random_forest,0,,
603,51.05322,30.16607,0.12,0.13,4.0,4.0,14.0,15.0,70.0,71.0,133.0,132.0,57.0,57.0,121.0,9.5,6.03,598,0.10671092116705018,env_mode,1.0.0,env_only,random_forest,0,,
604,51.052896,30.152286,0.12,0.14,3.0,3.0,14.0,15.0,72.0,73.0,122.0,128.0,58.0,58.0,126.0,20.3,4.78,599,0.11076283459003612,env_mode,1.0.0,env_only,random_forest,0,,
605,51.05289,30.13888,0.12,0.13,4.0,4.0,16.0,17.0,63.0,62.0,133.0,132.0,63.0,63.0,121.0,5.7,6.11,600,0.10524526064021719,env_mode,1.0.0,env_only,random_forest,0,,
606,51.052722,30.133588,0.11,0.11,3.0,3.0,15.0,17.0,61.0,60.0,131.0,130.0,64.0,64.0,118.0,3.1,6.41,601,0.10481188729173997,env_mode,1.0.0,env_only,random_forest,0,,
607,51.052672,30.128539,0.11,0.12,4.0,3.0,15.0,17.0,59.0,59.0,139.0,139.0,62.0,62.0,116.0,14.4,5.53,602,0.10576747775671874,env_mode,1.0.0,env_only,random_forest,0,,
608,51.05303,30.12438,0.12,0.12,3.0,3.0,15.0,16.0,63.0,63.0,138.0,137.0,64.0,64.0,116.0,3.2,6.86,603,0.10637855783315356,env_mode,1.0.0,env_only,random_forest,0,,
609,51.05281,30.11928,0.12,0.12,4.0,4.0,14.0,15.0,64.0,64.0,136.0,135.0,62.0,62.0,114.0,7.8,6.47,604,0.10645819301788345,env_mode,1.0.0,env_only,random_forest,0,,
610,51.052896,30.109447,0.11,0.11,3.0,4.0,14.0,15.0,66.0,66.0,126.0,127.0,59.0,59.0,116.0,8.8,5.9,605,0.10614634444144756,env_mode,1.0.0,env_only,random_forest,0,,
611,51.052896,30.095167,0.13,0.14,6.0,5.0,12.0,13.0,76.0,76.0,118.0,127.0,51.0,51.0,130.0,14.1,5.49,606,0.12561078797820008,env_mode,1.0.0,env_only,random_forest,0,,
612,51.052906,30.080875,0.14,0.15,7.0,5.0,13.0,14.0,76.0,76.0,119.0,124.0,54.0,54.0,133.0,20.6,5.64,607,0.12152673447029166,env_mode,1.0.0,env_only,random_forest,0,,
613,51.052896,30.066608,0.14,0.14,5.0,5.0,12.0,13.0,75.0,75.0,123.0,128.0,51.0,51.0,135.0,24.8,4.81,608,0.12023525355293677,env_mode,1.0.0,env_only,random_forest,0,,
614,51.052896,30.052328,0.13,0.13,5.0,5.0,13.0,14.0,74.0,74.0,128.0,129.0,55.0,55.0,122.0,9.1,5.96,609,0.11307417209517602,env_mode,1.0.0,env_only,random_forest,0,,
615,51.052896,30.038049,0.12,0.13,6.0,6.0,13.0,14.0,70.0,70.0,118.0,123.0,59.0,59.0,126.0,23.2,4.64,610,0.11441755145689539,env_mode,1.0.0,env_only,random_forest,0,,
616,51.052896,30.023769,0.12,0.12,8.0,7.0,13.0,15.0,66.0,66.0,119.0,125.0,57.0,57.0,124.0,17.3,4.97,611,0.1157723690325643,env_mode,1.0.0,env_only,random_forest,0,,
617,51.052906,30.00948,0.11,0.12,6.0,6.0,14.0,15.0,68.0,68.0,122.0,122.0,55.0,56.0,138.0,11.5,5.68,612,0.10742903015930284,env_mode,1.0.0,env_only,random_forest,0,,
618,51.052896,29.99521,0.12,0.12,6.0,7.0,13.0,15.0,66.0,66.0,128.0,130.0,57.0,57.0,127.0,4.3,6.78,613,0.1076564122080594,env_mode,1.0.0,env_only,random_forest,0,,
619,51.052896,29.98093,0.11,0.11,5.0,5.0,12.0,13.0,68.0,68.0,126.0,127.0,57.0,57.0,141.0,19.1,5.36,614,0.10752483290096207,env_mode,1.0.0,env_only,random_forest,0,,
620,51.052896,29.966651,0.11,0.12,6.0,5.0,13.0,15.0,61.0,60.0,129.0,130.0,57.0,57.0,136.0,34.2,4.16,615,0.1122603792503228,env_mode,1.0.0,env_only,random_forest,0,,
621,51.053265,29.953909,0.12,0.12,5.0,4.0,14.0,15.0,57.0,57.0,132.0,131.0,58.0,58.0,140.0,13.9,4.92,616,0.10810283952978102,env_mode,1.0.0,env_only,random_forest,0,,
622,51.052906,29.938085,0.11,0.13,4.0,3.0,14.0,15.0,57.0,57.0,133.0,135.0,60.0,60.0,138.0,3.1,6.87,617,0.10325079697978876,env_mode,1.0.0,env_only,random_forest,0,,
623,51.052896,29.923812,0.12,0.12,4.0,3.0,13.0,14.0,55.0,54.0,137.0,138.0,57.0,57.0,140.0,5.4,5.89,618,0.10779902530251166,env_mode,1.0.0,env_only,random_forest,0,,
624,51.052896,29.909532,0.11,0.12,5.0,5.0,11.0,13.0,66.0,65.0,125.0,132.0,56.0,56.0,142.0,10.6,5.89,619,0.10625924492734527,env_mode,1.0.0,env_only,random_forest,0,,
625,51.052896,29.895253,0.12,0.13,8.0,7.0,13.0,14.0,69.0,69.0,127.0,128.0,55.0,55.0,158.0,11.5,5.31,620,0.10847634585423221,env_mode,1.0.0,env_only,random_forest,0,,
626,51.052896,29.880973,0.11,0.12,6.0,5.0,14.0,15.0,71.0,71.0,129.0,130.0,55.0,55.0,139.0,29.0,4.69,621,0.10982230971765751,env_mode,1.0.0,env_only,random_forest,0,,
627,51.052896,29.866694,0.12,0.13,7.0,8.0,13.0,14.0,70.0,70.0,126.0,128.0,56.0,56.0,152.0,28.6,4.76,622,0.10580458834131519,env_mode,1.0.0,env_only,random_forest,0,,
628,51.052896,29.852414,0.12,0.12,7.0,6.0,12.0,14.0,68.0,69.0,122.0,123.0,55.0,55.0,162.0,27.1,4.39,623,0.10694459503012863,env_mode,1.0.0,env_only,random_forest,0,,
629,51.052896,29.838134,0.11,0.12,4.0,4.0,16.0,17.0,56.0,56.0,133.0,134.0,63.0,63.0,141.0,1.6,7.18,624,0.10278684875622203,env_mode,1.0.0,env_only,random_forest,0,,
630,51.052906,29.823854,0.12,0.12,5.0,5.0,16.0,17.0,58.0,58.0,133.0,132.0,63.0,63.0,142.0,5.5,6.75,625,0.1026279294625087,env_mode,1.0.0,env_only,random_forest,0,,
631,51.052906,29.809575,0.1,0.11,3.0,3.0,16.0,18.0,59.0,59.0,139.0,138.0,60.0,60.0,145.0,7.9,5.94,626,0.10202741280198312,env_mode,1.0.0,env_only,random_forest,0,,
632,51.0527,29.79366,0.11,0.11,4.0,4.0,17.0,18.0,57.0,57.0,142.0,141.0,62.0,62.0,142.0,2.4,6.92,627,0.10294149703275723,env_mode,1.0.0,env_only,random_forest,0,,
633,51.05195,29.78041,0.1,0.12,4.0,4.0,16.0,18.0,59.0,59.0,137.0,136.0,61.0,61.0,143.0,6.4,6.13,628,0.10229583062508826,env_mode,1.0.0,env_only,random_forest,0,,
634,51.052906,29.776258,0.11,0.11,3.0,4.0,16.0,18.0,56.0,55.0,134.0,133.0,61.0,61.0,144.0,11.8,5.63,629,0.10338353460269535,env_mode,1.0.0,env_only,random_forest,0,,
635,51.052906,29.771498,0.1,0.12,3.0,4.0,15.0,17.0,57.0,57.0,135.0,133.0,60.0,60.0,144.0,5.2,6.13,630,0.10192533738134785,env_mode,1.0.0,env_only,random_forest,0,,
636,51.05307,29.76716,0.11,0.13,5.0,4.0,15.0,17.0,56.0,56.0,135.0,136.0,60.0,60.0,144.0,4.8,6.44,631,0.1027633750556617,env_mode,1.0.0,env_only,random_forest,0,,
637,51.052906,29.761979,0.12,0.12,4.0,4.0,18.0,19.0,58.0,58.0,133.0,135.0,60.0,60.0,144.0,2.6,6.8,632,0.10225259907643874,env_mode,1.0.0,env_only,random_forest,0,,
638,51.052906,29.757219,0.12,0.13,4.0,4.0,17.0,19.0,59.0,59.0,134.0,135.0,59.0,59.0,145.0,10.2,5.35,633,0.10279433287666673,env_mode,1.0.0,env_only,random_forest,0,,
639,51.05312,29.75195,0.1,0.11,4.0,4.0,17.0,19.0,59.0,59.0,133.0,132.0,60.0,60.0,145.0,3.0,6.63,634,0.10164294188748489,env_mode,1.0.0,env_only,random_forest,0,,
640,51.053354,29.748405,0.1,0.11,4.0,4.0,16.0,18.0,58.0,57.0,135.0,136.0,56.0,56.0,148.0,9.1,5.43,635,0.10345627260710076,env_mode,1.0.0,env_only,random_forest,0,,
641,51.053058,29.742263,0.11,0.11,4.0,4.0,15.0,17.0,58.0,58.0,135.0,136.0,57.0,57.0,145.0,12.2,5.41,636,0.10319002057012137,env_mode,1.0.0,env_only,random_forest,0,,
642,51.05297,29.73811,0.09,0.11,5.0,5.0,16.0,18.0,60.0,60.0,135.0,135.0,59.0,59.0,147.0,6.8,5.79,637,0.10145211639053774,env_mode,1.0.0,env_only,random_forest,0,,
643,51.052896,29.723898,0.11,0.11,4.0,5.0,14.0,16.0,58.0,58.0,135.0,136.0,57.0,57.0,145.0,5.0,5.97,638,0.10326713632649365,env_mode,1.0.0,env_only,random_forest,0,,
644,51.052896,29.709618,0.1,0.11,4.0,4.0,18.0,19.0,55.0,55.0,132.0,131.0,65.0,65.0,140.0,8.0,6.0,639,0.1030851348606605,env_mode,1.0.0,env_only,random_forest,0,,
645,51.049909,29.761979,0.11,0.11,4.0,4.0,17.0,19.0,60.0,59.0,135.0,136.0,59.0,59.0,144.0,4.9,6.49,640,0.10201711569033901,env_mode,1.0.0,env_only,random_forest,0,,
646,51.05037,29.766734,0.1,0.1,4.0,4.0,17.0,19.0,58.0,57.0,135.0,135.0,59.0,59.0,144.0,5.6,6.17,641,0.10265802056279003,env_mode,1.0.0,env_only,random_forest,0,,
647,51.049909,29.771498,0.1,0.1,4.0,4.0,16.0,18.0,58.0,57.0,135.0,134.0,59.0,59.0,144.0,6.4,6.25,642,0.1024488484887695,env_mode,1.0.0,env_only,random_forest,0,,
648,51.049909,29.776258,0.1,0.11,4.0,4.0,15.0,17.0,58.0,58.0,133.0,133.0,60.0,60.0,144.0,5.7,6.3,643,0.10212231856548118,env_mode,1.0.0,env_only,random_forest,0,,
649,51.049909,29.781017,0.12,0.13,4.0,4.0,16.0,18.0,61.0,61.0,136.0,135.0,59.0,59.0,143.0,9.7,5.74,644,0.1023491946277369,env_mode,1.0.0,env_only,random_forest,0,,
650,51.049909,29.785777,0.12,0.12,5.0,4.0,16.0,18.0,60.0,59.0,137.0,136.0,60.0,60.0,148.0,13.7,5.28,645,0.10271850793625839,env_mode,1.0.0,env_only,random_forest,0,,
651,51.04988,29.79071,0.11,0.13,4.0,3.0,17.0,18.0,58.0,58.0,143.0,142.0,61.0,61.0,143.0,11.6,5.0,646,0.10331876353961493,env_mode,1.0.0,env_only,random_forest,0,,
652,51.049909,30.114192,0.1,0.11,3.0,4.0,13.0,15.0,69.0,69.0,133.0,135.0,59.0,59.0,116.0,13.4,5.18,647,0.10864203010329068,env_mode,1.0.0,env_only,random_forest,0,,
653,51.050417,30.118924,0.11,0.12,4.0,4.0,14.0,15.0,64.0,63.0,133.0,134.0,62.0,62.0,111.0,9.0,6.73,648,0.10559291553318285,env_mode,1.0.0,env_only,random_forest,0,,
654,51.04937,30.12416,0.12,0.12,3.0,3.0,15.0,16.0,63.0,63.0,135.0,134.0,64.0,64.0,111.0,7.9,6.34,649,0.10651256292253741,env_mode,1.0.0,env_only,random_forest,0,,
655,51.049909,30.128471,0.11,0.12,3.0,3.0,14.0,15.0,63.0,63.0,138.0,137.0,65.0,65.0,115.0,8.3,5.64,650,0.10645088760967342,env_mode,1.0.0,env_only,random_forest,0,,
656,51.04991,30.133231,0.11,0.11,3.0,3.0,15.0,15.0,63.0,62.0,133.0,136.0,65.0,65.0,116.0,4.3,6.45,651,0.10743712237244236,env_mode,1.0.0,env_only,random_forest,0,,
657,51.049909,30.137991,0.1,0.12,3.0,3.0,14.0,15.0,61.0,61.0,136.0,137.0,64.0,64.0,116.0,7.7,5.98,652,0.10629212938501047,env_mode,1.0.0,env_only,random_forest,0,,
658,51.049754,30.142394,0.11,0.11,3.0,3.0,14.0,15.0,66.0,66.0,130.0,129.0,62.0,62.0,118.0,10.9,5.56,653,0.10469990081824603,env_mode,1.0.0,env_only,random_forest,0,,
659,51.050187,30.147565,0.09,0.1,3.0,3.0,13.0,15.0,64.0,63.0,132.0,132.0,61.0,61.0,121.0,9.0,5.34,654,0.10384111980517538,env_mode,1.0.0,env_only,random_forest,0,,
660,51.049329,30.199111,0.11,0.12,6.0,6.0,16.0,16.0,51.0,51.0,140.0,138.0,63.0,63.0,115.0,8.2,5.83,655,0.1078829542671335,env_mode,1.0.0,env_only,random_forest,0,,
661,51.04561,30.19134,0.1,0.1,4.0,4.0,15.0,16.0,48.0,48.0,138.0,136.0,63.0,63.0,120.0,29.9,4.83,656,0.10918409572647234,env_mode,1.0.0,env_only,random_forest,0,,
662,51.047885,30.185901,0.09,0.09,3.0,4.0,14.0,15.0,52.0,52.0,138.0,137.0,62.0,63.0,120.0,9.0,5.79,657,0.10576220590319771,env_mode,1.0.0,env_only,random_forest,0,,
663,51.046912,30.180827,0.09,0.09,3.0,4.0,15.0,16.0,53.0,53.0,137.0,136.0,61.0,61.0,119.0,10.1,5.71,658,0.10613730623527382,env_mode,1.0.0,env_only,random_forest,0,,
664,51.04714,30.14791,0.09,0.09,4.0,3.0,14.0,15.0,60.0,59.0,131.0,130.0,63.0,63.0,121.0,5.5,6.25,659,0.10408358923265666,env_mode,1.0.0,env_only,random_forest,0,,
665,51.046912,30.14275,0.09,0.09,3.0,3.0,15.0,16.0,58.0,59.0,132.0,131.0,62.0,62.0,114.0,15.5,6.07,660,0.10494940902736472,env_mode,1.0.0,env_only,random_forest,0,,
666,51.046912,30.137991,0.09,0.1,3.0,3.0,15.0,16.0,60.0,60.0,133.0,132.0,64.0,63.0,111.0,11.7,5.74,661,0.1049703634270841,env_mode,1.0.0,env_only,random_forest,0,,
667,51.046912,30.133231,0.12,0.13,4.0,4.0,15.0,16.0,56.0,56.0,134.0,135.0,64.0,64.0,113.0,3.3,6.8,662,0.10765280595505182,env_mode,1.0.0,env_only,random_forest,0,,
668,51.04705,30.1271,0.11,0.12,4.0,4.0,15.0,16.0,62.0,62.0,134.0,136.0,63.0,63.0,114.0,3.3,6.62,663,0.1064755512055124,env_mode,1.0.0,env_only,random_forest,0,,
669,51.046912,30.123711,0.11,0.11,4.0,4.0,16.0,16.0,63.0,63.0,134.0,133.0,64.0,64.0,113.0,6.2,6.34,664,0.1063564021777453,env_mode,1.0.0,env_only,random_forest,0,,
670,51.04691,30.118952,0.1,0.1,4.0,4.0,14.0,15.0,68.0,68.0,135.0,135.0,61.0,61.0,110.0,15.8,5.3,665,0.10808770622427986,env_mode,1.0.0,env_only,random_forest,0,,
671,51.04704,30.1141,0.1,0.1,3.0,4.0,13.0,14.0,72.0,72.0,120.0,125.0,58.0,58.0,117.0,12.3,5.46,666,0.10887926792771423,env_mode,1.0.0,env_only,random_forest,0,,
672,51.04724,29.78983,0.11,0.11,4.0,4.0,17.0,19.0,62.0,62.0,144.0,143.0,59.0,60.0,145.0,18.4,5.07,667,0.10217893278532429,env_mode,1.0.0,env_only,random_forest,0,,
673,51.046912,29.785777,0.1,0.12,3.0,3.0,16.0,17.0,58.0,57.0,140.0,139.0,58.0,58.0,144.0,8.2,5.81,668,0.10232210878991647,env_mode,1.0.0,env_only,random_forest,0,,
674,51.046912,29.781017,0.1,0.11,4.0,4.0,16.0,18.0,59.0,59.0,137.0,137.0,58.0,58.0,144.0,5.2,6.44,669,0.1021960967024763,env_mode,1.0.0,env_only,random_forest,0,,
675,51.046912,29.776258,0.1,0.1,4.0,4.0,16.0,18.0,60.0,59.0,135.0,135.0,59.0,59.0,143.0,5.3,6.48,670,0.1024524970027033,env_mode,1.0.0,env_only,random_forest,0,,
676,51.04676,29.77086,0.1,0.11,3.0,4.0,17.0,18.0,56.0,55.0,137.0,136.0,60.0,60.0,152.0,9.6,5.4,671,0.10267823320226663,env_mode,1.0.0,env_only,random_forest,0,,
677,51.043914,29.495439,0.11,0.12,7.0,7.0,11.0,13.0,71.0,70.0,121.0,121.0,56.0,56.0,197.0,8.5,5.86,672,0.10647614773015153,env_mode,1.0.0,env_only,random_forest,0,,
678,51.043903,29.681059,0.11,0.12,4.0,4.0,17.0,19.0,50.0,50.0,132.0,133.0,64.0,64.0,154.0,2.8,6.77,673,0.10782262112553785,env_mode,1.0.0,env_only,random_forest,0,,
679,51.043838,29.694039,0.12,0.13,4.0,4.0,17.0,18.0,49.0,48.0,128.0,128.0,65.0,65.0,150.0,6.3,6.16,674,0.10877850075362323,env_mode,1.0.0,env_only,random_forest,0,,
680,51.043903,29.709618,0.11,0.12,5.0,5.0,16.0,17.0,53.0,53.0,131.0,129.0,66.0,66.0,142.0,3.5,7.18,675,0.10379652703115856,env_mode,1.0.0,env_only,random_forest,0,,
681,51.044307,29.72639,0.1,0.12,7.0,6.0,15.0,17.0,54.0,55.0,131.0,130.0,63.0,63.0,139.0,8.0,6.03,676,0.10424461449262837,env_mode,1.0.0,env_only,random_forest,0,,
682,51.044,29.73761,0.09,0.11,5.0,4.0,16.0,18.0,58.0,57.0,136.0,135.0,63.0,63.0,140.0,6.6,6.21,677,0.10234362121944811,env_mode,1.0.0,env_only,random_forest,0,,
683,51.043903,29.752457,0.1,0.11,4.0,4.0,16.0,18.0,55.0,56.0,135.0,133.0,61.0,61.0,145.0,6.9,5.54,678,0.10257651672975966,env_mode,1.0.0,env_only,random_forest,0,,
684,51.043914,29.766738,0.11,0.11,4.0,4.0,18.0,19.0,55.0,55.0,135.0,133.0,62.0,62.0,143.0,3.5,7.36,679,0.10247028260926098,env_mode,1.0.0,env_only,random_forest,0,,
685,51.044203,29.78018,0.1,0.1,3.0,4.0,17.0,19.0,56.0,56.0,139.0,140.0,59.0,59.0,139.0,3.0,7.34,680,0.10379101296570668,env_mode,1.0.0,env_only,random_forest,0,,
686,51.043914,29.795297,0.1,0.11,5.0,5.0,16.0,18.0,60.0,60.0,143.0,144.0,61.0,61.0,142.0,3.0,6.49,681,0.10247086357734349,env_mode,1.0.0,env_only,random_forest,0,,
687,51.043914,29.809575,0.09,0.1,3.0,3.0,16.0,17.0,54.0,54.0,138.0,140.0,62.0,62.0,145.0,1.2,7.96,682,0.101388013472845,env_mode,1.0.0,env_only,random_forest,0,,
688,51.04325,29.82336,0.09,0.1,4.0,4.0,14.0,16.0,63.0,63.0,132.0,132.0,60.0,60.0,146.0,9.7,5.79,683,0.10041636973169032,env_mode,1.0.0,env_only,random_forest,0,,
689,51.043914,29.838133,0.1,0.11,5.0,4.0,16.0,17.0,57.0,57.0,135.0,133.0,62.0,62.0,143.0,3.2,6.57,684,0.10231698436450466,env_mode,1.0.0,env_only,random_forest,0,,
690,51.043914,29.852412,0.11,0.13,8.0,7.0,13.0,14.0,66.0,67.0,126.0,130.0,57.0,57.0,157.0,20.6,4.93,685,0.10669461577427496,env_mode,1.0.0,env_only,random_forest,0,,
691,51.04469,29.86551,0.12,0.13,5.0,5.0,14.0,16.0,67.0,67.0,121.0,122.0,56.0,56.0,150.0,22.4,4.4,686,0.10805353838745571,env_mode,1.0.0,env_only,random_forest,0,,
692,51.043914,29.88097,0.12,0.12,3.0,3.0,16.0,17.0,63.0,62.0,133.0,134.0,59.0,59.0,140.0,2.1,7.4,687,0.10242601346279356,env_mode,1.0.0,env_only,random_forest,0,,
693,51.043903,29.895253,0.11,0.13,3.0,4.0,17.0,19.0,59.0,59.0,137.0,135.0,59.0,60.0,138.0,2.6,7.12,688,0.10242606268085527,env_mode,1.0.0,env_only,random_forest,0,,
694,51.04398,29.90843,0.11,0.13,3.0,3.0,17.0,19.0,56.0,56.0,139.0,138.0,62.0,62.0,137.0,7.2,5.88,689,0.10463110867977586,env_mode,1.0.0,env_only,random_forest,0,,
695,51.043903,29.923812,0.12,0.12,5.0,4.0,18.0,19.0,50.0,49.0,137.0,138.0,62.0,62.0,135.0,2.6,7.5,690,0.11030703103026432,env_mode,1.0.0,env_only,random_forest,0,,
696,51.043903,29.938092,0.12,0.13,4.0,4.0,18.0,20.0,47.0,47.0,136.0,137.0,65.0,65.0,134.0,3.2,6.83,691,0.11009592710883703,env_mode,1.0.0,env_only,random_forest,0,,
697,51.044055,29.952572,0.12,0.13,5.0,4.0,16.0,18.0,55.0,55.0,135.0,134.0,58.0,58.0,134.0,20.0,4.97,692,0.10969926038209672,env_mode,1.0.0,env_only,random_forest,0,,
698,51.043903,29.966651,0.12,0.12,5.0,5.0,16.0,18.0,54.0,53.0,131.0,130.0,59.0,59.0,129.0,3.6,7.17,693,0.10575049444231446,env_mode,1.0.0,env_only,random_forest,0,,
699,51.043903,29.98093,0.12,0.14,3.0,4.0,18.0,19.0,56.0,56.0,134.0,135.0,63.0,63.0,126.0,1.7,7.57,694,0.10400182474877907,env_mode,1.0.0,env_only,random_forest,0,,
700,51.043903,29.99521,0.11,0.13,4.0,4.0,18.0,19.0,58.0,57.0,137.0,138.0,62.0,62.0,123.0,6.8,6.3,695,0.10418449721703446,env_mode,1.0.0,env_only,random_forest,0,,
701,51.043903,30.00949,0.12,0.12,5.0,5.0,17.0,18.0,57.0,57.0,133.0,131.0,59.0,59.0,122.0,7.3,6.25,696,0.10464339730231884,env_mode,1.0.0,env_only,random_forest,0,,
702,51.043903,30.023769,0.11,0.12,4.0,4.0,15.0,17.0,54.0,54.0,136.0,135.0,62.0,62.0,122.0,4.7,6.52,697,0.1062997490589157,env_mode,1.0.0,env_only,random_forest,0,,
703,51.04321,30.03807,0.11,0.13,4.0,4.0,16.0,18.0,58.0,58.0,133.0,131.0,62.0,62.0,123.0,12.4,5.59,698,0.10472438531121402,env_mode,1.0.0,env_only,random_forest,0,,
704,51.043914,30.052317,0.12,0.13,4.0,4.0,13.0,14.0,73.0,74.0,135.0,134.0,59.0,59.0,120.0,8.2,6.11,699,0.10899998135435253,env_mode,1.0.0,env_only,random_forest,0,,
705,51.043914,30.066596,0.11,0.12,4.0,4.0,13.0,14.0,74.0,74.0,135.0,135.0,58.0,58.0,120.0,5.1,6.45,700,0.10805869126441657,env_mode,1.0.0,env_only,random_forest,0,,
706,51.04409,30.07969,0.11,0.11,4.0,4.0,14.0,15.0,71.0,72.0,138.0,136.0,61.0,60.0,110.0,6.5,5.81,701,0.10743850209052269,env_mode,1.0.0,env_only,random_forest,0,,
707,51.043914,30.085635,0.11,0.11,4.0,5.0,15.0,16.0,64.0,64.0,130.0,130.0,58.0,59.0,108.0,2.9,7.65,702,0.1057581843163019,env_mode,1.0.0,env_only,random_forest,0,,
708,51.043454,30.08992,0.1,0.12,5.0,5.0,15.0,16.0,67.0,67.0,127.0,127.0,59.0,59.0,107.0,7.0,7.06,703,0.10658979624839796,env_mode,1.0.0,env_only,random_forest,0,,
709,51.04397,30.0964,0.11,0.12,5.0,4.0,12.0,13.0,74.0,75.0,123.0,124.0,53.0,53.0,119.0,18.6,5.2,704,0.11828854021930903,env_mode,1.0.0,env_only,random_forest,0,,
710,51.043903,30.109447,0.12,0.13,5.0,5.0,11.0,11.0,74.0,74.0,119.0,124.0,59.0,59.0,123.0,13.2,5.25,705,0.11153797370198486,env_mode,1.0.0,env_only,random_forest,0,,
711,51.043914,30.118952,0.12,0.14,4.0,4.0,13.0,15.0,64.0,64.0,133.0,133.0,61.0,61.0,115.0,15.3,4.84,706,0.10812890981388189,env_mode,1.0.0,env_only,random_forest,0,,
712,51.043903,30.123726,0.12,0.13,5.0,5.0,15.0,16.0,62.0,62.0,131.0,131.0,62.0,62.0,117.0,24.3,5.18,707,0.10825945339140033,env_mode,1.0.0,env_only,random_forest,0,,
713,51.043914,30.128471,0.1,0.12,4.0,4.0,16.0,17.0,59.0,59.0,131.0,133.0,64.0,64.0,109.0,19.8,4.51,708,0.10598293191893482,env_mode,1.0.0,env_only,random_forest,0,,
714,51.045153,30.136277,0.11,0.11,3.0,3.0,15.0,16.0,57.0,56.0,133.0,135.0,65.0,65.0,105.0,7.9,6.08,709,0.10877172031646316,env_mode,1.0.0,env_only,random_forest,0,,
715,51.044643,30.150756,0.09,0.1,4.0,4.0,14.0,15.0,60.0,60.0,130.0,130.0,63.0,63.0,104.0,11.2,5.8,710,0.10595193795350408,env_mode,1.0.0,env_only,random_forest,0,,
716,51.04356,30.16552,0.11,0.11,5.0,5.0,14.0,15.0,59.0,59.0,130.0,130.0,60.0,60.0,116.0,45.0,3.38,711,0.1100218224641699,env_mode,1.0.0,env_only,random_forest,0,,
717,51.04325,30.18084,0.1,0.1,3.0,4.0,16.0,16.0,54.0,54.0,137.0,136.0,62.0,62.0,110.0,41.6,4.46,712,0.10958964725137699,env_mode,1.0.0,env_only,random_forest,0,,
718,51.04285,30.18526,0.1,0.1,4.0,4.0,17.0,18.0,51.0,52.0,130.0,131.0,61.0,60.0,105.0,7.2,5.99,713,0.10780535083555007,env_mode,1.0.0,env_only,random_forest,0,,
719,51.043914,30.195106,0.1,0.1,10.0,11.0,16.0,17.0,46.0,46.0,132.0,131.0,63.0,63.0,104.0,1.0,7.56,714,0.10924752625020376,env_mode,1.0.0,env_only,random_forest,0,,
720,51.044093,30.211235,0.1,0.11,11.0,12.0,15.0,16.0,48.0,48.0,127.0,127.0,64.0,64.0,104.0,0.8,8.17,715,0.10887872006155906,env_mode,1.0.0,env_only,random_forest,0,,
721,51.043903,30.223683,0.11,0.13,7.0,8.0,16.0,17.0,49.0,50.0,126.0,125.0,64.0,64.0,103.0,5.2,7.21,716,0.10839457333397072,env_mode,1.0.0,env_only,random_forest,0,,
722,51.044567,30.235536,0.12,0.12,5.0,6.0,16.0,17.0,59.0,59.0,124.0,124.0,64.0,63.0,104.0,17.7,5.0,717,0.10905287370707688,env_mode,1.0.0,env_only,random_forest,0,,
723,51.044871,30.254171,0.12,0.13,6.0,6.0,15.0,17.0,53.0,53.0,131.0,131.0,63.0,63.0,105.0,12.7,5.26,718,0.1099136615184718,env_mode,1.0.0,env_only,random_forest,0,,
724,51.040916,30.118952,0.11,0.12,4.0,5.0,15.0,16.0,62.0,62.0,132.0,132.0,61.0,61.0,113.0,12.8,5.6,719,0.10565507234134515,env_mode,1.0.0,env_only,random_forest,0,,
725,51.040916,30.114192,0.11,0.11,4.0,4.0,15.0,16.0,69.0,69.0,134.0,134.0,61.0,61.0,108.0,16.6,5.17,720,0.10789735224303236,env_mode,1.0.0,env_only,random_forest,0,,
726,51.041411,30.090607,0.11,0.12,4.0,5.0,15.0,16.0,65.0,65.0,134.0,135.0,62.0,62.0,109.0,8.9,5.53,721,0.10626022612184265,env_mode,1.0.0,env_only,random_forest,0,,
727,51.040916,30.085635,0.1,0.11,4.0,4.0,15.0,16.0,63.0,63.0,136.0,135.0,63.0,63.0,108.0,8.1,6.02,722,0.10698645315785718,env_mode,1.0.0,env_only,random_forest,0,,
728,51.04085,30.08115,0.09,0.1,4.0,4.0,15.0,16.0,65.0,65.0,136.0,134.0,63.0,63.0,111.0,6.2,5.67,723,0.10547422004033968,env_mode,1.0.0,env_only,random_forest,0,,
729,51.0379,29.91425,0.12,0.13,5.0,5.0,18.0,19.0,55.0,55.0,133.0,131.0,65.0,65.0,135.0,3.0,6.67,724,0.10436144442451735,env_mode,1.0.0,env_only,random_forest,0,,
730,51.037919,30.080875,0.1,0.11,5.0,5.0,17.0,18.0,61.0,61.0,130.0,130.0,61.0,61.0,116.0,6.7,6.39,725,0.10261230436380207,env_mode,1.0.0,env_only,random_forest,0,,
731,51.03783,30.084587,0.1,0.1,5.0,5.0,15.0,16.0,58.0,58.0,129.0,129.0,61.0,61.0,122.0,13.6,5.38,726,0.10452547097501898,env_mode,1.0.0,env_only,random_forest,0,,
732,51.0377,30.09093,0.1,0.12,5.0,5.0,16.0,17.0,59.0,59.0,133.0,132.0,66.0,66.0,110.0,9.5,5.41,727,0.10481020545449257,env_mode,1.0.0,env_only,random_forest,0,,
733,51.037919,30.095153,0.11,0.13,5.0,5.0,15.0,16.0,54.0,54.0,128.0,130.0,64.0,64.0,106.0,9.0,6.81,728,0.10827137117844837,env_mode,1.0.0,env_only,random_forest,0,,
734,51.033922,30.166631,0.1,0.11,5.0,6.0,15.0,17.0,51.0,52.0,131.0,133.0,65.0,65.0,105.0,1.9,7.45,729,0.10841940460769045,env_mode,1.0.0,env_only,random_forest,0,,
735,51.033483,30.152196,0.1,0.11,4.0,5.0,15.0,16.0,53.0,53.0,128.0,129.0,64.0,64.0,105.0,4.7,6.37,730,0.10791407154934066,env_mode,1.0.0,env_only,random_forest,0,,
736,51.034845,30.136576,0.11,0.12,5.0,5.0,16.0,17.0,51.0,50.0,128.0,128.0,68.0,68.0,106.0,0.6,8.68,731,0.10862190965601182,env_mode,1.0.0,env_only,random_forest,0,,
737,51.035918,30.12287,0.12,0.13,5.0,5.0,17.0,18.0,49.0,48.0,129.0,130.0,67.0,67.0,104.0,5.2,6.87,732,0.10794962888419747,env_mode,1.0.0,env_only,random_forest,0,,
738,51.035895,30.109454,0.12,0.12,4.0,5.0,16.0,16.0,55.0,55.0,127.0,128.0,63.0,63.0,105.0,9.4,6.21,733,0.1087946671139816,env_mode,1.0.0,env_only,random_forest,0,,
739,51.036262,30.095658,0.11,0.11,6.0,5.0,15.0,16.0,51.0,50.0,128.0,127.0,64.0,64.0,105.0,6.5,6.2,734,0.10846125062058545,env_mode,1.0.0,env_only,random_forest,0,,
740,51.0352,30.08228,0.11,0.12,5.0,5.0,15.0,16.0,60.0,60.0,131.0,129.0,60.0,60.0,117.0,8.3,5.71,735,0.10468470761485221,env_mode,1.0.0,env_only,random_forest,0,,
741,51.0337,30.0674,0.11,0.11,4.0,4.0,15.0,17.0,63.0,63.0,134.0,133.0,63.0,63.0,112.0,6.6,6.16,736,0.10555207777175632,env_mode,1.0.0,env_only,random_forest,0,,
742,51.034922,30.052317,0.14,0.14,9.0,9.0,12.0,13.0,64.0,65.0,127.0,128.0,56.0,56.0,139.0,26.7,4.74,737,0.1168975325722212,env_mode,1.0.0,env_only,random_forest,0,,
743,51.034688,30.03733,0.13,0.13,4.0,4.0,16.0,18.0,61.0,62.0,130.0,130.0,61.0,61.0,129.0,2.9,6.94,738,0.10269808970494804,env_mode,1.0.0,env_only,random_forest,0,,
744,51.03491,30.023769,0.12,0.13,4.0,4.0,15.0,17.0,62.0,62.0,131.0,131.0,62.0,62.0,132.0,7.9,6.21,739,0.10320734987485447,env_mode,1.0.0,env_only,random_forest,0,,
745,51.03491,30.00949,0.12,0.12,3.0,3.0,17.0,18.0,51.0,50.0,135.0,133.0,61.0,61.0,126.0,4.1,6.62,740,0.10997301673189779,env_mode,1.0.0,env_only,random_forest,0,,
746,51.03491,29.99521,0.11,0.13,5.0,4.0,13.0,14.0,55.0,55.0,126.0,126.0,60.0,60.0,131.0,10.2,5.89,741,0.10805525414765442,env_mode,1.0.0,env_only,random_forest,0,,
747,51.034922,29.980922,0.14,0.14,5.0,5.0,15.0,16.0,54.0,53.0,127.0,127.0,59.0,59.0,136.0,8.3,5.56,742,0.10861664193640976,env_mode,1.0.0,env_only,random_forest,0,,
748,51.03491,29.966651,0.12,0.13,4.0,4.0,19.0,21.0,51.0,50.0,132.0,133.0,64.0,64.0,127.0,0.6,9.26,743,0.10876732949583363,env_mode,1.0.0,env_only,random_forest,0,,
749,51.034054,29.952965,0.13,0.14,3.0,3.0,19.0,21.0,47.0,47.0,135.0,133.0,63.0,63.0,129.0,2.6,7.59,744,0.11069142830823944,env_mode,1.0.0,env_only,random_forest,0,,
750,51.034922,29.938085,0.12,0.14,4.0,4.0,21.0,23.0,47.0,47.0,131.0,133.0,63.0,63.0,133.0,2.7,6.97,745,0.10741302438560742,env_mode,1.0.0,env_only,random_forest,0,,
751,51.034922,29.923806,0.12,0.13,5.0,4.0,19.0,20.0,48.0,48.0,134.0,132.0,64.0,64.0,132.0,5.0,6.52,746,0.10993489200123888,env_mode,1.0.0,env_only,random_forest,0,,
752,51.034881,29.918192,0.11,0.12,4.0,4.0,19.0,20.0,56.0,56.0,133.0,133.0,64.0,64.0,132.0,5.3,6.71,747,0.10393034346142153,env_mode,1.0.0,env_only,random_forest,0,,
753,51.034922,29.914288,0.1,0.11,5.0,3.0,18.0,19.0,56.0,55.0,135.0,136.0,64.0,64.0,134.0,8.4,6.02,748,0.10425172511783648,env_mode,1.0.0,env_only,random_forest,0,,
754,51.03491,29.909532,0.1,0.1,5.0,4.0,18.0,19.0,54.0,54.0,133.0,131.0,63.0,63.0,136.0,7.3,5.87,749,0.10505591223527504,env_mode,1.0.0,env_only,random_forest,0,,
755,51.034922,29.895249,0.11,0.11,3.0,3.0,17.0,19.0,61.0,61.0,136.0,135.0,62.0,62.0,140.0,3.0,6.66,750,0.10171972423555256,env_mode,1.0.0,env_only,random_forest,0,,
756,51.034922,29.88097,0.13,0.14,5.0,5.0,13.0,15.0,72.0,72.0,129.0,129.0,58.0,58.0,155.0,28.3,4.57,751,0.10433146870560984,env_mode,1.0.0,env_only,random_forest,0,,
757,51.034922,29.86669,0.14,0.15,6.0,5.0,14.0,16.0,67.0,67.0,125.0,124.0,57.0,57.0,145.0,24.8,4.84,752,0.10809950313823415,env_mode,1.0.0,env_only,random_forest,0,,
758,51.034922,29.852412,0.11,0.12,5.0,4.0,17.0,18.0,59.0,59.0,135.0,133.0,63.0,64.0,143.0,6.0,6.04,753,0.10189330140596811,env_mode,1.0.0,env_only,random_forest,0,,
759,51.034922,29.838133,0.1,0.1,4.0,4.0,13.0,14.0,66.0,66.0,132.0,133.0,61.0,61.0,156.0,25.5,4.88,754,0.10163121127149471,env_mode,1.0.0,env_only,random_forest,0,,
760,51.03491,29.823855,0.1,0.12,7.0,6.0,13.0,14.0,63.0,62.0,130.0,131.0,62.0,62.0,154.0,20.6,5.07,755,0.10261450005164227,env_mode,1.0.0,env_only,random_forest,0,,
761,51.034922,29.809575,0.11,0.11,4.0,4.0,15.0,16.0,58.0,59.0,132.0,130.0,60.0,60.0,144.0,13.7,5.45,756,0.10297748767060312,env_mode,1.0.0,env_only,random_forest,0,,
762,51.034922,29.795297,0.1,0.11,4.0,4.0,14.0,17.0,58.0,58.0,135.0,136.0,62.0,62.0,144.0,4.9,6.03,757,0.10203466235512271,env_mode,1.0.0,env_only,random_forest,0,,
763,51.03491,29.781016,0.11,0.11,4.0,4.0,13.0,14.0,62.0,61.0,139.0,138.0,61.0,61.0,138.0,3.4,6.96,758,0.10492104816636796,env_mode,1.0.0,env_only,random_forest,0,,
764,51.035851,29.766828,0.11,0.12,5.0,5.0,13.0,15.0,68.0,67.0,134.0,134.0,60.0,60.0,154.0,44.3,3.99,759,0.10381836058251145,env_mode,1.0.0,env_only,random_forest,0,,
765,51.034922,29.752459,0.1,0.12,5.0,5.0,14.0,16.0,59.0,59.0,132.0,133.0,59.0,59.0,138.0,5.4,6.31,760,0.10354528298040083,env_mode,1.0.0,env_only,random_forest,0,,
766,51.03491,29.738177,0.11,0.11,4.0,4.0,13.0,16.0,61.0,61.0,138.0,136.0,62.0,62.0,140.0,8.5,5.76,761,0.10301258825635,env_mode,1.0.0,env_only,random_forest,0,,
767,51.034934,29.724749,0.1,0.11,5.0,4.0,13.0,15.0,66.0,66.0,136.0,135.0,61.0,61.0,148.0,19.2,5.32,762,0.1010858009020531,env_mode,1.0.0,env_only,random_forest,0,,
768,51.034922,29.709623,0.11,0.12,5.0,5.0,16.0,17.0,53.0,52.0,134.0,133.0,62.0,62.0,151.0,11.2,5.64,763,0.10456758030097117,env_mode,1.0.0,env_only,random_forest,0,,
769,51.03491,29.695338,0.1,0.12,5.0,5.0,16.0,18.0,49.0,48.0,133.0,131.0,66.0,66.0,151.0,15.4,5.07,764,0.1035847832065506,env_mode,1.0.0,env_only,random_forest,0,,
770,51.03491,29.681059,0.12,0.12,4.0,4.0,17.0,19.0,54.0,54.0,134.0,132.0,64.0,64.0,151.0,14.1,5.44,765,0.1043005127044783,env_mode,1.0.0,env_only,random_forest,0,,
771,51.035266,29.665923,0.12,0.13,4.0,5.0,17.0,18.0,53.0,53.0,138.0,138.0,64.0,64.0,160.0,8.8,5.79,766,0.10362250212768766,env_mode,1.0.0,env_only,random_forest,0,,
772,51.034922,29.652507,0.11,0.13,3.0,4.0,16.0,18.0,54.0,54.0,134.0,132.0,64.0,63.0,164.0,6.5,6.28,767,0.1026143226101544,env_mode,1.0.0,env_only,random_forest,0,,
773,51.034922,29.638228,0.11,0.12,4.0,4.0,17.0,19.0,52.0,52.0,133.0,132.0,63.0,63.0,163.0,4.0,7.29,768,0.10534000010419806,env_mode,1.0.0,env_only,random_forest,0,,
774,51.034538,29.626616,0.11,0.11,5.0,5.0,15.0,16.0,65.0,65.0,129.0,129.0,61.0,61.0,164.0,18.3,5.15,769,0.1028875985776717,env_mode,1.0.0,env_only,random_forest,0,,
775,51.03491,29.552542,0.1,0.11,3.0,4.0,19.0,21.0,54.0,53.0,136.0,137.0,62.0,62.0,181.0,8.9,5.74,770,0.1049685975580206,env_mode,1.0.0,env_only,random_forest,0,,
776,51.034922,29.538276,0.1,0.1,5.0,4.0,20.0,22.0,53.0,54.0,136.0,137.0,61.0,61.0,179.0,8.4,5.89,771,0.10379593060592479,env_mode,1.0.0,env_only,random_forest,0,,
777,51.034922,29.523996,0.1,0.11,5.0,5.0,18.0,20.0,55.0,55.0,135.0,134.0,62.0,62.0,179.0,4.7,6.24,772,0.1042995105255576,env_mode,1.0.0,env_only,random_forest,0,,
778,51.03491,29.509704,0.11,0.11,3.0,3.0,17.0,19.0,60.0,60.0,136.0,135.0,63.0,63.0,175.0,9.5,6.15,773,0.1047535127481395,env_mode,1.0.0,env_only,random_forest,0,,
779,51.03491,29.495424,0.11,0.12,7.0,6.0,15.0,17.0,66.0,65.0,128.0,130.0,58.0,58.0,192.0,13.2,5.15,774,0.10578894719333684,env_mode,1.0.0,env_only,random_forest,0,,
780,51.03491,29.481144,0.11,0.12,4.0,4.0,15.0,16.0,64.0,64.0,132.0,132.0,60.0,60.0,176.0,5.1,6.31,775,0.1019221037159552,env_mode,1.0.0,env_only,random_forest,0,,
781,51.031924,29.909528,0.11,0.11,5.0,4.0,16.0,18.0,53.0,53.0,134.0,133.0,64.0,64.0,139.0,4.5,6.58,776,0.10562970003501178,env_mode,1.0.0,env_only,random_forest,0,,
782,51.031924,29.914288,0.1,0.11,4.0,4.0,16.0,18.0,54.0,54.0,138.0,137.0,64.0,64.0,137.0,5.0,6.47,777,0.10497642548163988,env_mode,1.0.0,env_only,random_forest,0,,
783,51.031924,29.919047,0.11,0.13,4.0,3.0,18.0,20.0,57.0,55.0,131.0,130.0,65.0,65.0,134.0,9.6,5.85,778,0.10341701811808289,env_mode,1.0.0,env_only,random_forest,0,,
784,51.028926,29.919047,0.12,0.12,4.0,4.0,18.0,19.0,57.0,56.0,136.0,134.0,65.0,65.0,132.0,5.8,6.16,779,0.10377737877794364,env_mode,1.0.0,env_only,random_forest,0,,
785,51.02865,29.91425,0.1,0.11,4.0,4.0,16.0,18.0,60.0,60.0,134.0,133.0,64.0,64.0,135.0,3.7,6.53,780,0.10209912248654723,env_mode,1.0.0,env_only,random_forest,0,,
786,51.028926,29.909528,0.11,0.12,4.0,4.0,16.0,17.0,56.0,55.0,136.0,135.0,64.0,64.0,136.0,5.3,6.43,781,0.10509097528016938,env_mode,1.0.0,env_only,random_forest,0,,
787,51.02773,29.90069,0.09,0.1,4.0,4.0,15.0,17.0,59.0,58.0,130.0,130.0,62.0,62.0,136.0,7.0,6.14,782,0.10332810044204627,env_mode,1.0.0,env_only,random_forest,0,,
788,51.028926,29.714382,0.1,0.1,3.0,3.0,16.0,18.0,56.0,56.0,134.0,133.0,60.0,60.0,155.0,4.1,6.76,783,0.10199799704843854,env_mode,1.0.0,env_only,random_forest,0,,
789,51.025929,29.48116,0.1,0.12,5.0,5.0,18.0,19.0,60.0,61.0,133.0,133.0,58.0,58.0,173.0,16.6,5.36,784,0.1046386794130124,env_mode,1.0.0,env_only,random_forest,0,,
790,51.025916,29.495424,0.11,0.11,7.0,6.0,18.0,20.0,54.0,54.0,133.0,132.0,64.0,64.0,167.0,7.6,5.99,785,0.10310967590466005,env_mode,1.0.0,env_only,random_forest,0,,
791,51.025916,29.509704,0.11,0.12,5.0,5.0,18.0,20.0,52.0,52.0,131.0,130.0,65.0,65.0,170.0,3.5,6.8,786,0.10498454138393588,env_mode,1.0.0,env_only,random_forest,0,,
792,51.02546,29.52588,0.1,0.11,5.0,5.0,17.0,19.0,55.0,55.0,139.0,138.0,63.0,63.0,172.0,4.9,6.83,787,0.10402324962613692,env_mode,1.0.0,env_only,random_forest,0,,
793,51.025796,29.537341,0.1,0.11,5.0,5.0,17.0,19.0,55.0,55.0,138.0,140.0,62.0,62.0,173.0,4.9,6.28,788,0.10452538301670929,env_mode,1.0.0,env_only,random_forest,0,,
794,51.025916,29.552542,0.1,0.1,5.0,5.0,17.0,19.0,51.0,51.0,135.0,137.0,64.0,64.0,175.0,11.1,5.74,789,0.10616729102010702,env_mode,1.0.0,env_only,random_forest,0,,
795,51.025916,29.566822,0.11,0.11,3.0,3.0,15.0,17.0,66.0,66.0,132.0,133.0,59.0,59.0,174.0,1.0,7.93,790,0.102275728720078,env_mode,1.0.0,env_only,random_forest,0,,
796,51.025929,29.581112,0.11,0.12,3.0,4.0,17.0,19.0,61.0,61.0,130.0,129.0,62.0,62.0,175.0,7.8,6.23,791,0.1045624334510438,env_mode,1.0.0,env_only,random_forest,0,,
797,51.025619,29.593551,0.11,0.11,3.0,4.0,16.0,17.0,58.0,58.0,134.0,132.0,61.0,61.0,172.0,8.8,5.77,792,0.10495829944568422,env_mode,1.0.0,env_only,random_forest,0,,
798,51.025929,29.62395,0.1,0.12,4.0,4.0,16.0,17.0,59.0,59.0,134.0,132.0,61.0,61.0,165.0,21.8,4.42,793,0.10339360119851726,env_mode,1.0.0,env_only,random_forest,0,,
799,51.025916,29.63822,0.11,0.11,4.0,4.0,16.0,18.0,65.0,64.0,142.0,139.0,61.0,61.0,167.0,13.3,5.75,794,0.10263212104029945,env_mode,1.0.0,env_only,random_forest,0,,
800,51.025916,29.6525,0.1,0.12,4.0,4.0,18.0,19.0,55.0,54.0,140.0,137.0,61.0,61.0,169.0,6.2,6.18,795,0.10370252720809463,env_mode,1.0.0,env_only,random_forest,0,,
801,51.025916,29.666779,0.11,0.12,3.0,4.0,17.0,19.0,56.0,56.0,136.0,134.0,61.0,61.0,164.0,6.2,6.09,796,0.10289211757346728,env_mode,1.0.0,env_only,random_forest,0,,
802,51.025916,29.681059,0.12,0.12,4.0,4.0,16.0,18.0,62.0,63.0,136.0,137.0,60.0,60.0,158.0,25.0,5.02,797,0.10174233517492468,env_mode,1.0.0,env_only,random_forest,0,,
803,51.025929,29.695343,0.11,0.11,4.0,4.0,18.0,19.0,54.0,54.0,133.0,131.0,61.0,61.0,153.0,14.2,5.34,798,0.10451690652240962,env_mode,1.0.0,env_only,random_forest,0,,
804,51.02572,29.7098,0.09,0.1,3.0,4.0,17.0,19.0,54.0,53.0,136.0,133.0,63.0,63.0,159.0,9.8,5.55,799,0.1028607949910603,env_mode,1.0.0,env_only,random_forest,0,,
805,51.025738,29.706266,0.1,0.1,4.0,4.0,16.0,18.0,52.0,51.0,137.0,135.0,63.0,63.0,157.0,9.6,5.67,800,0.10471305310944508,env_mode,1.0.0,env_only,random_forest,0,,
806,51.025916,29.723898,0.1,0.11,3.0,4.0,16.0,18.0,57.0,57.0,134.0,131.0,62.0,62.0,156.0,6.4,6.47,801,0.10127852750983266,env_mode,1.0.0,env_only,random_forest,0,,
807,51.025619,29.736878,0.1,0.12,3.0,3.0,14.0,16.0,61.0,60.0,134.0,133.0,58.0,58.0,156.0,5.0,6.61,802,0.1011852389244882,env_mode,1.0.0,env_only,random_forest,0,,
808,51.025916,29.752457,0.11,0.12,3.0,4.0,15.0,17.0,59.0,59.0,133.0,130.0,64.0,64.0,145.0,10.6,5.63,803,0.10143521430127588,env_mode,1.0.0,env_only,random_forest,0,,
809,51.025797,29.767772,0.11,0.13,4.0,4.0,13.0,15.0,65.0,65.0,137.0,134.0,63.0,63.0,134.0,3.7,7.31,804,0.10287489134678252,env_mode,1.0.0,env_only,random_forest,0,,
810,51.025857,29.77911,0.11,0.12,22.0,22.0,13.0,15.0,65.0,65.0,113.0,119.0,60.0,60.0,151.0,27.2,4.68,805,0.10435338958764649,env_mode,1.0.0,env_only,random_forest,0,,
811,51.025916,29.795296,0.11,0.11,5.0,5.0,11.0,12.0,79.0,79.0,128.0,129.0,59.0,59.0,155.0,8.9,5.61,806,0.10270432917490706,env_mode,1.0.0,env_only,random_forest,0,,
812,51.025929,29.809575,0.1,0.11,4.0,4.0,14.0,16.0,65.0,64.0,137.0,136.0,60.0,60.0,146.0,6.2,6.36,807,0.10018573237026808,env_mode,1.0.0,env_only,random_forest,0,,
813,51.025857,29.823043,0.1,0.1,4.0,4.0,12.0,14.0,73.0,72.0,132.0,132.0,58.0,58.0,147.0,1.8,6.93,808,0.09983576309347461,env_mode,1.0.0,env_only,random_forest,0,,
814,51.027202,29.839839,0.11,0.11,4.0,4.0,13.0,15.0,58.0,58.0,131.0,131.0,61.0,61.0,148.0,7.8,6.16,809,0.10251411068645537,env_mode,1.0.0,env_only,random_forest,0,,
815,51.025262,29.852049,0.11,0.11,4.0,4.0,14.0,15.0,61.0,61.0,133.0,131.0,62.0,62.0,143.0,3.3,7.45,810,0.10179902638904172,env_mode,1.0.0,env_only,random_forest,0,,
816,51.025916,29.866694,0.1,0.1,4.0,5.0,13.0,14.0,69.0,69.0,132.0,130.0,59.0,59.0,166.0,12.8,5.59,811,0.10235465855680122,env_mode,1.0.0,env_only,random_forest,0,,
817,51.025916,29.880973,0.11,0.11,7.0,8.0,10.0,11.0,71.0,71.0,128.0,130.0,57.0,57.0,159.0,32.3,4.31,812,0.10499122959857356,env_mode,1.0.0,env_only,random_forest,0,,
818,51.025916,29.895253,0.12,0.12,4.0,4.0,13.0,14.0,70.0,70.0,130.0,131.0,58.0,59.0,137.0,4.4,7.13,813,0.10457306101309656,env_mode,1.0.0,env_only,random_forest,0,,
819,51.025929,29.909528,0.11,0.12,4.0,4.0,14.0,15.0,61.0,61.0,135.0,134.0,62.0,62.0,134.0,4.6,7.24,814,0.1025775034306317,env_mode,1.0.0,env_only,random_forest,0,,
820,51.025916,29.923812,0.12,0.13,4.0,4.0,19.0,20.0,53.0,52.0,133.0,132.0,62.0,62.0,130.0,14.1,6.0,815,0.10702901305668731,env_mode,1.0.0,env_only,random_forest,0,,
821,51.025929,29.938085,0.12,0.13,4.0,4.0,18.0,20.0,55.0,55.0,133.0,133.0,58.0,58.0,127.0,23.4,4.6,816,0.10826042707065042,env_mode,1.0.0,env_only,random_forest,0,,
822,51.025929,29.942845,0.13,0.13,4.0,4.0,18.0,20.0,57.0,57.0,133.0,132.0,64.0,64.0,130.0,16.0,5.15,817,0.10416314855188072,env_mode,1.0.0,env_only,random_forest,0,,
823,51.025916,29.952371,0.12,0.14,4.0,4.0,19.0,21.0,57.0,57.0,136.0,137.0,63.0,63.0,129.0,15.9,4.97,818,0.1044379174156425,env_mode,1.0.0,env_only,random_forest,0,,
824,51.025929,29.966644,0.12,0.12,5.0,6.0,19.0,20.0,50.0,50.0,133.0,133.0,67.0,68.0,123.0,14.6,5.32,819,0.10427013287057546,env_mode,1.0.0,env_only,random_forest,0,,
825,51.025929,29.980922,0.11,0.12,4.0,4.0,16.0,17.0,56.0,56.0,132.0,131.0,64.0,64.0,122.0,13.9,5.21,820,0.10625150855099434,env_mode,1.0.0,env_only,random_forest,0,,
826,51.025916,29.99521,0.11,0.13,6.0,7.0,13.0,15.0,61.0,61.0,129.0,128.0,57.0,57.0,127.0,14.4,5.49,821,0.10886264369712344,env_mode,1.0.0,env_only,random_forest,0,,
827,51.025929,30.00948,0.12,0.14,4.0,4.0,15.0,16.0,62.0,62.0,128.0,129.0,58.0,58.0,131.0,2.8,6.53,822,0.10421980501449812,env_mode,1.0.0,env_only,random_forest,0,,
828,51.025916,30.023769,0.12,0.12,4.0,4.0,18.0,19.0,51.0,51.0,133.0,135.0,64.0,64.0,131.0,5.7,6.14,823,0.10904994722506461,env_mode,1.0.0,env_only,random_forest,0,,
829,51.025761,30.036953,0.11,0.13,4.0,4.0,18.0,20.0,49.0,49.0,136.0,134.0,66.0,65.0,128.0,19.3,5.05,824,0.1071292166540381,env_mode,1.0.0,env_only,random_forest,0,,
830,51.02575,30.052311,0.1,0.11,5.0,5.0,16.0,17.0,53.0,53.0,127.0,125.0,64.0,64.0,114.0,5.5,6.57,825,0.10483438605588714,env_mode,1.0.0,env_only,random_forest,0,,
831,51.02575,30.06114,0.1,0.12,5.0,5.0,16.0,17.0,53.0,53.0,129.0,128.0,66.0,66.0,110.0,3.5,6.63,826,0.10448433614794762,env_mode,1.0.0,env_only,random_forest,0,,
832,51.025644,30.065076,0.11,0.11,5.0,5.0,16.0,17.0,50.0,50.0,130.0,129.0,67.0,67.0,107.0,4.5,6.52,827,0.1075907091810939,env_mode,1.0.0,env_only,random_forest,0,,
833,51.024824,30.080156,0.12,0.12,5.0,5.0,15.0,16.0,48.0,48.0,126.0,125.0,66.0,66.0,106.0,1.1,7.51,828,0.10850309564819029,env_mode,1.0.0,env_only,random_forest,0,,
834,51.025916,30.095167,0.12,0.12,7.0,7.0,16.0,17.0,47.0,46.0,134.0,132.0,67.0,67.0,106.0,0.4,8.48,829,0.11051783727497146,env_mode,1.0.0,env_only,random_forest,0,,
835,51.025916,30.109447,0.11,0.11,5.0,5.0,15.0,16.0,54.0,53.0,130.0,130.0,63.0,63.0,105.0,0.5,8.86,830,0.10873520464295422,env_mode,1.0.0,env_only,random_forest,0,,
836,51.026889,30.12374,0.11,0.12,7.0,8.0,16.0,17.0,50.0,50.0,130.0,134.0,64.0,64.0,105.0,3.1,6.91,831,0.10954609194258551,env_mode,1.0.0,env_only,random_forest,0,,
837,51.02439,30.137761,0.12,0.12,7.0,8.0,16.0,18.0,56.0,55.0,130.0,131.0,63.0,63.0,106.0,2.3,7.59,832,0.10878453224396559,env_mode,1.0.0,env_only,random_forest,0,,
838,51.024873,30.152335,0.12,0.13,8.0,8.0,14.0,16.0,51.0,52.0,129.0,130.0,64.0,64.0,105.0,0.4,9.03,833,0.10903648332671831,env_mode,1.0.0,env_only,random_forest,0,,
839,51.025093,30.166352,0.11,0.13,7.0,8.0,17.0,18.0,52.0,52.0,129.0,130.0,62.0,62.0,105.0,2.8,7.6,834,0.10757890245204568,env_mode,1.0.0,env_only,random_forest,0,,
840,51.023016,30.062329,0.1,0.11,5.0,5.0,16.0,17.0,48.0,47.0,129.0,128.0,67.0,67.0,108.0,11.2,5.6,835,0.1055216947180499,env_mode,1.0.0,env_only,random_forest,0,,
841,51.02275,30.05788,0.1,0.11,5.0,5.0,17.0,18.0,53.0,53.0,127.0,126.0,66.0,66.0,109.0,1.6,8.51,836,0.10321128576071216,env_mode,1.0.0,env_only,random_forest,0,,
842,51.022309,30.019096,0.12,0.13,3.0,4.0,16.0,18.0,55.0,54.0,133.0,132.0,63.0,63.0,133.0,13.4,5.1,837,0.10706322410176944,env_mode,1.0.0,env_only,random_forest,0,,
843,51.022932,29.947605,0.11,0.12,4.0,4.0,18.0,20.0,56.0,56.0,132.0,135.0,63.0,64.0,128.0,7.3,5.76,838,0.10458525531119263,env_mode,1.0.0,env_only,random_forest,0,,
844,51.02256,29.94257,0.09,0.1,4.0,4.0,18.0,20.0,53.0,52.0,131.0,132.0,62.0,62.0,126.0,14.8,5.51,839,0.10534529259217716,env_mode,1.0.0,env_only,random_forest,0,,
845,51.022932,29.704863,0.1,0.11,4.0,4.0,16.0,18.0,53.0,52.0,137.0,135.0,64.0,64.0,153.0,8.5,6.36,840,0.10401805557019457,env_mode,1.0.0,env_only,random_forest,0,,
846,51.022932,29.700103,0.1,0.1,4.0,4.0,17.0,19.0,56.0,55.0,134.0,132.0,65.0,65.0,155.0,13.9,5.53,841,0.10306205675758354,env_mode,1.0.0,env_only,random_forest,0,,
847,51.022715,29.685175,0.11,0.11,4.0,4.0,17.0,18.0,61.0,61.0,135.0,135.0,61.0,61.0,163.0,9.0,5.55,842,0.10132893752337824,env_mode,1.0.0,env_only,random_forest,0,,
848,51.023521,29.524769,0.1,0.11,4.0,5.0,16.0,18.0,56.0,56.0,138.0,138.0,62.0,62.0,170.0,10.9,5.97,843,0.10346310277819547,env_mode,1.0.0,env_only,random_forest,0,,
849,51.023521,29.520011,0.11,0.11,5.0,5.0,17.0,19.0,53.0,53.0,138.0,136.0,64.0,64.0,174.0,6.6,6.07,844,0.10485229835439366,env_mode,1.0.0,env_only,random_forest,0,,
850,51.022932,29.514478,0.1,0.1,6.0,6.0,19.0,20.0,53.0,52.0,132.0,130.0,63.0,63.0,170.0,7.0,6.19,845,0.10357691739913953,env_mode,1.0.0,env_only,random_forest,0,,
851,51.02296,29.49086,0.09,0.1,6.0,5.0,18.0,19.0,56.0,56.0,133.0,132.0,65.0,65.0,171.0,2.0,7.07,846,0.10161946345462557,env_mode,1.0.0,env_only,random_forest,0,,
852,51.019934,29.490679,0.1,0.11,5.0,5.0,18.0,20.0,58.0,57.0,135.0,133.0,64.0,64.0,170.0,6.5,6.01,847,0.10251065023309516,env_mode,1.0.0,env_only,random_forest,0,,
853,51.019934,29.495439,0.09,0.09,7.0,7.0,18.0,20.0,57.0,56.0,132.0,133.0,65.0,65.0,166.0,6.3,6.5,848,0.10077941339106394,env_mode,1.0.0,env_only,random_forest,0,,
854,51.019934,29.514478,0.1,0.1,5.0,5.0,18.0,19.0,53.0,54.0,134.0,133.0,63.0,63.0,168.0,6.4,6.25,849,0.10331419511536187,env_mode,1.0.0,env_only,random_forest,0,,
855,51.019934,29.519238,0.09,0.1,5.0,5.0,18.0,19.0,58.0,57.0,133.0,131.0,61.0,61.0,168.0,4.2,6.56,850,0.10149144343586383,env_mode,1.0.0,env_only,random_forest,0,,
856,51.019934,29.562074,0.11,0.11,5.0,4.0,18.0,19.0,54.0,54.0,137.0,135.0,60.0,60.0,171.0,7.2,5.6,851,0.10451631286779584,env_mode,1.0.0,env_only,random_forest,0,,
857,51.019934,29.566834,0.1,0.11,4.0,4.0,18.0,19.0,56.0,56.0,140.0,138.0,59.0,59.0,171.0,4.9,6.52,852,0.10465391408549701,env_mode,1.0.0,env_only,random_forest,0,,
858,51.019934,29.685825,0.11,0.12,4.0,4.0,16.0,17.0,59.0,59.0,138.0,136.0,62.0,62.0,166.0,6.6,6.39,853,0.10201802196756299,env_mode,1.0.0,env_only,random_forest,0,,
859,51.019934,29.695343,0.12,0.12,4.0,4.0,14.0,16.0,54.0,54.0,136.0,134.0,61.0,61.0,163.0,13.1,5.29,854,0.10533561400756156,env_mode,1.0.0,env_only,random_forest,0,,
860,51.019934,29.700103,0.11,0.11,4.0,4.0,15.0,17.0,57.0,56.0,139.0,137.0,62.0,62.0,161.0,14.9,5.31,855,0.10356139900970965,env_mode,1.0.0,env_only,random_forest,0,,
861,51.019934,29.704863,0.1,0.12,4.0,4.0,15.0,17.0,56.0,56.0,137.0,135.0,63.0,63.0,154.0,17.9,5.06,856,0.10274438544150225,env_mode,1.0.0,env_only,random_forest,0,,
862,51.019934,29.852412,0.1,0.1,3.0,3.0,15.0,16.0,55.0,55.0,135.0,137.0,62.0,62.0,146.0,11.7,5.7,857,0.10321901196942385,env_mode,1.0.0,env_only,random_forest,0,,
863,51.019934,29.857172,0.11,0.11,4.0,4.0,14.0,16.0,54.0,54.0,135.0,138.0,62.0,62.0,144.0,4.9,6.39,858,0.1030803990219341,env_mode,1.0.0,env_only,random_forest,0,,
864,51.02015,29.86218,0.1,0.11,4.0,4.0,15.0,17.0,57.0,57.0,134.0,133.0,63.0,63.0,144.0,8.7,5.57,859,0.10182037555779153,env_mode,1.0.0,env_only,random_forest,0,,
865,51.02003,29.94748,0.11,0.12,4.0,4.0,17.0,19.0,56.0,56.0,134.0,135.0,65.0,65.0,127.0,11.4,5.65,860,0.10466539112861084,env_mode,1.0.0,env_only,random_forest,0,,
866,51.019934,29.942845,0.11,0.11,4.0,4.0,18.0,20.0,58.0,58.0,133.0,133.0,65.0,65.0,129.0,6.2,6.21,861,0.10344561721410439,env_mode,1.0.0,env_only,random_forest,0,,
867,51.02009,29.95276,0.12,0.13,5.0,4.0,18.0,20.0,59.0,59.0,133.0,132.0,64.0,64.0,128.0,21.6,4.97,862,0.10368005995553634,env_mode,1.0.0,env_only,random_forest,0,,
868,51.019934,30.01424,0.12,0.12,4.0,4.0,16.0,18.0,58.0,58.0,132.0,130.0,60.0,60.0,130.0,19.4,5.03,863,0.10500000782886061,env_mode,1.0.0,env_only,random_forest,0,,
869,51.019934,30.018999,0.11,0.12,4.0,4.0,17.0,19.0,59.0,58.0,133.0,135.0,61.0,61.0,129.0,3.5,6.89,864,0.10333393014906146,env_mode,1.0.0,env_only,random_forest,0,,
870,51.019934,30.023759,0.11,0.13,4.0,4.0,15.0,17.0,58.0,56.0,134.0,135.0,62.0,62.0,130.0,7.1,5.68,865,0.1051150911650181,env_mode,1.0.0,env_only,random_forest,0,,
871,51.019934,30.028519,0.12,0.12,4.0,4.0,16.0,18.0,57.0,56.0,133.0,133.0,64.0,64.0,132.0,6.2,5.8,866,0.10433565366065531,env_mode,1.0.0,env_only,random_forest,0,,
872,51.01951,30.05267,0.1,0.1,4.0,4.0,17.0,18.0,48.0,47.0,134.0,133.0,66.0,66.0,112.0,1.8,7.18,867,0.10778103230638979,env_mode,1.0.0,env_only,random_forest,0,,
873,51.019572,30.056431,0.09,0.09,4.0,4.0,17.0,18.0,48.0,47.0,131.0,131.0,67.0,67.0,110.0,9.3,6.29,868,0.10342206516328396,env_mode,1.0.0,env_only,random_forest,0,,
874,51.016936,30.123711,0.13,0.13,4.0,6.0,15.0,16.0,62.0,62.0,122.0,121.0,60.0,60.0,118.0,4.7,6.25,869,0.10613653741736843,env_mode,1.0.0,env_only,random_forest,0,,
875,51.016936,30.109432,0.12,0.14,7.0,7.0,13.0,14.0,67.0,67.0,116.0,120.0,57.0,57.0,135.0,16.6,4.81,870,0.11127622328152874,env_mode,1.0.0,env_only,random_forest,0,,
876,51.016923,30.095167,0.11,0.12,7.0,7.0,16.0,17.0,56.0,56.0,132.0,132.0,63.0,63.0,110.0,6.3,5.76,871,0.10702121083279367,env_mode,1.0.0,env_only,random_forest,0,,
877,51.018467,30.082277,0.1,0.12,7.0,7.0,15.0,16.0,50.0,49.0,129.0,128.0,67.0,67.0,106.0,3.0,6.61,872,0.10793928747336297,env_mode,1.0.0,env_only,random_forest,0,,
878,51.017645,30.064353,0.11,0.12,7.0,5.0,16.0,18.0,44.0,44.0,125.0,124.0,69.0,69.0,106.0,1.8,7.39,873,0.10757138742804834,env_mode,1.0.0,env_only,random_forest,0,,
879,51.01669,30.05093,0.11,0.11,5.0,5.0,17.0,18.0,43.0,43.0,134.0,133.0,68.0,68.0,106.0,15.3,5.82,874,0.10839803311186923,env_mode,1.0.0,env_only,random_forest,0,,
880,51.01712,30.04675,0.11,0.12,4.0,4.0,19.0,20.0,48.0,47.0,134.0,133.0,68.0,68.0,112.0,7.6,5.98,875,0.10462357393817837,env_mode,1.0.0,env_only,random_forest,0,,
881,51.01683,30.0377,0.11,0.11,3.0,3.0,18.0,20.0,52.0,52.0,133.0,131.0,66.0,66.0,122.0,16.4,5.23,876,0.104254919627863,env_mode,1.0.0,env_only,random_forest,0,,
882,51.016936,30.033279,0.09,0.1,4.0,4.0,17.0,19.0,56.0,56.0,132.0,131.0,66.0,66.0,126.0,11.9,5.68,877,0.10141646447502556,env_mode,1.0.0,env_only,random_forest,0,,
883,51.016936,30.028519,0.1,0.1,5.0,5.0,17.0,19.0,57.0,57.0,135.0,134.0,65.0,65.0,128.0,21.5,4.35,878,0.10313996142508985,env_mode,1.0.0,env_only,random_forest,0,,
884,51.01689,30.02491,0.09,0.09,5.0,5.0,18.0,20.0,55.0,55.0,131.0,132.0,62.0,62.0,125.0,27.6,4.71,879,0.10390848062964576,env_mode,1.0.0,env_only,random_forest,0,,
885,51.016936,30.019,0.11,0.12,5.0,4.0,17.0,19.0,59.0,59.0,132.0,131.0,62.0,61.0,124.0,29.5,4.45,880,0.10390125620957737,env_mode,1.0.0,env_only,random_forest,0,,
886,51.01729,30.01446,0.09,0.1,4.0,4.0,17.0,18.0,57.0,57.0,131.0,130.0,60.0,60.0,124.0,14.5,5.51,881,0.10382519618166185,env_mode,1.0.0,env_only,random_forest,0,,
887,51.01733,30.01091,0.11,0.12,4.0,4.0,17.0,18.0,58.0,59.0,132.0,130.0,60.0,60.0,125.0,9.2,5.6,882,0.1038426650777399,env_mode,1.0.0,env_only,random_forest,0,,
888,51.015104,29.995365,0.1,0.11,4.0,5.0,16.0,17.0,58.0,58.0,128.0,128.0,63.0,62.0,117.0,10.7,6.35,883,0.10373517094285487,env_mode,1.0.0,env_only,random_forest,0,,
889,51.016923,29.98093,0.11,0.11,4.0,4.0,15.0,17.0,56.0,56.0,131.0,130.0,64.0,64.0,124.0,19.8,4.72,884,0.10645326490444644,env_mode,1.0.0,env_only,random_forest,0,,
890,51.01733,29.96693,0.11,0.12,5.0,4.0,18.0,20.0,52.0,52.0,133.0,134.0,66.0,66.0,120.0,29.3,5.15,885,0.10447144700786748,env_mode,1.0.0,env_only,random_forest,0,,
891,51.016936,29.961884,0.1,0.11,5.0,5.0,16.0,18.0,52.0,52.0,130.0,129.0,66.0,66.0,121.0,11.0,6.46,886,0.1025892237632394,env_mode,1.0.0,env_only,random_forest,0,,
892,51.016936,29.957124,0.1,0.1,5.0,5.0,17.0,18.0,54.0,54.0,129.0,131.0,65.0,65.0,121.0,21.0,5.07,887,0.10465042978864156,env_mode,1.0.0,env_only,random_forest,0,,
893,51.016923,29.952333,0.09,0.09,4.0,4.0,18.0,19.0,54.0,53.0,130.0,132.0,64.0,64.0,122.0,17.5,5.06,888,0.1044051807471414,env_mode,1.0.0,env_only,random_forest,0,,
894,51.016936,29.947605,0.09,0.1,4.0,4.0,18.0,20.0,59.0,59.0,136.0,137.0,64.0,64.0,125.0,13.4,5.32,889,0.1029803460461972,env_mode,1.0.0,env_only,random_forest,0,,
895,51.016936,29.942845,0.1,0.12,3.0,4.0,18.0,20.0,60.0,60.0,135.0,133.0,65.0,65.0,130.0,11.5,5.3,890,0.10164501757309566,env_mode,1.0.0,env_only,random_forest,0,,
896,51.016923,29.938092,0.1,0.12,4.0,4.0,18.0,20.0,56.0,56.0,134.0,133.0,64.0,64.0,130.0,13.5,5.21,891,0.1045415573941647,env_mode,1.0.0,env_only,random_forest,0,,
897,51.016923,29.923812,0.13,0.13,3.0,3.0,15.0,16.0,56.0,56.0,132.0,131.0,62.0,62.0,131.0,13.0,5.78,892,0.10711069677013345,env_mode,1.0.0,env_only,random_forest,0,,
898,51.01651,29.9092,0.09,0.11,3.0,3.0,13.0,14.0,70.0,70.0,130.0,131.0,57.0,57.0,136.0,29.3,5.36,893,0.10528846186486544,env_mode,1.0.0,env_only,random_forest,0,,
899,51.016779,29.896551,0.1,0.12,10.0,9.0,10.0,11.0,68.0,68.0,120.0,126.0,55.0,55.0,157.0,21.4,4.48,894,0.1057739522187612,env_mode,1.0.0,env_only,random_forest,0,,
900,51.016923,29.880973,0.11,0.11,8.0,8.0,12.0,13.0,71.0,71.0,126.0,128.0,56.0,56.0,167.0,7.4,5.62,895,0.10574603130023229,env_mode,1.0.0,env_only,random_forest,0,,
901,51.01713,29.86675,0.1,0.11,3.0,3.0,17.0,19.0,59.0,59.0,136.0,135.0,64.0,64.0,140.0,5.1,6.9,896,0.10126397013980193,env_mode,1.0.0,env_only,random_forest,0,,
902,51.016936,29.861932,0.11,0.11,3.0,3.0,16.0,17.0,54.0,54.0,136.0,137.0,62.0,62.0,143.0,13.4,5.69,897,0.10445352821525987,env_mode,1.0.0,env_only,random_forest,0,,
903,51.016936,29.857172,0.1,0.1,5.0,4.0,15.0,16.0,53.0,53.0,135.0,136.0,63.0,63.0,143.0,7.4,5.92,898,0.10388850240127796,env_mode,1.0.0,env_only,random_forest,0,,
904,51.01694,29.85252,0.09,0.11,3.0,4.0,15.0,17.0,54.0,54.0,137.0,137.0,61.0,61.0,145.0,3.8,6.66,899,0.101960962873394,env_mode,1.0.0,env_only,random_forest,0,,
905,51.016923,29.838134,0.11,0.11,4.0,4.0,13.0,15.0,64.0,64.0,133.0,133.0,60.0,60.0,146.0,5.7,6.74,900,0.10031239766735894,env_mode,1.0.0,env_only,random_forest,0,,
906,51.01673,29.82278,0.1,0.1,4.0,4.0,13.0,15.0,69.0,69.0,129.0,130.0,60.0,59.0,153.0,5.0,6.71,901,0.09958383509542641,env_mode,1.0.0,env_only,random_forest,0,,
907,51.016923,29.809575,0.1,0.11,4.0,4.0,14.0,16.0,60.0,60.0,131.0,129.0,60.0,60.0,151.0,14.8,5.87,902,0.102130001450444,env_mode,1.0.0,env_only,random_forest,0,,
908,51.016936,29.795297,0.11,0.11,7.0,7.0,13.0,15.0,68.0,68.0,121.0,126.0,63.0,63.0,154.0,28.3,4.28,903,0.10420875467095596,env_mode,1.0.0,env_only,random_forest,0,,
909,51.01672,29.7806,0.09,0.1,5.0,5.0,14.0,15.0,69.0,69.0,129.0,130.0,63.0,63.0,132.0,10.1,6.81,904,0.10163657779882897,env_mode,1.0.0,env_only,random_forest,0,,
910,51.016923,29.766736,0.11,0.11,4.0,4.0,18.0,20.0,58.0,58.0,139.0,138.0,65.0,65.0,142.0,7.0,5.98,905,0.10260106856144292,env_mode,1.0.0,env_only,random_forest,0,,
911,51.017346,29.75464,0.1,0.11,3.0,3.0,18.0,20.0,53.0,53.0,137.0,135.0,65.0,65.0,151.0,4.4,6.39,906,0.10371000750265458,env_mode,1.0.0,env_only,random_forest,0,,
912,51.017546,29.740941,0.1,0.1,3.0,3.0,17.0,19.0,54.0,54.0,136.0,134.0,62.0,62.0,158.0,7.1,5.7,907,0.1025349344802092,env_mode,1.0.0,env_only,random_forest,0,,
913,51.016923,29.723898,0.1,0.11,3.0,3.0,16.0,18.0,63.0,62.0,134.0,132.0,62.0,62.0,162.0,3.0,6.6,908,0.10008341366642243,env_mode,1.0.0,env_only,random_forest,0,,
914,51.016923,29.709618,0.1,0.11,4.0,4.0,16.0,18.0,55.0,55.0,137.0,137.0,63.0,63.0,156.0,10.8,6.08,909,0.10238676014778338,env_mode,1.0.0,env_only,random_forest,0,,
915,51.016936,29.700103,0.11,0.11,3.0,4.0,16.0,17.0,55.0,55.0,138.0,137.0,62.0,62.0,161.0,15.2,5.24,910,0.10401456109504387,env_mode,1.0.0,env_only,random_forest,0,,
916,51.01699,29.69527,0.11,0.12,3.0,3.0,16.0,17.0,57.0,57.0,137.0,135.0,61.0,61.0,165.0,3.8,6.6,911,0.1020704161377189,env_mode,1.0.0,env_only,random_forest,0,,
917,51.016936,29.690585,0.1,0.11,3.0,3.0,15.0,16.0,56.0,57.0,137.0,136.0,58.0,59.0,167.0,6.4,5.73,912,0.10348052323358872,env_mode,1.0.0,env_only,random_forest,0,,
918,51.016936,29.685825,0.11,0.11,4.0,4.0,16.0,18.0,58.0,58.0,138.0,137.0,60.0,60.0,167.0,2.8,7.0,913,0.10212847606358393,env_mode,1.0.0,env_only,random_forest,0,,
919,51.016936,29.681065,0.11,0.12,4.0,4.0,17.0,18.0,57.0,56.0,136.0,135.0,60.0,60.0,167.0,6.4,6.09,914,0.10318823554134861,env_mode,1.0.0,env_only,random_forest,0,,
920,51.016936,29.666786,0.11,0.11,3.0,4.0,18.0,20.0,57.0,56.0,137.0,134.0,63.0,63.0,171.0,4.0,6.96,915,0.10460785656255599,env_mode,1.0.0,env_only,random_forest,0,,
921,51.016936,29.652507,0.1,0.11,3.0,3.0,14.0,15.0,59.0,58.0,140.0,138.0,61.0,61.0,173.0,12.3,5.44,916,0.1043594320129539,env_mode,1.0.0,env_only,random_forest,0,,
922,51.016923,29.63822,0.11,0.12,3.0,3.0,19.0,20.0,56.0,56.0,134.0,132.0,63.0,63.0,178.0,13.3,5.31,917,0.10619996182010259,env_mode,1.0.0,env_only,random_forest,0,,
923,51.016936,29.628709,0.12,0.13,3.0,4.0,18.0,20.0,57.0,57.0,133.0,132.0,63.0,63.0,173.0,7.5,5.73,918,0.10574832340109856,env_mode,1.0.0,env_only,random_forest,0,,
924,51.016936,29.62395,0.14,0.14,4.0,4.0,16.0,17.0,56.0,56.0,135.0,133.0,61.0,61.0,172.0,13.1,5.89,919,0.10730302302019035,env_mode,1.0.0,env_only,random_forest,0,,
925,51.017298,29.610322,0.1,0.12,4.0,4.0,17.0,19.0,56.0,55.0,137.0,135.0,61.0,61.0,171.0,6.8,5.95,920,0.10462386184717978,env_mode,1.0.0,env_only,random_forest,0,,
926,51.016923,29.595381,0.11,0.12,3.0,3.0,18.0,19.0,52.0,52.0,138.0,136.0,63.0,63.0,173.0,4.1,6.18,921,0.10722981896935639,env_mode,1.0.0,env_only,random_forest,0,,
927,51.016923,29.581102,0.1,0.11,4.0,4.0,18.0,20.0,63.0,63.0,135.0,134.0,62.0,62.0,170.0,9.1,5.6,922,0.10134097097934075,env_mode,1.0.0,env_only,random_forest,0,,
928,51.016936,29.566834,0.09,0.1,5.0,4.0,17.0,18.0,55.0,54.0,135.0,134.0,60.0,60.0,175.0,25.3,5.0,923,0.10416132264093596,env_mode,1.0.0,env_only,random_forest,0,,
929,51.016936,29.562074,0.1,0.1,5.0,4.0,18.0,19.0,55.0,55.0,135.0,134.0,60.0,60.0,171.0,10.1,5.28,924,0.1043515700252167,env_mode,1.0.0,env_only,random_forest,0,,
930,51.016936,29.552555,0.1,0.11,5.0,6.0,17.0,19.0,54.0,54.0,134.0,132.0,61.0,61.0,170.0,4.5,6.78,925,0.10230134475307961,env_mode,1.0.0,env_only,random_forest,0,,
931,51.016923,29.538263,0.11,0.11,5.0,5.0,14.0,15.0,52.0,52.0,132.0,131.0,64.0,64.0,181.0,15.8,4.92,926,0.10647952850436739,env_mode,1.0.0,env_only,random_forest,0,,
932,51.01683,29.52235,0.11,0.13,4.0,4.0,16.0,18.0,54.0,54.0,133.0,133.0,61.0,61.0,167.0,8.5,5.51,927,0.10383089758073066,env_mode,1.0.0,env_only,random_forest,0,,
933,51.016936,29.519238,0.1,0.11,4.0,4.0,17.0,19.0,56.0,56.0,137.0,135.0,61.0,61.0,167.0,4.6,6.88,928,0.10261804068368402,env_mode,1.0.0,env_only,random_forest,0,,
934,51.016936,29.514478,0.11,0.11,4.0,4.0,18.0,19.0,57.0,58.0,135.0,133.0,63.0,63.0,173.0,4.2,6.47,929,0.10473130723775806,env_mode,1.0.0,env_only,random_forest,0,,
935,51.01756,29.5101,0.1,0.11,5.0,5.0,19.0,21.0,55.0,54.0,132.0,129.0,62.0,62.0,167.0,3.8,6.98,930,0.10191719440637997,env_mode,1.0.0,env_only,random_forest,0,,
936,51.016936,29.494968,0.09,0.1,7.0,6.0,19.0,21.0,55.0,55.0,133.0,134.0,66.0,66.0,166.0,0.8,8.05,931,0.0986524748739718,env_mode,1.0.0,env_only,random_forest,0,,
937,51.01702,29.49104,0.09,0.1,5.0,4.0,18.0,19.0,57.0,56.0,133.0,131.0,64.0,64.0,169.0,4.6,6.97,932,0.10098050322445598,env_mode,1.0.0,env_only,random_forest,0,,
938,51.016923,29.481023,0.1,0.11,4.0,5.0,19.0,21.0,53.0,52.0,132.0,130.0,64.0,64.0,173.0,4.5,6.15,933,0.10538326189740965,env_mode,1.0.0,env_only,random_forest,0,,
939,51.016923,29.466865,0.11,1.12,3.0,4.0,19.0,21.0,59.0,59.0,133.0,132.0,64.0,64.0,170.0,17.3,5.4,934,0.10381409887279416,env_mode,1.0.0,env_only,random_forest,0,,
940,51.013938,29.514478,0.11,0.11,4.0,4.0,17.0,18.0,57.0,57.0,133.0,131.0,63.0,63.0,167.0,11.0,5.55,935,0.10371786818974761,env_mode,1.0.0,env_only,random_forest,0,,
941,51.013938,29.519238,0.1,0.1,4.0,4.0,16.0,18.0,56.0,56.0,133.0,132.0,60.0,60.0,177.0,31.6,4.16,936,0.10439992004485704,env_mode,1.0.0,env_only,random_forest,0,,
942,51.014408,29.523611,0.1,0.11,4.0,4.0,15.0,17.0,59.0,59.0,129.0,128.0,62.0,62.0,167.0,5.1,6.01,937,0.10273744423433658,env_mode,1.0.0,env_only,random_forest,0,,
943,51.013938,29.61919,0.09,0.11,4.0,4.0,17.0,19.0,63.0,62.0,138.0,137.0,59.0,59.0,168.0,8.3,5.9,938,0.1013915597282154,env_mode,1.0.0,env_only,random_forest,0,,
944,51.01434,29.62337,0.11,0.11,4.0,4.0,17.0,18.0,60.0,60.0,137.0,134.0,62.0,62.0,170.0,11.2,5.46,939,0.10327803141632315,env_mode,1.0.0,env_only,random_forest,0,,
945,51.013938,29.681065,0.11,0.12,4.0,3.0,19.0,20.0,57.0,57.0,137.0,136.0,61.0,61.0,172.0,4.0,6.38,940,0.10505525044441713,env_mode,1.0.0,env_only,random_forest,0,,
946,51.013938,29.685825,0.1,0.12,4.0,4.0,16.0,17.0,58.0,58.0,138.0,135.0,61.0,61.0,166.0,12.9,5.43,941,0.1033748421051093,env_mode,1.0.0,env_only,random_forest,0,,
947,51.013938,29.690585,0.11,0.11,4.0,4.0,16.0,17.0,57.0,57.0,138.0,136.0,60.0,60.0,162.0,9.6,5.64,942,0.10222785150036208,env_mode,1.0.0,env_only,random_forest,0,,
948,51.013938,29.695343,0.1,0.11,4.0,4.0,16.0,18.0,55.0,55.0,137.0,135.0,61.0,61.0,159.0,7.6,6.06,943,0.10227152802590903,env_mode,1.0.0,env_only,random_forest,0,,
949,51.01453,29.70056,0.09,0.11,4.0,4.0,15.0,17.0,57.0,56.0,137.0,135.0,62.0,62.0,156.0,10.1,5.78,944,0.10176389997081102,env_mode,1.0.0,env_only,random_forest,0,,
950,51.013938,29.852412,0.09,0.09,3.0,4.0,16.0,17.0,55.0,55.0,137.0,137.0,61.0,61.0,144.0,5.3,6.71,945,0.1021971405958999,env_mode,1.0.0,env_only,random_forest,0,,
951,51.013906,29.858363,0.1,0.1,5.0,5.0,15.0,16.0,53.0,53.0,132.0,132.0,61.0,61.0,145.0,6.9,5.82,946,0.10376683384142098,env_mode,1.0.0,env_only,random_forest,0,,
952,51.013938,29.861932,0.1,0.11,4.0,4.0,15.0,17.0,56.0,56.0,136.0,134.0,63.0,64.0,142.0,6.5,6.83,947,0.1027432545992093,env_mode,1.0.0,env_only,random_forest,0,,
953,51.013658,29.866167,0.09,0.1,3.0,3.0,15.0,17.0,57.0,56.0,136.0,138.0,63.0,63.0,143.0,6.6,5.84,948,0.10216531218404282,env_mode,1.0.0,env_only,random_forest,0,,
954,51.013938,29.933325,0.14,0.15,4.0,4.0,18.0,20.0,54.0,54.0,132.0,130.0,65.0,65.0,127.0,12.1,6.3,949,0.10585337689653335,env_mode,1.0.0,env_only,random_forest,0,,
955,51.013938,29.938085,0.13,0.15,4.0,4.0,18.0,20.0,53.0,53.0,131.0,130.0,66.0,66.0,127.0,33.0,4.41,950,0.10379398230537629,env_mode,1.0.0,env_only,random_forest,0,,
956,51.013938,29.942845,0.11,0.12,5.0,5.0,18.0,20.0,54.0,54.0,132.0,130.0,63.0,63.0,125.0,28.5,4.82,951,0.10547947280278028,env_mode,1.0.0,env_only,random_forest,0,,
957,51.01407,29.94808,0.1,0.12,4.0,4.0,17.0,19.0,54.0,53.0,134.0,135.0,64.0,64.0,127.0,15.2,5.64,952,0.10574476747838753,env_mode,1.0.0,env_only,random_forest,0,,
958,51.013938,30.023759,0.11,0.12,5.0,5.0,18.0,20.0,52.0,52.0,130.0,129.0,61.0,61.0,126.0,19.8,4.43,953,0.10530310754605478,env_mode,1.0.0,env_only,random_forest,0,,
959,51.013938,30.028519,0.12,0.12,4.0,4.0,19.0,20.0,57.0,58.0,136.0,137.0,61.0,61.0,127.0,13.0,5.44,954,0.1047139344508599,env_mode,1.0.0,env_only,random_forest,0,,
960,51.013938,30.033279,0.11,0.11,4.0,4.0,17.0,19.0,52.0,52.0,133.0,131.0,63.0,63.0,124.0,5.3,6.56,955,0.10662349613022169,env_mode,1.0.0,env_only,random_forest,0,,
961,51.013938,30.038037,0.1,0.12,4.0,4.0,19.0,20.0,50.0,50.0,132.0,131.0,66.0,66.0,117.0,19.4,5.28,956,0.10469837425494334,env_mode,1.0.0,env_only,random_forest,0,,
962,51.013938,30.042797,0.1,0.12,4.0,5.0,20.0,22.0,52.0,51.0,134.0,133.0,67.0,67.0,108.0,15.4,5.72,957,0.10333059837758121,env_mode,1.0.0,env_only,random_forest,0,,
963,51.010941,30.033279,0.1,0.11,5.0,5.0,19.0,20.0,45.0,45.0,131.0,131.0,66.0,66.0,108.0,36.2,4.57,958,0.10591529541127695,env_mode,1.0.0,env_only,random_forest,0,,
964,51.0116,30.02819,0.11,0.12,4.0,4.0,18.0,19.0,48.0,47.0,130.0,129.0,62.0,62.0,117.0,38.6,4.23,959,0.10576437328982667,env_mode,1.0.0,env_only,random_forest,0,,
965,51.010941,30.023759,0.11,0.12,5.0,4.0,18.0,20.0,49.0,49.0,131.0,131.0,61.0,61.0,110.0,4.2,7.61,960,0.10791677241861039,env_mode,1.0.0,env_only,random_forest,0,,
966,51.010941,30.018999,0.11,0.12,5.0,5.0,18.0,20.0,53.0,52.0,132.0,131.0,61.0,61.0,112.0,23.5,5.08,961,0.10639972770809669,env_mode,1.0.0,env_only,random_forest,0,,
967,51.010941,29.86669,0.1,0.1,3.0,3.0,15.0,17.0,59.0,59.0,135.0,136.0,63.0,63.0,143.0,1.5,8.02,962,0.10120227275730223,env_mode,1.0.0,env_only,random_forest,0,,
968,51.011303,29.862756,0.1,0.1,3.0,3.0,15.0,17.0,59.0,58.0,137.0,138.0,63.0,63.0,144.0,6.4,6.01,963,0.10141820855797724,env_mode,1.0.0,env_only,random_forest,0,,
969,51.01114,29.85768,0.11,0.11,4.0,4.0,16.0,18.0,55.0,55.0,136.0,135.0,62.0,62.0,144.0,9.3,6.37,964,0.10269900580384106,env_mode,1.0.0,env_only,random_forest,0,,
970,51.01099,29.85152,0.09,0.09,3.0,4.0,16.0,17.0,57.0,57.0,134.0,133.0,63.0,64.0,146.0,4.2,6.27,965,0.10086744054709934,env_mode,1.0.0,env_only,random_forest,0,,
971,51.0105,29.77162,0.11,0.11,4.0,4.0,17.0,18.0,63.0,63.0,133.0,132.0,64.0,64.0,138.0,11.1,6.0,966,0.10154594504887603,env_mode,1.0.0,env_only,random_forest,0,,
972,51.010941,29.766738,0.09,0.09,4.0,4.0,16.0,18.0,62.0,62.0,136.0,135.0,64.0,64.0,141.0,10.1,5.67,967,0.10014252553883306,env_mode,1.0.0,env_only,random_forest,0,,
973,51.010941,29.700103,0.1,0.1,5.0,4.0,15.0,17.0,53.0,53.0,135.0,133.0,62.0,61.0,157.0,9.3,6.21,968,0.1034743026551742,env_mode,1.0.0,env_only,random_forest,0,,
974,51.010941,29.695343,0.09,0.11,5.0,5.0,16.0,18.0,54.0,53.0,134.0,134.0,63.0,63.0,159.0,3.4,7.48,969,0.1017986053542654,env_mode,1.0.0,env_only,random_forest,0,,
975,51.010941,29.690585,0.09,0.1,5.0,4.0,16.0,18.0,55.0,54.0,137.0,135.0,62.0,62.0,162.0,10.4,5.93,970,0.1022903075656684,env_mode,1.0.0,env_only,random_forest,0,,
976,51.010941,29.685825,0.1,0.1,5.0,4.0,16.0,18.0,51.0,52.0,137.0,136.0,62.0,63.0,167.0,3.9,6.7,971,0.10662380293520812,env_mode,1.0.0,env_only,random_forest,0,,
977,51.010941,29.681065,0.11,0.12,4.0,4.0,18.0,20.0,54.0,54.0,139.0,138.0,63.0,62.0,173.0,13.9,5.35,972,0.10645287457633848,env_mode,1.0.0,env_only,random_forest,0,,
978,51.011283,29.61909,0.11,0.13,4.0,4.0,16.0,17.0,65.0,65.0,135.0,134.0,61.0,61.0,169.0,3.6,6.3,973,0.10160015758531388,env_mode,1.0.0,env_only,random_forest,0,,
979,51.010941,29.523996,0.1,0.11,4.0,4.0,15.0,17.0,59.0,59.0,129.0,129.0,61.0,61.0,165.0,20.7,4.99,974,0.10330774487126425,env_mode,1.0.0,env_only,random_forest,0,,
980,51.010941,29.519238,0.11,0.12,4.0,4.0,14.0,15.0,58.0,58.0,129.0,130.0,61.0,61.0,168.0,17.5,5.39,975,0.1042168452545101,env_mode,1.0.0,env_only,random_forest,0,,
981,51.008519,29.467638,0.11,0.11,4.0,4.0,17.0,19.0,57.0,57.0,138.0,137.0,64.0,64.0,168.0,7.1,6.66,976,0.10269203665198408,env_mode,1.0.0,env_only,random_forest,0,,
982,51.008519,29.481917,0.1,0.12,3.0,3.0,18.0,19.0,52.0,53.0,138.0,137.0,70.0,71.0,173.0,5.4,6.03,977,0.10446880586576493,env_mode,1.0.0,env_only,random_forest,0,,
983,51.00793,29.495424,0.1,0.11,4.0,4.0,18.0,20.0,54.0,54.0,133.0,135.0,64.0,64.0,169.0,1.0,8.52,978,0.10191280801932037,env_mode,1.0.0,env_only,random_forest,0,,
984,51.007943,29.509718,0.1,0.12,4.0,4.0,15.0,17.0,54.0,54.0,128.0,126.0,63.0,63.0,164.0,3.8,6.89,979,0.10234223005514992,env_mode,1.0.0,env_only,random_forest,0,,
985,51.00804,29.52415,0.1,0.11,4.0,4.0,15.0,17.0,57.0,57.0,131.0,133.0,62.0,61.0,161.0,9.4,6.3,980,0.10205071868251055,env_mode,1.0.0,env_only,random_forest,0,,
986,51.008532,29.539049,0.1,0.12,7.0,7.0,16.0,19.0,52.0,52.0,129.0,130.0,63.0,62.0,165.0,3.3,7.55,981,0.10319786823588807,env_mode,1.0.0,env_only,random_forest,0,,
987,51.008519,29.553315,0.1,0.11,5.0,5.0,14.0,15.0,54.0,53.0,129.0,129.0,63.0,63.0,174.0,7.0,6.17,982,0.10442730595790868,env_mode,1.0.0,env_only,random_forest,0,,
988,51.007943,29.566834,0.11,0.11,4.0,4.0,16.0,18.0,60.0,60.0,136.0,134.0,63.0,63.0,166.0,4.3,6.6,983,0.10160968446162452,env_mode,1.0.0,env_only,random_forest,0,,
989,51.00793,29.581102,0.11,0.12,5.0,4.0,13.0,14.0,66.0,65.0,132.0,132.0,60.0,60.0,170.0,17.9,5.01,984,0.10299876610635572,env_mode,1.0.0,env_only,random_forest,0,,
990,51.00793,29.595381,0.11,0.12,5.0,5.0,15.0,16.0,65.0,65.0,128.0,128.0,58.0,58.0,175.0,5.9,6.02,985,0.10517379796399919,env_mode,1.0.0,env_only,random_forest,0,,
991,51.00793,29.609661,0.1,0.11,3.0,4.0,15.0,16.0,65.0,65.0,141.0,139.0,59.0,59.0,169.0,5.5,6.37,986,0.10185050708784868,env_mode,1.0.0,env_only,random_forest,0,,
992,51.00793,29.62394,0.1,0.1,3.0,4.0,14.0,15.0,66.0,66.0,135.0,134.0,62.0,62.0,171.0,14.7,4.86,987,0.1025761496787615,env_mode,1.0.0,env_only,random_forest,0,,
993,51.00793,29.63822,0.11,0.12,3.0,3.0,18.0,19.0,51.0,51.0,136.0,135.0,65.0,65.0,178.0,9.1,5.75,988,0.10774129350622429,env_mode,1.0.0,env_only,random_forest,0,,
994,51.00793,29.6525,0.12,0.12,4.0,4.0,18.0,19.0,50.0,50.0,136.0,134.0,63.0,63.0,177.0,5.9,6.11,989,0.1087915235802546,env_mode,1.0.0,env_only,random_forest,0,,
995,51.00793,29.666779,0.11,0.12,3.0,3.0,19.0,21.0,57.0,57.0,139.0,137.0,62.0,62.0,175.0,3.6,6.44,990,0.10555656340009242,env_mode,1.0.0,env_only,random_forest,0,,
996,51.007943,29.681065,0.1,0.11,5.0,5.0,18.0,19.0,52.0,52.0,135.0,134.0,62.0,62.0,173.0,5.5,6.41,991,0.10547169413804976,env_mode,1.0.0,env_only,random_forest,0,,
997,51.007943,29.690585,0.11,0.12,4.0,4.0,15.0,17.0,55.0,56.0,139.0,137.0,60.0,60.0,166.0,11.5,5.58,992,0.1040763816096234,env_mode,1.0.0,env_only,random_forest,0,,
998,51.00793,29.695338,0.11,0.11,5.0,5.0,17.0,18.0,56.0,56.0,134.0,133.0,62.0,62.0,160.0,11.0,5.52,993,0.1028313850815827,env_mode,1.0.0,env_only,random_forest,0,,
999,51.007943,29.700103,0.1,0.11,5.0,4.0,16.0,18.0,50.0,49.0,139.0,137.0,62.0,62.0,159.0,15.9,5.87,994,0.105783315277237,env_mode,1.0.0,env_only,random_forest,0,,
1000,51.00793,29.709618,0.11,0.11,3.0,4.0,18.0,19.0,53.0,52.0,137.0,135.0,62.0,62.0,165.0,7.2,5.95,995,0.10473299531693549,env_mode,1.0.0,env_only,random_forest,0,,
1001,51.007465,29.722611,0.1,0.12,4.0,4.0,16.0,18.0,59.0,59.0,135.0,134.0,60.0,60.0,163.0,7.4,5.48,996,0.10203049647105791,env_mode,1.0.0,env_only,random_forest,0,,
1002,51.00793,29.738177,0.11,0.12,3.0,3.0,18.0,20.0,49.0,48.0,136.0,134.0,62.0,62.0,159.0,10.2,5.5,997,0.10611105672179279,env_mode,1.0.0,env_only,random_forest,0,,
1003,51.00793,29.752457,0.13,0.13,3.0,4.0,17.0,19.0,49.0,49.0,137.0,135.0,65.0,65.0,148.0,20.2,5.44,998,0.10841753098749601,env_mode,1.0.0,env_only,random_forest,0,,
1004,51.007364,29.767877,0.1,0.12,4.0,4.0,17.0,19.0,61.0,60.0,138.0,136.0,63.0,63.0,140.0,15.7,5.99,999,0.10184799665999753,env_mode,1.0.0,env_only,random_forest,0,,
1005,51.008,29.77188,0.09,0.1,4.0,4.0,17.0,19.0,64.0,63.0,136.0,135.0,64.0,64.0,140.0,7.5,6.37,1000,0.09977551360434987,env_mode,1.0.0,env_only,random_forest,0,,
1006,51.007943,29.776258,0.09,0.09,4.0,4.0,15.0,16.0,67.0,66.0,133.0,132.0,63.0,63.0,141.0,15.0,5.46,1001,0.10077035539965733,env_mode,1.0.0,env_only,random_forest,0,,
1007,51.007643,29.781017,0.09,0.1,4.0,4.0,16.0,18.0,67.0,67.0,134.0,133.0,64.0,64.0,139.0,12.4,5.13,1002,0.10075673872082659,env_mode,1.0.0,env_only,random_forest,0,,
1008,51.008657,29.795361,0.1,0.12,5.0,5.0,15.0,17.0,65.0,65.0,132.0,130.0,63.0,63.0,136.0,30.5,4.72,1003,0.10375234019735469,env_mode,1.0.0,env_only,random_forest,0,,
1009,51.00793,29.809575,0.1,0.1,5.0,5.0,14.0,15.0,71.0,71.0,129.0,129.0,60.0,60.0,152.0,13.2,5.64,1004,0.10204727659732543,env_mode,1.0.0,env_only,random_forest,0,,
1010,51.009015,29.824177,0.1,0.11,4.0,4.0,13.0,15.0,72.0,71.0,129.0,129.0,60.0,60.0,161.0,8.9,6.12,1005,0.10077086953543125,env_mode,1.0.0,env_only,random_forest,0,,
1011,51.008716,29.838066,0.1,0.1,4.0,4.0,14.0,16.0,68.0,68.0,134.0,134.0,60.0,60.0,147.0,6.9,6.6,1006,0.09898566470798666,env_mode,1.0.0,env_only,random_forest,0,,
1012,51.007943,29.852412,0.1,0.1,3.0,4.0,16.0,17.0,52.0,52.0,138.0,139.0,62.0,62.0,147.0,4.9,6.32,1007,0.10472119814431322,env_mode,1.0.0,env_only,random_forest,0,,
1013,51.007943,29.857172,0.11,0.11,3.0,4.0,17.0,18.0,55.0,55.0,137.0,139.0,62.0,62.0,148.0,13.5,5.57,1008,0.10381224550317815,env_mode,1.0.0,env_only,random_forest,0,,
1014,51.007943,29.861932,0.1,0.12,3.0,3.0,16.0,18.0,54.0,54.0,135.0,135.0,63.0,63.0,145.0,4.7,6.27,1009,0.10245005975219533,env_mode,1.0.0,env_only,random_forest,0,,
1015,51.0079,29.86667,0.11,0.11,4.0,3.0,15.0,17.0,59.0,58.0,135.0,136.0,63.0,63.0,145.0,5.3,6.17,1010,0.10151587822044153,env_mode,1.0.0,env_only,random_forest,0,,
1016,51.007943,29.87145,0.11,0.11,4.0,4.0,16.0,17.0,60.0,60.0,133.0,131.0,63.0,63.0,143.0,10.1,5.42,1011,0.10211148058035845,env_mode,1.0.0,env_only,random_forest,0,,
1017,51.00793,29.880973,0.11,0.12,3.0,3.0,17.0,18.0,59.0,58.0,136.0,135.0,63.0,63.0,142.0,4.6,6.13,1012,0.10228325852757558,env_mode,1.0.0,env_only,random_forest,0,,
1018,51.007943,29.895249,0.12,0.12,4.0,4.0,18.0,20.0,58.0,57.0,134.0,134.0,61.0,61.0,137.0,5.5,6.58,1013,0.10312143843263756,env_mode,1.0.0,env_only,random_forest,0,,
1019,51.00793,29.909532,0.11,0.12,4.0,4.0,19.0,20.0,51.0,50.0,133.0,132.0,61.0,61.0,135.0,0.5,8.21,1014,0.10882349434733515,env_mode,1.0.0,env_only,random_forest,0,,
1020,51.00793,29.923812,0.12,0.13,3.0,3.0,18.0,20.0,52.0,52.0,128.0,126.0,65.0,65.0,133.0,13.1,5.64,1015,0.10669130179588086,env_mode,1.0.0,env_only,random_forest,0,,
1021,51.007943,29.938085,0.12,0.13,5.0,5.0,18.0,20.0,49.0,49.0,129.0,128.0,65.0,65.0,132.0,13.3,6.05,1016,0.10762079487518086,env_mode,1.0.0,env_only,random_forest,0,,
1022,51.00832,29.95249,0.12,0.12,4.0,4.0,18.0,19.0,54.0,53.0,135.0,136.0,70.0,71.0,137.0,2.5,6.67,1017,0.10379879215495635,env_mode,1.0.0,env_only,random_forest,0,,
1023,51.00793,29.966651,0.11,0.11,5.0,4.0,19.0,21.0,53.0,53.0,134.0,134.0,65.0,65.0,134.0,7.2,6.12,1018,0.10507316983360823,env_mode,1.0.0,env_only,random_forest,0,,
1024,51.00793,29.98093,0.1,0.12,4.0,5.0,17.0,19.0,53.0,52.0,132.0,132.0,64.0,64.0,136.0,12.2,5.71,1019,0.1059996115375383,env_mode,1.0.0,env_only,random_forest,0,,
1025,51.00722,29.994679,0.11,0.12,4.0,4.0,20.0,21.0,47.0,47.0,136.0,135.0,65.0,65.0,134.0,3.4,6.38,1020,0.10936132193085171,env_mode,1.0.0,env_only,random_forest,0,,
1026,51.00793,30.00949,0.12,0.12,5.0,5.0,19.0,20.0,53.0,53.0,132.0,131.0,64.0,64.0,126.0,14.8,5.26,1021,0.10618898044047816,env_mode,1.0.0,env_only,random_forest,0,,
1027,51.007943,30.01424,0.11,0.12,5.0,5.0,19.0,20.0,52.0,52.0,131.0,129.0,63.0,63.0,125.0,7.7,5.91,1022,0.10453064481260169,env_mode,1.0.0,env_only,random_forest,0,,
1028,51.0072,30.01928,0.11,0.12,5.0,5.0,19.0,20.0,43.0,43.0,131.0,130.0,63.0,63.0,130.0,14.0,5.13,1023,0.10696995104826924,env_mode,1.0.0,env_only,random_forest,0,,
1029,51.00795,30.02355,0.12,0.13,5.0,4.0,19.0,21.0,46.0,45.0,133.0,131.0,63.0,63.0,123.0,18.1,4.68,1024,0.10717354058563806,env_mode,1.0.0,env_only,random_forest,0,,
1030,51.008797,30.037393,0.11,0.12,5.0,5.0,20.0,21.0,44.0,44.0,128.0,129.0,67.0,67.0,107.0,1.6,7.21,1025,0.1045928388612651,env_mode,1.0.0,env_only,random_forest,0,,
1031,51.008301,30.051307,0.12,0.12,8.0,8.0,18.0,19.0,39.0,39.0,125.0,124.0,69.0,68.0,106.0,4.1,6.39,1026,0.10896491708124312,env_mode,1.0.0,env_only,random_forest,0,,
1032,51.00793,30.066608,0.1,0.12,8.0,8.0,16.0,17.0,37.0,37.0,124.0,123.0,71.0,71.0,107.0,3.6,7.53,1027,0.108032899107682,env_mode,1.0.0,env_only,random_forest,0,,
1033,51.004945,30.00948,0.11,0.11,5.0,5.0,19.0,20.0,49.0,48.0,130.0,130.0,63.0,62.0,132.0,12.5,5.2,1028,0.10733049058001634,env_mode,1.0.0,env_only,random_forest,0,,
1034,51.00467,30.00338,0.11,0.12,4.0,4.0,20.0,21.0,50.0,49.0,133.0,132.0,61.0,61.0,132.0,4.5,5.93,1029,0.10912478102946782,env_mode,1.0.0,env_only,random_forest,0,,
1035,51.004945,29.999961,0.11,0.13,4.0,4.0,18.0,19.0,51.0,51.0,134.0,133.0,61.0,60.0,131.0,4.2,6.3,1030,0.1088864885698884,env_mode,1.0.0,env_only,random_forest,0,,
1036,51.004945,29.86669,0.1,0.11,3.0,4.0,16.0,18.0,59.0,59.0,137.0,139.0,61.0,61.0,144.0,6.2,6.41,1031,0.10162117284842107,env_mode,1.0.0,env_only,random_forest,0,,
1037,51.004945,29.861932,0.1,0.1,4.0,4.0,16.0,17.0,54.0,53.0,134.0,135.0,64.0,64.0,146.0,8.4,6.03,1032,0.10287149837230095,env_mode,1.0.0,env_only,random_forest,0,,
1038,51.0051,29.79124,0.09,0.1,5.0,5.0,16.0,17.0,60.0,60.0,134.0,133.0,64.0,64.0,130.0,23.8,4.56,1033,0.1038446488724586,env_mode,1.0.0,env_only,random_forest,0,,
1039,51.004945,29.785777,0.09,0.09,4.0,5.0,16.0,18.0,62.0,62.0,134.0,132.0,65.0,65.0,129.0,21.4,5.19,1034,0.1030143168484084,env_mode,1.0.0,env_only,random_forest,0,,
1040,51.004945,29.781017,0.09,0.1,3.0,3.0,17.0,19.0,63.0,63.0,138.0,137.0,63.0,63.0,133.0,12.0,5.71,1035,0.10134678664077028,env_mode,1.0.0,env_only,random_forest,0,,
1041,51.004945,29.776258,0.09,0.09,3.0,3.0,16.0,17.0,63.0,63.0,138.0,137.0,63.0,63.0,139.0,11.3,5.76,1036,0.10129236644793785,env_mode,1.0.0,env_only,random_forest,0,,
1042,51.004945,29.771498,0.1,0.1,4.0,4.0,16.0,18.0,63.0,62.0,137.0,136.0,63.0,63.0,145.0,7.9,5.87,1037,0.09979768829423868,env_mode,1.0.0,env_only,random_forest,0,,
1043,51.004945,29.695343,0.09,0.1,3.0,4.0,16.0,18.0,56.0,55.0,137.0,135.0,62.0,62.0,163.0,20.7,4.56,1038,0.1030935733222507,env_mode,1.0.0,env_only,random_forest,0,,
1044,51.004945,29.690585,0.1,0.11,3.0,4.0,17.0,18.0,58.0,58.0,137.0,137.0,61.0,61.0,168.0,6.1,6.07,1039,0.10289624370167107,env_mode,1.0.0,env_only,random_forest,0,,
1045,51.00512,29.52823,0.09,0.1,4.0,4.0,16.0,17.0,60.0,60.0,129.0,129.0,64.0,64.0,166.0,3.8,6.18,1040,0.10131020175062168,env_mode,1.0.0,env_only,random_forest,0,,
1046,51.004945,29.523996,0.11,0.11,4.0,5.0,14.0,16.0,59.0,59.0,131.0,133.0,63.0,63.0,160.0,8.9,6.64,1041,0.10150525928663044,env_mode,1.0.0,env_only,random_forest,0,,
1047,51.001948,29.528756,0.1,0.1,4.0,4.0,15.0,17.0,63.0,63.0,133.0,133.0,63.0,63.0,167.0,16.1,5.33,1042,0.10171829106364928,env_mode,1.0.0,env_only,random_forest,0,,
1048,51.001948,29.690585,0.1,0.12,4.0,4.0,16.0,18.0,60.0,61.0,137.0,135.0,61.0,61.0,166.0,4.8,7.01,1043,0.10111992115607572,env_mode,1.0.0,env_only,random_forest,0,,
1049,51.001948,29.695343,0.09,0.12,3.0,4.0,16.0,18.0,59.0,58.0,138.0,137.0,62.0,62.0,163.0,8.3,6.2,1044,0.10181606450089416,env_mode,1.0.0,env_only,random_forest,0,,
1050,51.001948,29.761979,0.1,0.11,3.0,3.0,17.0,19.0,55.0,55.0,137.0,136.0,64.0,64.0,151.0,3.6,6.78,1045,0.10198093217084245,env_mode,1.0.0,env_only,random_forest,0,,
1051,51.00217,29.76751,0.11,0.12,3.0,3.0,16.0,18.0,56.0,56.0,139.0,139.0,62.0,62.0,148.0,14.8,5.37,1046,0.10388051871583444,env_mode,1.0.0,env_only,random_forest,0,,
1052,51.0021,29.771123,0.12,0.12,3.0,3.0,16.0,18.0,55.0,55.0,137.0,136.0,63.0,63.0,146.0,17.1,5.4,1047,0.10374865058969474,env_mode,1.0.0,env_only,random_forest,0,,
1053,51.00212,29.77548,0.11,0.11,3.0,3.0,16.0,18.0,58.0,57.0,139.0,138.0,63.0,63.0,136.0,25.5,5.03,1048,0.10406183915844656,env_mode,1.0.0,env_only,random_forest,0,,
1054,50.998937,30.052328,0.11,0.12,11.0,11.0,18.0,19.0,38.0,38.0,130.0,129.0,69.0,69.0,107.0,0.8,7.86,1049,0.10908728328190542,env_mode,1.0.0,env_only,random_forest,0,,
1055,50.998951,30.038037,0.11,0.12,13.0,14.0,21.0,23.0,33.0,33.0,131.0,130.0,69.0,69.0,107.0,0.7,9.57,1050,0.1049830452770311,env_mode,1.0.0,env_only,random_forest,0,,
1056,50.998821,30.021785,0.12,0.12,9.0,9.0,19.0,20.0,37.0,37.0,122.0,121.0,67.0,67.0,107.0,2.3,6.84,1051,0.10846522363552409,env_mode,1.0.0,env_only,random_forest,0,,
1057,50.998937,30.00949,0.11,0.12,10.0,10.0,19.0,20.0,47.0,47.0,128.0,127.0,66.0,66.0,107.0,2.0,7.79,1052,0.10727839737122034,env_mode,1.0.0,env_only,random_forest,0,,
1058,50.998937,29.99521,0.11,0.11,5.0,5.0,19.0,20.0,54.0,54.0,133.0,132.0,64.0,64.0,125.0,36.5,4.2,1053,0.10428849498527265,env_mode,1.0.0,env_only,random_forest,0,,
1059,50.999293,29.979913,0.11,0.12,7.0,6.0,15.0,17.0,51.0,51.0,127.0,127.0,56.0,56.0,138.0,17.4,5.15,1054,0.11194471843238606,env_mode,1.0.0,env_only,random_forest,0,,
1060,50.998937,29.966651,0.11,0.13,4.0,4.0,18.0,20.0,49.0,49.0,131.0,132.0,62.0,62.0,136.0,12.7,5.55,1055,0.10755448445901658,env_mode,1.0.0,env_only,random_forest,0,,
1061,50.998937,29.952371,0.12,0.12,5.0,5.0,18.0,20.0,46.0,45.0,130.0,129.0,66.0,66.0,135.0,3.8,6.85,1056,0.10315123060315451,env_mode,1.0.0,env_only,random_forest,0,,
1062,50.998937,29.938092,0.12,0.13,5.0,5.0,13.0,14.0,57.0,57.0,130.0,130.0,58.0,58.0,143.0,13.5,5.76,1057,0.10660997846581663,env_mode,1.0.0,env_only,random_forest,0,,
1063,50.998937,29.923812,0.11,0.12,3.0,4.0,19.0,21.0,50.0,49.0,131.0,130.0,61.0,61.0,134.0,9.3,5.91,1058,0.1068373074734064,env_mode,1.0.0,env_only,random_forest,0,,
1064,50.998937,29.909532,0.11,0.12,4.0,4.0,20.0,21.0,47.0,47.0,132.0,132.0,64.0,64.0,138.0,4.4,6.46,1059,0.1078126484982628,env_mode,1.0.0,env_only,random_forest,0,,
1065,50.998937,29.895253,0.11,0.11,4.0,4.0,20.0,21.0,46.0,46.0,133.0,135.0,65.0,65.0,140.0,1.6,7.92,1060,0.10762707339150239,env_mode,1.0.0,env_only,random_forest,0,,
1066,50.998937,29.880973,0.11,0.11,4.0,4.0,18.0,19.0,55.0,54.0,135.0,134.0,63.0,63.0,142.0,4.7,6.63,1061,0.10346976907345175,env_mode,1.0.0,env_only,random_forest,0,,
1067,50.998937,29.866694,0.1,0.11,3.0,4.0,17.0,18.0,60.0,61.0,138.0,138.0,63.0,63.0,147.0,7.2,5.83,1062,0.10058052613836335,env_mode,1.0.0,env_only,random_forest,0,,
1068,50.998937,29.852414,0.11,0.11,5.0,4.0,15.0,16.0,59.0,60.0,136.0,134.0,62.0,62.0,149.0,7.3,6.13,1063,0.10151554567437,env_mode,1.0.0,env_only,random_forest,0,,
1069,50.999076,29.8409,0.11,0.12,5.0,5.0,13.0,15.0,67.0,67.0,123.0,122.0,60.0,60.0,163.0,27.4,4.38,1064,0.1042359754260195,env_mode,1.0.0,env_only,random_forest,0,,
1070,50.998937,29.823855,0.1,0.12,4.0,4.0,16.0,18.0,61.0,61.0,130.0,130.0,61.0,61.0,145.0,19.7,4.77,1065,0.1019625522394738,env_mode,1.0.0,env_only,random_forest,0,,
1071,50.998937,29.809575,0.1,0.11,5.0,5.0,18.0,20.0,62.0,62.0,134.0,135.0,61.0,61.0,125.0,8.4,5.8,1066,0.10200908262593125,env_mode,1.0.0,env_only,random_forest,0,,
1072,50.998937,29.795296,0.1,0.13,4.0,4.0,19.0,21.0,61.0,61.0,134.0,132.0,63.0,63.0,135.0,14.4,5.07,1067,0.10197491954955443,env_mode,1.0.0,env_only,random_forest,0,,
1073,50.998937,29.781016,0.11,0.11,4.0,4.0,19.0,20.0,57.0,57.0,138.0,138.0,63.0,62.0,143.0,27.8,4.57,1068,0.10274891205001678,env_mode,1.0.0,env_only,random_forest,0,,
1074,50.998951,29.771498,0.1,0.12,4.0,4.0,16.0,17.0,57.0,56.0,137.0,136.0,64.0,64.0,138.0,19.9,5.33,1069,0.10352973620276536,env_mode,1.0.0,env_only,random_forest,0,,
1075,50.99842,29.76682,0.11,0.12,3.0,3.0,16.0,18.0,57.0,56.0,137.0,135.0,64.0,64.0,146.0,10.9,5.68,1070,0.10190561880460765,env_mode,1.0.0,env_only,random_forest,0,,
1076,50.998951,29.761979,0.1,0.11,3.0,3.0,16.0,17.0,58.0,58.0,136.0,135.0,62.0,62.0,152.0,9.7,5.91,1071,0.1015602511553877,env_mode,1.0.0,env_only,random_forest,0,,
1077,50.998937,29.752457,0.11,0.11,4.0,3.0,16.0,18.0,53.0,52.0,137.0,135.0,61.0,62.0,159.0,7.8,5.82,1072,0.10404640917794128,env_mode,1.0.0,env_only,random_forest,0,,
1078,50.998937,29.738177,0.1,0.11,3.0,4.0,17.0,19.0,52.0,52.0,138.0,136.0,62.0,61.0,162.0,8.5,5.79,1073,0.1047054830881362,env_mode,1.0.0,env_only,random_forest,0,,
1079,50.998937,29.723898,0.11,0.11,4.0,4.0,16.0,17.0,61.0,60.0,137.0,137.0,57.0,57.0,165.0,6.6,6.07,1074,0.10316149673586766,env_mode,1.0.0,env_only,random_forest,0,,
1080,50.998937,29.709618,0.1,0.11,4.0,4.0,16.0,18.0,59.0,58.0,139.0,139.0,60.0,60.0,168.0,7.9,5.75,1075,0.10304127495643474,env_mode,1.0.0,env_only,random_forest,0,,
1081,50.998937,29.695338,0.11,0.11,5.0,5.0,16.0,17.0,68.0,68.0,134.0,132.0,57.0,57.0,165.0,22.6,5.45,1076,0.1055753092808126,env_mode,1.0.0,env_only,random_forest,0,,
1082,50.998937,29.681059,0.1,0.12,3.0,4.0,20.0,22.0,57.0,56.0,137.0,135.0,61.0,61.0,170.0,1.8,7.23,1077,0.10188033425734624,env_mode,1.0.0,env_only,random_forest,0,,
1083,50.998937,29.666779,0.11,0.12,4.0,4.0,18.0,19.0,55.0,54.0,138.0,135.0,61.0,61.0,173.0,6.3,6.23,1078,0.10477238627494517,env_mode,1.0.0,env_only,random_forest,0,,
1084,50.998937,29.6525,0.11,0.11,3.0,4.0,19.0,20.0,56.0,56.0,137.0,136.0,61.0,61.0,174.0,5.2,6.36,1079,0.10525356944523824,env_mode,1.0.0,env_only,random_forest,0,,
1085,50.998937,29.63822,0.11,0.12,3.0,3.0,15.0,16.0,69.0,69.0,134.0,132.0,61.0,61.0,174.0,11.4,5.99,1080,0.10163700596849255,env_mode,1.0.0,env_only,random_forest,0,,
1086,50.998937,29.62394,0.11,0.12,5.0,5.0,16.0,17.0,68.0,68.0,131.0,132.0,60.0,60.0,170.0,32.0,4.41,1081,0.1037502971875209,env_mode,1.0.0,env_only,random_forest,0,,
1087,50.998937,29.609661,0.11,0.12,4.0,4.0,16.0,18.0,57.0,57.0,138.0,138.0,60.0,60.0,172.0,3.0,7.18,1082,0.1041938526891095,env_mode,1.0.0,env_only,random_forest,0,,
1088,50.998937,29.595381,0.1,0.11,4.0,4.0,17.0,18.0,55.0,55.0,132.0,131.0,64.0,64.0,168.0,9.3,6.02,1083,0.10353095787208359,env_mode,1.0.0,env_only,random_forest,0,,
1089,50.998937,29.581102,0.1,0.1,4.0,4.0,14.0,16.0,68.0,68.0,137.0,136.0,61.0,61.0,168.0,17.1,4.98,1084,0.101778853272434,env_mode,1.0.0,env_only,random_forest,0,,
1090,50.998937,29.566822,0.1,0.1,4.0,4.0,14.0,15.0,68.0,69.0,133.0,134.0,59.0,59.0,166.0,10.9,6.57,1085,0.10071880626767217,env_mode,1.0.0,env_only,random_forest,0,,
1091,50.998937,29.552542,0.09,0.1,3.0,4.0,14.0,16.0,67.0,68.0,137.0,137.0,59.0,59.0,166.0,5.2,6.55,1086,0.09934825760401184,env_mode,1.0.0,env_only,random_forest,0,,
1092,50.998937,29.53774,0.09,0.09,3.0,4.0,15.0,17.0,71.0,71.0,135.0,135.0,60.0,60.0,166.0,7.4,6.27,1087,0.0996468546618749,env_mode,1.0.0,env_only,random_forest,0,,
1093,50.99902,29.52905,0.1,0.11,4.0,4.0,16.0,17.0,68.0,68.0,135.0,136.0,62.0,62.0,160.0,22.5,4.89,1088,0.10101391990871474,env_mode,1.0.0,env_only,random_forest,0,,
1094,50.998937,29.523983,0.11,0.11,4.0,5.0,14.0,15.0,62.0,62.0,130.0,131.0,61.0,61.0,168.0,45.0,4.14,1089,0.10303442884159585,env_mode,1.0.0,env_only,random_forest,0,,
1095,50.998937,29.509704,0.11,0.11,3.0,4.0,19.0,21.0,60.0,60.0,133.0,132.0,62.0,62.0,163.0,21.4,4.97,1090,0.1027768938240753,env_mode,1.0.0,env_only,random_forest,0,,
1096,50.998937,29.495424,0.1,0.11,5.0,5.0,18.0,20.0,51.0,50.0,132.0,131.0,65.0,65.0,165.0,1.2,8.33,1091,0.10534246181183547,env_mode,1.0.0,env_only,random_forest,0,,
1097,50.998951,29.48116,0.1,0.12,4.0,4.0,17.0,19.0,57.0,57.0,133.0,135.0,70.0,70.0,172.0,6.9,6.06,1092,0.10318264211456565,env_mode,1.0.0,env_only,random_forest,0,,
1098,50.998897,29.467799,0.11,0.12,4.0,4.0,17.0,19.0,64.0,64.0,135.0,134.0,63.0,63.0,164.0,23.1,4.37,1093,0.10202488641645642,env_mode,1.0.0,env_only,random_forest,0,,
1099,50.99654,29.53423,0.1,0.1,4.0,4.0,13.0,14.0,69.0,70.0,132.0,133.0,59.0,59.0,169.0,45.0,3.79,1094,0.10442527384984034,env_mode,1.0.0,env_only,random_forest,0,,
1100,50.99592,29.75746,0.11,0.11,3.0,3.0,15.0,17.0,59.0,59.0,141.0,140.0,62.0,62.0,153.0,41.9,3.77,1095,0.10326130679488933,env_mode,1.0.0,env_only,random_forest,0,,
1101,50.995953,29.761979,0.1,0.11,3.0,3.0,17.0,18.0,60.0,59.0,136.0,135.0,63.0,63.0,145.0,45.0,4.42,1096,0.10189779754167842,env_mode,1.0.0,env_only,random_forest,0,,
1102,50.99604,29.766738,0.11,0.12,4.0,4.0,16.0,17.0,57.0,57.0,136.0,135.0,63.0,63.0,138.0,34.4,4.8,1097,0.1034862300008534,env_mode,1.0.0,env_only,random_forest,0,,
1103,50.995953,29.771498,0.11,0.11,4.0,4.0,15.0,17.0,55.0,54.0,136.0,135.0,65.0,65.0,135.0,9.9,6.16,1098,0.10515664044412787,env_mode,1.0.0,env_only,random_forest,0,,
1104,50.995953,29.776258,0.1,0.12,5.0,4.0,18.0,20.0,57.0,57.0,136.0,138.0,62.0,62.0,134.0,27.7,4.91,1099,0.10384391035070625,env_mode,1.0.0,env_only,random_forest,0,,
1105,50.995624,29.920263,0.11,0.11,4.0,4.0,18.0,20.0,51.0,51.0,132.0,131.0,64.0,64.0,135.0,6.7,5.93,1100,0.1077472118796924,env_mode,1.0.0,env_only,random_forest,0,,
1106,50.99581,29.92384,0.11,0.11,4.0,4.0,18.0,20.0,50.0,49.0,133.0,131.0,62.0,62.0,138.0,5.1,6.57,1101,0.10885666459994392,env_mode,1.0.0,env_only,random_forest,0,,
1107,50.99318,29.91944,0.1,0.11,4.0,4.0,18.0,19.0,51.0,50.0,131.0,130.0,64.0,64.0,139.0,10.0,6.21,1102,0.10664637788333378,env_mode,1.0.0,env_only,random_forest,0,,
1108,50.992955,29.914288,0.11,0.12,4.0,4.0,17.0,19.0,50.0,50.0,133.0,134.0,64.0,64.0,137.0,2.4,6.97,1103,0.10971966213801929,env_mode,1.0.0,env_only,random_forest,0,,
1109,50.99257,29.78132,0.1,0.11,3.0,3.0,19.0,21.0,52.0,52.0,137.0,136.0,63.0,63.0,150.0,7.9,5.54,1104,0.10444873134105011,env_mode,1.0.0,env_only,random_forest,0,,
1110,50.992955,29.776258,0.1,0.1,4.0,4.0,17.0,19.0,57.0,57.0,135.0,134.0,63.0,63.0,140.0,34.5,4.09,1105,0.10216989378712221,env_mode,1.0.0,env_only,random_forest,0,,
1111,50.99263,29.77052,0.11,0.12,4.0,4.0,16.0,18.0,63.0,62.0,136.0,134.0,61.0,61.0,138.0,11.0,5.6,1106,0.10216223435071682,env_mode,1.0.0,env_only,random_forest,0,,
1112,50.992955,29.766738,0.1,0.12,4.0,4.0,15.0,16.0,60.0,59.0,137.0,136.0,64.0,64.0,145.0,10.8,5.51,1107,0.10083267536590958,env_mode,1.0.0,env_only,random_forest,0,,
1113,50.992955,29.761979,0.11,0.12,4.0,4.0,16.0,18.0,60.0,60.0,138.0,136.0,63.0,63.0,148.0,16.8,5.25,1108,0.10176772206219087,env_mode,1.0.0,env_only,random_forest,0,,
1114,50.992955,29.757219,0.11,0.11,4.0,4.0,16.0,18.0,59.0,58.0,139.0,138.0,62.0,62.0,143.0,14.6,5.9,1109,0.103483911876222,env_mode,1.0.0,env_only,random_forest,0,,
1115,50.992955,29.581112,0.1,0.11,4.0,4.0,17.0,18.0,62.0,62.0,140.0,138.0,60.0,60.0,161.0,10.1,5.94,1110,0.10120639749079514,env_mode,1.0.0,env_only,random_forest,0,,
1116,50.99003,29.467704,0.11,0.12,5.0,5.0,15.0,16.0,61.0,61.0,131.0,131.0,62.0,62.0,159.0,7.6,5.59,1111,0.10193826099652178,env_mode,1.0.0,env_only,random_forest,0,,
1117,50.989943,29.481023,0.1,0.12,5.0,4.0,18.0,20.0,68.0,68.0,133.0,131.0,61.0,61.0,170.0,3.6,6.34,1112,0.10078085167390312,env_mode,1.0.0,env_only,random_forest,0,,
1118,50.989943,29.495424,0.1,0.11,3.0,3.0,18.0,20.0,58.0,58.0,137.0,135.0,67.0,67.0,168.0,1.7,7.45,1113,0.10129733623872651,env_mode,1.0.0,env_only,random_forest,0,,
1119,50.989943,29.509704,0.11,0.12,4.0,4.0,19.0,21.0,60.0,60.0,137.0,136.0,65.0,65.0,163.0,5.9,6.54,1114,0.1006982920788258,env_mode,1.0.0,env_only,random_forest,0,,
1120,50.98989,29.52395,0.11,0.12,4.0,4.0,18.0,20.0,60.0,60.0,132.0,134.0,65.0,65.0,157.0,4.5,6.58,1115,0.100168418687613,env_mode,1.0.0,env_only,random_forest,0,,
1121,50.989943,29.538263,0.1,0.11,5.0,5.0,12.0,13.0,77.0,77.0,127.0,129.0,57.0,57.0,176.0,25.3,4.43,1116,0.10433371234780735,env_mode,1.0.0,env_only,random_forest,0,,
1122,50.989943,29.552542,0.11,0.11,4.0,5.0,12.0,13.0,75.0,75.0,132.0,134.0,57.0,57.0,163.0,7.8,6.17,1117,0.10378910293557354,env_mode,1.0.0,env_only,random_forest,0,,
1123,50.99044,29.56701,0.11,0.12,5.0,4.0,10.0,11.0,72.0,73.0,122.0,126.0,59.0,59.0,182.0,43.4,3.73,1118,0.10420257756787892,env_mode,1.0.0,env_only,random_forest,0,,
1124,50.989958,29.581112,0.1,0.1,4.0,4.0,17.0,18.0,60.0,60.0,132.0,133.0,62.0,62.0,160.0,14.2,5.47,1119,0.10181070991820819,env_mode,1.0.0,env_only,random_forest,0,,
1125,50.99004,29.58575,0.1,0.11,3.0,3.0,18.0,19.0,63.0,62.0,135.0,134.0,63.0,63.0,162.0,10.1,5.72,1120,0.0995014204891602,env_mode,1.0.0,env_only,random_forest,0,,
1126,50.989958,29.590632,0.11,0.12,3.0,3.0,16.0,18.0,65.0,65.0,133.0,133.0,63.0,63.0,167.0,4.6,6.77,1121,0.10069944509529381,env_mode,1.0.0,env_only,random_forest,0,,
1127,50.989943,29.595381,0.1,0.1,4.0,5.0,16.0,17.0,62.0,62.0,130.0,129.0,61.0,61.0,168.0,11.8,5.75,1122,0.10206641837986877,env_mode,1.0.0,env_only,random_forest,0,,
1128,50.98957,29.60909,0.1,0.11,5.0,4.0,18.0,19.0,58.0,57.0,139.0,137.0,63.0,63.0,161.0,2.2,7.26,1123,0.10120490080841711,env_mode,1.0.0,env_only,random_forest,0,,
1129,50.989958,29.62395,0.11,0.11,4.0,4.0,17.0,18.0,66.0,66.0,135.0,134.0,60.0,60.0,167.0,3.1,7.36,1124,0.10014484616989315,env_mode,1.0.0,env_only,random_forest,0,,
1130,50.989943,29.63822,0.11,0.12,6.0,5.0,15.0,16.0,68.0,69.0,132.0,131.0,59.0,59.0,179.0,6.0,5.86,1125,0.10363694885297665,env_mode,1.0.0,env_only,random_forest,0,,
1131,50.989943,29.6525,0.12,0.13,4.0,4.0,18.0,19.0,56.0,56.0,136.0,134.0,62.0,62.0,173.0,4.6,6.13,1126,0.10563579831699986,env_mode,1.0.0,env_only,random_forest,0,,
1132,50.989943,29.666779,0.12,0.12,4.0,4.0,17.0,18.0,51.0,51.0,138.0,136.0,61.0,61.0,171.0,3.3,6.83,1127,0.1087512946532322,env_mode,1.0.0,env_only,random_forest,0,,
1133,50.989943,29.681059,0.09,0.1,3.0,3.0,17.0,18.0,70.0,70.0,131.0,131.0,59.0,59.0,168.0,6.4,5.67,1128,0.10046228507318572,env_mode,1.0.0,env_only,random_forest,0,,
1134,50.989943,29.695338,0.1,0.11,4.0,4.0,15.0,17.0,72.0,71.0,129.0,128.0,60.0,60.0,171.0,10.6,5.9,1129,0.10151548577377238,env_mode,1.0.0,env_only,random_forest,0,,
1135,50.990532,29.710391,0.1,0.12,5.0,5.0,15.0,17.0,64.0,64.0,132.0,132.0,60.0,60.0,176.0,16.0,4.72,1130,0.10327789441515593,env_mode,1.0.0,env_only,random_forest,0,,
1136,50.990532,29.724671,0.1,0.11,6.0,5.0,14.0,16.0,53.0,53.0,136.0,136.0,60.0,60.0,163.0,20.5,5.19,1131,0.10454907770866048,env_mode,1.0.0,env_only,random_forest,0,,
1137,50.98956,29.73812,0.09,0.1,6.0,6.0,17.0,19.0,48.0,48.0,138.0,136.0,61.0,61.0,159.0,10.5,5.9,1132,0.10374747433962184,env_mode,1.0.0,env_only,random_forest,0,,
1138,50.98991,29.7527,0.1,0.11,4.0,4.0,15.0,17.0,54.0,53.0,138.0,136.0,63.0,63.0,155.0,17.0,5.37,1133,0.10392972376522495,env_mode,1.0.0,env_only,random_forest,0,,
1139,50.989958,29.757219,0.1,0.1,4.0,4.0,18.0,19.0,57.0,58.0,136.0,134.0,63.0,63.0,156.0,4.1,6.79,1134,0.10147416888648153,env_mode,1.0.0,env_only,random_forest,0,,
1140,50.989958,29.761979,0.1,0.11,4.0,4.0,18.0,20.0,60.0,59.0,138.0,136.0,62.0,62.0,157.0,10.5,5.53,1135,0.10143341747905035,env_mode,1.0.0,env_only,random_forest,0,,
1141,50.99019,29.767031,0.1,0.1,4.0,4.0,16.0,17.0,60.0,60.0,136.0,135.0,63.0,63.0,144.0,20.8,4.54,1136,0.10173327325396907,env_mode,1.0.0,env_only,random_forest,0,,
1142,50.989958,29.771498,0.1,0.12,4.0,4.0,16.0,18.0,56.0,55.0,136.0,134.0,63.0,63.0,135.0,26.7,4.7,1137,0.10494885913508374,env_mode,1.0.0,env_only,random_forest,0,,
1143,50.989958,29.776258,0.11,0.11,5.0,4.0,18.0,19.0,56.0,56.0,134.0,133.0,65.0,65.0,141.0,26.5,4.9,1138,0.10293534446767717,env_mode,1.0.0,env_only,random_forest,0,,
1144,50.99056,29.78161,0.1,0.11,3.0,3.0,18.0,20.0,53.0,53.0,133.0,133.0,64.0,64.0,152.0,4.8,6.03,1139,0.10330801515956899,env_mode,1.0.0,env_only,random_forest,0,,
1145,50.989958,29.795297,0.09,0.11,3.0,3.0,18.0,20.0,50.0,49.0,133.0,136.0,64.0,64.0,156.0,1.3,7.97,1140,0.10664454711860256,env_mode,1.0.0,env_only,random_forest,0,,
1146,50.989943,29.809575,0.1,0.11,4.0,4.0,18.0,19.0,56.0,56.0,133.0,132.0,65.0,65.0,141.0,20.2,5.29,1141,0.10290562706848728,env_mode,1.0.0,env_only,random_forest,0,,
1147,50.98869,29.82286,0.1,0.1,4.0,4.0,20.0,21.0,60.0,61.0,137.0,139.0,66.0,66.0,126.0,12.4,5.51,1142,0.09837956156474266,env_mode,1.0.0,env_only,random_forest,0,,
1148,50.98884,29.838444,0.11,0.11,5.0,6.0,15.0,16.0,68.0,68.0,129.0,130.0,59.0,59.0,149.0,29.7,4.64,1143,0.1032591203043023,env_mode,1.0.0,env_only,random_forest,0,,
1149,50.989943,29.852414,0.1,0.12,6.0,6.0,15.0,16.0,71.0,71.0,122.0,124.0,58.0,58.0,158.0,27.6,4.66,1144,0.10372613033858771,env_mode,1.0.0,env_only,random_forest,0,,
1150,50.991258,29.865266,0.11,0.12,4.0,4.0,13.0,14.0,66.0,66.0,131.0,131.0,61.0,61.0,157.0,16.2,5.25,1145,0.10167026485356442,env_mode,1.0.0,env_only,random_forest,0,,
1151,50.989943,29.880973,0.11,0.11,3.0,4.0,18.0,19.0,54.0,53.0,137.0,135.0,62.0,62.0,147.0,5.4,5.87,1146,0.1032008794442729,env_mode,1.0.0,env_only,random_forest,0,,
1152,50.989943,29.895253,0.11,0.11,4.0,5.0,19.0,21.0,47.0,47.0,132.0,131.0,64.0,64.0,142.0,1.4,7.47,1147,0.10598408924660822,env_mode,1.0.0,env_only,random_forest,0,,
1153,50.98952,29.90993,0.11,0.11,4.0,4.0,17.0,18.0,49.0,49.0,132.0,132.0,64.0,64.0,141.0,7.1,5.69,1148,0.10755523614864086,env_mode,1.0.0,env_only,random_forest,0,,
1154,50.989958,29.914288,0.11,0.12,4.0,4.0,18.0,19.0,50.0,49.0,129.0,128.0,64.0,64.0,142.0,11.1,5.5,1149,0.10747706669556117,env_mode,1.0.0,env_only,random_forest,0,,
1155,50.989943,29.923812,0.11,0.12,3.0,4.0,17.0,18.0,50.0,50.0,132.0,131.0,65.0,65.0,139.0,2.8,7.3,1150,0.10969454680579921,env_mode,1.0.0,env_only,random_forest,0,,
1156,50.989943,29.938092,0.11,0.13,5.0,5.0,19.0,20.0,50.0,50.0,137.0,137.0,64.0,64.0,138.0,0.7,8.47,1151,0.1086927867796654,env_mode,1.0.0,env_only,random_forest,0,,
1157,50.99009,29.95323,0.12,0.13,4.0,4.0,19.0,20.0,50.0,50.0,138.0,138.0,63.0,63.0,136.0,3.1,7.19,1152,0.11072281553696306,env_mode,1.0.0,env_only,random_forest,0,,
1158,50.989943,29.966651,0.12,0.13,5.0,5.0,17.0,19.0,49.0,49.0,131.0,130.0,61.0,61.0,135.0,14.1,5.3,1153,0.10800610213757919,env_mode,1.0.0,env_only,random_forest,0,,
1159,50.989943,29.98093,0.12,0.12,4.0,5.0,18.0,19.0,48.0,47.0,131.0,130.0,62.0,62.0,125.0,26.6,4.63,1154,0.10663893487693246,env_mode,1.0.0,env_only,random_forest,0,,
1160,50.98996,29.985681,0.11,0.12,4.0,4.0,19.0,21.0,48.0,48.0,136.0,135.0,62.0,62.0,119.0,18.5,4.72,1155,0.10808036378767606,env_mode,1.0.0,env_only,random_forest,0,,
1161,50.989958,29.990441,0.1,0.12,5.0,5.0,19.0,20.0,46.0,46.0,136.0,134.0,60.0,60.0,109.0,17.9,5.33,1156,0.10787809048326613,env_mode,1.0.0,env_only,random_forest,0,,
1162,50.99025,29.99456,0.11,0.13,7.0,7.0,20.0,21.0,47.0,48.0,134.0,132.0,64.0,64.0,108.0,1.2,8.2,1157,0.10777277270661656,env_mode,1.0.0,env_only,random_forest,0,,
1163,50.99122,30.00728,0.11,0.12,10.0,9.0,19.0,20.0,43.0,42.0,128.0,128.0,63.0,63.0,107.0,3.3,6.88,1158,0.10824070919706516,env_mode,1.0.0,env_only,random_forest,0,,
1164,50.98997,30.026081,0.11,0.11,12.0,13.0,18.0,19.0,36.0,36.0,127.0,126.0,68.0,68.0,107.0,1.2,8.54,1159,0.10929479944452898,env_mode,1.0.0,env_only,random_forest,0,,
1165,50.989943,30.038026,0.11,0.12,12.0,13.0,18.0,19.0,35.0,35.0,126.0,125.0,68.0,68.0,108.0,4.1,6.78,1160,0.10826211996205379,env_mode,1.0.0,env_only,random_forest,0,,
1166,50.990149,30.051307,0.11,0.12,11.0,12.0,18.0,19.0,42.0,42.0,125.0,126.0,65.0,65.0,108.0,0.8,8.05,1161,0.10689337583209386,env_mode,1.0.0,env_only,random_forest,0,,
1167,50.986853,29.984698,0.11,0.11,8.0,8.0,20.0,22.0,46.0,46.0,135.0,135.0,61.0,61.0,110.0,35.4,4.0,1162,0.10679390690147045,env_mode,1.0.0,env_only,random_forest,0,,
1168,50.98754,29.98126,0.13,0.14,5.0,5.0,19.0,20.0,49.0,49.0,134.0,134.0,62.0,62.0,117.0,11.1,5.24,1163,0.10920038752656859,env_mode,1.0.0,env_only,random_forest,0,,
1169,50.986961,29.976163,0.12,0.12,5.0,5.0,17.0,18.0,51.0,51.0,131.0,129.0,59.0,59.0,130.0,44.0,4.13,1164,0.10865127404997577,env_mode,1.0.0,env_only,random_forest,0,,
1170,50.98641,29.97115,0.1,0.12,4.0,4.0,18.0,19.0,56.0,56.0,133.0,133.0,62.0,62.0,134.0,17.8,5.08,1165,0.10446944874345172,env_mode,1.0.0,env_only,random_forest,0,,
1171,50.986961,29.966644,0.11,0.11,5.0,5.0,17.0,19.0,50.0,50.0,133.0,132.0,60.0,60.0,135.0,13.6,5.32,1166,0.10881853978800483,env_mode,1.0.0,env_only,random_forest,0,,
1172,50.986,29.91985,0.11,0.12,4.0,4.0,18.0,19.0,47.0,47.0,131.0,130.0,65.0,65.0,141.0,4.4,7.12,1167,0.10741246982628079,env_mode,1.0.0,env_only,random_forest,0,,
1173,50.986961,29.909528,0.12,0.12,4.0,4.0,18.0,19.0,51.0,51.0,132.0,130.0,65.0,65.0,144.0,3.1,6.47,1168,0.10839186980014347,env_mode,1.0.0,env_only,random_forest,0,,
1174,50.986961,29.776258,0.11,0.12,4.0,4.0,17.0,18.0,55.0,55.0,136.0,135.0,65.0,65.0,142.0,37.4,4.43,1169,0.10309846121053735,env_mode,1.0.0,env_only,random_forest,0,,
1175,50.986961,29.771498,0.1,0.12,4.0,4.0,16.0,18.0,57.0,57.0,136.0,134.0,65.0,65.0,135.0,11.8,6.34,1170,0.10337083463950598,env_mode,1.0.0,env_only,random_forest,0,,
1176,50.986961,29.766738,0.11,0.11,4.0,4.0,18.0,19.0,61.0,61.0,137.0,135.0,62.0,62.0,145.0,12.9,5.82,1171,0.101560264522428,env_mode,1.0.0,env_only,random_forest,0,,
1177,50.986961,29.761979,0.1,0.12,3.0,3.0,17.0,19.0,58.0,57.0,141.0,139.0,59.0,59.0,151.0,16.3,5.19,1172,0.1028918121424184,env_mode,1.0.0,env_only,random_forest,0,,
1178,50.986961,29.757219,0.1,0.11,4.0,4.0,16.0,18.0,56.0,55.0,138.0,137.0,61.0,61.0,153.0,13.0,5.51,1173,0.10365071647451563,env_mode,1.0.0,env_only,random_forest,0,,
1179,50.986884,29.753342,0.1,0.12,4.0,4.0,15.0,17.0,53.0,52.0,136.0,134.0,62.0,62.0,156.0,8.0,5.83,1174,0.10368875383997517,env_mode,1.0.0,env_only,random_forest,0,,
1180,50.986961,29.590632,0.11,0.11,3.0,3.0,18.0,19.0,63.0,65.0,132.0,132.0,62.0,62.0,160.0,21.5,4.91,1175,0.1011803010745751,env_mode,1.0.0,env_only,random_forest,0,,
1181,50.986961,29.585872,0.09,0.1,4.0,4.0,17.0,18.0,65.0,65.0,134.0,134.0,61.0,61.0,159.0,13.8,5.89,1176,0.09951702425193702,env_mode,1.0.0,env_only,random_forest,0,,
1182,50.986961,29.581112,0.1,0.11,4.0,4.0,17.0,19.0,63.0,63.0,131.0,131.0,62.0,61.0,154.0,11.1,5.41,1177,0.10005324013717153,env_mode,1.0.0,env_only,random_forest,0,,
1183,50.983963,29.42903,0.1,0.1,4.0,3.0,17.0,19.0,63.0,63.0,135.0,135.0,61.0,61.0,163.0,18.5,5.72,1178,0.10068708722319178,env_mode,1.0.0,env_only,random_forest,0,,
1184,50.98416,29.433564,0.1,0.09,5.0,5.0,17.0,18.0,59.0,59.0,136.0,134.0,61.0,61.0,168.0,3.7,6.5,1179,0.10163713613598309,env_mode,1.0.0,env_only,random_forest,0,,
1185,50.98386,29.585872,0.09,0.09,4.0,4.0,18.0,19.0,65.0,65.0,137.0,136.0,58.0,59.0,158.0,13.1,5.41,1180,0.10001876525227225,env_mode,1.0.0,env_only,random_forest,0,,
1186,50.983963,29.590632,0.09,0.1,4.0,4.0,18.0,19.0,66.0,66.0,135.0,136.0,60.0,60.0,161.0,9.2,5.93,1181,0.09886077671807045,env_mode,1.0.0,env_only,random_forest,0,,
1187,50.983963,29.595391,0.1,0.1,3.0,3.0,18.0,19.0,67.0,67.0,133.0,134.0,61.0,61.0,162.0,15.2,5.48,1182,0.09935230952212405,env_mode,1.0.0,env_only,random_forest,0,,
1188,50.983963,29.662026,0.15,0.15,5.0,5.0,16.0,18.0,60.0,60.0,135.0,134.0,62.0,62.0,171.0,15.2,5.16,1183,0.10626901904633644,env_mode,1.0.0,env_only,random_forest,0,,
1189,50.983963,29.666786,0.11,0.11,3.0,4.0,16.0,17.0,65.0,65.0,136.0,135.0,59.0,59.0,174.0,4.8,6.02,1184,0.10359048890389876,env_mode,1.0.0,env_only,random_forest,0,,
1190,50.984552,29.672319,0.1,0.11,4.0,4.0,17.0,18.0,65.0,65.0,133.0,132.0,59.0,59.0,170.0,9.5,6.17,1185,0.10158437743243814,env_mode,1.0.0,env_only,random_forest,0,,
1191,50.983963,29.752459,0.11,0.11,3.0,3.0,16.0,18.0,54.0,54.0,136.0,135.0,62.0,62.0,156.0,4.3,6.63,1186,0.10233523786481236,env_mode,1.0.0,env_only,random_forest,0,,
1192,50.98414,29.7563,0.1,0.11,4.0,4.0,17.0,19.0,53.0,53.0,135.0,133.0,63.0,63.0,155.0,8.7,5.53,1187,0.10320112989993348,env_mode,1.0.0,env_only,random_forest,0,,
1193,50.983963,29.761979,0.1,0.12,3.0,4.0,17.0,19.0,57.0,57.0,133.0,133.0,63.0,63.0,148.0,22.3,4.96,1188,0.10248960352469574,env_mode,1.0.0,env_only,random_forest,0,,
1194,50.983963,29.766738,0.1,0.11,4.0,4.0,19.0,21.0,58.0,58.0,137.0,135.0,62.0,62.0,146.0,15.9,5.79,1189,0.10270185594609609,env_mode,1.0.0,env_only,random_forest,0,,
1195,50.983963,29.771498,0.11,0.11,4.0,4.0,16.0,18.0,59.0,59.0,134.0,135.0,62.0,62.0,137.0,24.7,5.02,1190,0.10382772498606757,env_mode,1.0.0,env_only,random_forest,0,,
1196,50.983963,29.776258,0.11,0.12,4.0,4.0,17.0,18.0,57.0,57.0,135.0,137.0,63.0,63.0,142.0,25.7,5.05,1191,0.10312487931944378,env_mode,1.0.0,env_only,random_forest,0,,
1197,50.98402,29.976163,0.12,0.13,6.0,6.0,18.0,19.0,48.0,48.0,135.0,136.0,57.0,58.0,124.0,41.2,4.13,1192,0.11218028361709287,env_mode,1.0.0,env_only,random_forest,0,,
1198,50.980965,30.052317,0.09,0.09,7.0,6.0,17.0,18.0,52.0,52.0,129.0,129.0,66.0,66.0,109.0,4.1,6.6,1193,0.10176291402522648,env_mode,1.0.0,env_only,random_forest,0,,
1199,50.98095,30.038049,0.1,0.1,6.0,8.0,20.0,21.0,46.0,45.0,125.0,125.0,66.0,67.0,109.0,0.8,8.35,1194,0.10086889941685104,env_mode,1.0.0,env_only,random_forest,0,,
1200,50.980965,30.023759,0.1,0.12,5.0,6.0,19.0,20.0,47.0,46.0,129.0,128.0,66.0,66.0,109.0,7.4,6.34,1195,0.10285649664180482,env_mode,1.0.0,env_only,random_forest,0,,
1201,50.980269,30.011059,0.11,0.12,5.0,5.0,17.0,18.0,52.0,52.0,129.0,128.0,66.0,66.0,108.0,2.6,7.2,1196,0.10546564255969056,env_mode,1.0.0,env_only,random_forest,0,,
1202,50.981817,29.995186,0.11,0.13,9.0,10.0,19.0,21.0,48.0,47.0,131.0,134.0,64.0,64.0,108.0,4.1,6.34,1197,0.10757885226562644,env_mode,1.0.0,env_only,random_forest,0,,
1203,50.98092,29.97109,0.11,0.13,5.0,4.0,17.0,19.0,52.0,52.0,126.0,127.0,61.0,61.0,122.0,37.1,4.41,1198,0.10551219568203869,env_mode,1.0.0,env_only,random_forest,0,,
1204,50.980965,29.966644,0.11,0.13,3.0,3.0,16.0,18.0,56.0,56.0,134.0,134.0,60.0,60.0,133.0,45.0,3.84,1199,0.10484801951595937,env_mode,1.0.0,env_only,random_forest,0,,
1205,50.980922,29.952048,0.11,0.11,4.0,4.0,18.0,20.0,49.0,49.0,133.0,134.0,65.0,65.0,138.0,5.5,6.61,1200,0.10945266015330667,env_mode,1.0.0,env_only,random_forest,0,,
1206,50.980965,29.938085,0.1,0.11,4.0,5.0,19.0,20.0,51.0,51.0,130.0,129.0,65.0,66.0,139.0,10.5,5.33,1201,0.10491103531473388,env_mode,1.0.0,env_only,random_forest,0,,
1207,50.980965,29.923806,0.1,0.1,4.0,5.0,18.0,20.0,42.0,43.0,131.0,130.0,65.0,65.0,141.0,5.3,6.12,1202,0.10592305723173365,env_mode,1.0.0,env_only,random_forest,0,,
1208,50.980965,29.909528,0.11,0.11,4.0,4.0,19.0,20.0,47.0,47.0,132.0,131.0,65.0,65.0,144.0,1.6,7.83,1203,0.10680430607295266,env_mode,1.0.0,env_only,random_forest,0,,
1209,50.98095,29.895253,0.11,0.12,4.0,4.0,19.0,20.0,50.0,49.0,129.0,129.0,63.0,63.0,145.0,5.2,6.29,1204,0.10718753851920843,env_mode,1.0.0,env_only,random_forest,0,,
1210,50.98095,29.880973,0.11,0.11,5.0,4.0,15.0,17.0,61.0,61.0,131.0,132.0,59.0,59.0,156.0,11.7,5.04,1205,0.10286003744430583,env_mode,1.0.0,env_only,random_forest,0,,
1211,50.980805,29.865654,0.11,0.11,5.0,5.0,16.0,18.0,68.0,67.0,130.0,131.0,58.0,58.0,162.0,18.8,4.65,1206,0.10406495763130699,env_mode,1.0.0,env_only,random_forest,0,,
1212,50.980965,29.852412,0.11,0.12,6.0,4.0,15.0,16.0,67.0,67.0,128.0,132.0,57.0,57.0,156.0,45.0,3.95,1207,0.1067084498873433,env_mode,1.0.0,env_only,random_forest,0,,
1213,50.98095,29.838134,0.1,0.12,5.0,5.0,17.0,19.0,61.0,62.0,131.0,130.0,64.0,64.0,126.0,23.4,4.9,1208,0.1028652462968578,env_mode,1.0.0,env_only,random_forest,0,,
1214,50.980965,29.823854,0.11,0.11,3.0,3.0,19.0,20.0,61.0,60.0,137.0,135.0,65.0,65.0,129.0,2.9,7.26,1209,0.10154886733418622,env_mode,1.0.0,env_only,random_forest,0,,
1215,50.98119,29.80855,0.11,0.12,4.0,3.0,17.0,19.0,56.0,55.0,132.0,131.0,63.0,63.0,154.0,8.4,6.18,1210,0.1026563822990791,env_mode,1.0.0,env_only,random_forest,0,,
1216,50.98086,29.7955,0.1,0.11,4.0,4.0,18.0,19.0,53.0,53.0,134.0,133.0,64.0,64.0,157.0,3.5,6.54,1211,0.10317220942178978,env_mode,1.0.0,env_only,random_forest,0,,
1217,50.980965,29.790537,0.1,0.12,4.0,4.0,17.0,18.0,52.0,53.0,136.0,135.0,65.0,65.0,157.0,6.4,6.03,1212,0.10469386029878358,env_mode,1.0.0,env_only,random_forest,0,,
1218,50.98036,29.78619,0.1,0.1,3.0,3.0,17.0,18.0,55.0,55.0,136.0,135.0,63.0,64.0,154.0,12.6,5.59,1213,0.1029279434010907,env_mode,1.0.0,env_only,random_forest,0,,
1219,50.980965,29.781017,0.1,0.11,3.0,4.0,17.0,18.0,57.0,56.0,139.0,140.0,64.0,64.0,150.0,24.0,5.09,1214,0.10272458511674204,env_mode,1.0.0,env_only,random_forest,0,,
1220,50.980965,29.776258,0.11,0.11,4.0,4.0,18.0,19.0,58.0,57.0,137.0,138.0,63.0,63.0,145.0,26.2,4.37,1215,0.10294634783121895,env_mode,1.0.0,env_only,random_forest,0,,
1221,50.98055,29.7714,0.13,0.13,4.0,4.0,17.0,18.0,59.0,58.0,136.0,137.0,63.0,63.0,139.0,19.2,5.48,1216,0.10370111873517597,env_mode,1.0.0,env_only,random_forest,0,,
1222,50.980965,29.766738,0.12,0.13,3.0,4.0,18.0,19.0,59.0,59.0,136.0,134.0,63.0,63.0,146.0,11.6,5.73,1217,0.10215212148456798,env_mode,1.0.0,env_only,random_forest,0,,
1223,50.98108,29.75715,0.1,0.11,3.0,3.0,16.0,18.0,54.0,54.0,134.0,132.0,64.0,64.0,157.0,5.3,6.08,1218,0.10186079998661109,env_mode,1.0.0,env_only,random_forest,0,,
1224,50.98095,29.752457,0.1,0.11,4.0,5.0,17.0,19.0,54.0,53.0,134.0,133.0,63.0,63.0,157.0,6.3,6.5,1219,0.10249909588239296,env_mode,1.0.0,env_only,random_forest,0,,
1225,50.98095,29.738177,0.1,0.12,5.0,5.0,18.0,20.0,44.0,44.0,133.0,132.0,65.0,65.0,162.0,5.2,6.31,1220,0.10565230689047271,env_mode,1.0.0,env_only,random_forest,0,,
1226,50.980965,29.723902,0.11,0.11,5.0,5.0,16.0,17.0,51.0,51.0,135.0,134.0,61.0,61.0,165.0,1.4,7.15,1221,0.10585951183462912,env_mode,1.0.0,env_only,random_forest,0,,
1227,50.980965,29.709623,0.11,0.12,4.0,4.0,16.0,17.0,64.0,64.0,130.0,130.0,60.0,60.0,167.0,8.8,6.02,1222,0.10156260328797534,env_mode,1.0.0,env_only,random_forest,0,,
1228,50.98095,29.695338,0.11,0.11,5.0,5.0,17.0,18.0,71.0,71.0,127.0,128.0,56.0,57.0,171.0,22.6,5.81,1223,0.1046867163272379,env_mode,1.0.0,env_only,random_forest,0,,
1229,50.980965,29.681065,0.1,0.12,5.0,5.0,14.0,16.0,71.0,71.0,126.0,126.0,55.0,55.0,171.0,14.8,5.48,1224,0.10627865986361376,env_mode,1.0.0,env_only,random_forest,0,,
1230,50.980965,29.671546,0.11,0.12,4.0,4.0,15.0,16.0,70.0,70.0,131.0,131.0,58.0,58.0,173.0,9.0,5.69,1225,0.10402583884514016,env_mode,1.0.0,env_only,random_forest,0,,
1231,50.980965,29.666786,0.1,0.1,3.0,4.0,16.0,18.0,65.0,66.0,135.0,135.0,60.0,60.0,170.0,7.3,6.11,1226,0.10039008619079398,env_mode,1.0.0,env_only,random_forest,0,,
1232,50.980965,29.662026,0.09,0.1,3.0,4.0,17.0,18.0,65.0,65.0,137.0,137.0,58.0,58.0,171.0,5.5,6.41,1227,0.10237836393427305,env_mode,1.0.0,env_only,random_forest,0,,
1233,50.980965,29.652507,0.1,0.11,4.0,4.0,15.0,17.0,67.0,68.0,139.0,140.0,57.0,57.0,169.0,2.9,7.04,1228,0.10260230834942582,env_mode,1.0.0,env_only,random_forest,0,,
1234,50.98095,29.63822,0.1,0.11,4.0,4.0,16.0,17.0,59.0,59.0,134.0,133.0,63.0,63.0,166.0,2.6,7.2,1229,0.10073013977146436,env_mode,1.0.0,env_only,random_forest,0,,
1235,50.980965,29.62395,0.11,0.11,3.0,4.0,15.0,16.0,63.0,63.0,135.0,133.0,62.0,62.0,167.0,3.2,6.7,1230,0.10152445899773181,env_mode,1.0.0,env_only,random_forest,0,,
1236,50.98098,29.60994,0.09,0.09,3.0,4.0,15.0,17.0,66.0,66.0,136.0,135.0,63.0,63.0,166.0,11.2,5.39,1231,0.09912983703612488,env_mode,1.0.0,env_only,random_forest,0,,
1237,50.980965,29.604911,0.09,0.1,4.0,4.0,16.0,17.0,67.0,67.0,136.0,135.0,63.0,62.0,163.0,7.8,6.29,1232,0.09889876235999508,env_mode,1.0.0,env_only,random_forest,0,,
1238,50.980965,29.600151,0.1,0.1,3.0,4.0,16.0,17.0,70.0,70.0,136.0,134.0,62.0,62.0,160.0,14.8,5.9,1233,0.09924050422168544,env_mode,1.0.0,env_only,random_forest,0,,
1239,50.980348,29.595394,0.1,0.11,4.0,4.0,17.0,18.0,69.0,68.0,138.0,137.0,61.0,61.0,158.0,9.4,5.58,1234,0.0988248498313743,env_mode,1.0.0,env_only,random_forest,0,,
1240,50.980965,29.590632,0.1,0.1,4.0,4.0,17.0,18.0,64.0,64.0,133.0,132.0,60.0,60.0,164.0,19.4,4.83,1235,0.10154152825084424,env_mode,1.0.0,env_only,random_forest,0,,
1241,50.980965,29.585872,0.09,0.1,4.0,5.0,17.0,18.0,64.0,64.0,138.0,137.0,60.0,60.0,158.0,12.1,5.66,1236,0.10011277778766757,env_mode,1.0.0,env_only,random_forest,0,,
1242,50.9809,29.58118,0.1,0.1,4.0,4.0,16.0,17.0,64.0,64.0,134.0,134.0,60.0,60.0,152.0,20.9,5.35,1237,0.10088561169520248,env_mode,1.0.0,env_only,random_forest,0,,
1243,50.980965,29.566834,0.1,0.12,5.0,5.0,11.0,12.0,78.0,78.0,122.0,123.0,56.0,55.0,177.0,13.4,5.12,1238,0.10425850981836522,env_mode,1.0.0,env_only,random_forest,0,,
1244,50.980965,29.552555,0.11,0.11,5.0,5.0,11.0,12.0,78.0,78.0,127.0,129.0,54.0,54.0,159.0,20.8,5.17,1239,0.10570678795521773,env_mode,1.0.0,env_only,random_forest,0,,
1245,50.980965,29.538276,0.11,0.11,5.0,4.0,12.0,13.0,69.0,69.0,131.0,132.0,60.0,60.0,156.0,22.8,4.86,1240,0.10305547713366213,env_mode,1.0.0,env_only,random_forest,0,,
1246,50.980965,29.523996,0.11,0.13,3.0,3.0,17.0,19.0,61.0,61.0,136.0,135.0,62.0,62.0,178.0,20.5,4.56,1241,0.10441730058542836,env_mode,1.0.0,env_only,random_forest,0,,
1247,50.980965,29.509718,0.11,0.12,4.0,3.0,18.0,20.0,62.0,62.0,139.0,139.0,69.0,69.0,163.0,2.5,7.45,1242,0.10063352811033444,env_mode,1.0.0,env_only,random_forest,0,,
1248,50.98095,29.495424,0.12,0.12,3.0,3.0,19.0,20.0,64.0,64.0,134.0,133.0,62.0,62.0,159.0,8.5,6.18,1243,0.09996615089899537,env_mode,1.0.0,env_only,random_forest,0,,
1249,50.980965,29.48116,0.11,0.12,4.0,5.0,17.0,19.0,67.0,67.0,133.0,133.0,61.0,61.0,160.0,16.9,5.05,1244,0.10046268935538172,env_mode,1.0.0,env_only,random_forest,0,,
1250,50.980924,29.451265,0.12,0.12,4.0,4.0,12.0,13.0,67.0,67.0,138.0,137.0,58.0,58.0,174.0,20.0,4.98,1245,0.10535823237013879,env_mode,1.0.0,env_only,random_forest,0,,
1251,50.98095,29.438306,0.1,0.11,4.0,4.0,13.0,14.0,64.0,65.0,131.0,131.0,62.0,62.0,169.0,0.7,8.07,1246,0.09962309845681458,env_mode,1.0.0,env_only,random_forest,0,,
1252,50.98112,29.43281,0.09,0.1,4.0,4.0,17.0,18.0,58.0,58.0,135.0,134.0,60.0,60.0,170.0,1.9,7.13,1247,0.10113644072444772,env_mode,1.0.0,env_only,random_forest,0,,
1253,50.980965,29.428804,0.09,0.09,5.0,4.0,16.0,17.0,60.0,59.0,138.0,137.0,60.0,60.0,166.0,6.0,6.3,1248,0.1017234358066698,env_mode,1.0.0,env_only,random_forest,0,,
1254,50.980965,29.424044,0.1,0.1,4.0,4.0,16.0,17.0,57.0,57.0,136.0,135.0,60.0,60.0,165.0,2.5,7.26,1249,0.10166690372393722,env_mode,1.0.0,env_only,random_forest,0,,
1255,50.97809,29.43362,0.1,0.1,4.0,4.0,16.0,17.0,63.0,63.0,135.0,134.0,61.0,61.0,168.0,9.3,6.06,1250,0.10130455895431548,env_mode,1.0.0,env_only,random_forest,0,,
1256,50.977412,29.519196,0.1,0.1,3.0,3.0,17.0,19.0,59.0,59.0,131.0,130.0,63.0,63.0,160.0,9.1,5.89,1251,0.10193710387358694,env_mode,1.0.0,env_only,random_forest,0,,
1257,50.977531,29.524014,0.09,0.1,3.0,4.0,16.0,18.0,65.0,66.0,136.0,135.0,61.0,61.0,159.0,29.5,5.21,1252,0.10012330928815225,env_mode,1.0.0,env_only,random_forest,0,,
1258,50.97811,29.52893,0.09,0.09,3.0,4.0,16.0,18.0,63.0,63.0,137.0,135.0,63.0,63.0,164.0,17.8,4.84,1253,0.10055675640091162,env_mode,1.0.0,env_only,random_forest,0,,
1259,50.9781,29.53326,0.09,0.09,4.0,4.0,15.0,17.0,62.0,62.0,132.0,132.0,63.0,63.0,158.0,7.4,6.11,1254,0.09991883888902325,env_mode,1.0.0,env_only,random_forest,0,,
1260,50.978246,29.575789,0.1,0.1,4.0,4.0,16.0,17.0,76.0,77.0,134.0,135.0,59.0,59.0,154.0,9.7,5.74,1255,0.10018622263717546,env_mode,1.0.0,env_only,random_forest,0,,
1261,50.977968,29.662026,0.11,0.12,3.0,4.0,16.0,18.0,70.0,70.0,134.0,134.0,58.0,58.0,168.0,4.9,6.76,1256,0.10136779869429005,env_mode,1.0.0,env_only,random_forest,0,,
1262,50.977968,29.666786,0.1,0.12,4.0,4.0,16.0,17.0,70.0,70.0,136.0,135.0,58.0,59.0,167.0,3.9,6.9,1257,0.10090086198991766,env_mode,1.0.0,env_only,random_forest,0,,
1263,50.977968,29.766738,0.09,0.11,4.0,4.0,18.0,19.0,54.0,54.0,134.0,132.0,65.0,65.0,149.0,5.9,6.12,1258,0.10211714146947322,env_mode,1.0.0,env_only,random_forest,0,,
1264,50.977968,29.771498,0.11,0.12,5.0,4.0,18.0,20.0,56.0,56.0,135.0,136.0,65.0,65.0,139.0,17.5,5.06,1259,0.10404913398664375,env_mode,1.0.0,env_only,random_forest,0,,
1265,50.977968,29.776258,0.09,0.11,4.0,4.0,17.0,18.0,57.0,56.0,137.0,135.0,61.0,61.0,144.0,32.9,4.69,1260,0.10217443730363172,env_mode,1.0.0,env_only,random_forest,0,,
1266,50.977968,29.781017,0.1,0.1,4.0,4.0,18.0,19.0,59.0,58.0,137.0,138.0,63.0,63.0,153.0,8.7,5.5,1261,0.10181885493761454,env_mode,1.0.0,env_only,random_forest,0,,
1267,50.977968,29.785777,0.09,0.1,4.0,3.0,16.0,18.0,56.0,55.0,134.0,133.0,64.0,64.0,157.0,10.0,5.29,1262,0.1019536025907238,env_mode,1.0.0,env_only,random_forest,0,,
1268,50.977968,29.790537,0.1,0.11,5.0,5.0,16.0,18.0,51.0,51.0,133.0,132.0,63.0,63.0,159.0,6.1,5.73,1263,0.10585212330462408,env_mode,1.0.0,env_only,random_forest,0,,
1269,50.97771,29.965897,0.12,0.12,9.0,8.0,16.0,18.0,49.0,49.0,125.0,126.0,58.0,58.0,116.0,45.0,4.17,1264,0.11265646442665914,env_mode,1.0.0,env_only,random_forest,0,,
1270,50.977968,30.00948,0.12,0.13,4.0,5.0,18.0,20.0,49.0,49.0,127.0,128.0,67.0,67.0,110.0,8.9,5.84,1265,0.10511117624657884,env_mode,1.0.0,env_only,random_forest,0,,
1271,50.97835,30.01494,0.12,0.14,5.0,7.0,19.0,20.0,51.0,51.0,129.0,129.0,70.0,70.0,115.0,33.9,4.28,1266,0.10416817704316007,env_mode,1.0.0,env_only,random_forest,0,,
1272,50.974971,30.00948,0.12,0.12,5.0,4.0,17.0,19.0,49.0,49.0,132.0,132.0,68.0,68.0,111.0,2.9,7.08,1267,0.1067734936164062,env_mode,1.0.0,env_only,random_forest,0,,
1273,50.97481,29.78608,0.1,0.11,5.0,3.0,18.0,19.0,55.0,54.0,136.0,136.0,64.0,64.0,158.0,4.0,6.69,1268,0.10245475962645398,env_mode,1.0.0,env_only,random_forest,0,,
1274,50.974971,29.781017,0.11,0.11,5.0,4.0,17.0,18.0,57.0,57.0,135.0,134.0,63.0,63.0,154.0,16.9,5.31,1269,0.1026394327153135,env_mode,1.0.0,env_only,random_forest,0,,
1275,50.974971,29.776258,0.1,0.12,5.0,5.0,17.0,19.0,58.0,58.0,136.0,135.0,62.0,62.0,145.0,16.8,5.42,1270,0.10278950891646449,env_mode,1.0.0,env_only,random_forest,0,,
1276,50.97511,29.5334,0.11,0.12,5.0,4.0,16.0,18.0,63.0,62.0,127.0,128.0,65.0,65.0,156.0,9.5,5.7,1271,0.10158171783283394,env_mode,1.0.0,env_only,random_forest,0,,
1277,50.974971,29.528756,0.11,0.11,4.0,4.0,15.0,17.0,61.0,61.0,133.0,132.0,63.0,63.0,153.0,28.9,4.75,1272,0.1020977735662972,env_mode,1.0.0,env_only,random_forest,0,,
1278,50.97487,29.52447,0.11,0.12,3.0,3.0,16.0,19.0,60.0,60.0,138.0,136.0,62.0,62.0,159.0,4.3,6.42,1273,0.10114772635424288,env_mode,1.0.0,env_only,random_forest,0,,
1279,50.97556,29.520011,0.11,0.11,3.0,3.0,16.0,18.0,60.0,59.0,134.0,132.0,63.0,63.0,157.0,16.4,5.34,1274,0.10181684283979849,env_mode,1.0.0,env_only,random_forest,0,,
1280,50.974971,29.514478,0.1,0.1,3.0,3.0,17.0,19.0,64.0,64.0,136.0,135.0,63.0,63.0,160.0,7.4,6.07,1275,0.09923252463413922,env_mode,1.0.0,env_only,random_forest,0,,
1281,50.9752,29.51049,0.09,0.1,3.0,3.0,18.0,19.0,62.0,61.0,136.0,134.0,63.0,63.0,159.0,15.6,5.54,1276,0.09995293096195243,env_mode,1.0.0,env_only,random_forest,0,,
1282,50.971938,29.426039,0.1,0.12,4.0,4.0,12.0,14.0,64.0,65.0,135.0,135.0,57.0,57.0,174.0,6.1,5.69,1277,0.1048194988760809,env_mode,1.0.0,env_only,random_forest,0,,
1283,50.971973,29.438323,0.11,0.11,5.0,5.0,13.0,15.0,68.0,68.0,134.0,134.0,58.0,58.0,170.0,7.1,6.36,1278,0.1036047846767755,env_mode,1.0.0,env_only,random_forest,0,,
1284,50.97175,29.45201,0.11,0.12,6.0,5.0,12.0,14.0,69.0,69.0,130.0,130.0,57.0,57.0,173.0,4.8,7.14,1279,0.10507485415851292,env_mode,1.0.0,env_only,random_forest,0,,
1285,50.971957,29.466865,0.11,0.11,3.0,4.0,17.0,18.0,65.0,65.0,130.0,129.0,59.0,59.0,165.0,5.1,6.22,1280,0.1018157273203426,env_mode,1.0.0,env_only,random_forest,0,,
1286,50.971957,29.481144,0.11,0.12,5.0,4.0,12.0,13.0,68.0,68.0,125.0,129.0,59.0,59.0,176.0,9.0,5.68,1281,0.10414649094688795,env_mode,1.0.0,env_only,random_forest,0,,
1287,50.971957,29.495424,0.11,0.11,4.0,5.0,12.0,13.0,69.0,68.0,129.0,133.0,57.0,57.0,171.0,19.3,4.89,1282,0.1065721959087237,env_mode,1.0.0,env_only,random_forest,0,,
1288,50.971973,29.509718,0.1,0.11,3.0,3.0,17.0,19.0,64.0,64.0,136.0,137.0,62.0,62.0,149.0,14.1,5.96,1283,0.10005456556928082,env_mode,1.0.0,env_only,random_forest,0,,
1289,50.97218,29.51458,0.1,0.1,3.0,3.0,16.0,18.0,61.0,62.0,134.0,135.0,63.0,63.0,153.0,17.5,5.3,1284,0.10034839505482537,env_mode,1.0.0,env_only,random_forest,0,,
1290,50.971973,29.519238,0.09,0.11,4.0,4.0,16.0,18.0,62.0,63.0,135.0,134.0,62.0,62.0,150.0,16.8,4.73,1285,0.10038267585890347,env_mode,1.0.0,env_only,random_forest,0,,
1291,50.971973,29.523996,0.09,0.1,3.0,4.0,15.0,17.0,62.0,62.0,133.0,133.0,62.0,62.0,149.0,20.7,5.34,1286,0.10032816982558398,env_mode,1.0.0,env_only,random_forest,0,,
1292,50.9721,29.52857,0.1,0.1,3.0,3.0,15.0,17.0,58.0,58.0,135.0,134.0,64.0,64.0,147.0,17.9,4.77,1287,0.101787892871084,env_mode,1.0.0,env_only,random_forest,0,,
1293,50.972414,29.533273,0.1,0.1,3.0,4.0,15.0,17.0,63.0,63.0,132.0,131.0,65.0,65.0,148.0,16.6,5.36,1288,0.09985386807160508,env_mode,1.0.0,env_only,random_forest,0,,
1294,50.971973,29.538276,0.1,0.11,5.0,5.0,14.0,16.0,62.0,62.0,132.0,132.0,62.0,62.0,149.0,15.0,5.39,1289,0.10166212183676572,env_mode,1.0.0,env_only,random_forest,0,,
1295,50.971957,29.552542,0.09,0.09,4.0,4.0,12.0,13.0,70.0,71.0,130.0,131.0,59.0,59.0,145.0,7.1,7.41,1290,0.09909586817716537,env_mode,1.0.0,env_only,random_forest,0,,
1296,50.971957,29.566822,0.09,0.1,7.0,5.0,10.0,11.0,78.0,78.0,121.0,127.0,55.0,55.0,175.0,7.9,5.75,1291,0.10293819835275377,env_mode,1.0.0,env_only,random_forest,0,,
1297,50.971973,29.581112,0.11,0.11,5.0,6.0,11.0,12.0,74.0,75.0,120.0,126.0,53.0,53.0,177.0,9.3,5.43,1292,0.10554598296345179,env_mode,1.0.0,env_only,random_forest,0,,
1298,50.971957,29.595381,0.11,0.11,4.0,5.0,11.0,12.0,73.0,73.0,124.0,124.0,56.0,56.0,161.0,9.9,5.39,1293,0.10451965688909459,env_mode,1.0.0,env_only,random_forest,0,,
1299,50.971973,29.60967,0.11,0.12,4.0,4.0,11.0,12.0,75.0,75.0,125.0,126.0,57.0,57.0,161.0,29.7,4.9,1294,0.1032325902341162,env_mode,1.0.0,env_only,random_forest,0,,
1300,50.971973,29.62395,0.11,0.11,4.0,4.0,12.0,13.0,77.0,77.0,130.0,131.0,58.0,58.0,164.0,18.5,5.6,1295,0.10350999362495236,env_mode,1.0.0,env_only,random_forest,0,,
1301,50.971973,29.638228,0.11,0.12,4.0,4.0,13.0,14.0,74.0,74.0,127.0,127.0,56.0,56.0,166.0,29.5,4.55,1296,0.10383554561238285,env_mode,1.0.0,env_only,random_forest,0,,
1302,50.971973,29.652507,0.11,0.12,5.0,4.0,13.0,14.0,74.0,74.0,131.0,132.0,54.0,54.0,174.0,16.9,5.81,1297,0.10599590396579466,env_mode,1.0.0,env_only,random_forest,0,,
1303,50.971957,29.666779,0.11,0.11,5.0,5.0,14.0,15.0,73.0,73.0,131.0,133.0,56.0,57.0,170.0,8.5,5.63,1298,0.10498550922580738,env_mode,1.0.0,env_only,random_forest,0,,
1304,50.971973,29.681065,0.1,0.11,7.0,7.0,13.0,14.0,68.0,68.0,128.0,129.0,60.0,60.0,169.0,22.2,5.15,1299,0.10318035945612018,env_mode,1.0.0,env_only,random_forest,0,,
1305,50.971973,29.695343,0.11,0.11,6.0,5.0,15.0,16.0,73.0,73.0,130.0,131.0,55.0,55.0,178.0,23.0,5.08,1300,0.10773901958826257,env_mode,1.0.0,env_only,random_forest,0,,
1306,50.971973,29.709623,0.1,0.11,3.0,4.0,14.0,15.0,65.0,67.0,139.0,139.0,60.0,60.0,165.0,17.1,4.77,1301,0.1015844034472021,env_mode,1.0.0,env_only,random_forest,0,,
1307,50.971973,29.723902,0.11,0.11,5.0,4.0,13.0,14.0,63.0,63.0,136.0,137.0,61.0,61.0,156.0,13.2,6.34,1302,0.10182600656352263,env_mode,1.0.0,env_only,random_forest,0,,
1308,50.971973,29.738181,0.1,0.11,5.0,5.0,19.0,20.0,55.0,55.0,134.0,135.0,64.0,64.0,155.0,10.2,5.6,1303,0.10228892955174644,env_mode,1.0.0,env_only,random_forest,0,,
1309,50.971973,29.752459,0.1,0.1,4.0,4.0,18.0,20.0,55.0,55.0,135.0,137.0,63.0,63.0,157.0,6.6,5.98,1304,0.10262113527960084,env_mode,1.0.0,env_only,random_forest,0,,
1310,50.972,29.765124,0.1,0.11,4.0,4.0,18.0,19.0,58.0,58.0,134.0,133.0,62.0,62.0,146.0,26.3,5.09,1305,0.10272116703586505,env_mode,1.0.0,env_only,random_forest,0,,
1311,50.97223,29.77673,0.1,0.12,4.0,4.0,17.0,18.0,55.0,54.0,136.0,135.0,61.0,61.0,147.0,23.1,4.83,1306,0.10333522370534033,env_mode,1.0.0,env_only,random_forest,0,,
1312,50.971973,29.781017,0.11,0.12,4.0,4.0,15.0,17.0,58.0,57.0,137.0,135.0,62.0,62.0,152.0,12.0,5.4,1307,0.10204950265334224,env_mode,1.0.0,env_only,random_forest,0,,
1313,50.971973,29.795297,0.11,0.11,4.0,3.0,18.0,20.0,56.0,56.0,138.0,138.0,63.0,63.0,158.0,4.8,6.57,1308,0.1025300737035124,env_mode,1.0.0,env_only,random_forest,0,,
1314,50.971973,29.809575,0.1,0.12,3.0,3.0,17.0,19.0,56.0,56.0,135.0,133.0,62.0,62.0,156.0,4.3,6.03,1309,0.1022397367846476,env_mode,1.0.0,env_only,random_forest,0,,
1315,50.971957,29.823855,0.1,0.1,3.0,3.0,16.0,17.0,64.0,64.0,137.0,136.0,62.0,62.0,144.0,23.2,4.99,1310,0.100823941931839,env_mode,1.0.0,env_only,random_forest,0,,
1316,50.971957,29.838134,0.1,0.11,4.0,4.0,17.0,19.0,71.0,71.0,130.0,129.0,62.0,62.0,132.0,7.2,6.34,1311,0.10174631363091764,env_mode,1.0.0,env_only,random_forest,0,,
1317,50.971936,29.851501,0.11,0.12,4.0,5.0,18.0,19.0,63.0,62.0,138.0,137.0,63.0,63.0,119.0,13.5,5.67,1312,0.10247241783615092,env_mode,1.0.0,env_only,random_forest,0,,
1318,50.971973,29.86669,0.11,0.11,3.0,4.0,20.0,21.0,57.0,57.0,134.0,132.0,63.0,63.0,133.0,10.2,6.11,1313,0.103549379505767,env_mode,1.0.0,env_only,random_forest,0,,
1319,50.971957,29.880973,0.1,0.11,4.0,4.0,19.0,20.0,63.0,62.0,134.0,133.0,58.0,58.0,139.0,15.9,4.85,1314,0.10270590001178434,env_mode,1.0.0,env_only,random_forest,0,,
1320,50.971957,29.909532,0.12,0.12,3.0,4.0,18.0,19.0,57.0,57.0,128.0,126.0,62.0,63.0,145.0,7.8,6.14,1315,0.10314210458027659,env_mode,1.0.0,env_only,random_forest,0,,
1321,50.97124,29.92359,0.1,0.11,3.0,3.0,17.0,18.0,57.0,56.0,139.0,138.0,63.0,63.0,142.0,11.3,5.27,1316,0.10327026802500382,env_mode,1.0.0,env_only,random_forest,0,,
1322,50.971973,29.928566,0.11,0.12,3.0,3.0,17.0,19.0,56.0,56.0,141.0,139.0,64.0,64.0,136.0,11.9,5.98,1317,0.10473624692145757,env_mode,1.0.0,env_only,random_forest,0,,
1323,50.971973,29.938085,0.11,0.11,3.0,3.0,17.0,19.0,55.0,54.0,136.0,135.0,64.0,64.0,136.0,5.7,5.73,1318,0.10443133078228177,env_mode,1.0.0,env_only,random_forest,0,,
1324,50.972159,29.951846,0.09,0.1,5.0,5.0,16.0,17.0,55.0,55.0,132.0,130.0,63.0,63.0,132.0,29.5,4.64,1319,0.10574737705992597,env_mode,1.0.0,env_only,random_forest,0,,
1325,50.971936,29.996931,0.11,0.12,8.0,8.0,18.0,19.0,47.0,47.0,123.0,125.0,64.0,64.0,108.0,0.4,8.63,1320,0.10582848574598848,env_mode,1.0.0,env_only,random_forest,0,,
1326,50.97261,30.00841,0.11,0.12,5.0,5.0,15.0,16.0,49.0,49.0,127.0,126.0,67.0,67.0,110.0,6.6,6.21,1321,0.10702692319770468,env_mode,1.0.0,env_only,random_forest,0,,
1327,50.9721,30.01396,0.11,0.13,5.0,5.0,16.0,17.0,50.0,50.0,124.0,127.0,67.0,67.0,113.0,12.2,4.99,1322,0.10628961403654072,env_mode,1.0.0,env_only,random_forest,0,,
1328,50.971973,30.023759,0.12,0.14,6.0,7.0,15.0,17.0,60.0,61.0,111.0,118.0,61.0,61.0,115.0,45.0,3.87,1323,0.11272748769874426,env_mode,1.0.0,env_only,random_forest,0,,
1329,50.971973,30.038037,0.22,0.23,6.0,6.0,15.0,16.0,61.0,62.0,117.0,120.0,56.0,56.0,121.0,25.1,4.58,1324,0.12545992857210045,env_mode,1.0.0,env_only,random_forest,0,,
1330,50.971818,30.051118,0.12,0.13,6.0,6.0,15.0,17.0,55.0,55.0,127.0,126.0,64.0,64.0,110.0,5.1,7.37,1325,0.10637054001578075,env_mode,1.0.0,env_only,random_forest,0,,
1331,50.96872,29.948,0.1,0.11,4.0,4.0,18.0,19.0,54.0,53.0,133.0,133.0,63.0,63.0,121.0,34.4,4.33,1326,0.10475467012778156,env_mode,1.0.0,env_only,random_forest,0,,
1332,50.968247,29.942561,0.09,0.11,3.0,3.0,18.0,20.0,54.0,53.0,136.0,135.0,63.0,63.0,129.0,42.1,4.15,1327,0.1038102914180737,env_mode,1.0.0,env_only,random_forest,0,,
1333,50.968975,29.938085,0.1,0.11,3.0,3.0,17.0,18.0,53.0,52.0,134.0,133.0,64.0,64.0,134.0,31.1,4.85,1328,0.10541032280137935,env_mode,1.0.0,env_only,random_forest,0,,
1334,50.968975,29.933325,0.09,0.1,3.0,3.0,16.0,17.0,55.0,55.0,137.0,136.0,65.0,65.0,139.0,7.8,6.1,1329,0.10400220584950477,env_mode,1.0.0,env_only,random_forest,0,,
1335,50.96914,29.929145,0.11,0.11,3.0,4.0,16.0,18.0,56.0,56.0,141.0,140.0,63.0,63.0,139.0,2.7,6.66,1330,0.10405051728233833,env_mode,1.0.0,env_only,random_forest,0,,
1336,50.96917,29.87584,0.11,0.11,3.0,4.0,20.0,22.0,59.0,59.0,133.0,131.0,60.0,60.0,130.0,10.8,6.05,1331,0.10338256931002646,env_mode,1.0.0,env_only,random_forest,0,,
1337,50.968975,29.87145,0.1,0.11,4.0,4.0,18.0,19.0,57.0,57.0,134.0,133.0,61.0,61.0,135.0,33.8,4.21,1332,0.10289661362622164,env_mode,1.0.0,env_only,random_forest,0,,
1338,50.968975,29.781017,0.11,0.12,4.0,4.0,15.0,17.0,58.0,58.0,138.0,136.0,61.0,61.0,153.0,13.4,5.8,1333,0.10261129483375168,env_mode,1.0.0,env_only,random_forest,0,,
1339,50.968975,29.776258,0.1,0.1,4.0,4.0,16.0,18.0,60.0,60.0,136.0,135.0,62.0,62.0,148.0,13.2,5.53,1334,0.10185288937013658,env_mode,1.0.0,env_only,random_forest,0,,
1340,50.968975,29.771498,0.1,0.11,4.0,4.0,18.0,19.0,60.0,60.0,138.0,136.0,61.0,61.0,151.0,15.3,4.97,1335,0.10171495232515464,env_mode,1.0.0,env_only,random_forest,0,,
1341,50.965978,29.771498,0.11,0.12,4.0,4.0,16.0,18.0,61.0,61.0,137.0,135.0,62.0,63.0,149.0,16.3,5.71,1336,0.10137694504912335,env_mode,1.0.0,env_only,random_forest,0,,
1342,50.965978,29.776258,0.1,0.12,3.0,4.0,15.0,17.0,61.0,61.0,138.0,136.0,62.0,62.0,149.0,7.3,5.67,1337,0.10061850630231975,env_mode,1.0.0,env_only,random_forest,0,,
1343,50.965978,29.781017,0.11,0.11,4.0,4.0,15.0,16.0,59.0,59.0,136.0,135.0,61.0,61.0,149.0,4.1,7.02,1338,0.10134971836830602,env_mode,1.0.0,env_only,random_forest,0,,
1344,50.965978,29.87145,0.1,0.11,4.0,4.0,18.0,20.0,61.0,60.0,135.0,133.0,61.0,61.0,119.0,17.2,5.25,1339,0.10262566761269855,env_mode,1.0.0,env_only,random_forest,0,,
1345,50.965978,29.87621,0.11,0.11,4.0,4.0,20.0,21.0,59.0,59.0,133.0,131.0,62.0,62.0,126.0,21.2,5.29,1340,0.10333349992041568,env_mode,1.0.0,env_only,random_forest,0,,
1346,50.96624,29.91916,0.09,0.1,3.0,3.0,17.0,19.0,60.0,60.0,135.0,133.0,64.0,64.0,141.0,7.4,6.33,1341,0.10064908259288986,env_mode,1.0.0,env_only,random_forest,0,,
1347,50.965688,29.922909,0.1,0.1,3.0,3.0,16.0,18.0,58.0,58.0,139.0,138.0,65.0,65.0,140.0,5.7,6.43,1342,0.10226974110517079,env_mode,1.0.0,env_only,random_forest,0,,
1348,50.965978,29.928566,0.11,0.11,3.0,3.0,16.0,17.0,55.0,54.0,136.0,135.0,65.0,65.0,139.0,6.6,6.39,1343,0.10494206531963644,env_mode,1.0.0,env_only,random_forest,0,,
1349,50.965978,29.933325,0.09,0.11,3.0,4.0,17.0,18.0,55.0,55.0,136.0,135.0,64.0,64.0,135.0,8.8,6.27,1344,0.10436474830781588,env_mode,1.0.0,env_only,random_forest,0,,
1350,50.965978,29.938085,0.1,0.1,3.0,4.0,18.0,20.0,55.0,55.0,135.0,134.0,64.0,64.0,130.0,24.4,5.02,1345,0.10452316516034486,env_mode,1.0.0,env_only,random_forest,0,,
1351,50.965978,29.942845,0.1,0.11,3.0,4.0,17.0,19.0,52.0,52.0,136.0,138.0,64.0,65.0,123.0,23.3,4.93,1346,0.10585940459941272,env_mode,1.0.0,env_only,random_forest,0,,
1352,50.96616,29.94495,0.1,0.11,4.0,4.0,17.0,18.0,52.0,52.0,135.0,136.0,66.0,66.0,121.0,31.0,4.58,1347,0.10494377190389846,env_mode,1.0.0,env_only,random_forest,0,,
1353,50.962981,30.052317,0.2,0.22,5.0,6.0,14.0,15.0,67.0,68.0,123.0,126.0,59.0,59.0,113.0,26.3,4.95,1348,0.11927269925216354,env_mode,1.0.0,env_only,random_forest,0,,
1354,50.96253,30.039,0.24,0.25,5.0,4.0,13.0,15.0,67.0,68.0,116.0,122.0,59.0,59.0,126.0,45.0,4.02,1349,0.1239574346474817,env_mode,1.0.0,env_only,random_forest,0,,
1355,50.963,30.02418,0.18,0.2,8.0,7.0,15.0,17.0,66.0,66.0,116.0,120.0,57.0,56.0,120.0,11.3,5.25,1350,0.12104491541108783,env_mode,1.0.0,env_only,random_forest,0,,
1356,50.962981,30.00948,0.12,0.12,6.0,6.0,16.0,17.0,55.0,56.0,121.0,124.0,66.0,65.0,112.0,7.4,5.65,1351,0.10540256489172475,env_mode,1.0.0,env_only,random_forest,0,,
1357,50.962413,29.996578,0.14,0.15,10.0,10.0,14.0,16.0,58.0,58.0,119.0,122.0,58.0,58.0,127.0,14.9,5.59,1352,0.11222932093947176,env_mode,1.0.0,env_only,random_forest,0,,
1358,50.962177,29.982337,0.1,0.12,7.0,7.0,18.0,20.0,50.0,50.0,122.0,122.0,64.0,64.0,109.0,1.5,7.38,1353,0.10214524163176045,env_mode,1.0.0,env_only,random_forest,0,,
1359,50.96327,29.94125,0.11,0.11,4.0,3.0,17.0,19.0,55.0,55.0,133.0,135.0,61.0,61.0,114.0,45.0,4.19,1354,0.10634883048691571,env_mode,1.0.0,env_only,random_forest,0,,
1360,50.9628,29.93671,0.13,0.13,3.0,4.0,18.0,19.0,55.0,55.0,135.0,136.0,65.0,65.0,132.0,30.5,4.83,1355,0.10470452933844025,env_mode,1.0.0,env_only,random_forest,0,,
1361,50.962981,29.933325,0.12,0.12,3.0,3.0,17.0,18.0,57.0,57.0,134.0,135.0,65.0,65.0,133.0,14.5,5.55,1356,0.1040430985887065,env_mode,1.0.0,env_only,random_forest,0,,
1362,50.962594,29.928011,0.11,0.12,3.0,4.0,16.0,17.0,58.0,59.0,135.0,133.0,65.0,65.0,139.0,12.0,5.56,1357,0.10263469195413533,env_mode,1.0.0,env_only,random_forest,0,,
1363,50.96273,29.92281,0.09,0.1,3.0,4.0,16.0,17.0,63.0,63.0,136.0,135.0,63.0,63.0,139.0,9.6,5.64,1358,0.10128535079583341,env_mode,1.0.0,env_only,random_forest,0,,
1364,50.96457,29.91055,0.1,0.11,4.0,5.0,15.0,16.0,60.0,60.0,126.0,126.0,60.0,60.0,145.0,15.8,5.55,1359,0.10302408007676031,env_mode,1.0.0,env_only,random_forest,0,,
1365,50.962981,29.895249,0.12,0.13,10.0,10.0,14.0,15.0,64.0,64.0,125.0,128.0,55.0,55.0,150.0,14.6,5.21,1360,0.10846476952876766,env_mode,1.0.0,env_only,random_forest,0,,
1366,50.96309,29.88077,0.1,0.11,3.0,3.0,18.0,20.0,57.0,58.0,137.0,138.0,64.0,64.0,126.0,12.3,5.71,1361,0.10358622149025305,env_mode,1.0.0,env_only,random_forest,0,,
1367,50.962981,29.87621,0.1,0.11,3.0,3.0,18.0,20.0,60.0,60.0,136.0,135.0,64.0,64.0,118.0,11.7,5.75,1362,0.10229539263539383,env_mode,1.0.0,env_only,random_forest,0,,
1368,50.96238,29.86654,0.11,0.13,5.0,5.0,16.0,17.0,57.0,57.0,131.0,129.0,60.0,59.0,119.0,20.3,5.51,1363,0.10540862426114264,env_mode,1.0.0,env_only,random_forest,0,,
1369,50.96339,29.85181,0.11,0.12,6.0,5.0,12.0,14.0,69.0,69.0,118.0,123.0,62.0,62.0,155.0,21.3,5.03,1364,0.10591211233888224,env_mode,1.0.0,env_only,random_forest,0,,
1370,50.962981,29.838133,0.11,0.13,5.0,5.0,13.0,15.0,69.0,69.0,134.0,133.0,58.0,58.0,148.0,23.6,4.92,1365,0.10376731010026209,env_mode,1.0.0,env_only,random_forest,0,,
1371,50.96257,29.82359,0.11,0.13,5.0,5.0,12.0,13.0,68.0,67.0,131.0,132.0,58.0,58.0,158.0,23.9,4.96,1366,0.1049427118290805,env_mode,1.0.0,env_only,random_forest,0,,
1372,50.962981,29.809575,0.1,0.12,4.0,5.0,18.0,19.0,57.0,57.0,137.0,137.0,59.0,59.0,155.0,4.6,6.82,1367,0.10190703612831124,env_mode,1.0.0,env_only,random_forest,0,,
1373,50.962981,29.795297,0.11,0.13,7.0,7.0,11.0,13.0,69.0,69.0,119.0,123.0,55.0,55.0,173.0,36.3,4.67,1368,0.10697564911474433,env_mode,1.0.0,env_only,random_forest,0,,
1374,50.96294,29.7816,0.12,0.13,4.0,4.0,13.0,15.0,66.0,65.0,131.0,131.0,56.0,56.0,153.0,18.8,5.39,1369,0.10387394450994657,env_mode,1.0.0,env_only,random_forest,0,,
1375,50.962305,29.776043,0.1,0.11,4.0,4.0,11.0,13.0,63.0,63.0,133.0,133.0,58.0,58.0,180.0,29.6,4.12,1370,0.10498026012593993,env_mode,1.0.0,env_only,random_forest,0,,
1376,50.962914,29.766465,0.11,0.11,5.0,5.0,11.0,12.0,66.0,67.0,135.0,135.0,56.0,56.0,179.0,36.4,4.58,1371,0.10689222630463356,env_mode,1.0.0,env_only,random_forest,0,,
1377,50.962981,29.757219,0.1,0.11,3.0,4.0,16.0,18.0,59.0,59.0,138.0,137.0,64.0,64.0,152.0,10.4,5.92,1372,0.10109639210541656,env_mode,1.0.0,env_only,random_forest,0,,
1378,50.96336,29.75333,0.1,0.11,4.0,4.0,16.0,17.0,57.0,57.0,137.0,136.0,65.0,65.0,148.0,11.2,5.79,1373,0.1015800568763687,env_mode,1.0.0,env_only,random_forest,0,,
1379,50.96312,29.73859,0.09,0.09,4.0,5.0,17.0,18.0,61.0,61.0,138.0,139.0,62.0,62.0,158.0,9.9,5.76,1374,0.10085441115853437,env_mode,1.0.0,env_only,random_forest,0,,
1380,50.962964,29.723898,0.11,0.11,5.0,5.0,13.0,14.0,69.0,69.0,133.0,132.0,55.0,55.0,166.0,8.1,6.05,1375,0.10692251318043233,env_mode,1.0.0,env_only,random_forest,0,,
1381,50.962569,29.708696,0.1,0.11,6.0,5.0,13.0,14.0,74.0,73.0,123.0,129.0,56.0,56.0,187.0,41.8,3.84,1376,0.10455688662396373,env_mode,1.0.0,env_only,random_forest,0,,
1382,50.961887,29.695044,0.11,0.12,8.0,7.0,14.0,15.0,69.0,68.0,128.0,128.0,58.0,58.0,174.0,8.6,5.85,1377,0.10634301162066447,env_mode,1.0.0,env_only,random_forest,0,,
1383,50.962981,29.681065,0.12,0.12,8.0,9.0,12.0,13.0,67.0,67.0,128.0,130.0,58.0,58.0,173.0,31.0,4.21,1378,0.10688394342364076,env_mode,1.0.0,env_only,random_forest,0,,
1384,50.962313,29.667737,0.11,0.12,7.0,6.0,12.0,14.0,70.0,69.0,125.0,132.0,58.0,58.0,163.0,10.0,6.16,1379,0.10437415911614428,env_mode,1.0.0,env_only,random_forest,0,,
1385,50.962583,29.651804,0.09,0.11,5.0,5.0,12.0,13.0,75.0,75.0,129.0,129.0,56.0,56.0,161.0,19.7,5.61,1380,0.10411420416833807,env_mode,1.0.0,env_only,random_forest,0,,
1386,50.962964,29.63822,0.1,0.1,5.0,5.0,13.0,14.0,75.0,74.0,128.0,129.0,57.0,57.0,165.0,35.5,4.93,1381,0.10433034093589814,env_mode,1.0.0,env_only,random_forest,0,,
1387,50.962964,29.62394,0.09,0.1,5.0,5.0,14.0,15.0,78.0,77.0,124.0,125.0,55.0,55.0,165.0,12.8,5.35,1382,0.10352543093789719,env_mode,1.0.0,env_only,random_forest,0,,
1388,50.962043,29.609604,0.11,0.11,6.0,5.0,12.0,13.0,78.0,79.0,124.0,129.0,56.0,56.0,157.0,15.4,5.77,1383,0.10467510856782211,env_mode,1.0.0,env_only,random_forest,0,,
1389,50.962981,29.595391,0.11,0.12,5.0,5.0,11.0,13.0,74.0,74.0,114.0,121.0,54.0,54.0,161.0,10.4,5.98,1384,0.10471718123187011,env_mode,1.0.0,env_only,random_forest,0,,
1390,50.962981,29.581112,0.11,0.11,7.0,7.0,11.0,12.0,79.0,80.0,115.0,123.0,51.0,52.0,171.0,18.8,5.14,1385,0.1072285892455271,env_mode,1.0.0,env_only,random_forest,0,,
1391,50.963843,29.568409,0.09,0.1,5.0,4.0,12.0,14.0,75.0,75.0,117.0,123.0,55.0,55.0,161.0,14.1,5.28,1386,0.10408560520453708,env_mode,1.0.0,env_only,random_forest,0,,
1392,50.962981,29.552555,0.1,0.11,7.0,9.0,13.0,14.0,60.0,60.0,130.0,135.0,61.0,61.0,154.0,15.1,5.5,1387,0.10353447956416165,env_mode,1.0.0,env_only,random_forest,0,,
1393,50.962981,29.538276,0.1,0.12,8.0,7.0,15.0,17.0,57.0,57.0,129.0,135.0,61.0,62.0,157.0,12.7,5.35,1388,0.10307075001132514,env_mode,1.0.0,env_only,random_forest,0,,
1394,50.962981,29.52422,0.11,0.12,6.0,6.0,15.0,16.0,58.0,57.0,125.0,132.0,60.0,60.0,157.0,8.8,5.68,1389,0.10368329022585157,env_mode,1.0.0,env_only,random_forest,0,,
1395,50.962964,29.495424,0.1,0.1,5.0,5.0,15.0,16.0,68.0,69.0,117.0,122.0,59.0,58.0,161.0,32.2,5.0,1390,0.10587341659462948,env_mode,1.0.0,env_only,random_forest,0,,
1396,50.96309,29.48104,0.1,0.11,9.0,8.0,15.0,17.0,61.0,62.0,125.0,133.0,60.0,60.0,177.0,10.6,5.46,1391,0.10375408907690824,env_mode,1.0.0,env_only,random_forest,0,,
1397,50.962981,29.466881,0.11,0.12,5.0,5.0,12.0,14.0,74.0,75.0,123.0,124.0,61.0,61.0,178.0,12.3,5.09,1392,0.10322897669686874,env_mode,1.0.0,env_only,random_forest,0,,
1398,50.962964,29.452585,0.12,0.12,5.0,5.0,12.0,13.0,68.0,68.0,124.0,125.0,59.0,59.0,173.0,12.0,5.83,1393,0.10467596506128136,env_mode,1.0.0,env_only,random_forest,0,,
1399,50.96295,29.43806,0.11,0.12,4.0,4.0,11.0,12.0,71.0,71.0,129.0,131.0,58.0,58.0,180.0,13.6,4.81,1394,0.10467743765970504,env_mode,1.0.0,env_only,random_forest,0,,
1400,50.962981,29.424044,0.12,0.12,5.0,5.0,11.0,13.0,74.0,73.0,124.0,128.0,56.0,56.0,185.0,10.1,5.34,1395,0.10616260491381975,env_mode,1.0.0,env_only,random_forest,0,,
1401,50.959923,29.46316,0.11,0.11,5.0,5.0,14.0,16.0,70.0,70.0,127.0,127.0,60.0,60.0,168.0,22.2,4.87,1396,0.10344991039784052,env_mode,1.0.0,env_only,random_forest,0,,
1402,50.959083,29.466854,0.1,0.12,3.0,3.0,15.0,16.0,68.0,69.0,124.0,125.0,61.0,61.0,170.0,6.3,5.83,1397,0.09969116020080271,env_mode,1.0.0,env_only,random_forest,0,,
1403,50.96012,29.74787,0.11,0.11,4.0,4.0,16.0,18.0,60.0,59.0,137.0,138.0,63.0,63.0,152.0,15.9,4.93,1398,0.10208401159508533,env_mode,1.0.0,env_only,random_forest,0,,
1404,50.959983,29.752459,0.1,0.11,3.0,3.0,16.0,17.0,57.0,58.0,137.0,136.0,64.0,64.0,156.0,7.4,5.85,1399,0.10096931710114046,env_mode,1.0.0,env_only,random_forest,0,,
1405,50.959983,29.757219,0.1,0.1,3.0,3.0,16.0,18.0,62.0,61.0,137.0,135.0,62.0,62.0,155.0,4.9,6.42,1400,0.10019170853580363,env_mode,1.0.0,env_only,random_forest,0,,
1406,50.959983,29.761979,0.1,0.11,3.0,3.0,17.0,18.0,68.0,67.0,137.0,136.0,60.0,60.0,157.0,3.6,7.09,1401,0.09872915703175486,env_mode,1.0.0,env_only,random_forest,0,,
1407,50.959983,29.88097,0.11,0.11,4.0,4.0,17.0,18.0,59.0,59.0,136.0,137.0,64.0,64.0,117.0,24.8,5.03,1402,0.10498085406013305,env_mode,1.0.0,env_only,random_forest,0,,
1408,50.959983,29.885729,0.1,0.12,3.0,3.0,17.0,19.0,66.0,65.0,134.0,136.0,64.0,64.0,125.0,13.9,5.49,1403,0.10178221211932235,env_mode,1.0.0,env_only,random_forest,0,,
1409,50.959983,29.919047,0.1,0.1,3.0,3.0,17.0,18.0,61.0,61.0,131.0,132.0,62.0,62.0,132.0,9.3,6.12,1404,0.10263633654228493,env_mode,1.0.0,env_only,random_forest,0,,
1410,50.959983,29.923806,0.1,0.11,4.0,3.0,18.0,19.0,59.0,59.0,138.0,139.0,65.0,65.0,134.0,9.0,5.73,1405,0.10220445043008382,env_mode,1.0.0,env_only,random_forest,0,,
1411,50.959983,29.928566,0.1,0.12,4.0,4.0,17.0,18.0,57.0,57.0,134.0,136.0,66.0,66.0,134.0,15.2,5.5,1406,0.1022681443609597,env_mode,1.0.0,env_only,random_forest,0,,
1412,50.95995,29.93297,0.09,0.1,4.0,4.0,17.0,19.0,55.0,54.0,134.0,135.0,65.0,65.0,127.0,28.0,4.9,1407,0.10510900745199897,env_mode,1.0.0,env_only,random_forest,0,,
1413,50.959974,29.937789,0.1,0.11,3.0,3.0,18.0,19.0,52.0,51.0,128.0,132.0,60.0,60.0,114.0,22.8,4.89,1408,0.10515053470808342,env_mode,1.0.0,env_only,random_forest,0,,
1414,50.95684,29.93291,0.1,0.11,5.0,5.0,18.0,20.0,49.0,49.0,128.0,130.0,64.0,64.0,117.0,17.1,5.45,1409,0.10561528359165852,env_mode,1.0.0,env_only,random_forest,0,,
1415,50.956985,29.928566,0.11,0.12,5.0,4.0,17.0,18.0,53.0,53.0,133.0,133.0,67.0,67.0,123.0,23.2,5.02,1410,0.10423826124399013,env_mode,1.0.0,env_only,random_forest,0,,
1416,50.956985,29.923806,0.11,0.13,4.0,4.0,17.0,18.0,62.0,62.0,132.0,133.0,63.0,63.0,129.0,7.9,6.21,1411,0.10312614848135654,env_mode,1.0.0,env_only,random_forest,0,,
1417,50.95675,29.88591,0.1,0.11,5.0,5.0,16.0,18.0,60.0,61.0,130.0,131.0,62.0,62.0,117.0,20.5,5.73,1412,0.10362085931512129,env_mode,1.0.0,env_only,random_forest,0,,
1418,50.956985,29.761979,0.1,0.1,3.0,3.0,15.0,16.0,63.0,62.0,133.0,132.0,58.0,58.0,156.0,7.2,6.54,1413,0.10091057338596517,env_mode,1.0.0,env_only,random_forest,0,,
1419,50.95706,29.75722,0.1,0.11,3.0,3.0,17.0,18.0,64.0,64.0,133.0,132.0,60.0,60.0,155.0,7.0,6.63,1414,0.09963420121615026,env_mode,1.0.0,env_only,random_forest,0,,
1420,50.956985,29.752459,0.1,0.1,4.0,4.0,15.0,17.0,60.0,60.0,133.0,134.0,60.0,60.0,152.0,8.1,5.77,1415,0.1011357518292218,env_mode,1.0.0,env_only,random_forest,0,,
1421,50.956985,29.7477,0.09,0.1,3.0,4.0,16.0,17.0,61.0,61.0,135.0,138.0,61.0,61.0,152.0,12.0,5.78,1416,0.10091986775606274,env_mode,1.0.0,env_only,random_forest,0,,
1422,50.956985,29.742941,0.1,0.11,4.0,4.0,16.0,17.0,60.0,60.0,137.0,139.0,62.0,62.0,152.0,5.4,5.98,1417,0.10089979016828517,env_mode,1.0.0,env_only,random_forest,0,,
1423,50.956761,29.498977,0.11,0.11,3.0,4.0,18.0,20.0,58.0,58.0,133.0,131.0,65.0,65.0,166.0,15.5,5.29,1418,0.1032354748465057,env_mode,1.0.0,env_only,random_forest,0,,
1424,50.956985,29.495439,0.11,0.11,3.0,3.0,18.0,19.0,61.0,61.0,137.0,136.0,64.0,64.0,169.0,3.9,6.63,1419,0.10222474576330993,env_mode,1.0.0,env_only,random_forest,0,,
1425,50.956523,29.48112,0.1,0.11,4.0,4.0,16.0,18.0,63.0,63.0,123.0,124.0,61.0,62.0,164.0,10.5,5.92,1420,0.10209265748160834,env_mode,1.0.0,env_only,random_forest,0,,
1426,50.956985,29.4764,0.11,0.11,4.0,4.0,16.0,18.0,62.0,62.0,122.0,123.0,62.0,62.0,166.0,30.8,4.68,1421,0.10392012814948427,env_mode,1.0.0,env_only,random_forest,0,,
1427,50.956985,29.466881,0.11,0.11,3.0,4.0,14.0,16.0,65.0,65.0,133.0,133.0,61.0,61.0,165.0,5.4,6.57,1422,0.10046147840013159,env_mode,1.0.0,env_only,random_forest,0,,
1428,50.95397,29.424026,0.11,0.13,8.0,7.0,12.0,13.0,71.0,71.0,121.0,122.0,56.0,56.0,185.0,26.8,4.66,1423,0.10539422771405302,env_mode,1.0.0,env_only,random_forest,0,,
1429,50.95397,29.438306,0.12,0.13,4.0,5.0,13.0,14.0,67.0,66.0,129.0,130.0,58.0,59.0,176.0,15.3,5.64,1424,0.10506435664709564,env_mode,1.0.0,env_only,random_forest,0,,
1430,50.95397,29.452585,0.11,0.12,4.0,4.0,18.0,19.0,64.0,63.0,137.0,137.0,59.0,59.0,164.0,9.8,6.27,1425,0.10123821471129021,env_mode,1.0.0,env_only,random_forest,0,,
1431,50.953985,29.462121,0.11,0.11,5.0,4.0,17.0,19.0,59.0,59.0,135.0,134.0,62.0,62.0,169.0,11.6,5.04,1426,0.10390285957651786,env_mode,1.0.0,env_only,random_forest,0,,
1432,50.953985,29.466881,0.11,0.12,4.0,4.0,19.0,20.0,61.0,61.0,131.0,131.0,60.0,60.0,164.0,9.3,6.21,1427,0.1023751571459231,env_mode,1.0.0,env_only,random_forest,0,,
1433,50.95397,29.481144,0.09,0.1,3.0,3.0,17.0,18.0,62.0,61.0,134.0,134.0,62.0,62.0,162.0,5.7,6.91,1428,0.09975359330711012,env_mode,1.0.0,env_only,random_forest,0,,
1434,50.953985,29.48592,0.1,0.1,3.0,3.0,17.0,18.0,63.0,63.0,131.0,130.0,62.0,62.0,161.0,11.9,5.82,1429,0.10034077617338812,env_mode,1.0.0,env_only,random_forest,0,,
1435,50.953985,29.490679,0.1,0.11,3.0,3.0,18.0,20.0,63.0,63.0,135.0,135.0,63.0,63.0,166.0,19.6,4.73,1430,0.10119268345366501,env_mode,1.0.0,env_only,random_forest,0,,
1436,50.953985,29.495439,0.11,0.12,3.0,3.0,18.0,20.0,60.0,60.0,134.0,133.0,63.0,63.0,166.0,13.3,5.4,1431,0.1030961551780913,env_mode,1.0.0,env_only,random_forest,0,,
1437,50.953985,29.500199,0.11,0.11,3.0,3.0,15.0,17.0,60.0,59.0,136.0,135.0,69.0,69.0,162.0,12.2,5.7,1432,0.10100382347566841,env_mode,1.0.0,env_only,random_forest,0,,
1438,50.95397,29.509704,0.09,0.1,5.0,5.0,18.0,20.0,52.0,51.0,130.0,129.0,67.0,67.0,156.0,14.7,5.4,1433,0.10304511405560257,env_mode,1.0.0,env_only,random_forest,0,,
1439,50.95397,29.523983,0.1,0.1,3.0,5.0,18.0,20.0,48.0,48.0,132.0,133.0,67.0,67.0,162.0,4.9,6.79,1434,0.10216475246289766,env_mode,1.0.0,env_only,random_forest,0,,
1440,50.954559,29.539036,0.1,0.1,4.0,4.0,16.0,19.0,53.0,53.0,132.0,131.0,67.0,67.0,160.0,4.8,6.66,1435,0.10227237305590281,env_mode,1.0.0,env_only,random_forest,0,,
1441,50.95397,29.552542,0.09,0.1,3.0,4.0,16.0,18.0,56.0,55.0,132.0,131.0,67.0,67.0,158.0,7.8,5.8,1436,0.09990938544606576,env_mode,1.0.0,env_only,random_forest,0,,
1442,50.953985,29.562074,0.1,0.1,4.0,4.0,18.0,19.0,62.0,61.0,137.0,135.0,64.0,64.0,156.0,10.7,5.65,1437,0.09967071520886807,env_mode,1.0.0,env_only,random_forest,0,,
1443,50.953985,29.566834,0.09,0.09,4.0,4.0,17.0,18.0,58.0,58.0,131.0,130.0,65.0,65.0,150.0,18.4,5.37,1438,0.10207906990327387,env_mode,1.0.0,env_only,random_forest,0,,
1444,50.953985,29.576353,0.11,0.11,6.0,5.0,15.0,17.0,61.0,61.0,127.0,131.0,60.0,60.0,149.0,44.5,3.77,1439,0.10411942693930017,env_mode,1.0.0,env_only,random_forest,0,,
1445,50.95397,29.581102,0.11,0.12,7.0,8.0,13.0,14.0,70.0,70.0,117.0,124.0,54.0,54.0,165.0,25.8,5.0,1440,0.1048211860547241,env_mode,1.0.0,env_only,random_forest,0,,
1446,50.953985,29.595391,0.1,0.12,6.0,5.0,13.0,15.0,78.0,78.0,118.0,126.0,53.0,53.0,154.0,45.0,4.14,1441,0.10710812652406397,env_mode,1.0.0,env_only,random_forest,0,,
1447,50.954,29.610967,0.11,0.12,6.0,5.0,10.0,11.0,81.0,81.0,120.0,126.0,52.0,52.0,179.0,9.0,5.03,1442,0.10468675146280439,env_mode,1.0.0,env_only,random_forest,0,,
1448,50.953985,29.62395,0.12,0.12,20.0,20.0,14.0,15.0,70.0,70.0,108.0,112.0,59.0,58.0,157.0,21.8,4.97,1443,0.10577140590704122,env_mode,1.0.0,env_only,random_forest,0,,
1449,50.953985,29.638228,0.11,0.11,4.0,4.0,14.0,15.0,74.0,74.0,132.0,134.0,60.0,60.0,157.0,4.6,6.37,1444,0.10016689030422066,env_mode,1.0.0,env_only,random_forest,0,,
1450,50.953985,29.652507,0.1,0.12,5.0,5.0,11.0,12.0,79.0,79.0,122.0,128.0,58.0,58.0,170.0,22.2,4.92,1445,0.10344607178081881,env_mode,1.0.0,env_only,random_forest,0,,
1451,50.95397,29.666779,0.09,0.1,4.0,4.0,12.0,14.0,70.0,70.0,134.0,134.0,63.0,63.0,153.0,28.2,5.58,1446,0.10021092310885892,env_mode,1.0.0,env_only,random_forest,0,,
1452,50.95364,29.67716,0.1,0.1,3.0,4.0,15.0,16.0,69.0,69.0,135.0,136.0,60.0,60.0,161.0,6.1,6.04,1447,0.09892953734718561,env_mode,1.0.0,env_only,random_forest,0,,
1453,50.95401,29.681,0.09,0.1,4.0,4.0,14.0,16.0,68.0,68.0,133.0,133.0,58.0,58.0,163.0,5.0,6.37,1448,0.10123822747532585,env_mode,1.0.0,env_only,random_forest,0,,
1454,50.953985,29.695343,0.12,0.13,5.0,5.0,12.0,13.0,75.0,75.0,127.0,127.0,57.0,57.0,163.0,16.5,5.26,1449,0.10465920996777513,env_mode,1.0.0,env_only,random_forest,0,,
1455,50.953899,29.708851,0.11,0.13,6.0,6.0,14.0,15.0,72.0,72.0,123.0,127.0,54.0,54.0,188.0,45.0,4.26,1450,0.1047214714194317,env_mode,1.0.0,env_only,random_forest,0,,
1456,50.953985,29.723902,0.1,0.12,7.0,7.0,10.0,12.0,74.0,74.0,117.0,122.0,55.0,55.0,180.0,45.0,3.84,1451,0.10549357043461391,env_mode,1.0.0,env_only,random_forest,0,,
1457,50.95397,29.738177,0.11,0.11,3.0,3.0,15.0,16.0,61.0,61.0,136.0,137.0,60.0,60.0,156.0,11.5,5.79,1452,0.10119117888674262,env_mode,1.0.0,env_only,random_forest,0,,
1458,50.953985,29.742941,0.1,0.1,4.0,4.0,15.0,16.0,63.0,63.0,134.0,134.0,61.0,61.0,152.0,5.6,6.72,1453,0.10006705753298988,env_mode,1.0.0,env_only,random_forest,0,,
1459,50.953985,29.7477,0.09,0.1,3.0,4.0,16.0,17.0,62.0,62.0,133.0,133.0,61.0,60.0,155.0,14.1,4.89,1454,0.10067040107479647,env_mode,1.0.0,env_only,random_forest,0,,
1460,50.95394,29.75214,0.1,0.11,3.0,3.0,15.0,17.0,65.0,65.0,135.0,135.0,60.0,60.0,157.0,3.5,6.35,1455,0.10022716286318727,env_mode,1.0.0,env_only,random_forest,0,,
1461,50.953985,29.757219,0.11,0.11,3.0,3.0,15.0,16.0,64.0,64.0,136.0,135.0,58.0,58.0,157.0,5.5,6.54,1456,0.10092110022254869,env_mode,1.0.0,env_only,random_forest,0,,
1462,50.953985,29.761979,0.11,0.11,4.0,3.0,14.0,15.0,65.0,65.0,131.0,131.0,58.0,58.0,159.0,3.0,6.72,1457,0.10160410950701977,env_mode,1.0.0,env_only,random_forest,0,,
1463,50.95425,29.7667,0.1,0.11,4.0,4.0,11.0,12.0,71.0,71.0,124.0,126.0,55.0,55.0,163.0,34.0,3.8,1458,0.10492550031351029,env_mode,1.0.0,env_only,random_forest,0,,
1464,50.953985,29.781017,0.1,0.1,8.0,9.0,11.0,12.0,69.0,69.0,105.0,106.0,54.0,54.0,179.0,37.6,4.12,1459,0.10314514826205254,env_mode,1.0.0,env_only,random_forest,0,,
1465,50.953985,29.795297,0.1,0.11,17.0,16.0,11.0,12.0,72.0,73.0,111.0,117.0,53.0,53.0,178.0,27.5,4.55,1460,0.10374306073961347,env_mode,1.0.0,env_only,random_forest,0,,
1466,50.953985,29.809575,0.11,0.11,6.0,6.0,13.0,13.0,64.0,64.0,119.0,119.0,55.0,55.0,157.0,10.8,6.07,1461,0.10689024209474801,env_mode,1.0.0,env_only,random_forest,0,,
1467,50.953985,29.823854,0.1,0.12,3.0,3.0,14.0,15.0,61.0,61.0,131.0,131.0,60.0,60.0,155.0,8.2,6.26,1462,0.10113882061616584,env_mode,1.0.0,env_only,random_forest,0,,
1468,50.95397,29.838134,0.11,0.12,4.0,3.0,14.0,15.0,63.0,63.0,134.0,133.0,61.0,61.0,164.0,17.1,5.34,1463,0.1017044514534441,env_mode,1.0.0,env_only,random_forest,0,,
1469,50.953985,29.852412,0.11,0.11,3.0,4.0,14.0,16.0,65.0,65.0,131.0,132.0,61.0,61.0,152.0,18.9,5.31,1464,0.10086429481614578,env_mode,1.0.0,env_only,random_forest,0,,
1470,50.953985,29.86669,0.12,0.12,4.0,4.0,17.0,19.0,60.0,60.0,132.0,131.0,65.0,65.0,137.0,26.1,4.98,1465,0.10306738534864855,env_mode,1.0.0,env_only,random_forest,0,,
1471,50.9541,29.88107,0.14,0.14,8.0,7.0,13.0,14.0,61.0,60.0,123.0,125.0,62.0,62.0,138.0,32.7,4.25,1466,0.11139461013059467,env_mode,1.0.0,env_only,random_forest,0,,
1472,50.953985,29.895249,0.12,0.14,4.0,4.0,17.0,19.0,66.0,66.0,128.0,129.0,57.0,58.0,115.0,13.6,5.49,1467,0.10513701779964772,env_mode,1.0.0,env_only,random_forest,0,,
1473,50.953985,29.909528,0.11,0.13,5.0,4.0,17.0,18.0,61.0,62.0,131.0,133.0,60.0,60.0,120.0,18.3,5.14,1468,0.1033761095046384,env_mode,1.0.0,env_only,random_forest,0,,
1474,50.954023,29.92442,0.11,0.12,5.0,5.0,17.0,18.0,63.0,63.0,126.0,131.0,63.0,63.0,121.0,44.7,4.01,1469,0.10415567100810635,env_mode,1.0.0,env_only,random_forest,0,,
1475,50.953443,29.927568,0.1,0.1,4.0,4.0,17.0,19.0,51.0,51.0,126.0,127.0,65.0,65.0,131.0,44.8,3.81,1470,0.10696880093941098,env_mode,1.0.0,env_only,random_forest,0,,
1476,50.954182,29.932012,0.1,0.1,4.0,4.0,17.0,18.0,46.0,46.0,126.0,127.0,66.0,66.0,112.0,4.7,6.64,1471,0.10374822473876921,env_mode,1.0.0,env_only,random_forest,0,,
1477,50.953322,29.965239,0.09,0.09,9.0,9.0,20.0,21.0,44.0,44.0,126.0,128.0,67.0,67.0,110.0,3.1,6.83,1472,0.09984675350080031,env_mode,1.0.0,env_only,random_forest,0,,
1478,50.954057,29.979825,0.1,0.1,5.0,6.0,18.0,19.0,52.0,53.0,127.0,127.0,63.0,63.0,109.0,2.5,8.29,1473,0.10321931332726628,env_mode,1.0.0,env_only,random_forest,0,,
1479,50.95397,29.99521,0.13,0.15,7.0,7.0,15.0,17.0,69.0,70.0,114.0,116.0,54.0,53.0,128.0,32.2,4.1,1474,0.1277863116365741,env_mode,1.0.0,env_only,random_forest,0,,
1480,50.95397,30.00949,0.16,0.18,9.0,9.0,14.0,16.0,68.0,67.0,125.0,128.0,54.0,54.0,114.0,24.8,4.87,1475,0.12724180056275894,env_mode,1.0.0,env_only,random_forest,0,,
1481,50.953985,30.023759,0.22,0.23,6.0,6.0,14.0,16.0,76.0,76.0,118.0,122.0,55.0,55.0,131.0,45.0,3.98,1476,0.13246840303825194,env_mode,1.0.0,env_only,random_forest,0,,
1482,50.95397,30.038049,0.21,0.22,5.0,5.0,14.0,16.0,73.0,74.0,116.0,121.0,54.0,55.0,131.0,9.6,5.53,1477,0.13093432933391652,env_mode,1.0.0,env_only,random_forest,0,,
1483,50.953985,30.052317,0.19,0.2,8.0,8.0,15.0,16.0,69.0,69.0,116.0,121.0,54.0,54.0,128.0,21.5,5.28,1478,0.13214872603517436,env_mode,1.0.0,env_only,random_forest,0,,
1484,50.954,30.067967,0.13,0.15,5.0,5.0,14.0,15.0,59.0,60.0,127.0,126.0,63.0,63.0,112.0,0.6,8.39,1479,0.1052490396811262,env_mode,1.0.0,env_only,random_forest,0,,
1485,50.950989,29.890489,0.12,0.13,4.0,5.0,13.0,14.0,54.0,54.0,125.0,127.0,62.0,62.0,119.0,45.0,4.25,1480,0.11382444311724285,env_mode,1.0.0,env_only,random_forest,0,,
1486,50.950989,29.752459,0.1,0.1,3.0,3.0,15.0,16.0,69.0,69.0,130.0,132.0,59.0,59.0,157.0,4.3,6.16,1481,0.10022658497142077,env_mode,1.0.0,env_only,random_forest,0,,
1487,50.950989,29.7477,0.1,0.11,3.0,4.0,16.0,17.0,65.0,65.0,130.0,129.0,60.0,60.0,157.0,8.2,6.06,1482,0.1005299370513313,env_mode,1.0.0,env_only,random_forest,0,,
1488,50.950989,29.742941,0.11,0.11,3.0,4.0,15.0,15.0,62.0,62.0,127.0,128.0,60.0,60.0,153.0,6.4,6.83,1483,0.10061324228390367,env_mode,1.0.0,env_only,random_forest,0,,
1489,50.950989,29.681065,0.1,0.1,3.0,4.0,18.0,20.0,63.0,63.0,137.0,136.0,59.0,59.0,159.0,6.2,6.32,1484,0.1004386577241759,env_mode,1.0.0,env_only,random_forest,0,,
1490,50.95103,29.67626,0.09,0.1,4.0,3.0,16.0,18.0,61.0,61.0,137.0,135.0,62.0,62.0,158.0,11.1,5.69,1485,0.1007785530582254,env_mode,1.0.0,env_only,random_forest,0,,
1491,50.950989,29.581112,0.1,0.11,4.0,4.0,14.0,15.0,61.0,60.0,133.0,132.0,63.0,63.0,140.0,21.8,4.56,1486,0.10292271207897394,env_mode,1.0.0,env_only,random_forest,0,,
1492,50.950989,29.566834,0.1,0.1,4.0,4.0,17.0,19.0,61.0,61.0,137.0,135.0,64.0,64.0,150.0,31.2,4.86,1487,0.10129399710182525,env_mode,1.0.0,env_only,random_forest,0,,
1493,50.950989,29.562074,0.09,0.1,4.0,5.0,18.0,20.0,59.0,58.0,138.0,137.0,63.0,63.0,157.0,18.2,5.17,1488,0.10210074458130944,env_mode,1.0.0,env_only,random_forest,0,,
1494,50.950989,29.48116,0.1,0.11,4.0,4.0,18.0,19.0,61.0,61.0,137.0,136.0,64.0,64.0,165.0,14.8,5.21,1489,0.10181195394893174,env_mode,1.0.0,env_only,random_forest,0,,
1495,50.950989,29.4764,0.11,0.11,3.0,4.0,17.0,18.0,56.0,56.0,140.0,139.0,65.0,64.0,168.0,7.8,5.43,1490,0.10395638727553409,env_mode,1.0.0,env_only,random_forest,0,,
1496,50.950989,29.457362,0.11,0.12,5.0,4.0,19.0,20.0,59.0,59.0,133.0,131.0,65.0,65.0,171.0,8.6,5.33,1491,0.10443137218708527,env_mode,1.0.0,env_only,random_forest,0,,
1497,50.95101,29.45244,0.11,0.11,5.0,5.0,19.0,20.0,56.0,55.0,135.0,135.0,64.0,64.0,166.0,4.4,6.14,1492,0.10287200673673894,env_mode,1.0.0,env_only,random_forest,0,,
1498,50.947991,29.447843,0.11,0.12,5.0,4.0,19.0,20.0,60.0,61.0,134.0,133.0,63.0,63.0,170.0,8.3,5.73,1493,0.1029427428032218,env_mode,1.0.0,env_only,random_forest,0,,
1499,50.94813,29.45218,0.11,0.13,5.0,4.0,19.0,20.0,58.0,58.0,132.0,131.0,65.0,65.0,169.0,5.5,6.19,1494,0.10251336090776324,env_mode,1.0.0,env_only,random_forest,0,,
1500,50.947991,29.48116,0.11,0.12,3.0,4.0,18.0,19.0,60.0,60.0,133.0,132.0,64.0,64.0,167.0,15.3,5.3,1495,0.10369913955099254,env_mode,1.0.0,env_only,random_forest,0,,
1501,50.947991,29.590632,0.1,0.12,4.0,4.0,12.0,13.0,69.0,69.0,120.0,125.0,61.0,61.0,146.0,23.6,4.73,1496,0.10349103091277946,env_mode,1.0.0,env_only,random_forest,0,,
1502,50.947991,29.7477,0.11,0.11,5.0,4.0,15.0,16.0,68.0,68.0,127.0,128.0,59.0,59.0,156.0,5.5,6.34,1497,0.10218927324513966,env_mode,1.0.0,env_only,random_forest,0,,
1503,50.947991,29.885729,0.11,0.13,4.0,4.0,13.0,15.0,56.0,56.0,119.0,124.0,61.0,61.0,153.0,45.0,4.31,1498,0.1055913682061579,env_mode,1.0.0,env_only,random_forest,0,,
1504,50.947991,29.890489,0.13,0.13,4.0,4.0,16.0,17.0,51.0,51.0,126.0,128.0,63.0,63.0,139.0,30.9,4.61,1499,0.10849124563992472,env_mode,1.0.0,env_only,random_forest,0,,
1505,50.94781,29.89494,0.14,0.16,4.0,4.0,16.0,18.0,53.0,53.0,126.0,127.0,65.0,65.0,137.0,28.0,4.72,1500,0.10869395692509078,env_mode,1.0.0,env_only,random_forest,0,,
1506,50.947991,29.900008,0.12,0.14,4.0,4.0,17.0,18.0,51.0,51.0,127.0,125.0,65.0,65.0,131.0,20.4,5.11,1501,0.10787150552823248,env_mode,1.0.0,env_only,random_forest,0,,
1507,50.947991,29.904768,0.11,0.12,4.0,4.0,17.0,18.0,53.0,53.0,127.0,129.0,62.0,62.0,125.0,25.6,4.84,1502,0.10634643667889489,env_mode,1.0.0,env_only,random_forest,0,,
1508,50.94806,29.90969,0.1,0.1,5.0,5.0,19.0,20.0,55.0,55.0,132.0,133.0,59.0,60.0,117.0,19.7,4.55,1503,0.10513392625384606,env_mode,1.0.0,env_only,random_forest,0,,
1509,50.947991,29.976163,0.1,0.11,5.0,5.0,18.0,19.0,55.0,55.0,126.0,125.0,66.0,66.0,112.0,4.4,6.81,1504,0.10041411019209587,env_mode,1.0.0,env_only,random_forest,0,,
1510,50.94785,29.98131,0.11,0.12,4.0,4.0,18.0,19.0,60.0,62.0,124.0,124.0,64.0,64.0,112.0,5.1,7.07,1505,0.10175412917869439,env_mode,1.0.0,env_only,random_forest,0,,
1511,50.944993,30.080875,0.12,0.14,5.0,4.0,13.0,15.0,61.0,62.0,128.0,127.0,63.0,63.0,113.0,1.7,7.67,1506,0.10577935907699186,env_mode,1.0.0,env_only,random_forest,0,,
1512,50.944693,30.065145,0.15,0.16,7.0,7.0,12.0,14.0,67.0,67.0,120.0,124.0,54.0,54.0,131.0,5.7,6.2,1507,0.12032463279136003,env_mode,1.0.0,env_only,random_forest,0,,
1513,50.944993,30.052317,0.16,0.17,7.0,6.0,15.0,16.0,77.0,77.0,118.0,122.0,53.0,53.0,128.0,42.3,4.04,1508,0.13391089362186095,env_mode,1.0.0,env_only,random_forest,0,,
1514,50.944993,30.038037,0.16,0.16,7.0,7.0,14.0,16.0,75.0,76.0,117.0,121.0,52.0,52.0,128.0,9.9,5.67,1509,0.1335789880896405,env_mode,1.0.0,env_only,random_forest,0,,
1515,50.944993,30.023759,0.15,0.15,7.0,7.0,14.0,16.0,71.0,72.0,117.0,122.0,55.0,55.0,122.0,15.0,5.03,1510,0.12859796455045255,env_mode,1.0.0,env_only,random_forest,0,,
1516,50.944993,30.00948,0.12,0.14,8.0,7.0,14.0,16.0,74.0,74.0,117.0,121.0,55.0,55.0,129.0,36.1,4.48,1511,0.12878848126614315,env_mode,1.0.0,env_only,random_forest,0,,
1517,50.944977,29.99521,0.09,0.11,6.0,6.0,15.0,16.0,74.0,74.0,119.0,122.0,54.0,54.0,129.0,12.4,5.87,1512,0.12180825023280557,env_mode,1.0.0,env_only,random_forest,0,,
1518,50.944993,29.985681,0.1,0.11,7.0,7.0,16.0,18.0,62.0,62.0,122.0,125.0,62.0,62.0,114.0,10.6,6.34,1513,0.1036376221767785,env_mode,1.0.0,env_only,random_forest,0,,
1519,50.944977,29.98093,0.09,0.1,5.0,5.0,17.0,18.0,53.0,52.0,127.0,126.0,68.0,68.0,113.0,7.8,5.78,1514,0.10141903283584974,env_mode,1.0.0,env_only,random_forest,0,,
1520,50.944993,29.976163,0.1,0.1,7.0,6.0,17.0,19.0,51.0,51.0,125.0,127.0,67.0,67.0,112.0,2.6,6.55,1515,0.10150376827957734,env_mode,1.0.0,env_only,random_forest,0,,
1521,50.944993,29.971403,0.09,0.1,7.0,7.0,20.0,21.0,51.0,51.0,124.0,124.0,67.0,67.0,111.0,16.8,5.52,1516,0.09975631928972264,env_mode,1.0.0,env_only,random_forest,0,,
1522,50.944993,29.966644,0.09,0.09,9.0,9.0,19.0,20.0,48.0,48.0,123.0,125.0,65.0,65.0,110.0,5.3,6.01,1517,0.10246493840015772,env_mode,1.0.0,env_only,random_forest,0,,
1523,50.944945,29.954323,0.1,0.1,7.0,7.0,18.0,20.0,46.0,46.0,117.0,119.0,66.0,66.0,110.0,4.0,6.19,1518,0.1014965724462944,env_mode,1.0.0,env_only,random_forest,0,,
1524,50.944993,29.914288,0.11,0.12,5.0,5.0,19.0,20.0,51.0,51.0,130.0,129.0,66.0,66.0,120.0,13.0,5.56,1519,0.10434984914850993,env_mode,1.0.0,env_only,random_forest,0,,
1525,50.94508,29.90914,0.14,0.16,4.0,4.0,20.0,21.0,49.0,51.0,129.0,127.0,65.0,65.0,128.0,12.0,5.53,1520,0.10810250562529944,env_mode,1.0.0,env_only,random_forest,0,,
1526,50.944993,29.904768,0.13,0.13,4.0,4.0,17.0,18.0,50.0,50.0,126.0,126.0,68.0,68.0,136.0,5.7,6.03,1521,0.10648017037390127,env_mode,1.0.0,env_only,random_forest,0,,
1527,50.944993,29.900008,0.12,0.13,4.0,3.0,16.0,18.0,49.0,50.0,128.0,127.0,66.0,67.0,137.0,7.3,6.07,1522,0.10691021628627638,env_mode,1.0.0,env_only,random_forest,0,,
1528,50.94423,29.89427,0.1,0.12,5.0,4.0,16.0,17.0,49.0,49.0,125.0,124.0,68.0,69.0,140.0,9.4,5.57,1523,0.1046952973474484,env_mode,1.0.0,env_only,random_forest,0,,
1529,50.944993,29.890489,0.11,0.11,4.0,4.0,15.0,17.0,49.0,48.0,128.0,129.0,67.0,67.0,142.0,8.9,5.39,1524,0.104642619046247,env_mode,1.0.0,env_only,random_forest,0,,
1530,50.944993,29.885729,0.12,0.12,4.0,4.0,16.0,17.0,50.0,50.0,130.0,132.0,65.0,65.0,145.0,14.1,5.24,1525,0.10817108459968297,env_mode,1.0.0,env_only,random_forest,0,,
1531,50.94487,29.8806,0.1,0.11,4.0,4.0,17.0,18.0,52.0,52.0,130.0,130.0,64.0,64.0,148.0,8.2,5.93,1526,0.10539257954660637,env_mode,1.0.0,env_only,random_forest,0,,
1532,50.944639,29.866705,0.09,0.1,3.0,4.0,17.0,18.0,56.0,56.0,133.0,132.0,64.0,64.0,150.0,6.9,5.68,1527,0.1017213714128226,env_mode,1.0.0,env_only,random_forest,0,,
1533,50.944993,29.852412,0.1,0.11,5.0,5.0,18.0,19.0,55.0,55.0,133.0,133.0,66.0,66.0,147.0,7.7,6.0,1528,0.10055387975555949,env_mode,1.0.0,env_only,random_forest,0,,
1534,50.94496,29.839258,0.11,0.11,5.0,4.0,15.0,17.0,55.0,55.0,132.0,130.0,61.0,61.0,151.0,7.7,5.76,1529,0.10331201964616174,env_mode,1.0.0,env_only,random_forest,0,,
1535,50.944993,29.823854,0.1,0.11,4.0,4.0,14.0,15.0,57.0,56.0,132.0,131.0,59.0,59.0,153.0,11.2,5.06,1530,0.103339508255865,env_mode,1.0.0,env_only,random_forest,0,,
1536,50.944993,29.809575,0.1,0.1,5.0,6.0,13.0,14.0,67.0,67.0,122.0,123.0,57.0,57.0,156.0,22.1,4.86,1531,0.10631826236856827,env_mode,1.0.0,env_only,random_forest,0,,
1537,50.944977,29.795296,0.1,0.11,12.0,13.0,12.0,13.0,69.0,69.0,111.0,115.0,54.0,54.0,170.0,45.0,4.27,1532,0.10278315804192117,env_mode,1.0.0,env_only,random_forest,0,,
1538,50.944993,29.781017,0.11,0.13,15.0,14.0,12.0,14.0,69.0,69.0,120.0,122.0,54.0,54.0,164.0,20.3,5.11,1533,0.10821981752154283,env_mode,1.0.0,env_only,random_forest,0,,
1539,50.944993,29.766738,0.11,0.12,19.0,18.0,11.0,12.0,68.0,68.0,96.0,103.0,53.0,53.0,188.0,23.7,5.03,1534,0.1069475369459354,env_mode,1.0.0,env_only,random_forest,0,,
1540,50.944977,29.752457,0.1,0.12,15.0,15.0,12.0,14.0,66.0,67.0,114.0,115.0,55.0,55.0,175.0,29.9,4.88,1535,0.10705436798641335,env_mode,1.0.0,env_only,random_forest,0,,
1541,50.944993,29.738181,0.1,0.11,18.0,16.0,11.0,12.0,70.0,70.0,108.0,116.0,53.0,53.0,184.0,12.3,5.14,1536,0.10513777945838011,env_mode,1.0.0,env_only,random_forest,0,,
1542,50.945059,29.721931,0.1,0.12,8.0,8.0,11.0,12.0,75.0,75.0,117.0,123.0,55.0,55.0,179.0,43.1,4.21,1537,0.1051621558265935,env_mode,1.0.0,env_only,random_forest,0,,
1543,50.944977,29.709618,0.1,0.11,5.0,5.0,12.0,13.0,74.0,75.0,123.0,125.0,56.0,56.0,184.0,20.9,5.0,1538,0.10404488603700998,env_mode,1.0.0,env_only,random_forest,0,,
1544,50.945363,29.694561,0.09,0.09,3.0,4.0,17.0,19.0,70.0,69.0,137.0,135.0,61.0,61.0,161.0,1.8,7.29,1539,0.09847873607710025,env_mode,1.0.0,env_only,random_forest,0,,
1545,50.944993,29.681065,0.09,0.1,4.0,4.0,18.0,19.0,58.0,57.0,133.0,133.0,63.0,63.0,155.0,7.0,6.57,1540,0.1012168903103853,env_mode,1.0.0,env_only,random_forest,0,,
1546,50.944977,29.666779,0.1,0.1,3.0,3.0,18.0,19.0,63.0,64.0,138.0,137.0,62.0,62.0,156.0,9.8,5.88,1541,0.0997661268356823,env_mode,1.0.0,env_only,random_forest,0,,
1547,50.944993,29.652507,0.11,0.12,4.0,4.0,14.0,16.0,70.0,70.0,130.0,133.0,65.0,65.0,153.0,25.0,4.33,1542,0.10227633415862365,env_mode,1.0.0,env_only,random_forest,0,,
1548,50.944977,29.63822,0.1,0.11,5.0,5.0,13.0,14.0,71.0,71.0,123.0,129.0,59.0,59.0,142.0,17.7,6.02,1543,0.10481720606458372,env_mode,1.0.0,env_only,random_forest,0,,
1549,50.944993,29.62395,0.1,0.11,5.0,6.0,12.0,14.0,68.0,67.0,122.0,128.0,60.0,60.0,146.0,26.2,4.89,1544,0.10308559154818792,env_mode,1.0.0,env_only,random_forest,0,,
1550,50.944993,29.60967,0.1,0.1,4.0,4.0,14.0,15.0,62.0,63.0,129.0,130.0,62.0,62.0,136.0,5.1,6.54,1545,0.10253265591750561,env_mode,1.0.0,env_only,random_forest,0,,
1551,50.944993,29.595391,0.1,0.1,5.0,5.0,15.0,16.0,58.0,58.0,136.0,135.0,64.0,64.0,137.0,1.5,7.08,1546,0.10220043064238837,env_mode,1.0.0,env_only,random_forest,0,,
1552,50.945035,29.583336,0.09,0.1,3.0,4.0,16.0,18.0,59.0,59.0,134.0,133.0,64.0,64.0,140.0,11.7,5.58,1547,0.10156085108536773,env_mode,1.0.0,env_only,random_forest,0,,
1553,50.944993,29.566834,0.11,0.11,5.0,4.0,20.0,22.0,63.0,62.0,137.0,138.0,65.0,65.0,158.0,1.4,7.37,1548,0.10000608488085552,env_mode,1.0.0,env_only,random_forest,0,,
1554,50.944993,29.552555,0.1,0.11,4.0,4.0,16.0,18.0,60.0,60.0,137.0,136.0,67.0,67.0,162.0,6.1,5.79,1549,0.0997537124521498,env_mode,1.0.0,env_only,random_forest,0,,
1555,50.944993,29.538276,0.1,0.11,4.0,4.0,19.0,21.0,61.0,61.0,135.0,134.0,64.0,65.0,165.0,5.9,6.59,1550,0.10023982754038605,env_mode,1.0.0,env_only,random_forest,0,,
1556,50.944993,29.523996,0.11,0.12,7.0,7.0,15.0,17.0,61.0,60.0,132.0,132.0,62.0,62.0,183.0,20.8,4.54,1551,0.10501411550850603,env_mode,1.0.0,env_only,random_forest,0,,
1557,50.944977,29.509704,0.11,0.11,4.0,4.0,18.0,20.0,57.0,57.0,137.0,135.0,67.0,67.0,169.0,5.9,6.44,1552,0.10144801247652069,env_mode,1.0.0,env_only,random_forest,0,,
1558,50.944993,29.495439,0.09,0.1,4.0,4.0,18.0,20.0,55.0,55.0,136.0,134.0,69.0,69.0,169.0,5.5,6.38,1553,0.10097881548332847,env_mode,1.0.0,env_only,random_forest,0,,
1559,50.944993,29.490679,0.1,0.11,4.0,4.0,18.0,19.0,58.0,59.0,134.0,133.0,70.0,70.0,171.0,5.1,6.23,1554,0.10236595433180783,env_mode,1.0.0,env_only,random_forest,0,,
1560,50.944993,29.48592,0.1,0.1,4.0,4.0,17.0,18.0,60.0,59.0,133.0,135.0,70.0,70.0,169.0,9.4,5.62,1555,0.1013975494148828,env_mode,1.0.0,env_only,random_forest,0,,
1561,50.944977,29.481144,0.09,0.11,4.0,4.0,18.0,19.0,56.0,56.0,132.0,133.0,70.0,70.0,169.0,5.2,6.49,1556,0.10008954563060375,env_mode,1.0.0,env_only,random_forest,0,,
1562,50.944993,29.466881,0.11,0.11,4.0,4.0,19.0,21.0,56.0,55.0,134.0,134.0,69.0,69.0,171.0,5.5,6.26,1557,0.10214442799829951,env_mode,1.0.0,env_only,random_forest,0,,
1563,50.944993,29.452603,0.12,0.12,5.0,4.0,19.0,21.0,55.0,55.0,135.0,133.0,63.0,63.0,168.0,4.4,6.77,1558,0.10331890228910383,env_mode,1.0.0,env_only,random_forest,0,,
1564,50.944977,29.438306,0.11,0.12,5.0,4.0,16.0,19.0,56.0,56.0,133.0,132.0,63.0,63.0,167.0,13.7,5.55,1559,0.10501548209951166,env_mode,1.0.0,env_only,random_forest,0,,
1565,50.944993,29.424044,0.12,0.13,5.0,5.0,12.0,13.0,68.0,68.0,128.0,130.0,57.0,57.0,185.0,15.1,5.29,1560,0.10739710838458429,env_mode,1.0.0,env_only,random_forest,0,,
1566,50.943449,29.876318,0.13,0.13,3.0,3.0,17.0,19.0,55.0,55.0,131.0,130.0,64.0,64.0,146.0,9.2,5.46,1561,0.10349375633709634,env_mode,1.0.0,env_only,random_forest,0,,
1567,50.942906,29.88096,0.11,0.11,3.0,3.0,18.0,19.0,54.0,54.0,133.0,135.0,64.0,64.0,142.0,31.6,4.69,1562,0.10316660572465682,env_mode,1.0.0,env_only,random_forest,0,,
1568,50.941995,29.885729,0.12,0.13,4.0,4.0,15.0,17.0,50.0,49.0,131.0,130.0,66.0,66.0,134.0,9.9,6.59,1563,0.10611435773049295,env_mode,1.0.0,env_only,random_forest,0,,
1569,50.941995,29.890489,0.12,0.12,4.0,4.0,15.0,17.0,49.0,48.0,129.0,129.0,67.0,67.0,130.0,11.5,6.32,1564,0.10485004547469962,env_mode,1.0.0,env_only,random_forest,0,,
1570,50.941995,29.895249,0.1,0.12,4.0,4.0,16.0,18.0,51.0,51.0,125.0,125.0,69.0,69.0,133.0,22.8,5.42,1565,0.10513547191334086,env_mode,1.0.0,env_only,random_forest,0,,
1571,50.94212,29.90034,0.1,0.13,4.0,4.0,17.0,19.0,52.0,52.0,127.0,126.0,68.0,68.0,131.0,43.7,3.93,1566,0.10494505490480273,env_mode,1.0.0,env_only,random_forest,0,,
1572,50.941995,29.904768,0.12,0.12,4.0,4.0,17.0,18.0,51.0,52.0,125.0,126.0,67.0,67.0,132.0,26.5,4.91,1567,0.10585290196442061,env_mode,1.0.0,env_only,random_forest,0,,
1573,50.941995,29.909528,0.11,0.13,4.0,5.0,18.0,19.0,54.0,54.0,127.0,127.0,67.0,67.0,128.0,25.0,4.45,1568,0.10261131106561851,env_mode,1.0.0,env_only,random_forest,0,,
1574,50.941995,29.914288,0.12,0.12,4.0,4.0,19.0,20.0,51.0,51.0,130.0,130.0,66.0,66.0,120.0,13.3,5.55,1569,0.10499013942427896,env_mode,1.0.0,env_only,random_forest,0,,
1575,50.94224,29.97181,0.1,0.11,7.0,6.0,18.0,20.0,51.0,52.0,123.0,124.0,67.0,67.0,111.0,1.6,8.1,1570,0.10136433930692317,env_mode,1.0.0,env_only,random_forest,0,,
1576,50.938999,29.914288,0.11,0.11,4.0,4.0,20.0,22.0,50.0,50.0,129.0,129.0,67.0,67.0,115.0,20.4,4.53,1571,0.10262455678274274,env_mode,1.0.0,env_only,random_forest,0,,
1577,50.938999,29.909528,0.12,0.12,4.0,5.0,19.0,20.0,50.0,50.0,127.0,126.0,67.0,67.0,118.0,13.4,6.07,1572,0.10483147557489866,env_mode,1.0.0,env_only,random_forest,0,,
1578,50.938999,29.904768,0.11,0.11,4.0,4.0,17.0,18.0,51.0,51.0,128.0,128.0,68.0,68.0,130.0,34.7,4.45,1573,0.10557866865084155,env_mode,1.0.0,env_only,random_forest,0,,
1579,50.938999,29.900008,0.11,0.13,5.0,4.0,17.0,19.0,50.0,50.0,127.0,126.0,68.0,68.0,138.0,13.2,5.69,1574,0.10595515571380147,env_mode,1.0.0,env_only,random_forest,0,,
1580,50.938999,29.895249,0.11,0.12,4.0,4.0,17.0,19.0,50.0,50.0,127.0,126.0,69.0,69.0,140.0,5.2,6.27,1575,0.1065446625171578,env_mode,1.0.0,env_only,random_forest,0,,
1581,50.938999,29.890489,0.12,0.12,4.0,4.0,16.0,18.0,46.0,46.0,127.0,125.0,68.0,68.0,143.0,6.4,6.11,1576,0.10483648736398112,env_mode,1.0.0,env_only,random_forest,0,,
1582,50.938999,29.885729,0.11,0.13,4.0,4.0,17.0,19.0,49.0,50.0,131.0,131.0,67.0,67.0,145.0,3.4,6.45,1577,0.10529647979055651,env_mode,1.0.0,env_only,random_forest,0,,
1583,50.938999,29.88097,0.11,0.12,4.0,4.0,17.0,18.0,52.0,52.0,133.0,131.0,65.0,65.0,144.0,4.9,6.53,1578,0.10697357175778902,env_mode,1.0.0,env_only,random_forest,0,,
1584,50.935984,29.452585,0.11,0.12,4.0,4.0,19.0,21.0,52.0,51.0,133.0,131.0,65.0,65.0,170.0,6.3,6.3,1579,0.10726441457374708,env_mode,1.0.0,env_only,random_forest,0,,
1585,50.936001,29.466881,0.11,0.11,5.0,4.0,19.0,20.0,54.0,53.0,132.0,130.0,66.0,66.0,167.0,3.7,6.86,1580,0.10191261782309742,env_mode,1.0.0,env_only,random_forest,0,,
1586,50.935984,29.481144,0.1,0.1,4.0,4.0,19.0,20.0,57.0,57.0,133.0,132.0,63.0,63.0,166.0,5.6,5.97,1581,0.10252942325499782,env_mode,1.0.0,env_only,random_forest,0,,
1587,50.935984,29.495424,0.09,0.1,4.0,4.0,18.0,20.0,57.0,57.0,134.0,134.0,67.0,67.0,164.0,8.9,5.81,1582,0.09999658293512889,env_mode,1.0.0,env_only,random_forest,0,,
1588,50.935984,29.509704,0.09,0.1,4.0,4.0,18.0,20.0,60.0,61.0,137.0,138.0,66.0,66.0,164.0,3.6,6.98,1583,0.09965050083886051,env_mode,1.0.0,env_only,random_forest,0,,
1589,50.935984,29.523983,0.1,0.11,4.0,4.0,18.0,20.0,60.0,60.0,136.0,135.0,63.0,63.0,162.0,3.8,6.89,1584,0.10065378683847122,env_mode,1.0.0,env_only,random_forest,0,,
1590,50.935984,29.538263,0.09,0.1,4.0,4.0,18.0,21.0,57.0,57.0,135.0,134.0,66.0,66.0,165.0,9.9,5.82,1585,0.09953135832339297,env_mode,1.0.0,env_only,random_forest,0,,
1591,50.936001,29.552555,0.1,0.11,5.0,5.0,19.0,21.0,58.0,58.0,134.0,135.0,65.0,65.0,165.0,4.2,5.93,1586,0.10126075929334964,env_mode,1.0.0,env_only,random_forest,0,,
1592,50.936001,29.566834,0.11,0.11,4.0,4.0,18.0,20.0,64.0,65.0,138.0,137.0,64.0,64.0,160.0,6.3,6.12,1587,0.09966221104994152,env_mode,1.0.0,env_only,random_forest,0,,
1593,50.935984,29.581102,0.1,0.11,5.0,7.0,12.0,14.0,67.0,68.0,135.0,135.0,63.0,63.0,157.0,19.2,4.95,1588,0.10141668833923803,env_mode,1.0.0,env_only,random_forest,0,,
1594,50.935984,29.595381,0.09,0.1,5.0,5.0,12.0,13.0,67.0,68.0,132.0,132.0,62.0,62.0,154.0,12.4,5.84,1589,0.10098037790015002,env_mode,1.0.0,env_only,random_forest,0,,
1595,50.935984,29.609661,0.1,0.11,4.0,5.0,13.0,14.0,68.0,68.0,127.0,129.0,62.0,62.0,159.0,14.9,5.15,1590,0.10228176074296431,env_mode,1.0.0,env_only,random_forest,0,,
1596,50.935984,29.62394,0.11,0.12,7.0,8.0,15.0,16.0,59.0,59.0,123.0,124.0,63.0,63.0,149.0,43.9,4.47,1591,0.10483113483813675,env_mode,1.0.0,env_only,random_forest,0,,
1597,50.936001,29.633469,0.11,0.11,4.0,5.0,17.0,18.0,58.0,58.0,129.0,129.0,67.0,67.0,135.0,8.9,5.92,1592,0.10074333774890158,env_mode,1.0.0,env_only,random_forest,0,,
1598,50.935984,29.63822,0.11,0.11,5.0,5.0,17.0,19.0,60.0,60.0,125.0,128.0,64.0,64.0,147.0,39.3,4.66,1593,0.10315756215086788,env_mode,1.0.0,env_only,random_forest,0,,
1599,50.93602,29.65263,0.11,0.11,6.0,6.0,16.0,18.0,58.0,59.0,122.0,129.0,64.0,64.0,152.0,7.8,6.07,1594,0.10322763847022158,env_mode,1.0.0,env_only,random_forest,0,,
1600,50.936149,29.666876,0.12,0.13,6.0,6.0,14.0,15.0,77.0,78.0,126.0,126.0,55.0,55.0,172.0,8.5,5.64,1595,0.10596906124080058,env_mode,1.0.0,env_only,random_forest,0,,
1601,50.935675,29.680514,0.09,0.1,3.0,3.0,13.0,15.0,75.0,75.0,138.0,138.0,57.0,58.0,160.0,10.8,5.5,1596,0.10033910070526517,env_mode,1.0.0,env_only,random_forest,0,,
1602,50.936559,29.695122,0.11,0.12,6.0,5.0,13.0,15.0,75.0,76.0,124.0,126.0,60.0,60.0,167.0,22.5,5.0,1597,0.10315327751581971,env_mode,1.0.0,env_only,random_forest,0,,
1603,50.936001,29.709623,0.12,0.13,8.0,8.0,12.0,13.0,75.0,75.0,121.0,127.0,53.0,53.0,181.0,20.7,4.8,1598,0.10744982262988383,env_mode,1.0.0,env_only,random_forest,0,,
1604,50.935984,29.723898,0.1,0.12,6.0,6.0,12.0,13.0,71.0,72.0,122.0,125.0,54.0,54.0,176.0,31.0,5.07,1599,0.10435316426038843,env_mode,1.0.0,env_only,random_forest,0,,
1605,50.93682,29.73937,0.09,0.11,10.0,9.0,11.0,13.0,73.0,74.0,111.0,120.0,54.0,54.0,157.0,29.5,4.56,1600,0.10146076303535567,env_mode,1.0.0,env_only,random_forest,0,,
1606,50.935984,29.752457,0.11,0.12,17.0,17.0,10.0,12.0,72.0,72.0,110.0,118.0,54.0,54.0,178.0,10.0,5.76,1601,0.10542110557242705,env_mode,1.0.0,env_only,random_forest,0,,
1607,50.936001,29.766738,0.12,0.12,14.0,14.0,12.0,13.0,69.0,69.0,119.0,122.0,55.0,55.0,174.0,32.4,4.17,1602,0.10889138638702585,env_mode,1.0.0,env_only,random_forest,0,,
1608,50.935877,29.780267,0.12,0.13,11.0,11.0,13.0,14.0,65.0,65.0,117.0,120.0,55.0,55.0,161.0,29.0,5.39,1603,0.10777911530616138,env_mode,1.0.0,env_only,random_forest,0,,
1609,50.935984,29.795296,0.1,0.11,12.0,13.0,13.0,14.0,71.0,72.0,115.0,118.0,55.0,55.0,178.0,38.3,4.27,1604,0.10383926784491715,env_mode,1.0.0,env_only,random_forest,0,,
1610,50.936001,29.809575,0.11,0.11,5.0,5.0,11.0,12.0,71.0,71.0,124.0,125.0,56.0,56.0,153.0,39.5,4.33,1605,0.1047324616971402,env_mode,1.0.0,env_only,random_forest,0,,
1611,50.93575,29.82374,0.1,0.11,4.0,5.0,11.0,12.0,67.0,67.0,132.0,132.0,58.0,58.0,157.0,18.8,5.06,1606,0.10320647611864968,env_mode,1.0.0,env_only,random_forest,0,,
1612,50.935984,29.838134,0.1,0.1,3.0,3.0,16.0,18.0,58.0,58.0,137.0,135.0,63.0,63.0,148.0,5.6,6.3,1607,0.10133454255988467,env_mode,1.0.0,env_only,random_forest,0,,
1613,50.935984,29.852414,0.1,0.11,4.0,4.0,15.0,17.0,56.0,56.0,133.0,132.0,63.0,63.0,152.0,8.6,5.74,1608,0.102339084723119,env_mode,1.0.0,env_only,random_forest,0,,
1614,50.935984,29.866694,0.11,0.12,4.0,5.0,20.0,21.0,54.0,53.0,129.0,128.0,65.0,65.0,147.0,6.0,5.91,1609,0.10398189794587137,env_mode,1.0.0,env_only,random_forest,0,,
1615,50.93631,29.88148,0.12,0.13,4.0,4.0,17.0,18.0,52.0,52.0,129.0,128.0,67.0,67.0,142.0,10.7,5.28,1610,0.10534221961850641,env_mode,1.0.0,env_only,random_forest,0,,
1616,50.936001,29.885729,0.11,0.12,4.0,4.0,18.0,20.0,44.0,44.0,127.0,128.0,66.0,67.0,142.0,11.4,5.46,1611,0.10463936947569431,env_mode,1.0.0,env_only,random_forest,0,,
1617,50.936001,29.890489,0.11,0.11,4.0,4.0,18.0,19.0,43.0,43.0,127.0,126.0,68.0,68.0,138.0,8.9,5.99,1612,0.1039286340924735,env_mode,1.0.0,env_only,random_forest,0,,
1618,50.936001,29.895249,0.11,0.13,4.0,4.0,17.0,19.0,45.0,45.0,124.0,123.0,69.0,69.0,136.0,11.4,5.84,1613,0.10269496233488026,env_mode,1.0.0,env_only,random_forest,0,,
1619,50.936001,29.900008,0.11,0.12,4.0,4.0,16.0,18.0,47.0,47.0,125.0,124.0,69.0,69.0,131.0,23.6,5.52,1614,0.10379729492928072,env_mode,1.0.0,env_only,random_forest,0,,
1620,50.936001,29.904768,0.1,0.12,5.0,4.0,16.0,19.0,44.0,44.0,128.0,127.0,70.0,70.0,132.0,45.0,4.14,1615,0.10379468393758626,env_mode,1.0.0,env_only,random_forest,0,,
1621,50.93622,29.90966,0.11,0.12,5.0,4.0,18.0,19.0,46.0,46.0,126.0,126.0,70.0,70.0,114.0,25.9,5.39,1616,0.10399823764756795,env_mode,1.0.0,env_only,random_forest,0,,
1622,50.935984,29.923812,0.11,0.11,9.0,8.0,22.0,23.0,38.0,38.0,126.0,126.0,66.0,66.0,111.0,2.1,7.16,1617,0.10128153088543043,env_mode,1.0.0,env_only,random_forest,0,,
1623,50.935984,29.938092,0.1,0.11,11.0,10.0,20.0,21.0,39.0,39.0,121.0,123.0,67.0,67.0,111.0,6.9,5.65,1618,0.10264416326486753,env_mode,1.0.0,env_only,random_forest,0,,
1624,50.93609,29.95312,0.12,0.14,8.0,7.0,19.0,20.0,47.0,46.0,127.0,126.0,66.0,66.0,110.0,1.3,7.61,1619,0.10366968414166809,env_mode,1.0.0,env_only,random_forest,0,,
1625,50.937427,29.965972,0.09,0.1,7.0,7.0,16.0,17.0,55.0,55.0,116.0,119.0,66.0,66.0,114.0,8.5,5.64,1620,0.10253246871514274,env_mode,1.0.0,env_only,random_forest,0,,
1626,50.935984,29.98093,0.11,0.12,8.0,8.0,16.0,18.0,64.0,64.0,114.0,117.0,55.0,55.0,130.0,9.2,6.47,1621,0.11964766139236997,env_mode,1.0.0,env_only,random_forest,0,,
1627,50.936169,29.997449,0.12,0.13,6.0,6.0,14.0,15.0,72.0,72.0,112.0,117.0,54.0,54.0,140.0,16.0,5.03,1622,0.10961376554478697,env_mode,1.0.0,env_only,random_forest,0,,
1628,50.935984,30.00949,0.12,0.14,6.0,6.0,13.0,14.0,71.0,71.0,115.0,122.0,54.0,54.0,141.0,11.0,5.9,1623,0.11129716684068805,env_mode,1.0.0,env_only,random_forest,0,,
1629,50.935984,30.023769,0.14,0.15,7.0,7.0,12.0,13.0,77.0,77.0,118.0,125.0,52.0,52.0,132.0,11.1,5.54,1624,0.12646807558751527,env_mode,1.0.0,env_only,random_forest,0,,
1630,50.93582,30.03905,0.14,0.16,6.0,5.0,11.0,12.0,76.0,76.0,116.0,124.0,52.0,53.0,126.0,38.1,4.19,1625,0.12471899502020063,env_mode,1.0.0,env_only,random_forest,0,,
1631,50.936001,30.052317,0.14,0.15,8.0,6.0,13.0,14.0,75.0,75.0,113.0,120.0,51.0,51.0,134.0,13.0,5.05,1626,0.12201250074480552,env_mode,1.0.0,env_only,random_forest,0,,
1632,50.935984,30.066608,0.14,0.14,6.0,5.0,11.0,11.0,71.0,72.0,120.0,124.0,53.0,53.0,135.0,7.2,5.43,1627,0.12135433074419204,env_mode,1.0.0,env_only,random_forest,0,,
1633,50.935984,30.080888,0.1,0.11,4.0,4.0,14.0,15.0,58.0,58.0,129.0,129.0,62.0,62.0,114.0,4.0,6.62,1628,0.10479467683428102,env_mode,1.0.0,env_only,random_forest,0,,
1634,50.932952,29.963421,0.12,0.13,6.0,7.0,16.0,18.0,58.0,57.0,123.0,122.0,64.0,64.0,121.0,23.8,4.95,1629,0.10595921090972842,env_mode,1.0.0,env_only,random_forest,0,,
1635,50.93277,29.95759,0.13,0.14,7.0,8.0,20.0,21.0,50.0,50.0,126.0,125.0,66.0,66.0,112.0,5.8,5.88,1630,0.10166402039539432,env_mode,1.0.0,env_only,random_forest,0,,
1636,50.932624,29.904663,0.1,0.1,4.0,4.0,20.0,21.0,44.0,44.0,127.0,126.0,69.0,69.0,136.0,7.5,6.14,1631,0.10245010578818102,env_mode,1.0.0,env_only,random_forest,0,,
1637,50.933003,29.900008,0.09,0.09,4.0,4.0,17.0,19.0,47.0,46.0,126.0,125.0,70.0,70.0,139.0,13.8,5.24,1632,0.10279826823270283,env_mode,1.0.0,env_only,random_forest,0,,
1638,50.933003,29.895249,0.09,0.09,4.0,4.0,17.0,19.0,45.0,45.0,125.0,124.0,67.0,67.0,137.0,5.7,5.9,1633,0.1026202224709455,env_mode,1.0.0,env_only,random_forest,0,,
1639,50.933003,29.890489,0.11,0.12,4.0,4.0,18.0,19.0,42.0,43.0,126.0,124.0,66.0,67.0,140.0,14.0,5.39,1634,0.10463284194647973,env_mode,1.0.0,env_only,random_forest,0,,
1640,50.933003,29.885729,0.1,0.12,4.0,4.0,17.0,18.0,45.0,46.0,126.0,125.0,67.0,67.0,142.0,15.5,5.05,1635,0.10397933320112353,env_mode,1.0.0,env_only,random_forest,0,,
1641,50.93321,29.63793,0.09,0.11,4.0,5.0,16.0,18.0,56.0,55.0,131.0,129.0,65.0,66.0,135.0,6.6,6.52,1636,0.10197824670459671,env_mode,1.0.0,env_only,random_forest,0,,
1642,50.930005,29.638228,0.09,0.1,4.0,4.0,18.0,20.0,58.0,57.0,132.0,134.0,65.0,65.0,134.0,5.6,6.79,1637,0.1019266537182125,env_mode,1.0.0,env_only,random_forest,0,,
1643,50.930005,29.642988,0.1,0.1,4.0,4.0,16.0,18.0,54.0,54.0,133.0,135.0,67.0,67.0,137.0,4.7,6.8,1638,0.10316438402631686,env_mode,1.0.0,env_only,random_forest,0,,
1644,50.930005,29.895249,0.1,0.11,4.0,4.0,18.0,20.0,47.0,47.0,126.0,126.0,67.0,67.0,139.0,7.7,5.97,1639,0.1030330441963981,env_mode,1.0.0,env_only,random_forest,0,,
1645,50.930005,29.900008,0.11,0.12,4.0,4.0,17.0,19.0,46.0,46.0,129.0,127.0,65.0,65.0,138.0,3.0,6.64,1640,0.10707494752270451,env_mode,1.0.0,env_only,random_forest,0,,
1646,50.930005,29.904768,0.1,0.1,5.0,5.0,18.0,19.0,44.0,44.0,128.0,126.0,68.0,68.0,133.0,31.6,4.67,1641,0.1028835107693491,env_mode,1.0.0,env_only,random_forest,0,,
1647,50.93013,29.96157,0.1,0.11,5.0,5.0,19.0,21.0,50.0,49.0,126.0,124.0,66.0,66.0,117.0,14.9,5.23,1642,0.10287712103100187,env_mode,1.0.0,env_only,random_forest,0,,
1648,50.930005,29.966644,0.13,0.18,7.0,7.0,16.0,18.0,61.0,61.0,121.0,125.0,65.0,65.0,125.0,10.3,5.26,1643,0.1047611903721509,env_mode,1.0.0,env_only,random_forest,0,,
1649,50.927008,30.080875,0.12,0.14,5.0,5.0,11.0,12.0,71.0,71.0,120.0,126.0,58.0,58.0,125.0,19.2,4.64,1644,0.11382409204079795,env_mode,1.0.0,env_only,random_forest,0,,
1650,50.92699,30.066608,0.13,0.14,5.0,5.0,10.0,11.0,72.0,72.0,114.0,120.0,53.0,53.0,140.0,22.3,4.53,1645,0.11158464195467699,env_mode,1.0.0,env_only,random_forest,0,,
1651,50.92699,30.052328,0.13,0.15,5.0,7.0,11.0,12.0,72.0,72.0,116.0,123.0,53.0,54.0,140.0,20.1,5.21,1646,0.11386429297181941,env_mode,1.0.0,env_only,random_forest,0,,
1652,50.927222,30.040169,0.14,0.15,5.0,5.0,12.0,13.0,75.0,75.0,115.0,122.0,53.0,53.0,143.0,17.8,5.23,1647,0.11331670874798472,env_mode,1.0.0,env_only,random_forest,0,,
1653,50.92699,30.023769,0.14,0.14,6.0,7.0,13.0,15.0,74.0,74.0,113.0,119.0,55.0,55.0,142.0,25.0,4.76,1648,0.11059847908715284,env_mode,1.0.0,env_only,random_forest,0,,
1654,50.927008,30.00948,0.12,0.14,7.0,8.0,13.0,15.0,69.0,68.0,116.0,122.0,54.0,55.0,131.0,6.8,6.29,1649,0.1194882182789445,env_mode,1.0.0,env_only,random_forest,0,,
1655,50.927008,29.995201,0.12,0.13,8.0,7.0,14.0,15.0,69.0,69.0,120.0,122.0,57.0,57.0,140.0,21.1,4.4,1650,0.11087876788622353,env_mode,1.0.0,env_only,random_forest,0,,
1656,50.92699,29.98093,0.11,0.12,8.0,8.0,14.0,16.0,64.0,64.0,116.0,121.0,55.0,55.0,132.0,37.1,4.28,1651,0.12348245765943551,env_mode,1.0.0,env_only,random_forest,0,,
1657,50.926938,29.967218,0.12,0.13,9.0,8.0,14.0,16.0,58.0,59.0,119.0,121.0,62.0,62.0,119.0,6.3,6.18,1652,0.10677917029662991,env_mode,1.0.0,env_only,random_forest,0,,
1658,50.92699,29.952371,0.09,0.1,9.0,9.0,19.0,20.0,44.0,44.0,134.0,133.0,68.0,68.0,112.0,1.0,8.52,1653,0.10445742884903868,env_mode,1.0.0,env_only,random_forest,0,,
1659,50.92699,29.938092,0.09,0.09,13.0,13.0,20.0,21.0,37.0,37.0,122.0,121.0,66.0,66.0,111.0,1.9,7.48,1654,0.10156991442779792,env_mode,1.0.0,env_only,random_forest,0,,
1660,50.927008,29.923806,0.1,0.1,13.0,13.0,23.0,25.0,38.0,38.0,119.0,119.0,66.0,66.0,111.0,1.0,7.99,1655,0.10116686341560857,env_mode,1.0.0,env_only,random_forest,0,,
1661,50.92699,29.909532,0.09,0.1,6.0,6.0,22.0,23.0,51.0,50.0,124.0,123.0,68.0,68.0,112.0,7.3,7.03,1656,0.09735660605077218,env_mode,1.0.0,env_only,random_forest,0,,
1662,50.927008,29.900008,0.1,0.11,4.0,4.0,19.0,21.0,45.0,45.0,127.0,125.0,66.0,66.0,137.0,10.6,5.7,1657,0.10269114089784241,env_mode,1.0.0,env_only,random_forest,0,,
1663,50.92674,29.89579,0.1,0.12,4.0,4.0,19.0,21.0,46.0,46.0,128.0,127.0,66.0,66.0,139.0,10.0,5.78,1658,0.10263810888456357,env_mode,1.0.0,env_only,random_forest,0,,
1664,50.927008,29.890489,0.1,0.11,4.0,4.0,18.0,20.0,51.0,51.0,128.0,126.0,67.0,67.0,138.0,4.8,6.67,1659,0.10455301348874156,env_mode,1.0.0,env_only,random_forest,0,,
1665,50.927008,29.88097,0.1,0.11,4.0,5.0,19.0,20.0,51.0,52.0,129.0,127.0,66.0,66.0,140.0,2.8,7.04,1660,0.10416579666010346,env_mode,1.0.0,env_only,random_forest,0,,
1666,50.927008,29.86669,0.11,0.12,5.0,5.0,19.0,20.0,51.0,51.0,133.0,132.0,67.0,67.0,143.0,13.7,5.57,1661,0.10449942473573812,env_mode,1.0.0,env_only,random_forest,0,,
1667,50.927008,29.852412,0.11,0.11,4.0,4.0,17.0,19.0,53.0,53.0,129.0,128.0,67.0,67.0,143.0,11.5,5.93,1662,0.10438470597762402,env_mode,1.0.0,env_only,random_forest,0,,
1668,50.92699,29.838134,0.1,0.11,4.0,4.0,17.0,18.0,59.0,59.0,130.0,129.0,63.0,64.0,145.0,2.3,7.88,1663,0.10008733598534228,env_mode,1.0.0,env_only,random_forest,0,,
1669,50.927401,29.82284,0.11,0.12,7.0,6.0,12.0,13.0,72.0,72.0,120.0,125.0,57.0,57.0,145.0,21.6,5.65,1664,0.10555979142960858,env_mode,1.0.0,env_only,random_forest,0,,
1670,50.927008,29.809575,0.1,0.12,8.0,8.0,12.0,12.0,73.0,73.0,119.0,121.0,56.0,56.0,172.0,28.2,4.27,1665,0.1037190603876324,env_mode,1.0.0,env_only,random_forest,0,,
1671,50.926844,29.794264,0.11,0.12,9.0,10.0,12.0,14.0,69.0,69.0,121.0,124.0,55.0,55.0,167.0,14.0,4.98,1666,0.10715662131226451,env_mode,1.0.0,env_only,random_forest,0,,
1672,50.92699,29.781016,0.12,0.13,9.0,10.0,13.0,14.0,69.0,69.0,119.0,121.0,55.0,55.0,171.0,22.6,5.23,1667,0.10850040255780512,env_mode,1.0.0,env_only,random_forest,0,,
1673,50.927008,29.766738,0.11,0.12,9.0,9.0,12.0,14.0,68.0,68.0,117.0,121.0,55.0,55.0,176.0,45.0,4.08,1668,0.1078198560847372,env_mode,1.0.0,env_only,random_forest,0,,
1674,50.927008,29.752459,0.11,0.11,12.0,12.0,10.0,12.0,71.0,71.0,111.0,119.0,56.0,56.0,171.0,32.0,4.53,1669,0.10300432474388811,env_mode,1.0.0,env_only,random_forest,0,,
1675,50.92699,29.738177,0.11,0.12,5.0,5.0,12.0,13.0,72.0,71.0,119.0,124.0,55.0,55.0,150.0,19.9,5.85,1670,0.10717548041943184,env_mode,1.0.0,env_only,random_forest,0,,
1676,50.927257,29.722722,0.1,0.1,3.0,3.0,12.0,14.0,71.0,71.0,135.0,135.0,57.0,57.0,148.0,11.7,5.8,1671,0.10071360919263962,env_mode,1.0.0,env_only,random_forest,0,,
1677,50.927008,29.709623,0.09,0.11,3.0,3.0,14.0,16.0,68.0,67.0,137.0,137.0,58.0,58.0,153.0,8.2,5.43,1672,0.09880599905758676,env_mode,1.0.0,env_only,random_forest,0,,
1678,50.92699,29.695338,0.09,0.1,4.0,3.0,12.0,14.0,75.0,75.0,128.0,129.0,58.0,58.0,150.0,19.1,5.2,1673,0.10157223442099671,env_mode,1.0.0,env_only,random_forest,0,,
1679,50.92695,29.68129,0.09,0.09,5.0,5.0,12.0,13.0,77.0,77.0,117.0,123.0,52.0,52.0,173.0,27.7,4.78,1674,0.1043046611519841,env_mode,1.0.0,env_only,random_forest,0,,
1680,50.92699,29.666779,0.11,0.12,5.0,5.0,14.0,16.0,71.0,71.0,130.0,131.0,61.0,61.0,159.0,27.2,5.14,1675,0.10262401241715137,env_mode,1.0.0,env_only,random_forest,0,,
1681,50.926965,29.65778,0.1,0.12,4.0,4.0,17.0,19.0,62.0,62.0,133.0,133.0,62.0,63.0,142.0,16.8,5.3,1676,0.10078036278832157,env_mode,1.0.0,env_only,random_forest,0,,
1682,50.927008,29.652507,0.11,0.12,4.0,4.0,16.0,17.0,58.0,58.0,130.0,129.0,65.0,65.0,147.0,19.1,5.03,1677,0.10285895711050545,env_mode,1.0.0,env_only,random_forest,0,,
1683,50.92717,29.64706,0.11,0.12,4.0,4.0,17.0,19.0,57.0,57.0,133.0,132.0,67.0,67.0,144.0,16.4,5.27,1678,0.10140748025567914,env_mode,1.0.0,env_only,random_forest,0,,
1684,50.927008,29.642988,0.11,0.11,4.0,4.0,17.0,19.0,55.0,55.0,133.0,132.0,67.0,67.0,135.0,9.5,6.02,1679,0.10269792332691556,env_mode,1.0.0,env_only,random_forest,0,,
1685,50.92699,29.63822,0.09,0.1,4.0,4.0,17.0,19.0,58.0,58.0,133.0,134.0,64.0,64.0,133.0,2.5,7.04,1680,0.10164457377078298,env_mode,1.0.0,env_only,random_forest,0,,
1686,50.927109,29.624631,0.1,0.1,4.0,4.0,15.0,16.0,65.0,65.0,124.0,125.0,64.0,64.0,150.0,34.8,4.95,1681,0.1025712472983132,env_mode,1.0.0,env_only,random_forest,0,,
1687,50.927008,29.60967,0.1,0.11,7.0,7.0,12.0,14.0,67.0,67.0,127.0,127.0,63.0,63.0,172.0,10.1,5.75,1682,0.10228784002399043,env_mode,1.0.0,env_only,random_forest,0,,
1688,50.92699,29.595381,0.09,0.09,5.0,5.0,13.0,14.0,66.0,65.0,133.0,133.0,61.0,61.0,162.0,9.2,5.82,1683,0.10057280641406105,env_mode,1.0.0,env_only,random_forest,0,,
1689,50.92699,29.581102,0.09,0.09,6.0,6.0,13.0,15.0,67.0,67.0,126.0,127.0,60.0,60.0,163.0,7.6,6.32,1684,0.10137828217827362,env_mode,1.0.0,env_only,random_forest,0,,
1690,50.92699,29.566822,0.09,0.1,3.0,4.0,17.0,18.0,65.0,65.0,134.0,133.0,64.0,64.0,161.0,6.2,6.12,1685,0.09810463523759037,env_mode,1.0.0,env_only,random_forest,0,,
1691,50.92699,29.552542,0.1,0.11,5.0,5.0,14.0,15.0,67.0,66.0,133.0,133.0,62.0,62.0,160.0,10.8,5.62,1686,0.10011047835849428,env_mode,1.0.0,env_only,random_forest,0,,
1692,50.927008,29.538276,0.09,0.09,4.0,4.0,18.0,19.0,65.0,65.0,137.0,136.0,62.0,62.0,158.0,5.9,6.71,1687,0.09929926051306072,env_mode,1.0.0,env_only,random_forest,0,,
1693,50.92699,29.523983,0.1,0.1,3.0,4.0,17.0,19.0,64.0,64.0,138.0,136.0,62.0,62.0,159.0,6.6,5.98,1688,0.0997181797839784,env_mode,1.0.0,env_only,random_forest,0,,
1694,50.927008,29.519238,0.1,0.11,4.0,4.0,16.0,18.0,63.0,62.0,137.0,135.0,62.0,62.0,160.0,26.1,4.5,1689,0.10154958860654194,env_mode,1.0.0,env_only,random_forest,0,,
1695,50.92629,29.508803,0.1,0.1,5.0,5.0,18.0,19.0,56.0,56.0,133.0,131.0,65.0,66.0,158.0,6.6,6.79,1690,0.10025877845457486,env_mode,1.0.0,env_only,random_forest,0,,
1696,50.927008,29.504959,0.09,0.1,4.0,4.0,18.0,19.0,57.0,57.0,131.0,130.0,64.0,64.0,160.0,4.5,7.33,1691,0.10018023314053022,env_mode,1.0.0,env_only,random_forest,0,,
1697,50.927008,29.500199,0.09,0.09,4.0,4.0,17.0,18.0,60.0,60.0,132.0,132.0,65.0,65.0,161.0,3.7,7.98,1692,0.09894930473915617,env_mode,1.0.0,env_only,random_forest,0,,
1698,50.92687,29.49577,0.1,0.1,5.0,5.0,19.0,20.0,60.0,60.0,132.0,130.0,65.0,65.0,161.0,7.3,6.9,1693,0.09994125099160613,env_mode,1.0.0,env_only,random_forest,0,,
1699,50.927008,29.490679,0.09,0.1,4.0,4.0,18.0,20.0,64.0,64.0,133.0,132.0,62.0,62.0,165.0,11.5,6.41,1694,0.10032945554630035,env_mode,1.0.0,env_only,random_forest,0,,
1700,50.927008,29.48116,0.09,0.1,5.0,4.0,19.0,20.0,61.0,61.0,133.0,132.0,63.0,63.0,162.0,2.6,7.95,1695,0.09956600716370491,env_mode,1.0.0,env_only,random_forest,0,,
1701,50.927008,29.466881,0.08,0.1,5.0,4.0,20.0,21.0,59.0,59.0,132.0,131.0,64.0,64.0,165.0,0.4,8.47,1696,0.09907567959330967,env_mode,1.0.0,env_only,random_forest,0,,
1702,50.924011,29.495439,0.09,0.09,4.0,4.0,18.0,20.0,61.0,61.0,135.0,133.0,65.0,65.0,163.0,6.7,6.39,1697,0.09989078436515446,env_mode,1.0.0,env_only,random_forest,0,,
1703,50.924011,29.50042,0.09,0.1,4.0,4.0,19.0,20.0,64.0,64.0,135.0,133.0,64.0,64.0,163.0,5.4,5.74,1698,0.09902858095803162,env_mode,1.0.0,env_only,random_forest,0,,
1704,50.924011,29.504959,0.1,0.1,4.0,4.0,19.0,20.0,58.0,58.0,132.0,130.0,64.0,64.0,161.0,4.7,6.95,1699,0.10039629465755825,env_mode,1.0.0,env_only,random_forest,0,,
1705,50.92461,29.51027,0.09,0.09,5.0,5.0,17.0,19.0,58.0,58.0,135.0,133.0,65.0,65.0,163.0,4.6,7.17,1700,0.09989321854059693,env_mode,1.0.0,env_only,random_forest,0,,
1706,50.924011,29.514478,0.09,0.1,4.0,4.0,17.0,18.0,62.0,62.0,134.0,133.0,64.0,64.0,161.0,9.9,5.22,1701,0.0990701687528607,env_mode,1.0.0,env_only,random_forest,0,,
1707,50.924011,29.519238,0.09,0.09,4.0,4.0,16.0,17.0,65.0,64.0,136.0,134.0,63.0,63.0,157.0,18.7,5.68,1702,0.09964871498506106,env_mode,1.0.0,env_only,random_forest,0,,
1708,50.92474,29.523996,0.09,0.1,5.0,5.0,18.0,19.0,64.0,63.0,136.0,134.0,63.0,63.0,155.0,15.4,6.22,1703,0.09996580141919577,env_mode,1.0.0,env_only,random_forest,0,,
1709,50.924011,29.642988,0.1,0.11,5.0,5.0,17.0,19.0,55.0,55.0,131.0,130.0,68.0,68.0,142.0,10.1,5.19,1704,0.10096635348336362,env_mode,1.0.0,env_only,random_forest,0,,
1710,50.92416,29.64714,0.11,0.12,4.0,4.0,16.0,18.0,55.0,55.0,130.0,129.0,67.0,67.0,137.0,29.7,4.53,1705,0.10327535194692919,env_mode,1.0.0,env_only,random_forest,0,,
1711,50.92395,29.65255,0.12,0.13,5.0,5.0,17.0,19.0,56.0,56.0,134.0,132.0,65.0,65.0,135.0,14.2,5.55,1706,0.10465835236117553,env_mode,1.0.0,env_only,random_forest,0,,
1712,50.924011,29.657267,0.11,0.12,4.0,4.0,18.0,19.0,61.0,61.0,133.0,132.0,63.0,63.0,135.0,8.7,5.44,1707,0.10190735152448327,env_mode,1.0.0,env_only,random_forest,0,,
1713,50.924011,29.662026,0.1,0.1,4.0,4.0,17.0,19.0,64.0,64.0,134.0,133.0,63.0,63.0,135.0,19.7,5.04,1708,0.10160166576416074,env_mode,1.0.0,env_only,random_forest,0,,
1714,50.924011,29.704863,0.09,0.1,4.0,4.0,15.0,17.0,70.0,70.0,137.0,137.0,58.0,58.0,140.0,16.8,5.52,1709,0.10187482116497719,env_mode,1.0.0,env_only,random_forest,0,,
1715,50.9239,29.70967,0.1,0.11,4.0,4.0,14.0,16.0,68.0,68.0,136.0,135.0,59.0,59.0,145.0,26.9,4.79,1710,0.10178527773240297,env_mode,1.0.0,env_only,random_forest,0,,
1716,50.924011,29.714382,0.1,0.1,3.0,3.0,15.0,17.0,64.0,64.0,140.0,138.0,57.0,57.0,144.0,23.3,5.14,1711,0.10194140146155042,env_mode,1.0.0,env_only,random_forest,0,,
1717,50.924011,29.719142,0.11,0.11,4.0,4.0,15.0,16.0,61.0,61.0,139.0,139.0,60.0,60.0,142.0,4.8,7.35,1712,0.1026281035127353,env_mode,1.0.0,env_only,random_forest,0,,
1718,50.924011,29.723902,0.1,0.1,4.0,4.0,14.0,16.0,68.0,68.0,137.0,137.0,59.0,59.0,146.0,9.5,5.86,1713,0.09999674958901644,env_mode,1.0.0,env_only,random_forest,0,,
1719,50.924011,29.728661,0.09,0.09,4.0,4.0,13.0,15.0,72.0,72.0,132.0,132.0,57.0,57.0,150.0,8.1,5.46,1714,0.1010609650191089,env_mode,1.0.0,env_only,random_forest,0,,
1720,50.923567,29.838022,0.09,0.11,4.0,4.0,18.0,19.0,60.0,60.0,134.0,133.0,63.0,63.0,145.0,2.0,6.97,1715,0.09985335980716167,env_mode,1.0.0,env_only,random_forest,0,,
1721,50.924155,29.842368,0.09,0.1,3.0,4.0,18.0,19.0,55.0,55.0,133.0,134.0,64.0,64.0,145.0,2.5,7.06,1716,0.10088413560613779,env_mode,1.0.0,env_only,random_forest,0,,
1722,50.92371,29.8495,0.09,0.1,5.0,5.0,17.0,18.0,51.0,51.0,130.0,129.0,66.0,66.0,144.0,14.0,4.95,1717,0.10445500674151796,env_mode,1.0.0,env_only,random_forest,0,,
1723,50.92377,29.85221,0.1,0.12,5.0,5.0,19.0,21.0,49.0,49.0,128.0,127.0,67.0,67.0,143.0,3.6,6.74,1718,0.10321453704633632,env_mode,1.0.0,env_only,random_forest,0,,
1724,50.921013,29.947605,0.11,0.11,9.0,10.0,18.0,20.0,42.0,42.0,122.0,122.0,67.0,67.0,113.0,1.1,8.15,1719,0.10435965322515407,env_mode,1.0.0,env_only,random_forest,0,,
1725,50.921013,29.942845,0.1,0.12,10.0,11.0,17.0,19.0,39.0,38.0,124.0,123.0,69.0,69.0,112.0,3.2,7.29,1720,0.10444511170245616,env_mode,1.0.0,env_only,random_forest,0,,
1726,50.921013,29.938085,0.1,0.11,12.0,13.0,17.0,19.0,38.0,39.0,123.0,122.0,69.0,69.0,112.0,8.9,6.21,1721,0.10414890545927614,env_mode,1.0.0,env_only,random_forest,0,,
1727,50.921013,29.857172,0.1,0.1,7.0,7.0,18.0,20.0,50.0,49.0,130.0,129.0,66.0,66.0,144.0,3.3,6.61,1722,0.10230441597428928,env_mode,1.0.0,env_only,random_forest,0,,
1728,50.92139,29.85211,0.1,0.11,4.0,4.0,18.0,20.0,56.0,56.0,129.0,127.0,66.0,66.0,146.0,6.1,5.7,1723,0.10092544373922756,env_mode,1.0.0,env_only,random_forest,0,,
1729,50.921013,29.847653,0.1,0.1,4.0,4.0,17.0,18.0,55.0,55.0,133.0,132.0,64.0,64.0,140.0,13.1,5.74,1724,0.10428018529821823,env_mode,1.0.0,env_only,random_forest,0,,
1730,50.921013,29.842893,0.09,0.1,3.0,3.0,16.0,18.0,54.0,54.0,134.0,133.0,64.0,64.0,146.0,8.5,6.14,1725,0.10190412827387034,env_mode,1.0.0,env_only,random_forest,0,,
1731,50.921013,29.662026,0.09,0.1,5.0,5.0,19.0,20.0,58.0,57.0,134.0,133.0,67.0,67.0,132.0,7.4,6.32,1726,0.0999470418225748,env_mode,1.0.0,env_only,random_forest,0,,
1732,50.921345,29.657263,0.1,0.11,4.0,4.0,17.0,19.0,60.0,60.0,133.0,133.0,65.0,65.0,131.0,2.4,6.92,1727,0.10113063682294324,env_mode,1.0.0,env_only,random_forest,0,,
1733,50.921607,29.65271,0.11,0.11,4.0,4.0,17.0,19.0,56.0,56.0,135.0,134.0,67.0,67.0,131.0,3.0,6.53,1728,0.10224206363917683,env_mode,1.0.0,env_only,random_forest,0,,
1734,50.921013,29.576353,0.1,0.1,5.0,5.0,15.0,17.0,66.0,67.0,136.0,138.0,60.0,60.0,160.0,6.4,5.92,1729,0.09953575777402861,env_mode,1.0.0,env_only,random_forest,0,,
1735,50.921013,29.571594,0.09,0.1,4.0,4.0,16.0,18.0,66.0,66.0,135.0,135.0,61.0,61.0,156.0,7.9,5.88,1730,0.09852592833435073,env_mode,1.0.0,env_only,random_forest,0,,
1736,50.921013,29.566834,0.09,0.09,4.0,4.0,14.0,16.0,67.0,67.0,133.0,132.0,62.0,62.0,155.0,11.1,5.87,1731,0.09941662813763988,env_mode,1.0.0,env_only,random_forest,0,,
1737,50.921013,29.538276,0.09,0.09,4.0,4.0,17.0,18.0,70.0,70.0,131.0,131.0,62.0,62.0,155.0,10.5,5.62,1732,0.09901419695939533,env_mode,1.0.0,env_only,random_forest,0,,
1738,50.921013,29.533516,0.09,0.09,4.0,4.0,17.0,18.0,65.0,64.0,134.0,132.0,63.0,63.0,158.0,7.6,5.9,1733,0.0984626352081176,env_mode,1.0.0,env_only,random_forest,0,,
1739,50.921013,29.528756,0.09,0.1,4.0,4.0,18.0,19.0,64.0,64.0,133.0,131.0,64.0,64.0,160.0,9.4,5.5,1734,0.09870697010047054,env_mode,1.0.0,env_only,random_forest,0,,
1740,50.921013,29.523996,0.1,0.11,3.0,4.0,18.0,20.0,63.0,63.0,136.0,134.0,62.0,62.0,161.0,7.6,5.97,1735,0.09981619133122825,env_mode,1.0.0,env_only,random_forest,0,,
1741,50.921013,29.519238,0.11,0.11,3.0,4.0,18.0,20.0,68.0,68.0,137.0,135.0,58.0,58.0,172.0,17.0,5.15,1736,0.10339338444302958,env_mode,1.0.0,env_only,random_forest,0,,
1742,50.917997,29.481144,0.08,0.1,4.0,4.0,14.0,16.0,65.0,64.0,134.0,132.0,61.0,61.0,177.0,20.7,4.79,1737,0.10185018910512039,env_mode,1.0.0,env_only,random_forest,0,,
1743,50.918015,29.495439,0.09,0.1,4.0,4.0,17.0,19.0,73.0,73.0,133.0,132.0,59.0,59.0,173.0,25.4,4.78,1738,0.10211393721337886,env_mode,1.0.0,env_only,random_forest,0,,
1744,50.918015,29.509718,0.1,0.11,4.0,4.0,16.0,18.0,70.0,70.0,133.0,132.0,60.0,60.0,168.0,36.9,4.72,1739,0.10202952346446688,env_mode,1.0.0,env_only,random_forest,0,,
1745,50.918015,29.523996,0.1,0.11,3.0,3.0,17.0,18.0,66.0,66.0,135.0,133.0,61.0,61.0,164.0,4.9,6.21,1740,0.09962974539795542,env_mode,1.0.0,env_only,random_forest,0,,
1746,50.918015,29.538276,0.11,0.11,4.0,4.0,16.0,18.0,65.0,65.0,131.0,130.0,63.0,63.0,164.0,21.8,5.12,1741,0.10193556141797616,env_mode,1.0.0,env_only,random_forest,0,,
1747,50.918015,29.552555,0.11,0.12,5.0,5.0,14.0,16.0,66.0,66.0,120.0,124.0,66.0,65.0,163.0,23.2,4.57,1742,0.10531929192474958,env_mode,1.0.0,env_only,random_forest,0,,
1748,50.918015,29.566834,0.11,0.12,4.0,4.0,13.0,15.0,69.0,70.0,134.0,133.0,61.0,61.0,149.0,29.7,4.89,1743,0.10166798798140203,env_mode,1.0.0,env_only,random_forest,0,,
1749,50.918015,29.581112,0.1,0.12,5.0,5.0,12.0,13.0,70.0,70.0,127.0,129.0,61.0,61.0,163.0,25.2,4.54,1744,0.10329623408247592,env_mode,1.0.0,env_only,random_forest,0,,
1750,50.918015,29.595391,0.1,0.1,6.0,5.0,11.0,13.0,72.0,72.0,130.0,131.0,63.0,63.0,171.0,33.9,4.36,1745,0.10331124314099545,env_mode,1.0.0,env_only,random_forest,0,,
1751,50.917997,29.609661,0.1,0.11,5.0,5.0,13.0,15.0,72.0,71.0,117.0,123.0,61.0,61.0,168.0,24.8,4.55,1746,0.10362822110368054,env_mode,1.0.0,env_only,random_forest,0,,
1752,50.917997,29.62394,0.1,0.12,3.0,4.0,16.0,18.0,59.0,60.0,133.0,132.0,62.0,61.0,155.0,4.5,6.02,1747,0.10121848331778405,env_mode,1.0.0,env_only,random_forest,0,,
1753,50.91805,29.63337,0.09,0.11,4.0,4.0,14.0,16.0,63.0,63.0,136.0,136.0,64.0,64.0,139.0,8.9,6.66,1748,0.10153361164101955,env_mode,1.0.0,env_only,random_forest,0,,
1754,50.918015,29.638228,0.11,0.11,5.0,5.0,17.0,20.0,55.0,55.0,132.0,131.0,64.0,64.0,144.0,38.8,4.12,1749,0.10307497811689043,env_mode,1.0.0,env_only,random_forest,0,,
1755,50.918015,29.642988,0.1,0.11,6.0,6.0,17.0,19.0,55.0,55.0,127.0,128.0,67.0,67.0,138.0,39.0,4.43,1750,0.10206214945053135,env_mode,1.0.0,env_only,random_forest,0,,
1756,50.917997,29.6525,0.09,0.11,4.0,4.0,17.0,18.0,55.0,55.0,134.0,134.0,67.0,67.0,134.0,34.3,4.23,1751,0.1020382472679798,env_mode,1.0.0,env_only,random_forest,0,,
1757,50.91794,29.66702,0.1,0.1,4.0,4.0,19.0,20.0,60.0,60.0,134.0,133.0,63.0,63.0,130.0,4.0,6.96,1752,0.10146533817996717,env_mode,1.0.0,env_only,random_forest,0,,
1758,50.918015,29.681065,0.1,0.1,4.0,4.0,13.0,15.0,66.0,67.0,122.0,123.0,59.0,59.0,155.0,33.4,4.53,1753,0.10281761698240213,env_mode,1.0.0,env_only,random_forest,0,,
1759,50.918015,29.695343,0.1,0.11,5.0,4.0,13.0,15.0,75.0,75.0,123.0,130.0,58.0,58.0,144.0,19.5,4.84,1754,0.10233064472165115,env_mode,1.0.0,env_only,random_forest,0,,
1760,50.918015,29.709623,0.11,0.12,4.0,5.0,11.0,13.0,74.0,74.0,121.0,125.0,52.0,52.0,172.0,17.8,4.66,1755,0.10500021908871851,env_mode,1.0.0,env_only,random_forest,0,,
1761,50.918015,29.723902,0.09,0.1,4.0,4.0,14.0,16.0,68.0,68.0,138.0,139.0,58.0,58.0,154.0,6.8,5.74,1756,0.09982126419241959,env_mode,1.0.0,env_only,random_forest,0,,
1762,50.917952,29.737695,0.11,0.11,6.0,5.0,12.0,13.0,78.0,79.0,117.0,123.0,56.0,56.0,171.0,45.0,3.79,1757,0.10578913744723174,env_mode,1.0.0,env_only,random_forest,0,,
1763,50.91796,29.7525,0.11,0.11,10.0,10.0,11.0,13.0,73.0,73.0,116.0,119.0,57.0,57.0,163.0,24.4,4.73,1758,0.10449514754753017,env_mode,1.0.0,env_only,random_forest,0,,
1764,50.918015,29.766738,0.1,0.11,8.0,8.0,12.0,13.0,69.0,69.0,114.0,116.0,57.0,57.0,170.0,43.5,4.14,1759,0.10357025034013449,env_mode,1.0.0,env_only,random_forest,0,,
1765,50.918015,29.781017,0.1,0.11,9.0,10.0,13.0,14.0,70.0,70.0,116.0,119.0,56.0,56.0,168.0,21.4,4.57,1760,0.10478043366392664,env_mode,1.0.0,env_only,random_forest,0,,
1766,50.91833,29.796066,0.1,0.1,10.0,11.0,12.0,13.0,71.0,71.0,117.0,119.0,56.0,56.0,162.0,12.1,5.69,1761,0.10552354367745258,env_mode,1.0.0,env_only,random_forest,0,,
1767,50.917997,29.809575,0.1,0.11,10.0,12.0,11.0,13.0,77.0,77.0,111.0,117.0,56.0,56.0,164.0,12.4,5.02,1762,0.10393362996135018,env_mode,1.0.0,env_only,random_forest,0,,
1768,50.918015,29.823854,0.09,0.1,5.0,4.0,12.0,14.0,76.0,77.0,129.0,130.0,56.0,57.0,137.0,45.0,4.2,1763,0.10890676143559458,env_mode,1.0.0,env_only,random_forest,0,,
1769,50.91771,29.83874,0.09,0.11,2.0,3.0,16.0,18.0,61.0,60.0,133.0,132.0,64.0,64.0,145.0,4.8,6.79,1764,0.09954805278408767,env_mode,1.0.0,env_only,random_forest,0,,
1770,50.918015,29.842893,0.1,0.1,3.0,3.0,16.0,17.0,58.0,58.0,135.0,134.0,64.0,64.0,140.0,27.6,4.69,1765,0.10248727498624631,env_mode,1.0.0,env_only,random_forest,0,,
1771,50.918015,29.847653,0.1,0.1,4.0,4.0,18.0,19.0,57.0,56.0,135.0,133.0,64.0,64.0,137.0,21.8,4.94,1766,0.10352741839538951,env_mode,1.0.0,env_only,random_forest,0,,
1772,50.91783,29.8523,0.09,0.1,3.0,3.0,18.0,19.0,59.0,58.0,133.0,132.0,64.0,64.0,140.0,9.9,5.26,1767,0.10139659335175243,env_mode,1.0.0,env_only,random_forest,0,,
1773,50.918367,29.865998,0.1,0.11,5.0,6.0,19.0,21.0,49.0,48.0,130.0,128.0,65.0,65.0,144.0,10.0,5.73,1768,0.10478785500729962,env_mode,1.0.0,env_only,random_forest,0,,
1774,50.91831,29.88104,0.09,0.1,5.0,5.0,21.0,22.0,49.0,49.0,129.0,129.0,64.0,63.0,142.0,7.6,5.73,1769,0.1043585202515392,env_mode,1.0.0,env_only,random_forest,0,,
1775,50.917997,29.895253,0.11,0.11,5.0,5.0,22.0,23.0,47.0,47.0,128.0,128.0,66.0,66.0,111.0,0.8,9.15,1770,0.10088049491934842,env_mode,1.0.0,env_only,random_forest,0,,
1776,50.918015,29.909528,0.1,0.12,6.0,6.0,21.0,22.0,51.0,51.0,122.0,121.0,66.0,66.0,112.0,8.4,5.9,1771,0.09947288837343325,env_mode,1.0.0,env_only,random_forest,0,,
1777,50.917997,29.923812,0.1,0.11,12.0,12.0,21.0,23.0,43.0,43.0,124.0,124.0,68.0,68.0,112.0,2.4,7.6,1772,0.09917076186640722,env_mode,1.0.0,env_only,random_forest,0,,
1778,50.917716,29.933325,0.1,0.12,8.0,8.0,18.0,20.0,45.0,45.0,128.0,126.0,67.0,67.0,112.0,9.1,6.24,1773,0.10177498247316497,env_mode,1.0.0,env_only,random_forest,0,,
1779,50.918015,29.938085,0.11,0.12,10.0,11.0,18.0,20.0,41.0,41.0,127.0,127.0,68.0,68.0,116.0,11.9,5.89,1774,0.10571535294075932,env_mode,1.0.0,env_only,random_forest,0,,
1780,50.918015,29.942845,0.13,0.14,9.0,10.0,18.0,20.0,39.0,39.0,133.0,132.0,69.0,69.0,115.0,5.5,5.96,1775,0.10754849216633927,env_mode,1.0.0,env_only,random_forest,0,,
1781,50.91849,29.946078,0.13,0.13,9.0,9.0,18.0,20.0,41.0,41.0,133.0,131.0,67.0,67.0,113.0,3.2,7.13,1776,0.10725769947298898,env_mode,1.0.0,env_only,random_forest,0,,
1782,50.918015,29.952364,0.12,0.13,8.0,10.0,17.0,19.0,41.0,41.0,131.0,131.0,69.0,69.0,115.0,5.7,6.55,1777,0.10518656671918937,env_mode,1.0.0,env_only,random_forest,0,,
1783,50.918015,29.961884,0.11,0.12,6.0,7.0,19.0,21.0,51.0,51.0,128.0,126.0,67.0,67.0,115.0,2.0,7.66,1778,0.09997899511348525,env_mode,1.0.0,env_only,random_forest,0,,
1784,50.918015,29.966644,0.11,0.11,7.0,7.0,18.0,19.0,55.0,55.0,127.0,126.0,64.0,64.0,116.0,1.9,7.66,1779,0.10141296992932723,env_mode,1.0.0,env_only,random_forest,0,,
1785,50.918015,29.980922,0.13,0.13,8.0,8.0,15.0,17.0,70.0,70.0,118.0,122.0,56.0,56.0,136.0,40.1,4.42,1780,0.1183771178688432,env_mode,1.0.0,env_only,random_forest,0,,
1786,50.917997,29.99521,0.12,0.13,7.0,7.0,14.0,16.0,68.0,69.0,117.0,124.0,58.0,58.0,148.0,15.8,4.77,1781,0.10720608711417802,env_mode,1.0.0,env_only,random_forest,0,,
1787,50.918015,30.00948,0.13,0.13,8.0,8.0,12.0,13.0,72.0,72.0,121.0,125.0,55.0,55.0,155.0,45.0,3.67,1782,0.10827567082069582,env_mode,1.0.0,env_only,random_forest,0,,
1788,50.918015,30.023759,0.12,0.14,7.0,7.0,11.0,13.0,75.0,76.0,118.0,123.0,53.0,53.0,152.0,20.1,5.04,1783,0.11095593742529165,env_mode,1.0.0,env_only,random_forest,0,,
1789,50.918015,30.038037,0.13,0.15,7.0,7.0,12.0,13.0,76.0,76.0,118.0,127.0,53.0,53.0,149.0,10.9,5.86,1784,0.11314678363147417,env_mode,1.0.0,env_only,random_forest,0,,
1790,50.918015,30.052317,0.14,0.16,5.0,5.0,10.0,12.0,73.0,74.0,122.0,128.0,55.0,55.0,146.0,8.3,5.59,1785,0.10874091738699543,env_mode,1.0.0,env_only,random_forest,0,,
1791,50.917997,30.066608,0.12,0.15,5.0,5.0,11.0,12.0,75.0,76.0,120.0,125.0,55.0,55.0,140.0,13.8,5.4,1786,0.1121868522212878,env_mode,1.0.0,env_only,random_forest,0,,
1792,50.918015,30.080875,0.12,0.14,5.0,4.0,11.0,12.0,72.0,73.0,120.0,125.0,57.0,57.0,138.0,45.0,3.13,1787,0.1156604752520089,env_mode,1.0.0,env_only,random_forest,0,,
1793,50.91496,29.96711,0.1,0.11,5.0,4.0,17.0,19.0,59.0,59.0,134.0,132.0,65.0,65.0,116.0,2.4,6.81,1788,0.10286678451342116,env_mode,1.0.0,env_only,random_forest,0,,
1794,50.915018,29.961884,0.1,0.1,5.0,5.0,17.0,18.0,57.0,57.0,134.0,133.0,64.0,64.0,115.0,5.6,5.84,1789,0.10416400298551927,env_mode,1.0.0,env_only,random_forest,0,,
1795,50.915018,29.957124,0.12,0.13,6.0,6.0,17.0,18.0,51.0,51.0,134.0,132.0,67.0,67.0,126.0,19.2,4.65,1790,0.10511897140048229,env_mode,1.0.0,env_only,random_forest,0,,
1796,50.914544,29.952491,0.1,0.11,5.0,6.0,17.0,19.0,49.0,50.0,133.0,131.0,69.0,69.0,116.0,3.7,6.88,1791,0.10547271169364987,env_mode,1.0.0,env_only,random_forest,0,,
1797,50.915018,29.947605,0.09,0.1,5.0,5.0,18.0,20.0,50.0,50.0,132.0,131.0,67.0,67.0,115.0,3.5,6.63,1792,0.10364300415374135,env_mode,1.0.0,env_only,random_forest,0,,
1798,50.91461,29.94306,0.11,0.11,7.0,7.0,17.0,19.0,47.0,48.0,132.0,131.0,67.0,67.0,117.0,5.3,6.47,1793,0.10178781781859192,env_mode,1.0.0,env_only,random_forest,0,,
1799,50.91552,29.93895,0.12,0.12,5.0,4.0,17.0,19.0,51.0,51.0,133.0,131.0,66.0,66.0,116.0,2.0,7.65,1794,0.10785881122273662,env_mode,1.0.0,env_only,random_forest,0,,
1800,50.915018,29.933325,0.1,0.11,5.0,5.0,17.0,19.0,54.0,54.0,130.0,129.0,67.0,67.0,116.0,7.2,6.1,1795,0.10129142845973044,env_mode,1.0.0,env_only,random_forest,0,,
1801,50.914992,29.851334,0.09,0.11,3.0,3.0,19.0,21.0,60.0,60.0,135.0,133.0,63.0,63.0,141.0,6.6,6.19,1796,0.10115825860882112,env_mode,1.0.0,env_only,random_forest,0,,
1802,50.915018,29.847653,0.09,0.1,4.0,4.0,18.0,20.0,56.0,57.0,134.0,133.0,63.0,63.0,139.0,45.0,4.25,1797,0.1022827665539283,env_mode,1.0.0,env_only,random_forest,0,,
1803,50.915,29.84282,0.1,0.11,3.0,3.0,17.0,19.0,56.0,56.0,138.0,139.0,64.0,64.0,136.0,33.1,4.26,1798,0.10325298023794877,env_mode,1.0.0,env_only,random_forest,0,,
1804,50.915018,29.838133,0.1,0.11,3.0,3.0,16.0,18.0,57.0,57.0,137.0,139.0,65.0,65.0,143.0,18.7,5.06,1799,0.10210351591017276,env_mode,1.0.0,env_only,random_forest,0,,
1805,50.915018,29.657267,0.1,0.1,5.0,5.0,15.0,16.0,54.0,54.0,131.0,131.0,63.0,63.0,141.0,16.9,5.21,1800,0.10523899344374049,env_mode,1.0.0,env_only,random_forest,0,,
1806,50.915018,29.652507,0.1,0.12,5.0,5.0,15.0,16.0,59.0,58.0,136.0,135.0,63.0,63.0,142.0,16.8,5.4,1801,0.1027122823019223,env_mode,1.0.0,env_only,random_forest,0,,
1807,50.91491,29.64777,0.09,0.09,5.0,5.0,15.0,17.0,57.0,57.0,130.0,130.0,67.0,67.0,146.0,10.1,5.23,1802,0.10085682841880582,env_mode,1.0.0,env_only,random_forest,0,,
1808,50.915018,29.642988,0.09,0.09,4.0,4.0,16.0,18.0,57.0,56.0,132.0,132.0,65.0,65.0,146.0,14.0,5.49,1803,0.10236735891606888,env_mode,1.0.0,env_only,random_forest,0,,
1809,50.912021,29.657267,0.09,0.1,5.0,5.0,16.0,17.0,56.0,56.0,137.0,135.0,62.0,62.0,145.0,4.6,6.44,1804,0.1017722486974848,env_mode,1.0.0,env_only,random_forest,0,,
1810,50.912021,29.662026,0.09,0.09,5.0,5.0,15.0,16.0,55.0,55.0,137.0,135.0,62.0,62.0,144.0,21.5,4.94,1805,0.10331578913909288,env_mode,1.0.0,env_only,random_forest,0,,
1811,50.91179,29.6682,0.09,0.09,4.0,4.0,17.0,19.0,53.0,53.0,136.0,134.0,63.0,63.0,130.0,9.2,6.07,1806,0.10506180116653058,env_mode,1.0.0,env_only,random_forest,0,,
1812,50.912021,29.833373,0.1,0.12,3.0,3.0,17.0,19.0,57.0,56.0,138.0,137.0,63.0,63.0,143.0,11.6,5.51,1807,0.10289152499667295,env_mode,1.0.0,env_only,random_forest,0,,
1813,50.912021,29.838133,0.1,0.11,3.0,3.0,19.0,20.0,59.0,58.0,138.0,139.0,64.0,64.0,140.0,5.1,6.49,1808,0.1016302986462393,env_mode,1.0.0,env_only,random_forest,0,,
1814,50.912021,29.842893,0.1,0.11,4.0,4.0,17.0,19.0,59.0,60.0,139.0,137.0,65.0,65.0,134.0,25.3,4.97,1809,0.10314255546834611,env_mode,1.0.0,env_only,random_forest,0,,
1815,50.91176,29.84842,0.11,0.12,4.0,4.0,19.0,21.0,59.0,59.0,134.0,132.0,62.0,62.0,132.0,35.9,4.65,1810,0.10252545259953467,env_mode,1.0.0,env_only,random_forest,0,,
1816,50.912021,29.938085,0.11,0.12,4.0,4.0,15.0,17.0,59.0,59.0,132.0,130.0,64.0,64.0,117.0,3.9,6.86,1811,0.10409557063201119,env_mode,1.0.0,env_only,random_forest,0,,
1817,50.912021,29.942845,0.14,0.15,5.0,5.0,16.0,17.0,60.0,60.0,133.0,132.0,65.0,65.0,117.0,3.3,6.66,1812,0.10591632560883395,env_mode,1.0.0,env_only,random_forest,0,,
1818,50.912021,29.947605,0.1,0.11,5.0,5.0,17.0,18.0,56.0,56.0,133.0,131.0,66.0,66.0,117.0,8.5,5.59,1813,0.1018585053201942,env_mode,1.0.0,env_only,random_forest,0,,
1819,50.912021,29.952364,0.11,0.12,5.0,5.0,18.0,19.0,55.0,55.0,134.0,136.0,68.0,68.0,119.0,2.7,6.69,1814,0.10238407244460855,env_mode,1.0.0,env_only,random_forest,0,,
1820,50.912021,29.957124,0.11,0.12,5.0,5.0,17.0,19.0,54.0,55.0,134.0,132.0,67.0,67.0,117.0,7.4,6.01,1815,0.10333013246752655,env_mode,1.0.0,env_only,random_forest,0,,
1821,50.911703,29.961919,0.11,0.11,4.0,4.0,17.0,18.0,60.0,61.0,129.0,128.0,64.0,64.0,116.0,2.1,7.18,1816,0.10206325435962985,env_mode,1.0.0,env_only,random_forest,0,,
1822,50.909023,30.095153,0.13,0.14,5.0,5.0,13.0,14.0,73.0,73.0,126.0,131.0,57.0,57.0,129.0,45.0,3.94,1817,0.11532987439072655,env_mode,1.0.0,env_only,random_forest,0,,
1823,50.909004,30.080888,0.14,0.14,5.0,5.0,11.0,12.0,76.0,77.0,119.0,125.0,51.0,51.0,136.0,29.5,4.18,1818,0.12075228485068022,env_mode,1.0.0,env_only,random_forest,0,,
1824,50.908769,30.064622,0.14,0.15,7.0,7.0,12.0,13.0,72.0,73.0,125.0,131.0,55.0,55.0,142.0,45.0,3.68,1819,0.11632869205027231,env_mode,1.0.0,env_only,random_forest,0,,
1825,50.909004,30.052328,0.14,0.14,5.0,5.0,12.0,14.0,68.0,69.0,117.0,124.0,56.0,57.0,147.0,25.9,4.65,1820,0.1085185089134522,env_mode,1.0.0,env_only,random_forest,0,,
1826,50.908879,30.037079,0.13,0.14,4.0,5.0,14.0,15.0,74.0,74.0,120.0,126.0,56.0,56.0,140.0,7.9,5.92,1821,0.10930152014694171,env_mode,1.0.0,env_only,random_forest,0,,
1827,50.909004,30.023769,0.13,0.13,7.0,7.0,11.0,13.0,75.0,75.0,117.0,123.0,53.0,53.0,148.0,8.1,5.43,1822,0.1151267991858189,env_mode,1.0.0,env_only,random_forest,0,,
1828,50.909004,30.00949,0.11,0.12,5.0,5.0,13.0,14.0,75.0,75.0,118.0,123.0,55.0,55.0,145.0,31.8,4.18,1823,0.10940189818318896,env_mode,1.0.0,env_only,random_forest,0,,
1829,50.909004,29.99518,0.11,0.11,4.0,4.0,15.0,16.0,63.0,63.0,119.0,121.0,65.0,65.0,122.0,6.4,5.92,1824,0.10483223894034263,env_mode,1.0.0,env_only,random_forest,0,,
1830,50.909023,29.980922,0.1,0.11,5.0,4.0,15.0,16.0,65.0,65.0,123.0,128.0,61.0,61.0,119.0,10.3,5.98,1825,0.1042997037669846,env_mode,1.0.0,env_only,random_forest,0,,
1831,50.909004,29.966651,0.1,0.1,5.0,5.0,18.0,19.0,68.0,68.0,127.0,126.0,63.0,63.0,117.0,2.7,6.66,1826,0.10118094945530798,env_mode,1.0.0,env_only,random_forest,0,,
1832,50.909081,29.962957,0.1,0.11,4.0,4.0,16.0,18.0,64.0,64.0,127.0,128.0,64.0,64.0,117.0,5.0,6.27,1827,0.10292417933723887,env_mode,1.0.0,env_only,random_forest,0,,
1833,50.908862,29.950215,0.1,0.11,5.0,6.0,16.0,17.0,59.0,60.0,134.0,133.0,64.0,64.0,116.0,3.7,6.83,1828,0.10499413166104564,env_mode,1.0.0,env_only,random_forest,0,,
1834,50.909023,29.938085,0.13,0.14,7.0,6.0,14.0,16.0,67.0,68.0,118.0,122.0,61.0,61.0,123.0,45.0,3.79,1829,0.11817636651943075,env_mode,1.0.0,env_only,random_forest,0,,
1835,50.909312,29.9224,0.1,0.1,6.0,6.0,16.0,17.0,69.0,71.0,129.0,132.0,59.0,59.0,129.0,22.7,4.58,1830,0.10671673905906531,env_mode,1.0.0,env_only,random_forest,0,,
1836,50.91015,29.90946,0.12,0.12,5.0,5.0,20.0,21.0,48.0,48.0,127.0,127.0,68.0,68.0,118.0,7.8,6.12,1831,0.10143063671616677,env_mode,1.0.0,env_only,random_forest,0,,
1837,50.909004,29.895253,0.09,0.1,8.0,8.0,22.0,23.0,45.0,45.0,126.0,124.0,68.0,68.0,111.0,1.3,7.74,1832,0.09830349183074888,env_mode,1.0.0,env_only,random_forest,0,,
1838,50.909023,29.88097,0.1,0.1,8.0,9.0,23.0,25.0,44.0,44.0,130.0,129.0,68.0,68.0,112.0,2.7,6.89,1833,0.09794061657447914,env_mode,1.0.0,env_only,random_forest,0,,
1839,50.910072,29.86494,0.09,0.1,5.0,5.0,21.0,23.0,42.0,42.0,129.0,130.0,67.0,67.0,112.0,2.1,7.01,1834,0.09986364827383032,env_mode,1.0.0,env_only,random_forest,0,,
1840,50.909023,29.852412,0.09,0.1,4.0,4.0,20.0,22.0,65.0,65.0,131.0,131.0,63.0,63.0,116.0,12.6,5.74,1835,0.1008404239522845,env_mode,1.0.0,env_only,random_forest,0,,
1841,50.909023,29.842893,0.1,0.1,3.0,4.0,17.0,18.0,59.0,59.0,134.0,134.0,62.0,62.0,122.0,41.7,4.34,1836,0.10356134066895184,env_mode,1.0.0,env_only,random_forest,0,,
1842,50.909023,29.838133,0.11,0.11,3.0,4.0,17.0,18.0,59.0,58.0,134.0,135.0,62.0,62.0,136.0,15.6,5.27,1837,0.10387123756051231,env_mode,1.0.0,env_only,random_forest,0,,
1843,50.909004,29.823855,0.11,0.13,4.0,4.0,11.0,13.0,73.0,73.0,129.0,133.0,61.0,61.0,153.0,11.2,5.44,1838,0.10076585288130997,env_mode,1.0.0,env_only,random_forest,0,,
1844,50.909023,29.809575,0.11,0.12,13.0,14.0,12.0,14.0,71.0,71.0,120.0,120.0,55.0,55.0,156.0,14.3,5.73,1839,0.107773209311566,env_mode,1.0.0,env_only,random_forest,0,,
1845,50.909004,29.795296,0.12,0.13,9.0,11.0,13.0,13.0,67.0,67.0,115.0,118.0,56.0,56.0,152.0,33.4,5.22,1840,0.10631190140738471,env_mode,1.0.0,env_only,random_forest,0,,
1846,50.9085,29.780774,0.12,0.12,8.0,10.0,13.0,14.0,72.0,71.0,116.0,120.0,55.0,55.0,162.0,19.0,5.16,1841,0.10620154959189991,env_mode,1.0.0,env_only,random_forest,0,,
1847,50.909023,29.766738,0.09,0.09,10.0,11.0,11.0,12.0,72.0,72.0,117.0,119.0,56.0,55.0,168.0,12.1,5.58,1842,0.10386797950932267,env_mode,1.0.0,env_only,random_forest,0,,
1848,50.909004,29.752457,0.09,0.1,8.0,9.0,12.0,14.0,73.0,73.0,123.0,126.0,55.0,55.0,168.0,45.0,3.56,1843,0.1051988647609904,env_mode,1.0.0,env_only,random_forest,0,,
1849,50.908987,29.736924,0.11,0.12,10.0,9.0,12.0,14.0,74.0,73.0,115.0,121.0,55.0,55.0,176.0,17.8,4.72,1844,0.10538691288979452,env_mode,1.0.0,env_only,random_forest,0,,
1850,50.909004,29.723898,0.1,0.11,8.0,9.0,11.0,13.0,74.0,75.0,120.0,127.0,55.0,55.0,174.0,9.5,5.71,1845,0.1052382786866852,env_mode,1.0.0,env_only,random_forest,0,,
1851,50.909023,29.709623,0.09,0.1,7.0,6.0,16.0,18.0,75.0,75.0,123.0,126.0,54.0,54.0,158.0,45.0,4.11,1846,0.1058234254493755,env_mode,1.0.0,env_only,random_forest,0,,
1852,50.908891,29.695276,0.1,0.1,6.0,5.0,14.0,16.0,75.0,75.0,121.0,127.0,54.0,54.0,148.0,18.5,5.04,1847,0.10717637494145985,env_mode,1.0.0,env_only,random_forest,0,,
1853,50.909004,29.681059,0.09,0.09,4.0,4.0,17.0,18.0,55.0,55.0,129.0,128.0,65.0,65.0,127.0,2.4,8.2,1848,0.10253307444472663,env_mode,1.0.0,env_only,random_forest,0,,
1854,50.909023,29.676306,0.09,0.1,5.0,5.0,15.0,17.0,60.0,60.0,136.0,135.0,62.0,62.0,131.0,24.5,4.87,1849,0.10411677399411476,env_mode,1.0.0,env_only,random_forest,0,,
1855,50.9092,29.67199,0.09,0.09,4.0,4.0,15.0,16.0,60.0,60.0,138.0,137.0,62.0,62.0,139.0,30.1,4.42,1850,0.10296704241064414,env_mode,1.0.0,env_only,random_forest,0,,
1856,50.909023,29.666786,0.09,0.09,4.0,4.0,15.0,17.0,58.0,57.0,137.0,135.0,62.0,62.0,143.0,17.7,5.1,1851,0.10238423272043597,env_mode,1.0.0,env_only,random_forest,0,,
1857,50.90976,29.6514,0.09,0.09,4.0,3.0,15.0,16.0,57.0,58.0,136.0,134.0,63.0,63.0,150.0,6.6,6.08,1852,0.1010517923640632,env_mode,1.0.0,env_only,random_forest,0,,
1858,50.909004,29.63822,0.09,0.1,5.0,5.0,14.0,15.0,64.0,63.0,134.0,134.0,61.0,61.0,153.0,2.6,6.66,1853,0.09987478906123254,env_mode,1.0.0,env_only,random_forest,0,,
1859,50.909023,29.62395,0.1,0.1,4.0,4.0,12.0,13.0,68.0,68.0,129.0,130.0,62.0,62.0,160.0,7.7,5.71,1854,0.09990432977547356,env_mode,1.0.0,env_only,random_forest,0,,
1860,50.909185,29.610752,0.09,0.1,4.0,4.0,18.0,20.0,65.0,65.0,135.0,134.0,66.0,66.0,154.0,10.9,5.18,1855,0.09763339346855256,env_mode,1.0.0,env_only,random_forest,0,,
1861,50.909023,29.604911,0.09,0.09,4.0,4.0,16.0,18.0,65.0,66.0,134.0,135.0,63.0,63.0,150.0,8.3,6.1,1856,0.09820787299402098,env_mode,1.0.0,env_only,random_forest,0,,
1862,50.909004,29.595381,0.1,0.11,5.0,5.0,14.0,16.0,65.0,65.0,122.0,126.0,68.0,68.0,147.0,28.2,4.67,1857,0.10337718909408114,env_mode,1.0.0,env_only,random_forest,0,,
1863,50.909004,29.581102,0.11,0.12,5.0,5.0,13.0,14.0,65.0,66.0,127.0,128.0,66.0,66.0,154.0,38.7,4.26,1858,0.10334789761796731,env_mode,1.0.0,env_only,random_forest,0,,
1864,50.909004,29.566716,0.09,0.1,4.0,4.0,14.0,15.0,59.0,60.0,130.0,129.0,66.0,66.0,156.0,2.5,7.05,1859,0.09925330468168889,env_mode,1.0.0,env_only,random_forest,0,,
1865,50.909004,29.552542,0.09,0.09,4.0,4.0,17.0,19.0,64.0,64.0,131.0,130.0,65.0,65.0,156.0,11.4,5.56,1860,0.09933264501587337,env_mode,1.0.0,env_only,random_forest,0,,
1866,50.909004,29.538263,0.09,0.09,4.0,4.0,16.0,18.0,61.0,61.0,136.0,135.0,65.0,65.0,157.0,7.0,6.25,1861,0.09980367293456485,env_mode,1.0.0,env_only,random_forest,0,,
1867,50.90913,29.52413,0.09,0.09,4.0,4.0,16.0,18.0,60.0,60.0,134.0,132.0,66.0,66.0,162.0,9.5,5.47,1862,0.09937193129664347,env_mode,1.0.0,env_only,random_forest,0,,
1868,50.909023,29.509718,0.09,0.09,4.0,4.0,19.0,21.0,53.0,54.0,135.0,135.0,62.0,62.0,161.0,7.5,6.44,1863,0.10247785415137746,env_mode,1.0.0,env_only,random_forest,0,,
1869,50.909004,29.495424,0.1,0.12,3.0,4.0,19.0,20.0,59.0,59.0,135.0,133.0,64.0,64.0,166.0,5.0,6.61,1864,0.1015128948969725,env_mode,1.0.0,env_only,random_forest,0,,
1870,50.909023,29.48116,0.11,0.12,4.0,4.0,19.0,21.0,59.0,59.0,134.0,133.0,63.0,63.0,172.0,0.9,8.13,1865,0.10292502694056313,env_mode,1.0.0,env_only,random_forest,0,,
1871,50.906025,29.60967,0.09,0.09,4.0,4.0,17.0,18.0,64.0,64.0,134.0,132.0,65.0,65.0,154.0,2.9,6.99,1866,0.09808654537471174,env_mode,1.0.0,env_only,random_forest,0,,
1872,50.906025,29.676306,0.09,0.1,5.0,5.0,14.0,15.0,59.0,59.0,136.0,134.0,60.0,60.0,139.0,19.7,5.23,1867,0.10386139681824541,env_mode,1.0.0,env_only,random_forest,0,,
1873,50.90598,29.6809,0.09,0.11,5.0,5.0,14.0,16.0,60.0,60.0,137.0,135.0,63.0,63.0,136.0,39.2,4.72,1868,0.10293316435020036,env_mode,1.0.0,env_only,random_forest,0,,
1874,50.906025,29.833373,0.11,0.12,3.0,4.0,16.0,18.0,66.0,65.0,135.0,134.0,60.0,60.0,143.0,44.4,4.36,1869,0.10169078880090412,env_mode,1.0.0,env_only,random_forest,0,,
1875,50.906025,29.838133,0.09,0.1,3.0,3.0,16.0,18.0,65.0,65.0,134.0,136.0,61.0,61.0,119.0,15.7,5.62,1870,0.1029189262127198,env_mode,1.0.0,env_only,random_forest,0,,
1876,50.90624,29.951886,0.09,0.11,4.0,5.0,16.0,17.0,65.0,65.0,129.0,129.0,61.0,61.0,119.0,3.4,6.52,1871,0.10306930232297519,env_mode,1.0.0,env_only,random_forest,0,,
1877,50.903028,29.60967,0.1,0.1,3.0,3.0,17.0,18.0,64.0,64.0,137.0,135.0,62.0,62.0,150.0,10.9,5.87,1872,0.09936883120954182,env_mode,1.0.0,env_only,random_forest,0,,
1878,50.903028,29.604911,0.11,0.12,4.0,4.0,17.0,19.0,64.0,64.0,135.0,133.0,63.0,63.0,143.0,3.5,7.66,1873,0.10032316997359518,env_mode,1.0.0,env_only,random_forest,0,,
1879,50.903028,29.600151,0.12,0.12,4.0,4.0,16.0,18.0,66.0,65.0,134.0,133.0,65.0,65.0,148.0,9.8,6.28,1874,0.09894045815803715,env_mode,1.0.0,env_only,random_forest,0,,
1880,50.900031,29.48116,0.11,0.11,4.0,4.0,14.0,15.0,70.0,69.0,133.0,131.0,59.0,59.0,174.0,14.7,5.21,1875,0.10370181250096615,env_mode,1.0.0,env_only,random_forest,0,,
1881,50.899568,29.496143,0.1,0.12,4.0,4.0,17.0,19.0,66.0,66.0,135.0,134.0,63.0,63.0,175.0,5.0,6.13,1876,0.10102293518868097,env_mode,1.0.0,env_only,random_forest,0,,
1882,50.900031,29.509718,0.11,0.11,4.0,4.0,19.0,21.0,56.0,55.0,136.0,134.0,64.0,64.0,170.0,5.1,6.2,1877,0.10348325722537301,env_mode,1.0.0,env_only,random_forest,0,,
1883,50.900119,29.524773,0.1,0.11,4.0,4.0,18.0,19.0,57.0,57.0,135.0,134.0,64.0,64.0,168.0,2.1,7.79,1878,0.10088260869595699,env_mode,1.0.0,env_only,random_forest,0,,
1884,50.900028,29.539414,0.12,0.12,3.0,3.0,17.0,19.0,57.0,57.0,136.0,135.0,64.0,64.0,166.0,7.3,5.91,1879,0.10269583705985459,env_mode,1.0.0,env_only,random_forest,0,,
1885,50.900011,29.552542,0.1,0.11,3.0,3.0,18.0,20.0,60.0,59.0,138.0,136.0,62.0,62.0,159.0,2.5,7.21,1880,0.10081303420564694,env_mode,1.0.0,env_only,random_forest,0,,
1886,50.900011,29.566822,0.11,0.11,3.0,3.0,16.0,17.0,61.0,61.0,134.0,133.0,63.0,62.0,158.0,5.0,6.34,1881,0.1005486533199053,env_mode,1.0.0,env_only,random_forest,0,,
1887,50.900031,29.581112,0.1,0.12,3.0,4.0,13.0,15.0,64.0,63.0,127.0,126.0,62.0,62.0,156.0,9.6,5.34,1882,0.10091121988033895,env_mode,1.0.0,env_only,random_forest,0,,
1888,50.900011,29.595381,0.1,0.1,3.0,4.0,16.0,18.0,60.0,61.0,130.0,129.0,65.0,65.0,154.0,1.9,6.99,1883,0.09951547553833742,env_mode,1.0.0,env_only,random_forest,0,,
1889,50.900031,29.604911,0.12,0.12,4.0,4.0,17.0,19.0,64.0,64.0,137.0,136.0,62.0,62.0,145.0,29.0,4.75,1884,0.10153459338675333,env_mode,1.0.0,env_only,random_forest,0,,
1890,50.9006,29.61066,0.1,0.1,3.0,4.0,17.0,19.0,64.0,64.0,142.0,140.0,61.0,61.0,148.0,14.3,4.96,1885,0.10112114590637156,env_mode,1.0.0,env_only,random_forest,0,,
1891,50.900031,29.61443,0.1,0.11,3.0,3.0,16.0,18.0,65.0,65.0,139.0,138.0,63.0,63.0,150.0,6.8,5.93,1886,0.09974972933185257,env_mode,1.0.0,env_only,random_forest,0,,
1892,50.900011,29.62394,0.11,0.11,4.0,4.0,14.0,16.0,66.0,66.0,137.0,136.0,62.0,62.0,154.0,8.6,5.63,1887,0.0989111728555826,env_mode,1.0.0,env_only,random_forest,0,,
1893,50.900011,29.63822,0.1,0.12,3.0,3.0,14.0,16.0,74.0,74.0,131.0,134.0,59.0,59.0,153.0,2.7,7.38,1888,0.09946405345951813,env_mode,1.0.0,env_only,random_forest,0,,
1894,50.900011,29.6525,0.11,0.12,5.0,5.0,10.0,12.0,77.0,77.0,123.0,128.0,54.0,54.0,171.0,12.3,5.06,1889,0.10430552701086356,env_mode,1.0.0,env_only,random_forest,0,,
1895,50.900031,29.666786,0.1,0.11,5.0,5.0,13.0,14.0,64.0,64.0,137.0,138.0,62.0,62.0,152.0,12.1,5.91,1890,0.10097432086516331,env_mode,1.0.0,env_only,random_forest,0,,
1896,50.900031,29.681065,0.09,0.09,5.0,5.0,11.0,13.0,69.0,69.0,135.0,136.0,60.0,60.0,147.0,15.6,5.11,1891,0.10163696808108108,env_mode,1.0.0,env_only,random_forest,0,,
1897,50.900031,29.695343,0.09,0.1,5.0,5.0,14.0,16.0,74.0,75.0,130.0,133.0,60.0,60.0,125.0,2.5,7.5,1892,0.10268842801599419,env_mode,1.0.0,env_only,random_forest,0,,
1898,50.900031,29.709623,0.1,0.1,5.0,5.0,13.0,16.0,77.0,78.0,122.0,129.0,57.0,57.0,145.0,24.6,4.75,1893,0.10423569394180923,env_mode,1.0.0,env_only,random_forest,0,,
1899,50.900031,29.723902,0.09,0.1,7.0,5.0,14.0,16.0,76.0,76.0,121.0,128.0,55.0,55.0,150.0,13.5,5.57,1894,0.10572555901785174,env_mode,1.0.0,env_only,random_forest,0,,
1900,50.900011,29.738177,0.1,0.11,7.0,6.0,13.0,14.0,78.0,78.0,118.0,124.0,55.0,55.0,151.0,20.2,5.68,1895,0.1076606203348143,env_mode,1.0.0,env_only,random_forest,0,,
1901,50.900011,29.752457,0.09,0.1,9.0,8.0,10.0,12.0,74.0,74.0,117.0,124.0,55.0,55.0,170.0,7.2,5.61,1896,0.10247218892001854,env_mode,1.0.0,env_only,random_forest,0,,
1902,50.900031,29.766738,0.1,0.1,9.0,11.0,13.0,14.0,70.0,70.0,116.0,118.0,56.0,56.0,167.0,5.4,6.09,1897,0.10501847625791785,env_mode,1.0.0,env_only,random_forest,0,,
1903,50.900011,29.781016,0.11,0.12,10.0,11.0,12.0,13.0,68.0,68.0,120.0,121.0,57.0,57.0,163.0,7.2,5.59,1898,0.10707200264491623,env_mode,1.0.0,env_only,random_forest,0,,
1904,50.900011,29.795296,0.11,0.11,10.0,11.0,12.0,13.0,70.0,70.0,116.0,119.0,56.0,56.0,160.0,33.6,4.52,1899,0.10476624875773198,env_mode,1.0.0,env_only,random_forest,0,,
1905,50.900011,29.809575,0.1,0.12,9.0,12.0,12.0,13.0,70.0,71.0,115.0,118.0,56.0,56.0,163.0,34.5,4.62,1900,0.10360453277683958,env_mode,1.0.0,env_only,random_forest,0,,
1906,50.900031,29.823854,0.11,0.11,7.0,8.0,14.0,15.0,76.0,77.0,116.0,121.0,54.0,55.0,142.0,11.9,5.66,1901,0.11386257526644011,env_mode,1.0.0,env_only,random_forest,0,,
1907,50.900011,29.838134,0.09,0.1,3.0,4.0,16.0,18.0,72.0,72.0,127.0,128.0,59.0,59.0,116.0,5.8,7.15,1902,0.10283886282906862,env_mode,1.0.0,env_only,random_forest,0,,
1908,50.900031,29.852412,0.09,0.11,6.0,6.0,20.0,22.0,59.0,59.0,131.0,129.0,62.0,62.0,112.0,1.1,7.58,1903,0.09963374174019562,env_mode,1.0.0,env_only,random_forest,0,,
1909,50.900011,29.866694,0.09,0.1,8.0,8.0,22.0,23.0,50.0,50.0,131.0,131.0,69.0,69.0,112.0,2.5,6.59,1904,0.09748301154943438,env_mode,1.0.0,env_only,random_forest,0,,
1910,50.900011,29.880973,0.09,0.09,5.0,5.0,23.0,25.0,46.0,46.0,126.0,125.0,70.0,70.0,112.0,1.4,7.51,1905,0.09885417469522424,env_mode,1.0.0,env_only,random_forest,0,,
1911,50.900031,29.895249,0.09,0.1,6.0,7.0,19.0,21.0,53.0,53.0,126.0,125.0,66.0,66.0,111.0,13.4,5.17,1906,0.09981306360402288,env_mode,1.0.0,env_only,random_forest,0,,
1912,50.899832,29.910453,0.12,0.12,8.0,7.0,14.0,15.0,74.0,74.0,112.0,121.0,54.0,54.0,132.0,33.3,4.43,1907,0.11801223362230819,env_mode,1.0.0,env_only,random_forest,0,,
1913,50.900124,29.922947,0.12,0.13,8.0,7.0,14.0,15.0,76.0,77.0,118.0,125.0,53.0,53.0,138.0,30.0,4.53,1908,0.11500648736843538,env_mode,1.0.0,env_only,random_forest,0,,
1914,50.900031,29.938085,0.12,0.13,7.0,7.0,12.0,13.0,74.0,75.0,117.0,124.0,55.0,55.0,136.0,13.0,5.77,1909,0.11554406188460002,env_mode,1.0.0,env_only,random_forest,0,,
1915,50.900011,29.95107,0.11,0.12,8.0,6.0,13.0,14.0,80.0,80.0,116.0,123.0,53.0,53.0,142.0,18.7,5.53,1910,0.11475142282555145,env_mode,1.0.0,env_only,random_forest,0,,
1916,50.900031,29.966644,0.11,0.13,7.0,6.0,15.0,16.0,74.0,74.0,120.0,125.0,62.0,62.0,121.0,12.5,5.38,1911,0.10788312911117293,env_mode,1.0.0,env_only,random_forest,0,,
1917,50.900011,29.98093,0.12,0.14,5.0,5.0,14.0,16.0,75.0,75.0,121.0,126.0,58.0,58.0,142.0,35.3,3.99,1912,0.10856964629454126,env_mode,1.0.0,env_only,random_forest,0,,
1918,50.900031,29.995201,0.15,0.17,6.0,5.0,14.0,16.0,70.0,70.0,114.0,123.0,59.0,59.0,141.0,45.0,3.63,1913,0.1133295841926069,env_mode,1.0.0,env_only,random_forest,0,,
1919,50.900031,30.00948,0.13,0.14,11.0,8.0,14.0,16.0,69.0,69.0,120.0,125.0,56.0,56.0,133.0,28.9,4.33,1914,0.11983924137892062,env_mode,1.0.0,env_only,random_forest,0,,
1920,50.900031,30.023759,0.13,0.14,8.0,8.0,13.0,14.0,76.0,76.0,115.0,121.0,51.0,52.0,132.0,27.3,4.82,1915,0.12099127187447616,env_mode,1.0.0,env_only,random_forest,0,,
1921,50.900031,30.038037,0.12,0.14,7.0,7.0,12.0,13.0,79.0,79.0,114.0,124.0,53.0,53.0,145.0,28.2,4.28,1916,0.11321605646992745,env_mode,1.0.0,env_only,random_forest,0,,
1922,50.900031,30.052317,0.11,0.12,7.0,7.0,11.0,13.0,76.0,76.0,114.0,124.0,54.0,54.0,140.0,16.3,4.87,1917,0.11286479610527513,env_mode,1.0.0,env_only,random_forest,0,,
1923,50.900011,30.066608,0.11,0.13,6.0,6.0,13.0,14.0,79.0,80.0,119.0,127.0,52.0,52.0,131.0,11.4,5.67,1918,0.12199014143543624,env_mode,1.0.0,env_only,random_forest,0,,
1924,50.900031,30.080875,0.13,0.14,5.0,5.0,11.0,12.0,80.0,80.0,118.0,124.0,52.0,52.0,130.0,8.8,5.52,1919,0.12665095358562245,env_mode,1.0.0,env_only,random_forest,0,,
1925,50.90025,30.0938,0.12,0.14,5.0,5.0,10.0,11.0,67.0,68.0,128.0,133.0,58.0,58.0,136.0,36.9,4.09,1920,0.11282708331143311,env_mode,1.0.0,env_only,random_forest,0,,
1926,50.897033,29.61443,0.12,0.12,3.0,3.0,16.0,18.0,65.0,66.0,139.0,137.0,62.0,62.0,146.0,14.0,5.79,1921,0.10078484744964539,env_mode,1.0.0,env_only,random_forest,0,,
1927,50.897033,29.60967,0.12,0.13,4.0,4.0,17.0,19.0,64.0,65.0,141.0,140.0,61.0,61.0,142.0,12.2,6.16,1922,0.10216716286277708,env_mode,1.0.0,env_only,random_forest,0,,
1928,50.897033,29.502,0.11,0.12,3.0,3.0,18.0,19.0,70.0,70.0,138.0,136.0,60.0,60.0,171.0,3.4,6.59,1923,0.10175735095419722,env_mode,1.0.0,env_only,random_forest,0,,
1929,50.897033,29.495439,0.1,0.1,4.0,4.0,16.0,18.0,72.0,73.0,130.0,132.0,59.0,59.0,174.0,16.9,5.25,1924,0.10241495464194246,env_mode,1.0.0,env_only,random_forest,0,,
1930,50.900031,29.50039,0.09,0.09,4.0,4.0,18.0,19.0,62.0,62.0,135.0,134.0,62.0,62.0,174.0,9.2,5.3,1925,0.10258321298834752,env_mode,1.0.0,env_only,random_forest,0,,
1931,50.894624,29.500972,0.1,0.11,4.0,4.0,12.0,14.0,72.0,72.0,133.0,133.0,58.0,58.0,179.0,16.0,5.6,1926,0.10406153761135896,env_mode,1.0.0,env_only,random_forest,0,,
1932,50.894035,29.61443,0.11,0.12,4.0,4.0,14.0,16.0,65.0,65.0,136.0,136.0,62.0,63.0,144.0,30.5,4.75,1927,0.101608866750651,env_mode,1.0.0,env_only,random_forest,0,,
1933,50.8945,29.7048,0.09,0.09,5.0,4.0,14.0,16.0,70.0,70.0,134.0,135.0,60.0,61.0,125.0,17.4,5.06,1928,0.10503740480712238,env_mode,1.0.0,env_only,random_forest,0,,
1934,50.891017,30.095167,0.11,0.13,5.0,5.0,12.0,13.0,75.0,75.0,122.0,128.0,57.0,57.0,137.0,15.0,4.7,1929,0.10988577267122757,env_mode,1.0.0,env_only,random_forest,0,,
1935,50.891037,30.080875,0.12,0.13,8.0,8.0,13.0,14.0,78.0,78.0,118.0,123.0,51.0,51.0,141.0,16.7,4.65,1930,0.11567495607443279,env_mode,1.0.0,env_only,random_forest,0,,
1936,50.891017,30.066608,0.12,0.14,7.0,7.0,15.0,16.0,68.0,68.0,115.0,123.0,57.0,57.0,127.0,3.7,7.03,1931,0.11081998129755452,env_mode,1.0.0,env_only,random_forest,0,,
1937,50.891017,30.052328,0.12,0.12,7.0,7.0,12.0,14.0,82.0,82.0,116.0,125.0,54.0,55.0,141.0,8.1,5.96,1932,0.11439617733437975,env_mode,1.0.0,env_only,random_forest,0,,
1938,50.890745,30.037594,0.11,0.12,8.0,8.0,13.0,14.0,73.0,73.0,117.0,123.0,58.0,58.0,128.0,5.3,6.55,1933,0.10927068594875167,env_mode,1.0.0,env_only,random_forest,0,,
1939,50.891017,30.023769,0.12,0.13,8.0,7.0,13.0,14.0,80.0,81.0,114.0,123.0,52.0,52.0,138.0,9.5,5.54,1934,0.11893638405895963,env_mode,1.0.0,env_only,random_forest,0,,
1940,50.891037,30.00948,0.11,0.12,7.0,7.0,13.0,15.0,77.0,77.0,115.0,123.0,57.0,58.0,132.0,7.9,5.71,1935,0.10926505404329467,env_mode,1.0.0,env_only,random_forest,0,,
1941,50.891037,29.995201,0.09,0.1,6.0,5.0,13.0,15.0,75.0,75.0,119.0,124.0,57.0,57.0,130.0,14.1,4.81,1936,0.11047899667020433,env_mode,1.0.0,env_only,random_forest,0,,
1942,50.891017,29.98093,0.11,0.12,5.0,5.0,15.0,17.0,72.0,73.0,124.0,126.0,62.0,62.0,122.0,26.6,5.06,1937,0.10717846135320509,env_mode,1.0.0,env_only,random_forest,0,,
1943,50.891037,29.966644,0.1,0.11,8.0,7.0,13.0,15.0,71.0,71.0,117.0,123.0,58.0,58.0,127.0,29.8,4.32,1938,0.11308446454716732,env_mode,1.0.0,env_only,random_forest,0,,
1944,50.891037,29.952364,0.11,0.13,5.0,5.0,12.0,13.0,77.0,77.0,114.0,120.0,55.0,55.0,135.0,15.0,5.29,1939,0.11375441142486309,env_mode,1.0.0,env_only,random_forest,0,,
1945,50.891017,29.938092,0.11,0.12,7.0,7.0,12.0,13.0,71.0,71.0,118.0,124.0,56.0,56.0,146.0,41.8,4.55,1940,0.10570209072288286,env_mode,1.0.0,env_only,random_forest,0,,
1946,50.891017,29.923812,0.1,0.11,5.0,5.0,13.0,15.0,74.0,74.0,122.0,126.0,59.0,60.0,125.0,9.5,5.77,1941,0.10829799191772987,env_mode,1.0.0,env_only,random_forest,0,,
1947,50.890952,29.90845,0.11,0.11,9.0,9.0,13.0,15.0,64.0,65.0,118.0,122.0,61.0,61.0,125.0,19.9,5.02,1942,0.1089003914246051,env_mode,1.0.0,env_only,random_forest,0,,
1948,50.891118,29.894026,0.09,0.1,6.0,5.0,18.0,19.0,60.0,60.0,126.0,126.0,64.0,64.0,113.0,2.9,7.38,1943,0.10037864172423286,env_mode,1.0.0,env_only,random_forest,0,,
1949,50.891017,29.880973,0.1,0.1,7.0,7.0,22.0,24.0,53.0,52.0,127.0,126.0,68.0,68.0,113.0,3.6,7.03,1944,0.09681397739562099,env_mode,1.0.0,env_only,random_forest,0,,
1950,50.891554,29.864841,0.09,0.1,5.0,7.0,22.0,23.0,51.0,50.0,127.0,126.0,67.0,67.0,113.0,2.6,6.82,1945,0.09873796294976889,env_mode,1.0.0,env_only,random_forest,0,,
1951,50.891017,29.852414,0.1,0.1,5.0,7.0,18.0,19.0,55.0,54.0,130.0,131.0,64.0,64.0,113.0,4.7,6.49,1946,0.10310778469608181,env_mode,1.0.0,env_only,random_forest,0,,
1952,50.891037,29.838133,0.09,0.11,5.0,5.0,14.0,15.0,73.0,72.0,123.0,128.0,53.0,53.0,122.0,22.4,5.56,1947,0.11417982834043665,env_mode,1.0.0,env_only,random_forest,0,,
1953,50.891017,29.823855,0.1,0.1,11.0,12.0,11.0,12.0,70.0,71.0,113.0,118.0,54.0,54.0,142.0,12.0,5.53,1948,0.1103351784027382,env_mode,1.0.0,env_only,random_forest,0,,
1954,50.891037,29.809575,0.11,0.11,11.0,13.0,11.0,12.0,75.0,75.0,116.0,122.0,55.0,55.0,152.0,45.0,4.22,1949,0.10914825649965623,env_mode,1.0.0,env_only,random_forest,0,,
1955,50.891976,29.795499,0.1,0.11,14.0,13.0,12.0,13.0,71.0,71.0,118.0,121.0,57.0,57.0,171.0,45.0,4.28,1950,0.10530300885822623,env_mode,1.0.0,env_only,random_forest,0,,
1956,50.891037,29.781017,0.09,0.1,12.0,13.0,12.0,13.0,71.0,72.0,114.0,116.0,56.0,56.0,171.0,45.0,3.53,1951,0.10360758509014283,env_mode,1.0.0,env_only,random_forest,0,,
1957,50.891037,29.766738,0.09,0.09,10.0,11.0,12.0,14.0,74.0,74.0,123.0,124.0,55.0,55.0,161.0,15.8,4.73,1952,0.10447783437816145,env_mode,1.0.0,env_only,random_forest,0,,
1958,50.891017,29.752457,0.09,0.1,6.0,6.0,14.0,15.0,71.0,71.0,128.0,130.0,58.0,58.0,150.0,26.1,4.87,1953,0.10305567088273279,env_mode,1.0.0,env_only,random_forest,0,,
1959,50.891017,29.738177,0.1,0.11,7.0,6.0,14.0,16.0,80.0,81.0,117.0,124.0,55.0,55.0,157.0,24.7,4.45,1954,0.10978560162700664,env_mode,1.0.0,env_only,random_forest,0,,
1960,50.891037,29.723902,0.09,0.1,5.0,4.0,16.0,17.0,69.0,70.0,138.0,139.0,58.0,58.0,122.0,17.8,5.29,1955,0.10450827797221586,env_mode,1.0.0,env_only,random_forest,0,,
1961,50.89088,29.71416,0.1,0.12,4.0,4.0,17.0,19.0,65.0,65.0,136.0,136.0,59.0,59.0,135.0,23.9,4.77,1956,0.10271098466217542,env_mode,1.0.0,env_only,random_forest,0,,
1962,50.891037,29.709623,0.1,0.1,3.0,4.0,16.0,18.0,67.0,68.0,136.0,137.0,59.0,59.0,141.0,8.3,5.5,1957,0.10066025349485595,env_mode,1.0.0,env_only,random_forest,0,,
1963,50.891017,29.695338,0.11,0.12,5.0,5.0,12.0,14.0,78.0,78.0,117.0,123.0,53.0,53.0,154.0,24.0,4.68,1958,0.10781532096225704,env_mode,1.0.0,env_only,random_forest,0,,
1964,50.891017,29.681059,0.1,0.12,4.0,4.0,10.0,12.0,77.0,77.0,120.0,124.0,55.0,55.0,147.0,22.2,4.87,1959,0.10667658152820848,env_mode,1.0.0,env_only,random_forest,0,,
1965,50.891037,29.666786,0.1,0.11,5.0,5.0,12.0,14.0,75.0,75.0,129.0,131.0,59.0,59.0,147.0,20.3,5.47,1960,0.10160600471762819,env_mode,1.0.0,env_only,random_forest,0,,
1966,50.891037,29.652507,0.1,0.12,6.0,6.0,11.0,12.0,77.0,77.0,117.0,123.0,54.0,54.0,164.0,11.6,5.01,1961,0.10438994749127638,env_mode,1.0.0,env_only,random_forest,0,,
1967,50.891017,29.63822,0.11,0.11,4.0,4.0,10.0,11.0,75.0,76.0,126.0,127.0,54.0,54.0,156.0,13.4,4.93,1962,0.10440865241415774,env_mode,1.0.0,env_only,random_forest,0,,
1968,50.891017,29.62394,0.1,0.12,5.0,5.0,11.0,12.0,78.0,78.0,121.0,125.0,54.0,55.0,166.0,10.2,5.81,1963,0.10336408280552002,env_mode,1.0.0,env_only,random_forest,0,,
1969,50.89129,29.61509,0.1,0.11,4.0,4.0,14.0,16.0,70.0,70.0,134.0,134.0,62.0,62.0,144.0,14.3,5.35,1964,0.10007021738099765,env_mode,1.0.0,env_only,random_forest,0,,
1970,50.891155,29.60884,0.1,0.11,4.0,4.0,12.0,14.0,70.0,70.0,137.0,137.0,61.0,61.0,145.0,10.6,5.51,1965,0.0997233399774477,env_mode,1.0.0,env_only,random_forest,0,,
1971,50.890872,29.596255,0.09,0.09,4.0,4.0,13.0,15.0,66.0,66.0,127.0,132.0,63.0,63.0,146.0,26.7,4.89,1966,0.10148919397582827,env_mode,1.0.0,env_only,random_forest,0,,
1972,50.891037,29.581112,0.09,0.1,4.0,4.0,11.0,12.0,74.0,73.0,121.0,127.0,59.0,59.0,165.0,18.9,4.79,1967,0.10194510015767425,env_mode,1.0.0,env_only,random_forest,0,,
1973,50.890165,29.566247,0.1,0.11,5.0,4.0,13.0,14.0,72.0,72.0,127.0,128.0,57.0,57.0,162.0,15.1,5.3,1968,0.1034357204168983,env_mode,1.0.0,env_only,random_forest,0,,
1974,50.891017,29.552542,0.11,0.11,3.0,3.0,18.0,19.0,64.0,65.0,138.0,137.0,61.0,61.0,159.0,2.5,7.59,1969,0.10029126025781537,env_mode,1.0.0,env_only,random_forest,0,,
1975,50.890782,29.537548,0.09,0.1,3.0,4.0,15.0,16.0,64.0,63.0,138.0,136.0,61.0,61.0,166.0,9.5,6.15,1970,0.10038178670192759,env_mode,1.0.0,env_only,random_forest,0,,
1976,50.891017,29.523983,0.1,0.1,3.0,4.0,16.0,18.0,60.0,60.0,136.0,138.0,64.0,64.0,170.0,10.3,5.62,1971,0.10248993240631123,env_mode,1.0.0,env_only,random_forest,0,,
1977,50.891037,29.509718,0.1,0.1,4.0,4.0,13.0,14.0,72.0,72.0,134.0,134.0,60.0,60.0,171.0,4.1,6.48,1972,0.10056719985842966,env_mode,1.0.0,env_only,random_forest,0,,
1978,50.891037,29.495439,0.1,0.11,5.0,5.0,13.0,14.0,75.0,75.0,124.0,124.0,56.0,56.0,186.0,25.2,4.61,1973,0.10388344415754974,env_mode,1.0.0,env_only,random_forest,0,,
1979,50.88804,29.552555,0.1,0.1,3.0,3.0,16.0,17.0,69.0,69.0,137.0,136.0,61.0,61.0,159.0,5.6,5.92,1974,0.09873085770454942,env_mode,1.0.0,env_only,random_forest,0,,
1980,50.88804,29.557315,0.1,0.11,3.0,3.0,13.0,15.0,68.0,69.0,133.0,133.0,60.0,60.0,169.0,12.4,5.96,1975,0.10089515624552911,env_mode,1.0.0,env_only,random_forest,0,,
1981,50.88804,29.61443,0.09,0.1,4.0,4.0,14.0,16.0,72.0,73.0,135.0,136.0,62.0,62.0,152.0,8.6,5.42,1976,0.09898869384479281,env_mode,1.0.0,env_only,random_forest,0,,
1982,50.88804,29.719142,0.09,0.09,5.0,5.0,18.0,19.0,62.0,63.0,139.0,138.0,62.0,62.0,123.0,8.5,6.03,1977,0.10207310570396082,env_mode,1.0.0,env_only,random_forest,0,,
1983,50.88804,29.890489,0.1,0.1,5.0,5.0,20.0,21.0,62.0,62.0,131.0,131.0,62.0,62.0,120.0,22.7,4.6,1978,0.10145460313921122,env_mode,1.0.0,env_only,random_forest,0,,
1984,50.88826,29.98532,0.12,0.13,4.0,4.0,16.0,17.0,65.0,65.0,127.0,128.0,62.0,63.0,123.0,23.5,4.73,1979,0.10729403415830624,env_mode,1.0.0,env_only,random_forest,0,,
1985,50.885522,29.986943,0.1,0.1,4.0,4.0,15.0,17.0,66.0,66.0,128.0,128.0,64.0,64.0,121.0,13.2,5.38,1980,0.10443361108879028,env_mode,1.0.0,env_only,random_forest,0,,
1986,50.885042,29.980922,0.1,0.11,5.0,5.0,15.0,17.0,67.0,66.0,122.0,127.0,64.0,64.0,123.0,5.5,5.77,1981,0.10446882839143727,env_mode,1.0.0,env_only,random_forest,0,,
1987,50.885042,29.890489,0.09,0.09,5.0,5.0,19.0,20.0,65.0,65.0,130.0,129.0,61.0,61.0,122.0,4.8,6.64,1982,0.10038818623901162,env_mode,1.0.0,env_only,random_forest,0,,
1988,50.885042,29.885729,0.09,0.1,5.0,5.0,20.0,21.0,65.0,65.0,135.0,133.0,64.0,64.0,123.0,19.5,5.25,1983,0.10016638741026888,env_mode,1.0.0,env_only,random_forest,0,,
1989,50.88525,29.71897,0.1,0.11,5.0,5.0,17.0,19.0,63.0,63.0,138.0,137.0,62.0,62.0,125.0,8.3,5.6,1984,0.10182238038947053,env_mode,1.0.0,env_only,random_forest,0,,
1990,50.885042,29.61443,0.09,0.09,5.0,5.0,12.0,14.0,72.0,71.0,136.0,137.0,63.0,63.0,141.0,37.7,4.47,1985,0.10247454748592633,env_mode,1.0.0,env_only,random_forest,0,,
1991,50.885042,29.557315,0.09,0.11,4.0,4.0,12.0,13.0,70.0,70.0,134.0,134.0,61.0,61.0,157.0,17.3,5.38,1986,0.10054365994337142,env_mode,1.0.0,env_only,random_forest,0,,
1992,50.885042,29.552555,0.09,0.1,3.0,3.0,17.0,18.0,65.0,66.0,134.0,133.0,61.0,61.0,156.0,8.9,6.02,1987,0.09856072740607232,env_mode,1.0.0,env_only,random_forest,0,,
1993,50.88462,29.54293,0.1,0.1,4.0,4.0,16.0,18.0,69.0,69.0,134.0,134.0,61.0,61.0,160.0,8.6,5.38,1988,0.098933882639744,env_mode,1.0.0,env_only,random_forest,0,,
1994,50.882044,29.509718,0.1,0.12,4.0,5.0,12.0,14.0,79.0,79.0,129.0,130.0,57.0,57.0,183.0,35.2,4.26,1989,0.10475298503889122,env_mode,1.0.0,env_only,random_forest,0,,
1995,50.88231,29.5246,0.09,0.1,5.0,5.0,12.0,14.0,75.0,75.0,127.0,128.0,58.0,58.0,163.0,6.8,6.46,1990,0.10169048937489625,env_mode,1.0.0,env_only,random_forest,0,,
1996,50.88234,29.53874,0.1,0.11,4.0,4.0,16.0,18.0,76.0,76.0,136.0,135.0,59.0,59.0,157.0,16.0,4.77,1991,0.1006838096555413,env_mode,1.0.0,env_only,random_forest,0,,
1997,50.882044,29.543035,0.09,0.11,3.0,3.0,17.0,19.0,72.0,72.0,137.0,136.0,60.0,60.0,154.0,15.0,5.25,1992,0.09897688142460402,env_mode,1.0.0,env_only,random_forest,0,,
1998,50.882044,29.547795,0.1,0.1,3.0,4.0,15.0,17.0,73.0,73.0,138.0,136.0,59.0,59.0,154.0,15.1,4.98,1993,0.09998334961522476,env_mode,1.0.0,env_only,random_forest,0,,
1999,50.88215,29.55243,0.09,0.1,4.0,4.0,16.0,17.0,66.0,66.0,136.0,136.0,62.0,62.0,150.0,16.1,5.46,1994,0.0996666850796161,env_mode,1.0.0,env_only,random_forest,0,,
2000,50.88249,29.55745,0.09,0.1,3.0,4.0,15.0,16.0,67.0,67.0,132.0,133.0,62.0,62.0,149.0,12.0,5.01,1995,0.09918657731911572,env_mode,1.0.0,env_only,random_forest,0,,
2001,50.88246,29.56604,0.1,0.11,4.0,5.0,14.0,15.0,75.0,75.0,126.0,128.0,57.0,57.0,146.0,17.6,5.94,1996,0.1029429389686023,env_mode,1.0.0,env_only,random_forest,0,,
2002,50.882024,29.581102,0.09,0.1,7.0,7.0,11.0,12.0,77.0,77.0,124.0,125.0,55.0,56.0,143.0,38.0,5.02,1997,0.10492269311521044,env_mode,1.0.0,env_only,random_forest,0,,
2003,50.882024,29.595381,0.1,0.1,5.0,5.0,12.0,14.0,76.0,76.0,125.0,131.0,60.0,60.0,144.0,45.0,4.05,1998,0.10242305617220351,env_mode,1.0.0,env_only,random_forest,0,,
2004,50.882024,29.609562,0.09,0.1,5.0,5.0,11.0,12.0,74.0,74.0,122.0,129.0,56.0,56.0,146.0,15.1,5.57,1999,0.10335059997077792,env_mode,1.0.0,env_only,random_forest,0,,
2005,50.882044,29.62395,0.09,0.09,4.0,4.0,12.0,13.0,72.0,72.0,126.0,131.0,61.0,61.0,133.0,6.1,7.24,2000,0.10280137495207294,env_mode,1.0.0,env_only,random_forest,0,,
2006,50.882044,29.638228,0.09,0.09,6.0,5.0,12.0,14.0,77.0,78.0,118.0,124.0,58.0,58.0,132.0,6.8,6.43,2001,0.10603279129884671,env_mode,1.0.0,env_only,random_forest,0,,
2007,50.881535,29.653384,0.12,0.13,6.0,5.0,11.0,12.0,74.0,75.0,119.0,124.0,57.0,57.0,149.0,45.0,4.31,2002,0.10659894473365626,env_mode,1.0.0,env_only,random_forest,0,,
2008,50.882024,29.666779,0.11,0.12,6.0,5.0,13.0,14.0,76.0,75.0,129.0,130.0,57.0,57.0,137.0,35.9,4.37,2003,0.10899796801719698,env_mode,1.0.0,env_only,random_forest,0,,
2009,50.882044,29.681065,0.11,0.12,5.0,5.0,14.0,16.0,72.0,72.0,116.0,117.0,55.0,56.0,131.0,39.4,4.9,2004,0.11917340959000775,env_mode,1.0.0,env_only,random_forest,0,,
2010,50.88203,29.69548,0.09,0.11,5.0,5.0,13.0,15.0,76.0,76.0,130.0,130.0,54.0,54.0,131.0,44.6,4.31,2005,0.11661894809210667,env_mode,1.0.0,env_only,random_forest,0,,
2011,50.882044,29.709623,0.1,0.11,5.0,5.0,12.0,14.0,75.0,75.0,124.0,130.0,60.0,60.0,150.0,20.3,4.58,2006,0.10209986926970575,env_mode,1.0.0,env_only,random_forest,0,,
2012,50.882044,29.719142,0.1,0.11,5.0,5.0,18.0,19.0,66.0,66.0,132.0,134.0,60.0,60.0,126.0,6.0,6.4,2007,0.10160123084678772,env_mode,1.0.0,env_only,random_forest,0,,
2013,50.882024,29.723898,0.1,0.1,5.0,5.0,18.0,19.0,63.0,63.0,134.0,134.0,61.0,61.0,122.0,6.3,6.37,2008,0.10167235375986836,env_mode,1.0.0,env_only,random_forest,0,,
2014,50.88208,29.73746,0.09,0.11,5.0,4.0,16.0,18.0,74.0,74.0,126.0,131.0,57.0,57.0,146.0,29.8,4.76,2009,0.10224883754835158,env_mode,1.0.0,env_only,random_forest,0,,
2015,50.882024,29.752457,0.1,0.1,6.0,5.0,13.0,15.0,73.0,73.0,127.0,130.0,57.0,57.0,147.0,25.5,5.48,2010,0.10330234147412112,env_mode,1.0.0,env_only,random_forest,0,,
2016,50.882024,29.766736,0.1,0.11,6.0,5.0,15.0,16.0,71.0,72.0,124.0,127.0,55.0,55.0,153.0,18.4,5.28,2011,0.10575134251466053,env_mode,1.0.0,env_only,random_forest,0,,
2017,50.882024,29.781016,0.09,0.1,5.0,5.0,15.0,15.0,74.0,74.0,124.0,126.0,56.0,56.0,157.0,15.6,4.82,2012,0.10242126266702897,env_mode,1.0.0,env_only,random_forest,0,,
2018,50.882024,29.795296,0.1,0.1,10.0,10.0,12.0,14.0,69.0,69.0,121.0,129.0,55.0,55.0,149.0,39.3,3.82,2013,0.1100648182835124,env_mode,1.0.0,env_only,random_forest,0,,
2019,50.882024,29.809575,0.09,0.1,7.0,7.0,12.0,14.0,75.0,75.0,115.0,122.0,56.0,56.0,140.0,16.9,4.67,2014,0.10649227147698265,env_mode,1.0.0,env_only,random_forest,0,,
2020,50.882024,29.823794,0.1,0.11,8.0,8.0,12.0,13.0,74.0,75.0,115.0,123.0,54.0,54.0,140.0,26.2,4.53,2015,0.11047891980767971,env_mode,1.0.0,env_only,random_forest,0,,
2021,50.882024,29.838134,0.1,0.12,7.0,7.0,14.0,15.0,74.0,75.0,121.0,128.0,53.0,53.0,138.0,34.8,4.25,2016,0.11241844314611302,env_mode,1.0.0,env_only,random_forest,0,,
2022,50.882024,29.852414,0.1,0.1,5.0,6.0,18.0,20.0,57.0,57.0,126.0,128.0,63.0,63.0,113.0,3.7,6.8,2017,0.10110357987361866,env_mode,1.0.0,env_only,random_forest,0,,
2023,50.882024,29.866694,0.11,0.11,5.0,7.0,20.0,21.0,53.0,53.0,130.0,129.0,65.0,65.0,114.0,6.2,5.63,2018,0.10233464175979892,env_mode,1.0.0,env_only,random_forest,0,,
2024,50.882044,29.87621,0.1,0.11,5.0,5.0,19.0,19.0,59.0,59.0,132.0,131.0,64.0,64.0,114.0,12.9,6.06,2019,0.10245699857913611,env_mode,1.0.0,env_only,random_forest,0,,
2025,50.882024,29.880973,0.11,0.12,5.0,5.0,20.0,21.0,60.0,59.0,130.0,129.0,63.0,63.0,122.0,8.4,6.03,2020,0.10114062814651507,env_mode,1.0.0,env_only,random_forest,0,,
2026,50.882044,29.885729,0.11,0.11,3.0,4.0,20.0,21.0,65.0,65.0,121.0,123.0,64.0,64.0,128.0,13.2,5.26,2021,0.1027684293501134,env_mode,1.0.0,env_only,random_forest,0,,
2027,50.882024,29.895253,0.11,0.12,5.0,5.0,15.0,16.0,74.0,75.0,125.0,129.0,58.0,58.0,140.0,26.4,4.75,2022,0.10639134431744404,env_mode,1.0.0,env_only,random_forest,0,,
2028,50.882044,29.909528,0.12,0.12,5.0,5.0,13.0,14.0,79.0,79.0,118.0,125.0,55.0,55.0,154.0,33.9,4.51,2023,0.10762469509585527,env_mode,1.0.0,env_only,random_forest,0,,
2029,50.882024,29.923812,0.11,0.12,7.0,8.0,12.0,13.0,76.0,76.0,119.0,126.0,53.0,53.0,157.0,18.0,4.69,2024,0.1073952695688186,env_mode,1.0.0,env_only,random_forest,0,,
2030,50.882024,29.938092,0.12,0.12,7.0,7.0,12.0,13.0,72.0,73.0,115.0,124.0,53.0,53.0,148.0,17.2,5.6,2025,0.1108037830106194,env_mode,1.0.0,env_only,random_forest,0,,
2031,50.882024,29.952371,0.11,0.12,7.0,7.0,13.0,14.0,75.0,75.0,119.0,124.0,56.0,56.0,141.0,8.8,5.37,2026,0.10925572314906253,env_mode,1.0.0,env_only,random_forest,0,,
2032,50.882024,29.966651,0.12,0.13,7.0,6.0,13.0,15.0,76.0,75.0,119.0,126.0,56.0,56.0,139.0,16.9,5.7,2027,0.11050454119820766,env_mode,1.0.0,env_only,random_forest,0,,
2033,50.882044,29.980922,0.1,0.11,5.0,5.0,15.0,16.0,71.0,71.0,121.0,126.0,60.0,61.0,121.0,21.3,4.97,2028,0.10810201865746709,env_mode,1.0.0,env_only,random_forest,0,,
2034,50.882044,29.985681,0.1,0.1,4.0,4.0,15.0,16.0,71.0,71.0,130.0,131.0,61.0,61.0,121.0,7.3,6.64,2029,0.10379481266473126,env_mode,1.0.0,env_only,random_forest,0,,
2035,50.882044,29.995201,0.1,0.12,6.0,6.0,14.0,16.0,74.0,75.0,125.0,131.0,60.0,60.0,139.0,27.1,4.41,2030,0.10482509758496693,env_mode,1.0.0,env_only,random_forest,0,,
2036,50.882141,30.010113,0.11,0.13,5.0,6.0,12.0,14.0,73.0,74.0,123.0,129.0,57.0,57.0,128.0,9.8,6.72,2031,0.10970279404349081,env_mode,1.0.0,env_only,random_forest,0,,
2037,50.882024,30.023769,0.11,0.11,8.0,8.0,12.0,14.0,78.0,79.0,116.0,124.0,53.0,53.0,143.0,7.3,5.58,2032,0.1159093846374759,env_mode,1.0.0,env_only,random_forest,0,,
2038,50.88181,30.03821,0.15,0.15,5.0,5.0,12.0,14.0,76.0,76.0,119.0,126.0,56.0,57.0,132.0,17.1,5.76,2033,0.11387520770031168,env_mode,1.0.0,env_only,random_forest,0,,
2039,50.882024,30.052328,0.13,0.13,6.0,6.0,11.0,13.0,79.0,79.0,117.0,125.0,54.0,54.0,150.0,36.3,4.62,2034,0.11104920407146678,env_mode,1.0.0,env_only,random_forest,0,,
2040,50.88266,30.066604,0.12,0.14,5.0,5.0,13.0,14.0,73.0,74.0,118.0,125.0,57.0,57.0,132.0,5.1,6.21,2035,0.11020173912164975,env_mode,1.0.0,env_only,random_forest,0,,
2041,50.882024,30.080888,0.12,0.13,5.0,5.0,13.0,14.0,73.0,73.0,121.0,127.0,57.0,57.0,136.0,27.5,4.7,2036,0.11085929840294964,env_mode,1.0.0,env_only,random_forest,0,,
2042,50.882024,30.095167,0.12,0.12,5.0,5.0,13.0,15.0,65.0,66.0,127.0,129.0,61.0,61.0,123.0,42.4,4.12,2037,0.11039297380892849,env_mode,1.0.0,env_only,random_forest,0,,
2043,50.879047,29.88097,0.1,0.11,6.0,7.0,21.0,22.0,60.0,60.0,127.0,126.0,64.0,64.0,126.0,7.8,6.09,2038,0.10022893534664899,env_mode,1.0.0,env_only,random_forest,0,,
2044,50.879047,29.87621,0.09,0.1,5.0,5.0,20.0,21.0,56.0,56.0,130.0,129.0,64.0,64.0,126.0,20.0,5.18,2039,0.10158438950232833,env_mode,1.0.0,env_only,random_forest,0,,
2045,50.879047,29.87145,0.1,0.1,6.0,7.0,18.0,19.0,54.0,53.0,126.0,126.0,62.0,62.0,114.0,20.6,5.18,2040,0.10316100971601713,env_mode,1.0.0,env_only,random_forest,0,,
2046,50.879047,29.847653,0.1,0.11,5.0,5.0,17.0,19.0,64.0,64.0,129.0,129.0,63.0,63.0,115.0,4.8,6.5,2041,0.10163027989253547,env_mode,1.0.0,env_only,random_forest,0,,
2047,50.879047,29.557315,0.11,0.11,4.0,4.0,15.0,16.0,72.0,73.0,133.0,134.0,60.0,60.0,153.0,11.5,5.76,2042,0.10023190645270592,env_mode,1.0.0,env_only,random_forest,0,,
2048,50.879326,29.552542,0.11,0.11,4.0,4.0,15.0,17.0,73.0,73.0,136.0,137.0,60.0,60.0,154.0,17.5,4.78,2043,0.10072835522551513,env_mode,1.0.0,env_only,random_forest,0,,
2049,50.879047,29.547795,0.1,0.11,4.0,4.0,17.0,18.0,71.0,71.0,136.0,136.0,60.0,60.0,154.0,11.6,5.73,2044,0.09894169618270728,env_mode,1.0.0,env_only,random_forest,0,,
2050,50.87605,29.547795,0.09,0.1,4.0,4.0,15.0,17.0,71.0,71.0,138.0,138.0,59.0,59.0,158.0,13.4,5.5,2045,0.10010056351503409,env_mode,1.0.0,env_only,random_forest,0,,
2051,50.87605,29.552555,0.1,0.1,4.0,5.0,15.0,16.0,73.0,73.0,131.0,132.0,56.0,56.0,170.0,14.3,5.13,2046,0.10454377936776024,env_mode,1.0.0,env_only,random_forest,0,,
2052,50.87605,29.838133,0.09,0.1,5.0,5.0,16.0,18.0,63.0,63.0,126.0,126.0,63.0,63.0,124.0,37.5,4.21,2047,0.10403234261467159,env_mode,1.0.0,env_only,random_forest,0,,
2053,50.87605,29.842893,0.1,0.11,4.0,5.0,18.0,19.0,57.0,57.0,132.0,132.0,65.0,65.0,116.0,2.4,6.77,2048,0.10245409690441772,env_mode,1.0.0,env_only,random_forest,0,,
2054,50.87605,29.847653,0.09,0.1,4.0,5.0,18.0,20.0,56.0,56.0,133.0,132.0,63.0,63.0,116.0,5.6,6.26,2049,0.10394088643271518,env_mode,1.0.0,env_only,random_forest,0,,
2055,50.87605,29.87145,0.09,0.1,4.0,4.0,19.0,19.0,58.0,59.0,124.0,126.0,65.0,65.0,131.0,25.5,4.71,2050,0.10201282827560051,env_mode,1.0.0,env_only,random_forest,0,,
2056,50.873052,30.080875,0.1,0.11,5.0,5.0,13.0,15.0,59.0,59.0,131.0,130.0,64.0,64.0,120.0,5.3,6.17,2051,0.10479789706531874,env_mode,1.0.0,env_only,random_forest,0,,
2057,50.87229,30.06645,0.13,0.14,5.0,6.0,13.0,15.0,74.0,74.0,122.0,128.0,59.0,59.0,127.0,11.7,5.94,2052,0.11048083745732126,env_mode,1.0.0,env_only,random_forest,0,,
2058,50.873052,30.052317,0.12,0.13,8.0,7.0,12.0,13.0,75.0,75.0,120.0,126.0,53.0,53.0,149.0,28.7,4.35,2053,0.11159134573611884,env_mode,1.0.0,env_only,random_forest,0,,
2059,50.873031,30.038049,0.09,0.12,6.0,6.0,12.0,14.0,75.0,74.0,116.0,124.0,55.0,55.0,134.0,29.7,4.73,2054,0.11130374104744949,env_mode,1.0.0,env_only,random_forest,0,,
2060,50.87243,30.02388,0.13,0.14,8.0,6.0,11.0,13.0,80.0,80.0,117.0,123.0,52.0,52.0,151.0,30.8,4.58,2055,0.11287556547184412,env_mode,1.0.0,env_only,random_forest,0,,
2061,50.87289,30.00908,0.13,0.13,7.0,7.0,13.0,14.0,73.0,73.0,121.0,126.0,59.0,59.0,134.0,10.3,5.83,2056,0.11006847082356865,env_mode,1.0.0,env_only,random_forest,0,,
2062,50.873153,29.994101,0.12,0.13,6.0,6.0,13.0,15.0,74.0,74.0,119.0,126.0,57.0,57.0,144.0,12.5,5.35,2057,0.10541756615459552,env_mode,1.0.0,env_only,random_forest,0,,
2063,50.873052,29.980922,0.12,0.12,6.0,5.0,13.0,15.0,76.0,78.0,119.0,124.0,53.0,53.0,135.0,25.8,5.05,2058,0.11891015492036808,env_mode,1.0.0,env_only,random_forest,0,,
2064,50.873052,29.966644,0.11,0.12,7.0,6.0,14.0,15.0,70.0,70.0,116.0,123.0,60.0,60.0,149.0,21.0,4.92,2059,0.10519910224544496,env_mode,1.0.0,env_only,random_forest,0,,
2065,50.872767,29.953222,0.11,0.12,7.0,7.0,13.0,14.0,70.0,70.0,117.0,124.0,61.0,61.0,141.0,45.0,3.15,2060,0.10936806446995109,env_mode,1.0.0,env_only,random_forest,0,,
2066,50.873031,29.938092,0.11,0.11,6.0,6.0,10.0,11.0,65.0,66.0,112.0,118.0,59.0,59.0,138.0,3.3,7.31,2061,0.10371611727289126,env_mode,1.0.0,env_only,random_forest,0,,
2067,50.873031,29.923812,0.1,0.11,7.0,7.0,13.0,15.0,76.0,77.0,121.0,127.0,55.0,54.0,154.0,13.9,5.73,2062,0.10524945189927112,env_mode,1.0.0,env_only,random_forest,0,,
2068,50.873052,29.909528,0.1,0.12,5.0,5.0,13.0,14.0,77.0,76.0,123.0,128.0,55.0,55.0,163.0,18.9,4.89,2063,0.1042179616274711,env_mode,1.0.0,env_only,random_forest,0,,
2069,50.873031,29.895253,0.11,0.12,7.0,6.0,13.0,14.0,73.0,74.0,121.0,128.0,57.0,57.0,150.0,10.6,6.03,2064,0.10468083267287127,env_mode,1.0.0,env_only,random_forest,0,,
2070,50.873904,29.879837,0.11,0.12,3.0,3.0,17.0,18.0,59.0,59.0,118.0,122.0,65.0,65.0,136.0,10.8,5.62,2065,0.10357323082953987,env_mode,1.0.0,env_only,random_forest,0,,
2071,50.873052,29.87145,0.1,0.1,4.0,4.0,18.0,19.0,53.0,53.0,127.0,127.0,61.0,61.0,131.0,11.1,6.1,2066,0.10479708723024923,env_mode,1.0.0,env_only,random_forest,0,,
2072,50.873031,29.866694,0.1,0.11,4.0,4.0,18.0,19.0,56.0,56.0,130.0,133.0,61.0,61.0,130.0,45.0,4.19,2067,0.10308511927470176,env_mode,1.0.0,env_only,random_forest,0,,
2073,50.873052,29.852412,0.09,0.1,7.0,6.0,19.0,20.0,55.0,55.0,122.0,123.0,62.0,62.0,113.0,5.8,6.38,2068,0.099895726850367,env_mode,1.0.0,env_only,random_forest,0,,
2074,50.873052,29.842893,0.1,0.1,5.0,6.0,18.0,19.0,54.0,54.0,130.0,132.0,64.0,64.0,116.0,6.2,5.79,2069,0.10334969683536374,env_mode,1.0.0,env_only,random_forest,0,,
2075,50.873052,29.838133,0.09,0.1,5.0,5.0,18.0,19.0,56.0,56.0,125.0,125.0,64.0,64.0,118.0,10.0,5.51,2070,0.10101134873938568,env_mode,1.0.0,env_only,random_forest,0,,
2076,50.873052,29.823854,0.11,0.11,8.0,7.0,12.0,14.0,72.0,72.0,115.0,123.0,54.0,54.0,123.0,26.3,4.58,2071,0.11847049716217466,env_mode,1.0.0,env_only,random_forest,0,,
2077,50.873052,29.809575,0.1,0.1,7.0,7.0,12.0,13.0,74.0,74.0,113.0,121.0,55.0,55.0,136.0,12.8,5.3,2072,0.1134510308828927,env_mode,1.0.0,env_only,random_forest,0,,
2078,50.873052,29.795297,0.1,0.12,8.0,7.0,11.0,13.0,78.0,78.0,114.0,123.0,54.0,54.0,139.0,36.7,4.43,2073,0.11146950862420921,env_mode,1.0.0,env_only,random_forest,0,,
2079,50.873052,29.781017,0.1,0.11,5.0,5.0,11.0,12.0,82.0,82.0,117.0,124.0,55.0,55.0,136.0,31.1,4.99,2074,0.11155641764492795,env_mode,1.0.0,env_only,random_forest,0,,
2080,50.873052,29.766738,0.1,0.12,5.0,5.0,11.0,13.0,79.0,79.0,121.0,128.0,55.0,55.0,125.0,6.5,6.18,2075,0.11294150884097036,env_mode,1.0.0,env_only,random_forest,0,,
2081,50.873052,29.752459,0.11,0.12,7.0,7.0,13.0,15.0,72.0,72.0,114.0,121.0,57.0,57.0,134.0,7.1,6.4,2076,0.10750963885491835,env_mode,1.0.0,env_only,random_forest,0,,
2082,50.873251,29.739478,0.11,0.11,5.0,5.0,19.0,21.0,62.0,62.0,132.0,132.0,62.0,62.0,119.0,2.0,8.24,2077,0.10129305808830227,env_mode,1.0.0,env_only,random_forest,0,,
2083,50.873052,29.723902,0.11,0.12,5.0,5.0,14.0,16.0,71.0,72.0,121.0,126.0,57.0,57.0,137.0,45.0,3.85,2078,0.11382911818506793,env_mode,1.0.0,env_only,random_forest,0,,
2084,50.873052,29.709623,0.12,0.12,7.0,7.0,14.0,16.0,75.0,76.0,117.0,125.0,53.0,53.0,143.0,44.1,4.31,2079,0.11711746909598231,env_mode,1.0.0,env_only,random_forest,0,,
2085,50.873052,29.695343,0.11,0.12,7.0,6.0,12.0,13.0,71.0,71.0,118.0,125.0,55.0,55.0,147.0,15.7,4.98,2080,0.10781667772000181,env_mode,1.0.0,env_only,random_forest,0,,
2086,50.873031,29.681059,0.12,0.12,6.0,6.0,11.0,12.0,75.0,76.0,109.0,119.0,56.0,56.0,167.0,13.2,5.43,2081,0.10496967256954617,env_mode,1.0.0,env_only,random_forest,0,,
2087,50.873052,29.666786,0.12,0.12,8.0,8.0,14.0,15.0,70.0,69.0,120.0,121.0,57.0,58.0,166.0,20.6,5.07,2082,0.10724869762565474,env_mode,1.0.0,env_only,random_forest,0,,
2088,50.873052,29.652507,0.12,0.12,8.0,7.0,10.0,11.0,75.0,76.0,114.0,121.0,55.0,55.0,162.0,28.5,4.08,2083,0.1064240906420621,env_mode,1.0.0,env_only,random_forest,0,,
2089,50.873739,29.638902,0.11,0.13,7.0,6.0,12.0,14.0,75.0,76.0,116.0,123.0,54.0,54.0,173.0,40.3,4.09,2084,0.10500514641205608,env_mode,1.0.0,env_only,random_forest,0,,
2090,50.874156,29.623218,0.11,0.11,6.0,5.0,11.0,13.0,77.0,77.0,116.0,125.0,54.0,54.0,161.0,45.0,4.1,2085,0.10594427196420873,env_mode,1.0.0,env_only,random_forest,0,,
2091,50.873171,29.610899,0.11,0.12,7.0,7.0,11.0,12.0,78.0,78.0,120.0,127.0,54.0,54.0,171.0,14.2,5.29,2086,0.10547494692354943,env_mode,1.0.0,env_only,random_forest,0,,
2092,50.873052,29.595391,0.11,0.11,6.0,5.0,13.0,14.0,78.0,79.0,125.0,131.0,55.0,56.0,175.0,12.4,5.19,2087,0.10601789517095445,env_mode,1.0.0,env_only,random_forest,0,,
2093,50.873052,29.581112,0.11,0.12,5.0,5.0,12.0,13.0,81.0,81.0,123.0,129.0,55.0,55.0,173.0,45.0,4.26,2088,0.1061239622470071,env_mode,1.0.0,env_only,random_forest,0,,
2094,50.873052,29.566834,0.12,0.12,5.0,5.0,13.0,14.0,77.0,77.0,117.0,123.0,56.0,56.0,173.0,15.5,5.47,2089,0.10585668942522179,env_mode,1.0.0,env_only,random_forest,0,,
2095,50.873031,29.552542,0.11,0.12,4.0,5.0,12.0,13.0,79.0,79.0,128.0,127.0,57.0,57.0,173.0,29.8,4.86,2090,0.10431901749289732,env_mode,1.0.0,env_only,random_forest,0,,
2096,50.87312,29.54792,0.12,0.13,4.0,4.0,15.0,17.0,77.0,78.0,133.0,134.0,59.0,59.0,173.0,31.5,4.19,2091,0.10483736651088084,env_mode,1.0.0,env_only,random_forest,0,,
2097,50.873052,29.543035,0.11,0.11,4.0,4.0,15.0,17.0,75.0,75.0,132.0,134.0,58.0,58.0,165.0,22.3,4.56,2092,0.10409744811788857,env_mode,1.0.0,env_only,random_forest,0,,
2098,50.873052,29.538276,0.12,0.12,4.0,4.0,12.0,13.0,77.0,77.0,125.0,130.0,56.0,56.0,170.0,30.8,4.66,2093,0.10529685597148374,env_mode,1.0.0,env_only,random_forest,0,,
2099,50.873052,29.523996,0.1,0.12,8.0,7.0,13.0,14.0,74.0,74.0,126.0,127.0,56.0,56.0,188.0,29.9,4.13,2094,0.10407769628959786,env_mode,1.0.0,env_only,random_forest,0,,
2100,50.870054,29.828614,0.12,0.13,8.0,8.0,16.0,17.0,64.0,64.0,115.0,121.0,54.0,54.0,117.0,28.2,4.79,2095,0.12801560199705045,env_mode,1.0.0,env_only,random_forest,0,,
2101,50.870054,29.833373,0.09,0.09,4.0,5.0,17.0,19.0,57.0,57.0,118.0,120.0,64.0,64.0,113.0,10.6,5.96,2096,0.10104005340935024,env_mode,1.0.0,env_only,random_forest,0,,
2102,50.870054,29.86669,0.1,0.09,3.0,4.0,17.0,18.0,47.0,47.0,122.0,126.0,61.0,61.0,134.0,12.4,5.8,2097,0.10399406598942483,env_mode,1.0.0,env_only,random_forest,0,,
2103,50.870054,29.87145,0.1,0.11,3.0,4.0,15.0,16.0,53.0,53.0,124.0,126.0,60.0,60.0,147.0,20.4,5.25,2098,0.10507640258390676,env_mode,1.0.0,env_only,random_forest,0,,
2104,50.87019,29.99148,0.1,0.11,5.0,5.0,15.0,16.0,74.0,74.0,128.0,129.0,58.0,58.0,127.0,27.1,4.77,2099,0.10961467506545644,env_mode,1.0.0,env_only,random_forest,0,,
2105,50.8702,29.9943,0.09,0.1,5.0,5.0,14.0,16.0,76.0,77.0,124.0,129.0,59.0,59.0,127.0,17.6,4.8,2100,0.10726496604685079,env_mode,1.0.0,env_only,random_forest,0,,
2106,50.86714,29.99494,0.1,0.11,6.0,5.0,15.0,17.0,75.0,74.0,130.0,129.0,61.0,61.0,128.0,3.5,7.13,2101,0.10259064417282236,env_mode,1.0.0,env_only,random_forest,0,,
2107,50.867057,29.861932,0.09,0.1,4.0,4.0,18.0,19.0,50.0,50.0,123.0,128.0,60.0,60.0,134.0,45.0,4.34,2102,0.10432160949601982,env_mode,1.0.0,env_only,random_forest,0,,
2108,50.867057,29.857172,0.09,0.09,5.0,5.0,19.0,20.0,59.0,59.0,126.0,128.0,61.0,61.0,115.0,21.0,5.37,2103,0.10145034941919927,env_mode,1.0.0,env_only,random_forest,0,,
2109,50.867057,29.738181,0.1,0.11,5.0,5.0,19.0,20.0,58.0,58.0,132.0,130.0,65.0,65.0,119.0,3.6,6.92,2104,0.101118496498709,env_mode,1.0.0,env_only,random_forest,0,,
2110,50.86708,29.73368,0.09,0.13,5.0,4.0,20.0,22.0,62.0,63.0,135.0,134.0,65.0,65.0,122.0,22.2,4.58,2105,0.10017696170639562,env_mode,1.0.0,env_only,random_forest,0,,
2111,50.864038,29.523983,0.09,0.1,6.0,6.0,14.0,16.0,66.0,66.0,128.0,130.0,61.0,61.0,168.0,4.9,6.23,2106,0.10083026008294785,env_mode,1.0.0,env_only,random_forest,0,,
2112,50.86406,29.538276,0.1,0.11,6.0,7.0,15.0,16.0,63.0,63.0,124.0,126.0,63.0,62.0,172.0,1.7,7.66,2107,0.10057068656736881,env_mode,1.0.0,env_only,random_forest,0,,
2113,50.864232,29.552036,0.1,0.1,4.0,4.0,12.0,13.0,68.0,69.0,127.0,128.0,58.0,58.0,169.0,29.3,4.68,2108,0.10368656240974532,env_mode,1.0.0,env_only,random_forest,0,,
2114,50.864038,29.566822,0.1,0.12,7.0,6.0,15.0,17.0,67.0,66.0,120.0,125.0,59.0,59.0,176.0,26.4,4.51,2109,0.10415474820740961,env_mode,1.0.0,env_only,random_forest,0,,
2115,50.864038,29.581102,0.11,0.13,8.0,8.0,11.0,12.0,78.0,78.0,121.0,126.0,54.0,54.0,174.0,44.6,4.18,2110,0.10615941654872496,env_mode,1.0.0,env_only,random_forest,0,,
2116,50.864038,29.595381,0.11,0.12,7.0,6.0,13.0,14.0,76.0,77.0,125.0,127.0,56.0,56.0,161.0,14.8,5.48,2111,0.10418436417375829,env_mode,1.0.0,env_only,random_forest,0,,
2117,50.86406,29.60967,0.11,0.11,8.0,7.0,14.0,15.0,72.0,71.0,126.0,129.0,57.0,58.0,171.0,18.0,5.27,2112,0.10580806904991145,env_mode,1.0.0,env_only,random_forest,0,,
2118,50.863919,29.621801,0.11,0.11,5.0,5.0,14.0,15.0,73.0,73.0,127.0,129.0,56.0,57.0,157.0,10.4,5.94,2113,0.10461587192257621,env_mode,1.0.0,env_only,random_forest,0,,
2119,50.864038,29.63822,0.1,0.12,8.0,7.0,11.0,12.0,72.0,72.0,117.0,119.0,56.0,56.0,165.0,30.3,4.87,2114,0.10343431238121033,env_mode,1.0.0,env_only,random_forest,0,,
2120,50.864038,29.6525,0.11,0.11,8.0,7.0,12.0,14.0,74.0,74.0,116.0,123.0,55.0,56.0,170.0,28.3,4.54,2115,0.10376838129707136,env_mode,1.0.0,env_only,random_forest,0,,
2121,50.86406,29.666786,0.11,0.12,8.0,7.0,13.0,14.0,70.0,70.0,121.0,124.0,57.0,57.0,155.0,18.3,5.71,2116,0.10682641805360563,env_mode,1.0.0,env_only,random_forest,0,,
2122,50.86406,29.681065,0.1,0.11,7.0,8.0,10.0,11.0,75.0,75.0,120.0,127.0,56.0,56.0,165.0,22.0,4.42,2117,0.10343201811674373,env_mode,1.0.0,env_only,random_forest,0,,
2123,50.864038,29.695338,0.11,0.11,7.0,6.0,11.0,12.0,76.0,77.0,116.0,123.0,55.0,55.0,165.0,17.1,5.17,2118,0.10548098298197635,env_mode,1.0.0,env_only,random_forest,0,,
2124,50.86406,29.709623,0.11,0.12,5.0,5.0,13.0,15.0,77.0,77.0,120.0,122.0,55.0,55.0,152.0,7.9,6.19,2119,0.1074181297736612,env_mode,1.0.0,env_only,random_forest,0,,
2125,50.864038,29.723898,0.1,0.11,4.0,4.0,17.0,19.0,63.0,62.0,132.0,131.0,63.0,63.0,127.0,45.0,3.87,2120,0.10397709884480966,env_mode,1.0.0,env_only,random_forest,0,,
2126,50.86406,29.733421,0.09,0.1,5.0,5.0,19.0,20.0,59.0,59.0,135.0,133.0,65.0,65.0,120.0,6.2,6.4,2121,0.10151190842101095,env_mode,1.0.0,env_only,random_forest,0,,
2127,50.86394,29.73887,0.09,0.09,5.0,5.0,20.0,21.0,57.0,57.0,132.0,132.0,65.0,65.0,118.0,4.5,6.62,2122,0.10072125145668687,env_mode,1.0.0,env_only,random_forest,0,,
2128,50.864627,29.75323,0.11,0.12,6.0,7.0,16.0,18.0,71.0,71.0,116.0,124.0,63.0,63.0,120.0,5.7,6.89,2123,0.1043482678234055,env_mode,1.0.0,env_only,random_forest,0,,
2129,50.864627,29.767509,0.12,0.12,5.0,5.0,13.0,14.0,78.0,78.0,116.0,123.0,52.0,52.0,131.0,24.5,4.35,2124,0.12360543265964728,env_mode,1.0.0,env_only,random_forest,0,,
2130,50.864627,29.781789,0.11,0.11,5.0,5.0,12.0,14.0,79.0,79.0,116.0,123.0,58.0,58.0,143.0,36.0,4.42,2125,0.10515999638185905,env_mode,1.0.0,env_only,random_forest,0,,
2131,50.86406,29.795297,0.11,0.12,7.0,6.0,13.0,15.0,79.0,79.0,114.0,121.0,55.0,55.0,133.0,44.6,3.78,2126,0.11835238036236764,env_mode,1.0.0,env_only,random_forest,0,,
2132,50.864038,29.809575,0.1,0.12,7.0,7.0,14.0,15.0,68.0,68.0,116.0,122.0,58.0,58.0,120.0,42.9,4.05,2127,0.1188909513221848,env_mode,1.0.0,env_only,random_forest,0,,
2133,50.86406,29.823854,0.1,0.12,6.0,5.0,18.0,19.0,53.0,53.0,130.0,131.0,61.0,61.0,113.0,3.9,6.68,2128,0.102932343955862,env_mode,1.0.0,env_only,random_forest,0,,
2134,50.863952,29.839605,0.11,0.11,7.0,7.0,18.0,20.0,47.0,47.0,127.0,127.0,64.0,64.0,113.0,2.2,7.59,2129,0.10374097103785405,env_mode,1.0.0,env_only,random_forest,0,,
2135,50.86406,29.852412,0.09,0.1,4.0,4.0,17.0,18.0,61.0,62.0,128.0,129.0,63.0,63.0,117.0,19.4,4.7,2130,0.10280439915624781,env_mode,1.0.0,env_only,random_forest,0,,
2136,50.864274,29.865875,0.12,0.13,5.0,5.0,12.0,14.0,54.0,54.0,124.0,129.0,54.0,55.0,157.0,9.3,5.29,2131,0.10946579292014641,env_mode,1.0.0,env_only,random_forest,0,,
2137,50.864038,29.880973,0.11,0.12,7.0,7.0,12.0,13.0,69.0,69.0,116.0,122.0,57.0,57.0,156.0,16.3,5.23,2132,0.10681488160541273,env_mode,1.0.0,env_only,random_forest,0,,
2138,50.86406,29.895249,0.12,0.13,6.0,5.0,14.0,15.0,65.0,65.0,121.0,127.0,62.0,62.0,153.0,19.0,4.98,2133,0.10425260268931606,env_mode,1.0.0,env_only,random_forest,0,,
2139,50.86406,29.909528,0.11,0.11,5.0,5.0,12.0,14.0,73.0,73.0,120.0,124.0,59.0,59.0,143.0,40.1,4.2,2134,0.10502240492501004,env_mode,1.0.0,env_only,random_forest,0,,
2140,50.864038,29.923812,0.11,0.11,7.0,7.0,14.0,14.0,65.0,65.0,117.0,122.0,59.0,60.0,143.0,3.4,6.89,2135,0.10390728180047161,env_mode,1.0.0,env_only,random_forest,0,,
2141,50.864038,29.938092,0.11,0.12,7.0,6.0,13.0,15.0,60.0,60.0,119.0,126.0,59.0,59.0,140.0,5.5,5.73,2136,0.10652859866204129,env_mode,1.0.0,env_only,random_forest,0,,
2142,50.86341,29.95253,0.11,0.11,7.0,7.0,13.0,14.0,64.0,65.0,117.0,122.0,61.0,62.0,134.0,37.2,4.6,2137,0.1076185235583189,env_mode,1.0.0,env_only,random_forest,0,,
2143,50.864038,29.966651,0.1,0.11,9.0,8.0,12.0,14.0,64.0,63.0,112.0,120.0,60.0,61.0,149.0,27.7,4.8,2138,0.10265294018326013,env_mode,1.0.0,env_only,random_forest,0,,
2144,50.864038,29.98093,0.11,0.12,12.0,11.0,13.0,15.0,64.0,64.0,118.0,124.0,60.0,61.0,129.0,17.6,5.56,2139,0.10781662106801743,env_mode,1.0.0,env_only,random_forest,0,,
2145,50.86422,29.995201,0.11,0.14,5.0,5.0,14.0,16.0,73.0,74.0,131.0,131.0,61.0,61.0,127.0,26.5,5.33,2140,0.10660006950723828,env_mode,1.0.0,env_only,random_forest,0,,
2146,50.864038,30.00949,0.11,0.12,7.0,7.0,12.0,14.0,81.0,81.0,116.0,125.0,52.0,52.0,133.0,5.9,6.97,2141,0.12016080502897272,env_mode,1.0.0,env_only,random_forest,0,,
2147,50.864038,30.023769,0.12,0.13,6.0,7.0,12.0,14.0,79.0,80.0,101.0,115.0,51.0,51.0,152.0,4.6,6.21,2142,0.11093323616674329,env_mode,1.0.0,env_only,random_forest,0,,
2148,50.864038,30.038049,0.09,0.1,7.0,6.0,13.0,15.0,75.0,75.0,120.0,127.0,52.0,52.0,145.0,19.9,5.08,2143,0.10818840252355874,env_mode,1.0.0,env_only,random_forest,0,,
2149,50.86406,30.052317,0.09,0.11,4.0,4.0,15.0,16.0,68.0,68.0,132.0,133.0,61.0,61.0,125.0,6.1,6.56,2144,0.10369282411066033,env_mode,1.0.0,env_only,random_forest,0,,
2150,50.86406,30.057076,0.11,0.11,5.0,5.0,18.0,19.0,65.0,65.0,136.0,135.0,64.0,64.0,124.0,1.3,7.89,2145,0.10100317742750405,env_mode,1.0.0,env_only,random_forest,0,,
2151,50.864038,30.066608,0.1,0.1,3.0,3.0,16.0,17.0,61.0,60.0,135.0,133.0,65.0,65.0,121.0,5.9,6.45,2146,0.10437205593215682,env_mode,1.0.0,env_only,random_forest,0,,
2152,50.861062,30.066596,0.1,0.1,5.0,5.0,16.0,17.0,53.0,54.0,133.0,132.0,67.0,67.0,121.0,3.7,7.0,2147,0.10395472548731755,env_mode,1.0.0,env_only,random_forest,0,,
2153,50.86163,30.05635,0.1,0.1,4.0,4.0,17.0,19.0,59.0,58.0,133.0,131.0,65.0,65.0,126.0,5.2,6.17,2148,0.1036090193935679,env_mode,1.0.0,env_only,random_forest,0,,
2154,50.861062,29.995201,0.11,0.12,4.0,4.0,13.0,16.0,72.0,72.0,125.0,130.0,61.0,61.0,140.0,9.9,6.21,2149,0.1022420126842504,env_mode,1.0.0,env_only,random_forest,0,,
2155,50.861062,29.990441,0.1,0.12,5.0,5.0,13.0,15.0,68.0,67.0,129.0,130.0,64.0,64.0,128.0,22.9,4.84,2150,0.10740094199143678,env_mode,1.0.0,env_only,random_forest,0,,
2156,50.861062,29.847653,0.09,0.1,6.0,7.0,17.0,18.0,58.0,57.0,125.0,128.0,61.0,61.0,121.0,42.0,4.65,2151,0.1024209552199956,env_mode,1.0.0,env_only,random_forest,0,,
2157,50.861062,29.738181,0.1,0.1,4.0,4.0,20.0,22.0,59.0,58.0,133.0,133.0,67.0,67.0,121.0,9.0,5.88,2152,0.09874526529997132,env_mode,1.0.0,env_only,random_forest,0,,
2158,50.861062,29.733421,0.09,0.1,6.0,5.0,19.0,20.0,56.0,56.0,133.0,133.0,67.0,67.0,124.0,17.2,5.04,2153,0.09965339547180413,env_mode,1.0.0,env_only,random_forest,0,,
2159,50.861062,29.562074,0.09,0.09,4.0,4.0,16.0,18.0,66.0,66.0,137.0,136.0,59.0,59.0,161.0,4.5,6.45,2154,0.09913028373487935,env_mode,1.0.0,env_only,random_forest,0,,
2160,50.86114,29.55719,0.1,0.11,4.0,4.0,16.0,17.0,63.0,63.0,133.0,132.0,64.0,64.0,163.0,17.0,5.01,2155,0.10083828590476161,env_mode,1.0.0,env_only,random_forest,0,,
2161,50.85912,29.562,0.09,0.09,3.0,4.0,16.0,17.0,61.0,62.0,137.0,136.0,61.0,61.0,158.0,18.9,5.13,2156,0.100812900745919,env_mode,1.0.0,env_only,random_forest,0,,
2162,50.858064,29.714382,0.09,0.1,4.0,4.0,18.0,19.0,65.0,64.0,134.0,134.0,62.0,62.0,130.0,17.3,5.49,2157,0.10136920252891034,env_mode,1.0.0,env_only,random_forest,0,,
2163,50.858064,29.719142,0.1,0.1,4.0,4.0,17.0,19.0,60.0,61.0,134.0,134.0,64.0,64.0,123.0,13.7,5.54,2158,0.10216338238202534,env_mode,1.0.0,env_only,random_forest,0,,
2164,50.858064,29.723902,0.1,0.1,4.0,4.0,18.0,19.0,61.0,61.0,136.0,135.0,65.0,65.0,122.0,10.8,5.49,2159,0.10155653299133705,env_mode,1.0.0,env_only,random_forest,0,,
2165,50.858064,29.728661,0.09,0.09,5.0,5.0,19.0,21.0,57.0,57.0,130.0,131.0,66.0,66.0,123.0,9.1,5.8,2160,0.09812183784902392,env_mode,1.0.0,env_only,random_forest,0,,
2166,50.858064,29.733421,0.09,0.1,5.0,5.0,19.0,20.0,55.0,55.0,133.0,133.0,66.0,66.0,121.0,25.5,4.57,2161,0.10051785292846088,env_mode,1.0.0,env_only,random_forest,0,,
2167,50.858064,29.738181,0.09,0.09,4.0,4.0,21.0,22.0,54.0,55.0,134.0,133.0,68.0,68.0,121.0,4.7,6.02,2162,0.099024026972293,env_mode,1.0.0,env_only,random_forest,0,,
2168,50.858064,29.742941,0.09,0.09,7.0,6.0,19.0,20.0,53.0,52.0,129.0,128.0,66.0,66.0,117.0,8.1,6.14,2163,0.09876140401765561,env_mode,1.0.0,env_only,random_forest,0,,
2169,50.858064,29.985681,0.1,0.11,5.0,5.0,15.0,16.0,66.0,67.0,130.0,129.0,64.0,64.0,137.0,21.4,5.4,2164,0.10316158053235544,env_mode,1.0.0,env_only,random_forest,0,,
2170,50.85849,29.99062,0.1,0.12,4.0,4.0,17.0,19.0,65.0,65.0,133.0,131.0,65.0,65.0,128.0,6.8,5.93,2165,0.10214220376193678,env_mode,1.0.0,env_only,random_forest,0,,
2171,50.85755,29.99604,0.1,0.12,6.0,5.0,15.0,17.0,64.0,64.0,122.0,128.0,63.0,63.0,132.0,17.9,5.54,2166,0.10386293465552116,env_mode,1.0.0,env_only,random_forest,0,,
2172,50.8582,30.05197,0.12,0.13,4.0,4.0,15.0,17.0,64.0,65.0,131.0,132.0,61.0,61.0,143.0,21.0,4.77,2167,0.10252351468792241,env_mode,1.0.0,env_only,random_forest,0,,
2173,50.858064,30.057076,0.11,0.11,4.0,4.0,17.0,18.0,58.0,58.0,132.0,131.0,62.0,62.0,127.0,9.8,5.68,2168,0.10423740980320617,env_mode,1.0.0,env_only,random_forest,0,,
2174,50.858064,30.061836,0.1,0.11,5.0,5.0,17.0,18.0,53.0,53.0,131.0,129.0,65.0,65.0,125.0,8.1,5.84,2169,0.10419854025399553,env_mode,1.0.0,env_only,random_forest,0,,
2175,50.855067,30.071355,0.14,0.15,5.0,5.0,16.0,16.0,48.0,49.0,135.0,135.0,69.0,69.0,123.0,3.8,6.44,2170,0.10746484073757843,env_mode,1.0.0,env_only,random_forest,0,,
2176,50.855044,30.066608,0.12,0.12,5.0,5.0,17.0,17.0,51.0,51.0,131.0,131.0,68.0,68.0,125.0,6.2,6.68,2171,0.10395132371425961,env_mode,1.0.0,env_only,random_forest,0,,
2177,50.854765,30.060759,0.1,0.11,7.0,7.0,16.0,17.0,52.0,52.0,130.0,128.0,68.0,68.0,135.0,33.8,4.32,2172,0.10398957120087707,env_mode,1.0.0,env_only,random_forest,0,,
2178,50.855044,30.052328,0.1,0.12,5.0,5.0,14.0,15.0,60.0,61.0,127.0,127.0,61.0,61.0,134.0,13.6,5.49,2173,0.10392303852683545,env_mode,1.0.0,env_only,random_forest,0,,
2179,50.85485,30.03866,0.11,0.13,6.0,5.0,15.0,17.0,65.0,65.0,122.0,127.0,61.0,61.0,135.0,11.9,5.72,2174,0.10349473288148936,env_mode,1.0.0,env_only,random_forest,0,,
2180,50.855044,30.023769,0.12,0.12,5.0,5.0,13.0,14.0,71.0,71.0,120.0,124.0,58.0,58.0,155.0,22.8,4.91,2175,0.10602676366171065,env_mode,1.0.0,env_only,random_forest,0,,
2181,50.855067,30.00948,0.1,0.12,7.0,6.0,13.0,14.0,72.0,72.0,117.0,123.0,59.0,59.0,152.0,14.4,5.06,2176,0.10370156541435939,env_mode,1.0.0,env_only,random_forest,0,,
2182,50.85492,29.99515,0.12,0.14,4.0,4.0,15.0,17.0,65.0,65.0,131.0,128.0,65.0,65.0,132.0,12.3,5.45,2177,0.10288645573611246,env_mode,1.0.0,env_only,random_forest,0,,
2183,50.855067,29.990441,0.11,0.12,4.0,4.0,17.0,18.0,59.0,59.0,133.0,131.0,63.0,63.0,131.0,7.4,6.31,2178,0.10373220002562702,env_mode,1.0.0,env_only,random_forest,0,,
2184,50.855067,29.985681,0.1,0.12,3.0,3.0,17.0,18.0,60.0,60.0,132.0,131.0,67.0,67.0,130.0,5.6,5.91,2179,0.1004688820260046,env_mode,1.0.0,env_only,random_forest,0,,
2185,50.85538,29.98096,0.11,0.11,4.0,4.0,18.0,20.0,64.0,63.0,132.0,130.0,65.0,65.0,126.0,14.7,5.6,2180,0.10203106392321397,env_mode,1.0.0,env_only,random_forest,0,,
2186,50.855067,29.966644,0.1,0.1,5.0,5.0,18.0,20.0,55.0,55.0,132.0,131.0,66.0,66.0,124.0,1.7,7.98,2181,0.10128120657001613,env_mode,1.0.0,env_only,random_forest,0,,
2187,50.85519,29.96151,0.1,0.11,4.0,4.0,19.0,21.0,59.0,59.0,135.0,134.0,66.0,66.0,129.0,11.5,5.86,2182,0.0994908217865186,env_mode,1.0.0,env_only,random_forest,0,,
2188,50.85513,29.9514,0.12,0.13,4.0,4.0,18.0,19.0,57.0,57.0,130.0,130.0,67.0,67.0,134.0,1.6,7.18,2183,0.1015665081821281,env_mode,1.0.0,env_only,random_forest,0,,
2189,50.855044,29.938092,0.11,0.13,5.0,5.0,18.0,19.0,62.0,61.0,131.0,130.0,63.0,63.0,136.0,6.1,6.3,2184,0.10213102737121807,env_mode,1.0.0,env_only,random_forest,0,,
2190,50.855067,29.923806,0.12,0.13,6.0,5.0,16.0,17.0,63.0,63.0,120.0,125.0,61.0,62.0,145.0,4.7,6.34,2185,0.10453329199714574,env_mode,1.0.0,env_only,random_forest,0,,
2191,50.855044,29.909532,0.1,0.12,4.0,4.0,17.0,18.0,64.0,64.0,129.0,128.0,62.0,63.0,145.0,16.8,5.89,2186,0.10075691798626456,env_mode,1.0.0,env_only,random_forest,0,,
2192,50.855044,29.895253,0.11,0.11,4.0,5.0,17.0,18.0,59.0,59.0,128.0,132.0,63.0,63.0,144.0,4.5,6.66,2187,0.10181721989016952,env_mode,1.0.0,env_only,random_forest,0,,
2193,50.856416,29.880955,0.1,0.12,3.0,3.0,14.0,16.0,61.0,61.0,127.0,132.0,64.0,64.0,145.0,2.8,6.97,2188,0.09992209523855453,env_mode,1.0.0,env_only,random_forest,0,,
2194,50.855067,29.86669,0.11,0.11,6.0,6.0,10.0,11.0,77.0,78.0,115.0,123.0,54.0,54.0,163.0,11.4,5.87,2189,0.10371194205712296,env_mode,1.0.0,env_only,random_forest,0,,
2195,50.854922,29.851838,0.12,0.12,8.0,8.0,11.0,12.0,60.0,60.0,120.0,124.0,51.0,51.0,179.0,45.0,3.88,2190,0.10959319253927868,env_mode,1.0.0,env_only,random_forest,0,,
2196,50.855044,29.838134,0.11,0.12,7.0,8.0,16.0,17.0,64.0,64.0,121.0,124.0,54.0,54.0,130.0,24.4,4.23,2191,0.12290177150701774,env_mode,1.0.0,env_only,random_forest,0,,
2197,50.85502,29.824691,0.1,0.11,7.0,7.0,18.0,20.0,47.0,47.0,129.0,130.0,65.0,65.0,114.0,3.8,6.57,2192,0.10385729499560781,env_mode,1.0.0,env_only,random_forest,0,,
2198,50.855775,29.809503,0.11,0.12,4.0,4.0,19.0,20.0,58.0,58.0,135.0,135.0,65.0,65.0,115.0,6.6,5.89,2193,0.10358066907916591,env_mode,1.0.0,env_only,random_forest,0,,
2199,50.855472,29.795514,0.11,0.11,5.0,5.0,19.0,21.0,62.0,62.0,120.0,125.0,61.0,61.0,115.0,17.2,5.57,2194,0.10286906260800655,env_mode,1.0.0,env_only,random_forest,0,,
2200,50.8553,29.78149,0.1,0.1,8.0,8.0,16.0,18.0,64.0,64.0,116.0,122.0,55.0,55.0,138.0,26.6,5.03,2195,0.11432203156444586,env_mode,1.0.0,env_only,random_forest,0,,
2201,50.855044,29.766736,0.09,0.11,7.0,7.0,15.0,17.0,59.0,59.0,119.0,123.0,62.0,62.0,120.0,12.3,6.43,2196,0.1039206548442701,env_mode,1.0.0,env_only,random_forest,0,,
2202,50.855044,29.752457,0.09,0.1,9.0,11.0,15.0,17.0,55.0,55.0,114.0,120.0,66.0,66.0,124.0,28.8,4.38,2197,0.10504913064854224,env_mode,1.0.0,env_only,random_forest,0,,
2203,50.85599,29.73814,0.1,0.11,6.0,5.0,20.0,21.0,48.0,48.0,132.0,131.0,67.0,67.0,118.0,6.3,5.89,2198,0.10022883327062793,env_mode,1.0.0,env_only,random_forest,0,,
2204,50.855067,29.733421,0.09,0.1,6.0,7.0,19.0,21.0,52.0,52.0,130.0,130.0,66.0,66.0,117.0,3.0,6.99,2199,0.09773732397386908,env_mode,1.0.0,env_only,random_forest,0,,
2205,50.855067,29.728661,0.09,0.1,6.0,6.0,19.0,21.0,52.0,53.0,128.0,128.0,65.0,65.0,117.0,2.5,7.71,2200,0.09988895277066753,env_mode,1.0.0,env_only,random_forest,0,,
2206,50.85507,29.72476,0.1,0.1,5.0,5.0,19.0,21.0,56.0,56.0,129.0,128.0,67.0,67.0,116.0,7.4,6.53,2201,0.09824239970163592,env_mode,1.0.0,env_only,random_forest,0,,
2207,50.855067,29.719142,0.09,0.1,5.0,6.0,20.0,22.0,56.0,56.0,131.0,130.0,67.0,67.0,121.0,3.9,6.43,2202,0.09631925884153301,env_mode,1.0.0,env_only,random_forest,0,,
2208,50.855067,29.714382,0.09,0.09,4.0,4.0,18.0,19.0,54.0,54.0,134.0,132.0,64.0,64.0,120.0,10.0,5.64,2203,0.10457702925058154,env_mode,1.0.0,env_only,random_forest,0,,
2209,50.85513,29.70952,0.09,0.09,4.0,4.0,18.0,19.0,58.0,58.0,131.0,131.0,63.0,63.0,127.0,20.6,5.25,2204,0.10367541140912896,env_mode,1.0.0,env_only,random_forest,0,,
2210,50.85502,29.69525,0.09,0.09,5.0,5.0,14.0,15.0,71.0,70.0,117.0,123.0,57.0,58.0,169.0,38.7,3.92,2205,0.10528281976159531,env_mode,1.0.0,env_only,random_forest,0,,
2211,50.855044,29.681059,0.09,0.1,7.0,7.0,13.0,14.0,70.0,70.0,123.0,126.0,58.0,58.0,167.0,28.9,4.79,2206,0.10260310074433483,env_mode,1.0.0,env_only,random_forest,0,,
2212,50.855044,29.666779,0.1,0.1,7.0,7.0,13.0,14.0,73.0,73.0,122.0,122.0,56.0,56.0,163.0,41.9,4.55,2207,0.10294862793770382,env_mode,1.0.0,env_only,random_forest,0,,
2213,50.855044,29.652408,0.09,0.11,7.0,7.0,12.0,13.0,74.0,74.0,117.0,123.0,54.0,54.0,159.0,42.3,3.81,2208,0.10412150139457123,env_mode,1.0.0,env_only,random_forest,0,,
2214,50.855044,29.63822,0.09,0.1,7.0,7.0,14.0,15.0,75.0,75.0,124.0,125.0,56.0,56.0,161.0,45.0,4.3,2209,0.102173435033339,env_mode,1.0.0,env_only,random_forest,0,,
2215,50.855067,29.62395,0.09,0.09,5.0,5.0,12.0,13.0,73.0,73.0,112.0,116.0,55.0,55.0,177.0,17.6,4.62,2210,0.10078499786788099,env_mode,1.0.0,env_only,random_forest,0,,
2216,50.855067,29.60967,0.09,0.1,7.0,7.0,11.0,12.0,76.0,75.0,123.0,128.0,55.0,55.0,175.0,25.8,4.26,2211,0.10443713303704974,env_mode,1.0.0,env_only,random_forest,0,,
2217,50.855044,29.595381,0.09,0.1,8.0,8.0,12.0,13.0,68.0,69.0,125.0,130.0,58.0,58.0,160.0,32.9,4.18,2212,0.10458157736583343,env_mode,1.0.0,env_only,random_forest,0,,
2218,50.855044,29.581102,0.1,0.11,4.0,5.0,11.0,13.0,66.0,66.0,127.0,132.0,61.0,61.0,160.0,17.0,4.94,2213,0.10244998247068783,env_mode,1.0.0,env_only,random_forest,0,,
2219,50.855485,29.566641,0.14,0.15,4.0,4.0,13.0,14.0,68.0,67.0,133.0,134.0,57.0,57.0,165.0,45.0,4.11,2214,0.10729022657080113,env_mode,1.0.0,env_only,random_forest,0,,
2220,50.855044,29.552542,0.11,0.13,4.0,4.0,18.0,20.0,54.0,54.0,135.0,135.0,66.0,66.0,162.0,7.8,5.47,2215,0.10084566201950156,env_mode,1.0.0,env_only,random_forest,0,,
2221,50.855067,29.538276,0.1,0.1,3.0,3.0,18.0,20.0,57.0,57.0,136.0,135.0,65.0,65.0,167.0,1.1,7.61,2216,0.10179994512053238,env_mode,1.0.0,env_only,random_forest,0,,
2222,50.854414,29.524199,0.1,0.11,4.0,4.0,19.0,21.0,52.0,52.0,134.0,133.0,65.0,65.0,167.0,1.8,7.44,2217,0.10492723483090494,env_mode,1.0.0,env_only,random_forest,0,,
2223,50.8519,29.70487,0.09,0.09,4.0,3.0,19.0,20.0,49.0,49.0,128.0,128.0,62.0,62.0,124.0,15.3,5.72,2218,0.10510987368097933,env_mode,1.0.0,env_only,random_forest,0,,
2224,50.85207,29.709623,0.09,0.09,3.0,4.0,18.0,20.0,47.0,47.0,132.0,131.0,64.0,64.0,119.0,9.2,6.48,2219,0.1065070522567331,env_mode,1.0.0,env_only,random_forest,0,,
2225,50.85216,29.71397,0.1,0.1,4.0,4.0,20.0,21.0,55.0,55.0,130.0,130.0,65.0,65.0,118.0,5.9,5.98,2220,0.10208641972764519,env_mode,1.0.0,env_only,random_forest,0,,
2226,50.85207,29.719142,0.09,0.1,7.0,7.0,20.0,21.0,56.0,56.0,129.0,128.0,66.0,66.0,117.0,5.3,6.85,2221,0.09596338862819734,env_mode,1.0.0,env_only,random_forest,0,,
2227,50.85207,29.723902,0.1,0.11,7.0,7.0,19.0,21.0,53.0,52.0,132.0,131.0,69.0,69.0,118.0,5.3,6.11,2222,0.09922210579999675,env_mode,1.0.0,env_only,random_forest,0,,
2228,50.85207,29.728661,0.09,0.1,7.0,8.0,19.0,21.0,52.0,52.0,129.0,129.0,66.0,66.0,117.0,10.4,6.28,2223,0.09749856724757709,env_mode,1.0.0,env_only,random_forest,0,,
2229,50.85207,29.733421,0.09,0.09,5.0,6.0,19.0,21.0,51.0,51.0,131.0,130.0,68.0,68.0,118.0,4.1,6.53,2224,0.09923835757779662,env_mode,1.0.0,env_only,random_forest,0,,
2230,50.85207,29.738181,0.1,0.1,6.0,7.0,19.0,21.0,51.0,50.0,129.0,129.0,67.0,67.0,117.0,2.9,7.72,2225,0.09890807430007637,env_mode,1.0.0,env_only,random_forest,0,,
2231,50.85207,29.961884,0.09,0.1,4.0,4.0,18.0,20.0,55.0,54.0,136.0,134.0,67.0,67.0,127.0,5.5,6.49,2226,0.10137201634226899,env_mode,1.0.0,env_only,random_forest,0,,
2232,50.85207,29.980922,0.09,0.1,3.0,4.0,19.0,20.0,63.0,62.0,135.0,134.0,66.0,66.0,127.0,2.3,7.69,2227,0.09911814918287896,env_mode,1.0.0,env_only,random_forest,0,,
2233,50.851804,29.985138,0.1,0.1,4.0,4.0,18.0,19.0,60.0,61.0,136.0,134.0,68.0,68.0,127.0,12.1,5.18,2228,0.0998698534582863,env_mode,1.0.0,env_only,random_forest,0,,
2234,50.85207,30.066596,0.1,0.1,5.0,5.0,17.0,18.0,53.0,53.0,128.0,127.0,66.0,66.0,127.0,4.1,6.74,2229,0.10116272634728159,env_mode,1.0.0,env_only,random_forest,0,,
2235,50.85204,30.07112,0.1,0.1,5.0,5.0,17.0,18.0,49.0,49.0,132.0,131.0,68.0,68.0,126.0,8.0,6.08,2230,0.10337072528397372,env_mode,1.0.0,env_only,random_forest,0,,
2236,50.849072,30.080875,0.11,0.12,5.0,5.0,14.0,15.0,47.0,46.0,132.0,131.0,68.0,67.0,120.0,3.2,6.81,2231,0.104194029545146,env_mode,1.0.0,env_only,random_forest,0,,
2237,50.8489,30.07638,0.09,0.09,5.0,5.0,16.0,17.0,46.0,46.0,131.0,130.0,69.0,69.0,124.0,8.7,5.43,2232,0.09998753734162388,env_mode,1.0.0,env_only,random_forest,0,,
2238,50.84832,30.07067,0.1,0.11,4.0,4.0,15.0,16.0,45.0,45.0,129.0,128.0,67.0,67.0,127.0,18.3,5.0,2233,0.10451424961392404,env_mode,1.0.0,env_only,random_forest,0,,
2239,50.84775,30.06616,0.11,0.11,3.0,3.0,16.0,17.0,47.0,47.0,132.0,130.0,67.0,67.0,131.0,15.4,5.34,2234,0.10303879567744531,env_mode,1.0.0,env_only,random_forest,0,,
2240,50.849072,30.061836,0.09,0.09,4.0,4.0,16.0,17.0,46.0,46.0,131.0,129.0,68.0,68.0,129.0,10.4,6.1,2235,0.10132231279936649,env_mode,1.0.0,env_only,random_forest,0,,
2241,50.849072,30.057076,0.09,0.09,3.0,4.0,17.0,19.0,46.0,47.0,131.0,129.0,71.0,71.0,131.0,6.7,6.25,2236,0.10076489863487569,env_mode,1.0.0,env_only,random_forest,0,,
2242,50.84972,29.98103,0.09,0.1,3.0,3.0,20.0,21.0,60.0,61.0,135.0,133.0,66.0,66.0,131.0,12.2,5.58,2237,0.09795043712599742,env_mode,1.0.0,env_only,random_forest,0,,
2243,50.849072,29.976163,0.1,0.1,4.0,4.0,19.0,20.0,59.0,59.0,132.0,131.0,65.0,65.0,126.0,12.2,5.38,2238,0.10200489274583258,env_mode,1.0.0,env_only,random_forest,0,,
2244,50.849072,29.961884,0.1,0.11,4.0,4.0,19.0,21.0,56.0,55.0,136.0,135.0,66.0,66.0,128.0,13.3,5.42,2239,0.10027528135512209,env_mode,1.0.0,env_only,random_forest,0,,
2245,50.84908,29.73844,0.09,0.11,6.0,7.0,18.0,20.0,48.0,48.0,131.0,132.0,69.0,69.0,119.0,6.5,6.38,2240,0.09904865395494428,env_mode,1.0.0,env_only,random_forest,0,,
2246,50.849072,29.733421,0.1,0.1,7.0,8.0,19.0,21.0,50.0,50.0,133.0,132.0,67.0,67.0,120.0,9.3,5.71,2241,0.10086736991736445,env_mode,1.0.0,env_only,random_forest,0,,
2247,50.849072,29.728661,0.1,0.1,6.0,7.0,20.0,21.0,49.0,49.0,129.0,129.0,68.0,68.0,117.0,2.0,7.5,2242,0.09741304330924848,env_mode,1.0.0,env_only,random_forest,0,,
2248,50.849072,29.723902,0.1,0.11,6.0,7.0,19.0,20.0,50.0,50.0,129.0,128.0,69.0,69.0,118.0,4.1,6.14,2243,0.0998282914540737,env_mode,1.0.0,env_only,random_forest,0,,
2249,50.84893,29.71912,0.09,0.1,7.0,8.0,20.0,21.0,50.0,50.0,130.0,131.0,68.0,68.0,120.0,7.9,6.14,2244,0.09776637924343043,env_mode,1.0.0,env_only,random_forest,0,,
2250,50.849072,29.714382,0.1,0.1,7.0,7.0,19.0,21.0,52.0,52.0,131.0,131.0,66.0,66.0,117.0,6.9,6.64,2245,0.09783229871159782,env_mode,1.0.0,env_only,random_forest,0,,
2251,50.846074,29.509718,0.1,0.1,5.0,5.0,17.0,18.0,57.0,58.0,131.0,130.0,63.0,63.0,166.0,1.3,7.64,2246,0.10020521600764595,env_mode,1.0.0,env_only,random_forest,0,,
2252,50.846074,29.523996,0.09,0.1,3.0,4.0,18.0,19.0,53.0,53.0,132.0,131.0,66.0,66.0,162.0,14.0,5.21,2247,0.10215089817755071,env_mode,1.0.0,env_only,random_forest,0,,
2253,50.846051,29.538263,0.11,0.12,5.0,4.0,17.0,19.0,61.0,60.0,131.0,130.0,64.0,64.0,163.0,8.9,5.87,2248,0.1019077071640016,env_mode,1.0.0,env_only,random_forest,0,,
2254,50.846051,29.552542,0.09,0.1,5.0,4.0,18.0,20.0,54.0,54.0,130.0,131.0,67.0,67.0,160.0,13.4,5.03,2249,0.10077788802132176,env_mode,1.0.0,env_only,random_forest,0,,
2255,50.84664,29.567595,0.13,0.13,4.0,3.0,16.0,17.0,59.0,58.0,131.0,132.0,65.0,65.0,161.0,28.6,4.38,2250,0.10374741488381135,env_mode,1.0.0,env_only,random_forest,0,,
2256,50.846663,29.581885,0.11,0.12,4.0,4.0,14.0,15.0,71.0,71.0,133.0,134.0,60.0,60.0,174.0,30.3,4.56,2251,0.10336835150177154,env_mode,1.0.0,env_only,random_forest,0,,
2257,50.84664,29.596154,0.11,0.11,5.0,5.0,15.0,16.0,68.0,67.0,119.0,125.0,62.0,62.0,153.0,45.0,4.17,2252,0.10597293420169866,env_mode,1.0.0,env_only,random_forest,0,,
2258,50.846074,29.60967,0.1,0.1,8.0,8.0,14.0,15.0,64.0,63.0,121.0,126.0,60.0,60.0,152.0,10.5,6.2,2253,0.10318959832648394,env_mode,1.0.0,env_only,random_forest,0,,
2259,50.846051,29.62394,0.1,0.11,5.0,5.0,15.0,16.0,72.0,71.0,120.0,126.0,56.0,56.0,165.0,30.0,4.17,2254,0.1053115537713443,env_mode,1.0.0,env_only,random_forest,0,,
2260,50.846074,29.638228,0.08,0.09,2.0,2.0,17.0,19.0,70.0,70.0,136.0,135.0,63.0,63.0,150.0,6.6,5.73,2255,0.09762087915329902,env_mode,1.0.0,env_only,random_forest,0,,
2261,50.846051,29.6525,0.09,0.1,4.0,4.0,14.0,16.0,62.0,62.0,128.0,128.0,64.0,64.0,149.0,7.8,5.57,2256,0.1002437742719923,env_mode,1.0.0,env_only,random_forest,0,,
2262,50.846074,29.666786,0.1,0.11,6.0,7.0,15.0,17.0,61.0,60.0,119.0,123.0,60.0,60.0,159.0,42.3,4.18,2257,0.10485730039417443,env_mode,1.0.0,env_only,random_forest,0,,
2263,50.846051,29.681059,0.1,0.1,7.0,6.0,14.0,15.0,55.0,55.0,124.0,129.0,62.0,62.0,153.0,45.0,3.81,2258,0.10448496363621977,env_mode,1.0.0,env_only,random_forest,0,,
2264,50.846074,29.695343,0.09,0.1,3.0,4.0,19.0,21.0,55.0,55.0,134.0,134.0,67.0,67.0,126.0,26.5,5.01,2259,0.09956454063203625,env_mode,1.0.0,env_only,random_forest,0,,
2265,50.84633,29.70912,0.1,0.11,7.0,6.0,21.0,23.0,50.0,49.0,131.0,130.0,67.0,67.0,118.0,3.0,6.76,2260,0.09685933395945968,env_mode,1.0.0,env_only,random_forest,0,,
2266,50.84633,29.72407,0.1,0.11,8.0,8.0,20.0,22.0,48.0,48.0,126.0,125.0,69.0,69.0,119.0,23.0,4.71,2261,0.09924429166645991,env_mode,1.0.0,env_only,random_forest,0,,
2267,50.8463,29.72953,0.1,0.1,6.0,8.0,20.0,21.0,46.0,46.0,129.0,128.0,69.0,69.0,121.0,16.6,5.69,2262,0.0986201369242621,env_mode,1.0.0,env_only,random_forest,0,,
2268,50.846074,29.733421,0.09,0.1,5.0,5.0,18.0,19.0,48.0,48.0,131.0,129.0,67.0,67.0,117.0,4.9,6.52,2263,0.1006231197085364,env_mode,1.0.0,env_only,random_forest,0,,
2269,50.8461,29.7384,0.1,0.12,6.0,6.0,18.0,19.0,47.0,47.0,126.0,115.0,69.0,69.0,120.0,13.7,5.18,2264,0.10086086349968675,env_mode,1.0.0,env_only,random_forest,0,,
2270,50.845827,29.743449,0.09,0.1,6.0,7.0,18.0,19.0,49.0,49.0,131.0,132.0,70.0,70.0,117.0,12.8,5.41,2265,0.10071500959166407,env_mode,1.0.0,env_only,random_forest,0,,
2271,50.846074,29.752459,0.1,0.1,5.0,6.0,17.0,19.0,46.0,46.0,131.0,129.0,69.0,69.0,116.0,2.2,6.95,2266,0.10212018674936592,env_mode,1.0.0,env_only,random_forest,0,,
2272,50.844956,29.765821,0.1,0.11,8.0,8.0,18.0,20.0,42.0,42.0,129.0,129.0,69.0,69.0,116.0,5.5,6.72,2267,0.10322361463654448,env_mode,1.0.0,env_only,random_forest,0,,
2273,50.847411,29.781047,0.1,0.1,7.0,6.0,19.0,20.0,49.0,49.0,130.0,129.0,68.0,68.0,115.0,4.7,5.91,2268,0.10143755903794278,env_mode,1.0.0,env_only,random_forest,0,,
2274,50.847825,29.794816,0.09,0.1,7.0,8.0,20.0,22.0,51.0,51.0,129.0,128.0,68.0,68.0,115.0,1.6,8.37,2269,0.09721795371296603,env_mode,1.0.0,env_only,random_forest,0,,
2275,50.847743,29.809371,0.1,0.1,8.0,9.0,19.0,20.0,44.0,44.0,128.0,130.0,68.0,68.0,115.0,2.6,6.79,2270,0.10173766785638104,env_mode,1.0.0,env_only,random_forest,0,,
2276,50.846051,29.823855,0.08,0.09,5.0,7.0,16.0,18.0,57.0,57.0,128.0,126.0,61.0,61.0,117.0,12.0,6.03,2271,0.1021370727813233,env_mode,1.0.0,env_only,random_forest,0,,
2277,50.846033,29.836311,0.1,0.1,6.0,6.0,12.0,13.0,69.0,69.0,115.0,120.0,53.0,53.0,139.0,30.9,4.54,2272,0.10852409135674602,env_mode,1.0.0,env_only,random_forest,0,,
2278,50.846074,29.852412,0.11,0.12,8.0,9.0,10.0,11.0,75.0,76.0,122.0,129.0,55.0,55.0,153.0,45.0,3.7,2273,0.10859909219696652,env_mode,1.0.0,env_only,random_forest,0,,
2279,50.846074,29.86669,0.12,0.13,5.0,5.0,9.0,10.0,74.0,75.0,122.0,129.0,56.0,55.0,161.0,45.0,3.87,2274,0.10714874048995744,env_mode,1.0.0,env_only,random_forest,0,,
2280,50.846074,29.88097,0.11,0.12,5.0,6.0,10.0,11.0,76.0,75.0,121.0,126.0,55.0,55.0,160.0,17.9,5.05,2275,0.1044460758072679,env_mode,1.0.0,env_only,random_forest,0,,
2281,50.846051,29.895253,0.12,0.14,4.0,4.0,10.0,11.0,73.0,74.0,126.0,131.0,56.0,56.0,167.0,18.9,4.94,2276,0.10519621424391826,env_mode,1.0.0,env_only,random_forest,0,,
2282,50.846051,29.909532,0.1,0.1,3.0,4.0,14.0,16.0,65.0,65.0,137.0,139.0,60.0,61.0,141.0,0.9,8.48,2277,0.10133339719282283,env_mode,1.0.0,env_only,random_forest,0,,
2283,50.845037,29.923495,0.1,0.11,5.0,5.0,14.0,16.0,58.0,58.0,130.0,129.0,63.0,63.0,137.0,6.9,6.09,2278,0.10338202805993088,env_mode,1.0.0,env_only,random_forest,0,,
2284,50.846074,29.938085,0.1,0.11,3.0,3.0,17.0,18.0,64.0,63.0,132.0,131.0,63.0,63.0,136.0,4.8,6.94,2279,0.10128468915567457,env_mode,1.0.0,env_only,random_forest,0,,
2285,50.84639,29.952364,0.11,0.11,4.0,4.0,18.0,20.0,58.0,59.0,133.0,132.0,66.0,66.0,129.0,7.3,6.09,2280,0.10131038210691655,env_mode,1.0.0,env_only,random_forest,0,,
2286,50.846,29.9565,0.1,0.11,4.0,4.0,18.0,19.0,60.0,60.0,137.0,135.0,65.0,65.0,129.0,6.6,5.58,2281,0.10213185174712673,env_mode,1.0.0,env_only,random_forest,0,,
2287,50.846051,29.966651,0.1,0.1,5.0,5.0,18.0,20.0,56.0,56.0,132.0,131.0,67.0,67.0,126.0,3.1,7.81,2282,0.10042748808941694,env_mode,1.0.0,env_only,random_forest,0,,
2288,50.846095,29.975151,0.09,0.1,4.0,4.0,18.0,19.0,61.0,61.0,133.0,132.0,66.0,66.0,127.0,5.4,6.52,2283,0.09947989014882688,env_mode,1.0.0,env_only,random_forest,0,,
2289,50.84558,29.98077,0.09,0.1,3.0,4.0,18.0,19.0,61.0,61.0,133.0,131.0,65.0,65.0,131.0,3.6,6.56,2284,0.10144603308551793,env_mode,1.0.0,env_only,random_forest,0,,
2290,50.846335,29.996051,0.11,0.13,6.0,7.0,13.0,14.0,70.0,69.0,122.0,126.0,60.0,59.0,135.0,38.4,4.46,2285,0.10990433038887676,env_mode,1.0.0,env_only,random_forest,0,,
2291,50.846051,30.00949,0.1,0.13,7.0,7.0,13.0,14.0,68.0,69.0,123.0,127.0,57.0,57.0,156.0,15.7,4.95,2286,0.10502173125446,env_mode,1.0.0,env_only,random_forest,0,,
2292,50.846074,30.023759,0.12,0.12,5.0,5.0,13.0,14.0,64.0,64.0,127.0,131.0,60.0,60.0,160.0,16.0,4.96,2287,0.10358066950799642,env_mode,1.0.0,env_only,random_forest,0,,
2293,50.846074,30.038037,0.1,0.12,6.0,6.0,18.0,20.0,54.0,54.0,131.0,129.0,64.0,65.0,132.0,3.7,6.78,2288,0.10231223039094958,env_mode,1.0.0,env_only,random_forest,0,,
2294,50.846051,30.052328,0.09,0.11,5.0,5.0,18.0,19.0,51.0,51.0,135.0,132.0,67.0,67.0,127.0,8.8,6.0,2289,0.103737494699292,env_mode,1.0.0,env_only,random_forest,0,,
2295,50.846074,30.057076,0.09,0.09,4.0,4.0,17.0,19.0,47.0,46.0,131.0,129.0,68.0,68.0,130.0,8.1,5.54,2290,0.09964597769970726,env_mode,1.0.0,env_only,random_forest,0,,
2296,50.84568,30.06285,0.08,0.09,4.0,4.0,17.0,18.0,47.0,47.0,131.0,132.0,67.0,67.0,130.0,7.8,6.33,2291,0.10051922149058971,env_mode,1.0.0,env_only,random_forest,0,,
2297,50.84552,30.06597,0.09,0.09,4.0,4.0,15.0,16.0,49.0,49.0,131.0,130.0,67.0,67.0,126.0,13.2,5.78,2292,0.1039812120119206,env_mode,1.0.0,env_only,random_forest,0,,
2298,50.846926,30.071681,0.09,0.09,4.0,4.0,14.0,15.0,50.0,50.0,130.0,128.0,68.0,69.0,124.0,5.6,6.61,2293,0.10385359464888304,env_mode,1.0.0,env_only,random_forest,0,,
2299,50.84654,30.07758,0.09,0.09,5.0,5.0,16.0,17.0,46.0,46.0,131.0,130.0,67.0,67.0,124.0,4.1,6.09,2294,0.10156953334439986,env_mode,1.0.0,env_only,random_forest,0,,
2300,50.84613,30.08079,0.09,0.09,5.0,4.0,15.0,15.0,45.0,46.0,132.0,132.0,68.0,68.0,123.0,10.4,5.27,2295,0.10190111905533204,env_mode,1.0.0,env_only,random_forest,0,,
2301,50.843077,30.080875,0.09,0.09,5.0,5.0,14.0,15.0,48.0,48.0,131.0,131.0,68.0,68.0,120.0,10.1,5.92,2296,0.10204161139510731,env_mode,1.0.0,env_only,random_forest,0,,
2302,50.84317,30.07775,0.09,0.09,5.0,5.0,14.0,15.0,47.0,47.0,130.0,130.0,68.0,68.0,124.0,10.7,5.61,2297,0.10079452375898333,env_mode,1.0.0,env_only,random_forest,0,,
2303,50.843077,30.066596,0.09,0.11,4.0,4.0,14.0,15.0,52.0,52.0,133.0,132.0,67.0,67.0,123.0,5.0,6.72,2298,0.10461892630918276,env_mode,1.0.0,env_only,random_forest,0,,
2304,50.84286,30.06212,0.13,0.13,4.0,4.0,15.0,16.0,52.0,52.0,134.0,132.0,68.0,68.0,126.0,7.3,5.99,2299,0.10684955807853423,env_mode,1.0.0,env_only,random_forest,0,,
2305,50.842974,30.05641,0.09,0.09,4.0,5.0,18.0,18.0,52.0,53.0,131.0,129.0,68.0,68.0,126.0,4.8,7.2,2300,0.10087413901839257,env_mode,1.0.0,env_only,random_forest,0,,
2306,50.843077,29.980922,0.09,0.1,3.0,3.0,16.0,18.0,61.0,61.0,134.0,132.0,65.0,66.0,129.0,7.0,5.94,2301,0.10156341125294642,env_mode,1.0.0,env_only,random_forest,0,,
2307,50.84433,29.97649,0.09,0.09,4.0,4.0,18.0,20.0,59.0,59.0,132.0,131.0,65.0,65.0,130.0,14.9,4.74,2302,0.10239170460754873,env_mode,1.0.0,env_only,random_forest,0,,
2308,50.84372,29.95253,0.1,0.1,3.0,3.0,18.0,19.0,58.0,58.0,134.0,132.0,64.0,64.0,129.0,18.6,5.01,2303,0.10347256780113004,env_mode,1.0.0,env_only,random_forest,0,,
2309,50.84361,29.8196,0.09,0.1,7.0,7.0,16.0,18.0,57.0,58.0,125.0,126.0,61.0,61.0,122.0,39.5,4.49,2304,0.10346006070634077,env_mode,1.0.0,env_only,random_forest,0,,
2310,50.843093,29.67557,0.11,0.11,5.0,5.0,16.0,17.0,59.0,59.0,128.0,128.0,63.0,63.0,142.0,5.7,6.32,2305,0.10323888419965391,env_mode,1.0.0,env_only,random_forest,0,,
2311,50.843077,29.671546,0.09,0.1,5.0,5.0,17.0,18.0,63.0,62.0,126.0,128.0,61.0,61.0,142.0,2.5,7.25,2306,0.10021575614591148,env_mode,1.0.0,env_only,random_forest,0,,
2312,50.843077,29.666786,0.09,0.1,4.0,4.0,17.0,18.0,63.0,63.0,128.0,129.0,61.0,61.0,144.0,4.4,6.7,2307,0.10030533267171059,env_mode,1.0.0,env_only,random_forest,0,,
2313,50.84265,29.54805,0.09,0.09,4.0,4.0,17.0,18.0,57.0,58.0,134.0,135.0,63.0,63.0,156.0,15.9,5.03,2308,0.10224143561552061,env_mode,1.0.0,env_only,random_forest,0,,
2314,50.843077,29.543035,0.1,0.11,4.0,4.0,17.0,19.0,60.0,60.0,134.0,133.0,63.0,62.0,157.0,28.5,4.63,2309,0.10197073931807525,env_mode,1.0.0,env_only,random_forest,0,,
2315,50.843077,29.538276,0.12,0.12,5.0,4.0,17.0,19.0,59.0,59.0,130.0,129.0,65.0,65.0,155.0,9.3,6.78,2310,0.1015499203966741,env_mode,1.0.0,env_only,random_forest,0,,
2316,50.84024,29.53695,0.11,0.11,4.0,4.0,17.0,19.0,58.0,57.0,133.0,132.0,63.0,63.0,158.0,11.5,5.64,2311,0.10234473716532361,env_mode,1.0.0,env_only,random_forest,0,,
2317,50.84008,29.543035,0.1,0.11,4.0,4.0,15.0,16.0,58.0,59.0,136.0,135.0,63.0,63.0,154.0,20.2,5.02,2312,0.10195498184046062,env_mode,1.0.0,env_only,random_forest,0,,
2318,50.8405,29.54701,0.1,0.11,4.0,4.0,17.0,19.0,60.0,60.0,135.0,134.0,63.0,63.0,158.0,6.6,5.51,2313,0.10072242664775137,env_mode,1.0.0,env_only,random_forest,0,,
2319,50.84008,29.552555,0.1,0.11,3.0,4.0,17.0,19.0,60.0,60.0,135.0,134.0,64.0,64.0,155.0,2.7,6.74,2314,0.10009845371205812,env_mode,1.0.0,env_only,random_forest,0,,
2320,50.84008,29.652507,0.09,0.1,4.0,3.0,19.0,21.0,60.0,61.0,133.0,132.0,65.0,65.0,154.0,4.1,6.43,2315,0.09914712729219467,env_mode,1.0.0,env_only,random_forest,0,,
2321,50.84008,29.657267,0.09,0.09,4.0,4.0,15.0,17.0,60.0,60.0,134.0,135.0,66.0,66.0,147.0,5.4,5.77,2316,0.09942197044905102,env_mode,1.0.0,env_only,random_forest,0,,
2322,50.83992,29.66146,0.09,0.09,4.0,4.0,18.0,19.0,58.0,58.0,132.0,131.0,65.0,65.0,146.0,17.2,5.08,2317,0.10178467911516212,env_mode,1.0.0,env_only,random_forest,0,,
2323,50.84008,29.666786,0.1,0.1,3.0,3.0,16.0,18.0,56.0,56.0,134.0,132.0,65.0,65.0,143.0,5.5,6.24,2318,0.10231150406087704,env_mode,1.0.0,env_only,random_forest,0,,
2324,50.84052,29.67177,0.1,0.11,4.0,4.0,19.0,20.0,56.0,56.0,131.0,129.0,65.0,65.0,140.0,16.9,4.68,2319,0.10218280040805783,env_mode,1.0.0,env_only,random_forest,0,,
2325,50.84008,29.676306,0.09,0.1,4.0,4.0,18.0,19.0,57.0,56.0,130.0,129.0,65.0,65.0,140.0,7.4,5.75,2320,0.10179966832380234,env_mode,1.0.0,env_only,random_forest,0,,
2326,50.84008,29.681065,0.1,0.1,4.0,4.0,19.0,21.0,55.0,54.0,129.0,128.0,64.0,64.0,137.0,17.7,5.18,2321,0.10398431058819817,env_mode,1.0.0,env_only,random_forest,0,,
2327,50.8396,29.80964,0.09,0.09,5.0,4.0,17.0,18.0,58.0,58.0,127.0,126.0,67.0,67.0,120.0,10.2,6.13,2322,0.09999930266289825,env_mode,1.0.0,env_only,random_forest,0,,
2328,50.84008,29.814334,0.1,0.11,4.0,5.0,16.0,18.0,63.0,63.0,118.0,119.0,61.0,61.0,132.0,30.6,4.47,2323,0.10375966698769745,env_mode,1.0.0,env_only,random_forest,0,,
2329,50.84016,29.943,0.12,0.12,3.0,3.0,16.0,17.0,67.0,67.0,132.0,131.0,62.0,62.0,131.0,13.1,5.65,2324,0.1040435015287276,env_mode,1.0.0,env_only,random_forest,0,,
2330,50.84004,29.94798,0.1,0.11,3.0,3.0,16.0,17.0,63.0,63.0,133.0,132.0,62.0,62.0,127.0,13.4,5.94,2325,0.10442666491736285,env_mode,1.0.0,env_only,random_forest,0,,
2331,50.840603,29.95272,0.11,0.13,3.0,3.0,17.0,18.0,61.0,60.0,135.0,134.0,64.0,64.0,131.0,1.5,7.48,2326,0.1014332557908475,env_mode,1.0.0,env_only,random_forest,0,,
2332,50.83986,30.080225,0.09,0.09,4.0,4.0,16.0,17.0,47.0,47.0,135.0,133.0,68.0,68.0,126.0,12.6,4.92,2327,0.1030628804025125,env_mode,1.0.0,env_only,random_forest,0,,
2333,50.83739,30.07978,0.08,0.09,5.0,4.0,15.0,16.0,53.0,54.0,135.0,135.0,68.0,68.0,122.0,15.5,5.47,2328,0.10353132755151026,env_mode,1.0.0,env_only,random_forest,0,,
2334,50.836733,30.065141,0.12,0.12,6.0,6.0,15.0,16.0,59.0,58.0,135.0,135.0,65.0,65.0,126.0,9.8,5.78,2329,0.10528608623688814,env_mode,1.0.0,env_only,random_forest,0,,
2335,50.837058,30.052328,0.1,0.13,6.0,6.0,16.0,16.0,54.0,54.0,131.0,129.0,63.0,63.0,129.0,20.4,4.93,2330,0.10712483003391514,env_mode,1.0.0,env_only,random_forest,0,,
2336,50.837058,30.038049,0.11,0.12,3.0,4.0,14.0,15.0,59.0,59.0,133.0,131.0,62.0,62.0,133.0,3.2,6.47,2331,0.10393439477436692,env_mode,1.0.0,env_only,random_forest,0,,
2337,50.837085,30.025067,0.1,0.12,4.0,4.0,13.0,14.0,67.0,67.0,134.0,135.0,55.0,55.0,134.0,9.4,6.48,2332,0.10798521986624779,env_mode,1.0.0,env_only,random_forest,0,,
2338,50.837082,30.00948,0.11,0.14,8.0,8.0,13.0,15.0,74.0,75.0,117.0,124.0,54.0,54.0,141.0,25.8,5.17,2333,0.11180992648049522,env_mode,1.0.0,env_only,random_forest,0,,
2339,50.837082,29.995201,0.12,0.14,8.0,7.0,12.0,14.0,70.0,70.0,122.0,128.0,56.0,56.0,151.0,38.6,4.28,2334,0.10569208968729281,env_mode,1.0.0,env_only,random_forest,0,,
2340,50.837058,29.98093,0.12,0.12,4.0,4.0,13.0,15.0,69.0,69.0,135.0,134.0,60.0,60.0,139.0,16.1,5.32,2335,0.10395678778408049,env_mode,1.0.0,env_only,random_forest,0,,
2341,50.837058,29.966651,0.11,0.11,4.0,4.0,16.0,17.0,64.0,63.0,134.0,133.0,64.0,64.0,129.0,16.5,5.23,2336,0.1038094559256454,env_mode,1.0.0,env_only,random_forest,0,,
2342,50.837082,29.952364,0.09,0.11,3.0,3.0,16.0,18.0,61.0,61.0,135.0,133.0,62.0,62.0,126.0,4.4,7.22,2337,0.10204875818711656,env_mode,1.0.0,env_only,random_forest,0,,
2343,50.837082,29.942845,0.1,0.11,3.0,3.0,15.0,16.0,69.0,68.0,136.0,135.0,61.0,61.0,133.0,15.9,4.79,2338,0.10326026477763552,env_mode,1.0.0,env_only,random_forest,0,,
2344,50.836338,29.936536,0.1,0.12,7.0,7.0,12.0,13.0,73.0,74.0,125.0,131.0,56.0,56.0,154.0,20.1,4.71,2339,0.10442375107513106,env_mode,1.0.0,env_only,random_forest,0,,
2345,50.836734,29.923752,0.1,0.12,4.0,4.0,11.0,13.0,72.0,72.0,129.0,131.0,58.0,58.0,134.0,11.3,6.06,2340,0.10572915432265083,env_mode,1.0.0,env_only,random_forest,0,,
2346,50.837082,29.909528,0.12,0.13,5.0,5.0,11.0,12.0,73.0,72.0,120.0,126.0,54.0,54.0,158.0,17.3,5.21,2341,0.10500840148982327,env_mode,1.0.0,env_only,random_forest,0,,
2347,50.837082,29.895249,0.11,0.12,12.0,10.0,11.0,12.0,75.0,75.0,109.0,115.0,51.0,51.0,158.0,19.4,5.18,2342,0.10649550815600536,env_mode,1.0.0,env_only,random_forest,0,,
2348,50.837058,29.880973,0.11,0.11,11.0,9.0,11.0,12.0,76.0,76.0,118.0,125.0,53.0,54.0,165.0,10.8,5.21,2343,0.10542679586956594,env_mode,1.0.0,env_only,random_forest,0,,
2349,50.837082,29.86669,0.1,0.1,10.0,9.0,10.0,11.0,75.0,75.0,115.0,120.0,55.0,56.0,140.0,44.3,4.17,2344,0.10810513978510622,env_mode,1.0.0,env_only,random_forest,0,,
2350,50.837082,29.852412,0.12,0.13,9.0,8.0,9.0,10.0,78.0,78.0,101.0,114.0,54.0,54.0,162.0,20.5,5.27,2345,0.10611782515813484,env_mode,1.0.0,env_only,random_forest,0,,
2351,50.837082,29.838133,0.12,0.12,9.0,8.0,11.0,12.0,75.0,75.0,117.0,123.0,55.0,56.0,143.0,23.0,4.95,2346,0.10864086213155837,env_mode,1.0.0,env_only,random_forest,0,,
2352,50.837082,29.823854,0.11,0.13,7.0,7.0,13.0,15.0,77.0,77.0,113.0,118.0,54.0,54.0,154.0,22.4,4.7,2347,0.10666918200247558,env_mode,1.0.0,env_only,random_forest,0,,
2353,50.83717,29.80961,0.09,0.1,5.0,5.0,19.0,20.0,61.0,61.0,129.0,126.0,65.0,66.0,126.0,15.7,5.59,2348,0.0985880897097637,env_mode,1.0.0,env_only,random_forest,0,,
2354,50.83742,29.80456,0.12,0.12,5.0,4.0,20.0,22.0,51.0,51.0,126.0,126.0,69.0,69.0,123.0,6.0,6.21,2349,0.10274351900783302,env_mode,1.0.0,env_only,random_forest,0,,
2355,50.837082,29.800056,0.08,0.09,7.0,5.0,20.0,22.0,47.0,46.0,127.0,126.0,70.0,70.0,122.0,30.5,5.17,2350,0.09884532353154431,env_mode,1.0.0,env_only,random_forest,0,,
2356,50.837053,29.794617,0.09,0.1,7.0,8.0,19.0,20.0,54.0,54.0,128.0,129.0,66.0,66.0,115.0,4.5,6.6,2351,0.09862677308322501,env_mode,1.0.0,env_only,random_forest,0,,
2357,50.837058,29.781016,0.09,0.11,6.0,8.0,17.0,19.0,51.0,51.0,127.0,126.0,65.0,65.0,115.0,0.6,9.55,2352,0.10261916195493807,env_mode,1.0.0,env_only,random_forest,0,,
2358,50.837374,29.769077,0.1,0.1,10.0,11.0,16.0,18.0,45.0,44.0,125.0,125.0,67.0,67.0,116.0,2.9,6.72,2353,0.10352232691632018,env_mode,1.0.0,env_only,random_forest,0,,
2359,50.83596,29.751984,0.1,0.1,7.0,7.0,16.0,18.0,56.0,56.0,124.0,125.0,67.0,67.0,116.0,3.7,6.21,2354,0.10126452174654459,env_mode,1.0.0,env_only,random_forest,0,,
2360,50.83596,29.73957,0.09,0.1,8.0,9.0,17.0,19.0,48.0,48.0,123.0,126.0,63.0,63.0,117.0,3.7,6.37,2355,0.10084621350896218,env_mode,1.0.0,env_only,random_forest,0,,
2361,50.837759,29.721866,0.09,0.09,8.0,7.0,20.0,21.0,45.0,45.0,129.0,129.0,68.0,68.0,117.0,2.3,7.03,2356,0.09740818548664905,env_mode,1.0.0,env_only,random_forest,0,,
2362,50.837374,29.707417,0.09,0.11,7.0,7.0,20.0,21.0,50.0,49.0,128.0,127.0,69.0,69.0,118.0,4.6,6.63,2357,0.09740748182945674,env_mode,1.0.0,env_only,random_forest,0,,
2363,50.837058,29.695338,0.1,0.1,7.0,7.0,19.0,20.0,46.0,45.0,128.0,128.0,69.0,69.0,118.0,6.1,6.1,2358,0.10004359295851045,env_mode,1.0.0,env_only,random_forest,0,,
2364,50.837052,29.68198,0.09,0.11,4.0,4.0,20.0,22.0,53.0,52.0,131.0,131.0,65.0,65.0,118.0,2.4,7.32,2359,0.10194099899997924,env_mode,1.0.0,env_only,random_forest,0,,
2365,50.837082,29.676306,0.1,0.1,3.0,3.0,20.0,21.0,51.0,51.0,131.0,129.0,65.0,65.0,119.0,45.0,3.86,2360,0.10448969607464224,env_mode,1.0.0,env_only,random_forest,0,,
2366,50.83732,29.67208,0.09,0.1,3.0,3.0,19.0,21.0,52.0,52.0,132.0,130.0,65.0,65.0,133.0,45.0,4.22,2361,0.10298901547593775,env_mode,1.0.0,env_only,random_forest,0,,
2367,50.837058,29.666779,0.09,0.1,3.0,3.0,18.0,20.0,54.0,54.0,135.0,134.0,65.0,65.0,132.0,31.0,4.68,2362,0.10343059930153606,env_mode,1.0.0,env_only,random_forest,0,,
2368,50.83714,29.66121,0.09,0.09,3.0,3.0,19.0,20.0,56.0,56.0,134.0,132.0,66.0,66.0,143.0,7.3,5.89,2363,0.09978322364016384,env_mode,1.0.0,env_only,random_forest,0,,
2369,50.837082,29.657267,0.09,0.09,4.0,4.0,16.0,18.0,54.0,54.0,133.0,133.0,66.0,66.0,144.0,3.4,7.18,2364,0.1006456983510634,env_mode,1.0.0,env_only,random_forest,0,,
2370,50.837082,29.652507,0.09,0.1,3.0,3.0,18.0,19.0,56.0,56.0,133.0,133.0,64.0,64.0,140.0,19.6,5.34,2365,0.10270237625792158,env_mode,1.0.0,env_only,random_forest,0,,
2371,50.83716,29.64882,0.1,0.1,3.0,3.0,19.0,20.0,54.0,55.0,135.0,134.0,63.0,63.0,143.0,6.3,6.27,2366,0.10291271065893973,env_mode,1.0.0,env_only,random_forest,0,,
2372,50.837082,29.642988,0.09,0.11,4.0,3.0,19.0,20.0,56.0,56.0,130.0,130.0,61.0,60.0,140.0,45.0,4.2,2367,0.10148681218554774,env_mode,1.0.0,env_only,random_forest,0,,
2373,50.837082,29.637414,0.11,0.11,3.0,3.0,18.0,19.0,65.0,65.0,135.0,135.0,61.0,61.0,138.0,33.5,4.68,2368,0.10183798108125455,env_mode,1.0.0,env_only,random_forest,0,,
2374,50.837082,29.62395,0.1,0.11,4.0,3.0,16.0,18.0,63.0,62.0,126.0,126.0,62.0,62.0,146.0,15.6,5.28,2369,0.1014478796848631,env_mode,1.0.0,env_only,random_forest,0,,
2375,50.837058,29.609661,0.1,0.1,4.0,4.0,14.0,14.0,65.0,65.0,127.0,132.0,63.0,63.0,151.0,3.9,6.39,2370,0.10012705359534603,env_mode,1.0.0,env_only,random_forest,0,,
2376,50.837082,29.595391,0.09,0.11,4.0,4.0,14.0,15.0,68.0,68.0,135.0,135.0,62.0,62.0,149.0,6.7,6.44,2371,0.098399075650243,env_mode,1.0.0,env_only,random_forest,0,,
2377,50.837058,29.581102,0.1,0.1,3.0,3.0,12.0,13.0,64.0,64.0,135.0,136.0,65.0,64.0,150.0,8.9,5.45,2372,0.09919646198621805,env_mode,1.0.0,env_only,random_forest,0,,
2378,50.837058,29.566822,0.09,0.1,4.0,4.0,14.0,16.0,60.0,60.0,135.0,135.0,61.0,61.0,154.0,12.7,5.57,2373,0.10137693370632239,env_mode,1.0.0,env_only,random_forest,0,,
2379,50.837374,29.552035,0.09,0.1,4.0,4.0,16.0,17.0,60.0,60.0,136.0,134.0,61.0,62.0,150.0,10.5,6.27,2374,0.10101658773235231,env_mode,1.0.0,env_only,random_forest,0,,
2380,50.837309,29.548931,0.1,0.1,4.0,4.0,17.0,18.0,58.0,59.0,135.0,133.0,62.0,62.0,150.0,12.6,5.95,2375,0.1019795487130085,env_mode,1.0.0,env_only,random_forest,0,,
2381,50.837058,29.538263,0.1,0.12,5.0,4.0,19.0,20.0,57.0,57.0,134.0,132.0,63.0,63.0,154.0,6.3,6.67,2376,0.10153182431555931,env_mode,1.0.0,env_only,random_forest,0,,
2382,50.837058,29.523983,0.09,0.1,4.0,4.0,17.0,18.0,58.0,58.0,132.0,131.0,63.0,62.0,160.0,4.6,6.89,2377,0.10068827238420361,env_mode,1.0.0,env_only,random_forest,0,,
2383,50.837049,29.508803,0.1,0.1,4.0,4.0,14.0,15.0,59.0,59.0,130.0,130.0,60.0,60.0,162.0,3.5,6.53,2378,0.10145709930886818,env_mode,1.0.0,env_only,random_forest,0,,
2384,50.834084,29.519238,0.1,0.1,4.0,4.0,16.0,18.0,60.0,61.0,132.0,131.0,62.0,62.0,161.0,6.6,5.57,2379,0.10091577322630624,env_mode,1.0.0,env_only,random_forest,0,,
2385,50.834084,29.523996,0.09,0.09,4.0,4.0,17.0,18.0,57.0,57.0,135.0,133.0,62.0,62.0,162.0,5.5,6.5,2380,0.10146783265642301,env_mode,1.0.0,env_only,random_forest,0,,
2386,50.83403,29.52908,0.1,0.1,4.0,4.0,16.0,17.0,59.0,59.0,131.0,131.0,62.0,62.0,161.0,4.7,6.48,2381,0.10136380019004448,env_mode,1.0.0,env_only,random_forest,0,,
2387,50.834084,29.552555,0.1,0.1,4.0,4.0,16.0,18.0,59.0,59.0,135.0,133.0,62.0,62.0,155.0,6.0,6.21,2382,0.10134463217092976,env_mode,1.0.0,env_only,random_forest,0,,
2388,50.83419,29.55745,0.1,0.1,4.0,4.0,17.0,19.0,56.0,57.0,137.0,136.0,63.0,63.0,155.0,8.0,5.84,2383,0.10216995529256312,env_mode,1.0.0,env_only,random_forest,0,,
2389,50.834084,29.647747,0.1,0.11,3.0,3.0,18.0,20.0,56.0,56.0,135.0,133.0,61.0,61.0,142.0,33.3,4.21,2384,0.10190048221729282,env_mode,1.0.0,env_only,random_forest,0,,
2390,50.834084,29.652507,0.1,0.12,4.0,3.0,19.0,21.0,47.0,47.0,136.0,135.0,65.0,65.0,133.0,45.0,4.22,2385,0.10499610146258052,env_mode,1.0.0,env_only,random_forest,0,,
2391,50.834084,29.657267,0.09,0.11,3.0,3.0,19.0,21.0,40.0,41.0,131.0,128.0,64.0,64.0,133.0,45.0,3.8,2386,0.10437669970108066,env_mode,1.0.0,env_only,random_forest,0,,
2392,50.834084,29.781017,0.1,0.11,8.0,9.0,17.0,19.0,60.0,60.0,127.0,126.0,66.0,66.0,116.0,10.9,6.09,2387,0.09990765304019168,env_mode,1.0.0,env_only,random_forest,0,,
2393,50.83427,29.78509,0.08,0.1,5.0,6.0,17.0,18.0,62.0,62.0,127.0,129.0,67.0,67.0,117.0,6.5,6.44,2388,0.09867637712190752,env_mode,1.0.0,env_only,random_forest,0,,
2394,50.83427,29.78982,0.09,0.1,7.0,5.0,19.0,21.0,59.0,59.0,128.0,129.0,66.0,66.0,120.0,14.3,5.49,2389,0.09732470657102618,env_mode,1.0.0,env_only,random_forest,0,,
2395,50.83434,29.79478,0.1,0.11,5.0,4.0,18.0,19.0,58.0,58.0,129.0,130.0,66.0,66.0,120.0,13.4,5.83,2390,0.10042181740219634,env_mode,1.0.0,env_only,random_forest,0,,
2396,50.83407,29.79894,0.1,0.11,5.0,5.0,18.0,20.0,55.0,55.0,126.0,128.0,70.0,70.0,122.0,4.9,6.79,2391,0.0991392490389461,env_mode,1.0.0,env_only,random_forest,0,,
2397,50.834084,29.804816,0.09,0.1,5.0,4.0,19.0,20.0,55.0,55.0,118.0,120.0,67.0,67.0,127.0,7.7,5.51,2392,0.09968907600682467,env_mode,1.0.0,env_only,random_forest,0,,
2398,50.833328,29.937748,0.1,0.12,4.0,4.0,12.0,14.0,76.0,78.0,131.0,132.0,58.0,58.0,145.0,15.3,5.38,2393,0.10135234973947865,env_mode,1.0.0,env_only,random_forest,0,,
2399,50.83368,30.08092,0.09,0.09,4.0,4.0,16.0,17.0,58.0,59.0,135.0,136.0,68.0,68.0,125.0,2.5,7.23,2394,0.10153902014353078,env_mode,1.0.0,env_only,random_forest,0,,
2400,50.83356,30.08234,0.09,0.09,5.0,5.0,16.0,17.0,58.0,58.0,133.0,133.0,68.0,68.0,124.0,3.7,6.83,2395,0.10170169199090395,env_mode,1.0.0,env_only,random_forest,0,,
2401,50.83093,30.084467,0.1,0.1,4.0,4.0,14.0,16.0,56.0,56.0,132.0,131.0,68.0,68.0,122.0,14.3,5.22,2396,0.10297560143311714,env_mode,1.0.0,env_only,random_forest,0,,
2402,50.83198,30.08255,0.09,0.09,4.0,4.0,16.0,17.0,60.0,60.0,133.0,131.0,68.0,68.0,125.0,2.6,6.82,2397,0.1008868031075817,env_mode,1.0.0,env_only,random_forest,0,,
2403,50.83125,29.79986,0.11,0.12,4.0,4.0,19.0,20.0,53.0,53.0,123.0,126.0,69.0,69.0,132.0,45.0,3.95,2398,0.10394866771369494,env_mode,1.0.0,env_only,random_forest,0,,
2404,50.831086,29.795297,0.09,0.1,5.0,5.0,17.0,19.0,55.0,56.0,130.0,135.0,69.0,69.0,127.0,15.7,5.4,2399,0.10018257991728043,env_mode,1.0.0,env_only,random_forest,0,,
2405,50.83133,29.79038,0.1,0.1,5.0,5.0,19.0,20.0,58.0,58.0,132.0,137.0,67.0,67.0,122.0,7.8,6.43,2400,0.09941150783456636,env_mode,1.0.0,env_only,random_forest,0,,
2406,50.83024,29.78474,0.09,0.09,7.0,7.0,17.0,19.0,60.0,60.0,117.0,120.0,65.0,65.0,123.0,15.5,4.87,2401,0.10173025652021453,env_mode,1.0.0,env_only,random_forest,0,,
2407,50.83095,29.78084,0.11,0.11,7.0,5.0,16.0,18.0,57.0,57.0,130.0,131.0,66.0,66.0,124.0,23.6,4.57,2402,0.10312325919042512,env_mode,1.0.0,env_only,random_forest,0,,
2408,50.83109,29.77626,0.1,0.11,8.0,9.0,16.0,17.0,57.0,58.0,127.0,128.0,62.0,62.0,122.0,21.9,5.2,2403,0.10545553995825094,env_mode,1.0.0,env_only,random_forest,0,,
2409,50.831086,29.771498,0.09,0.09,8.0,9.0,15.0,16.0,61.0,61.0,128.0,128.0,63.0,63.0,122.0,16.6,5.36,2404,0.10517985131275825,env_mode,1.0.0,env_only,random_forest,0,,
2410,50.831086,29.766738,0.1,0.1,6.0,7.0,16.0,17.0,62.0,61.0,124.0,123.0,65.0,65.0,119.0,6.6,5.96,2405,0.1044488087916056,env_mode,1.0.0,env_only,random_forest,0,,
2411,50.831086,29.528756,0.09,0.1,3.0,4.0,16.0,18.0,60.0,60.0,136.0,134.0,60.0,60.0,160.0,12.6,5.6,2406,0.1012652959789339,env_mode,1.0.0,env_only,random_forest,0,,
2412,50.831086,29.523996,0.11,0.11,4.0,4.0,16.0,17.0,62.0,62.0,136.0,135.0,61.0,61.0,160.0,15.3,5.17,2407,0.10101688651705087,env_mode,1.0.0,env_only,random_forest,0,,
2413,50.83147,29.519772,0.1,0.11,4.0,4.0,16.0,18.0,62.0,62.0,132.0,132.0,60.0,60.0,160.0,21.4,4.99,2408,0.10161293178447944,env_mode,1.0.0,env_only,random_forest,0,,
2414,50.82844,29.523211,0.09,0.09,3.0,4.0,14.0,16.0,66.0,66.0,132.0,132.0,61.0,61.0,161.0,9.2,5.8,2409,0.09891604798463131,env_mode,1.0.0,env_only,random_forest,0,,
2415,50.828065,29.552542,0.09,0.11,3.0,3.0,16.0,18.0,62.0,62.0,136.0,136.0,60.0,60.0,152.0,1.9,7.23,2410,0.10006838612875217,env_mode,1.0.0,env_only,random_forest,0,,
2416,50.82792,29.56786,0.09,0.1,3.0,3.0,17.0,19.0,55.0,54.0,137.0,136.0,61.0,61.0,153.0,3.3,6.44,2411,0.10197355440769704,env_mode,1.0.0,env_only,random_forest,0,,
2417,50.828089,29.581112,0.1,0.1,3.0,3.0,15.0,17.0,55.0,55.0,134.0,135.0,64.0,64.0,149.0,3.0,6.68,2412,0.10166621608566258,env_mode,1.0.0,env_only,random_forest,0,,
2418,50.828065,29.595381,0.09,0.1,3.0,3.0,15.0,16.0,67.0,67.0,135.0,134.0,64.0,63.0,132.0,18.8,5.31,2413,0.10263258769542531,env_mode,1.0.0,env_only,random_forest,0,,
2419,50.828089,29.600151,0.09,0.1,4.0,4.0,15.0,16.0,64.0,63.0,134.0,136.0,63.0,63.0,145.0,25.3,4.69,2414,0.10079399805009308,env_mode,1.0.0,env_only,random_forest,0,,
2420,50.828089,29.604911,0.1,0.1,4.0,4.0,15.0,16.0,62.0,63.0,132.0,132.0,63.0,63.0,152.0,9.3,5.51,2415,0.0995997300026456,env_mode,1.0.0,env_only,random_forest,0,,
2421,50.82841,29.6095,0.09,0.09,4.0,3.0,17.0,18.0,65.0,65.0,132.0,133.0,64.0,64.0,145.0,8.8,5.95,2416,0.09850155315377615,env_mode,1.0.0,env_only,random_forest,0,,
2422,50.828089,29.62395,0.09,0.09,5.0,5.0,20.0,21.0,56.0,56.0,129.0,128.0,67.0,67.0,120.0,6.9,6.59,2417,0.09688881712252058,env_mode,1.0.0,env_only,random_forest,0,,
2423,50.828065,29.63822,0.09,0.1,4.0,5.0,20.0,21.0,48.0,48.0,129.0,128.0,65.0,65.0,119.0,1.5,7.59,2418,0.10312995723963701,env_mode,1.0.0,env_only,random_forest,0,,
2424,50.8291,29.65034,0.09,0.11,4.0,5.0,20.0,21.0,55.0,54.0,131.0,129.0,67.0,67.0,118.0,18.3,5.64,2419,0.09765270509457281,env_mode,1.0.0,env_only,random_forest,0,,
2425,50.828065,29.666779,0.1,0.11,4.0,5.0,19.0,20.0,53.0,53.0,131.0,131.0,66.0,66.0,118.0,3.1,6.51,2420,0.10055881290392867,env_mode,1.0.0,env_only,random_forest,0,,
2426,50.828065,29.681059,0.09,0.11,5.0,5.0,18.0,20.0,52.0,52.0,130.0,130.0,66.0,66.0,118.0,7.2,5.92,2421,0.10142331630130473,env_mode,1.0.0,env_only,random_forest,0,,
2427,50.828443,29.697905,0.09,0.1,7.0,7.0,18.0,19.0,50.0,50.0,126.0,128.0,66.0,66.0,118.0,6.6,5.83,2422,0.1011068118297521,env_mode,1.0.0,env_only,random_forest,0,,
2428,50.826066,29.710254,0.1,0.12,8.0,9.0,17.0,19.0,66.0,67.0,119.0,120.0,60.0,60.0,123.0,19.5,5.86,2423,0.10327311159343178,env_mode,1.0.0,env_only,random_forest,0,,
2429,50.828089,29.723902,0.11,0.11,8.0,8.0,18.0,19.0,62.0,63.0,116.0,117.0,60.0,61.0,118.0,21.0,6.02,2424,0.10335979486949357,env_mode,1.0.0,env_only,random_forest,0,,
2430,50.82842,29.7381,0.09,0.1,7.0,7.0,13.0,15.0,65.0,65.0,115.0,118.0,58.0,58.0,122.0,6.0,7.01,2425,0.10359182792068997,env_mode,1.0.0,env_only,random_forest,0,,
2431,50.828089,29.752459,0.09,0.1,7.0,7.0,14.0,15.0,72.0,72.0,118.0,122.0,58.0,58.0,139.0,45.0,4.0,2426,0.11136038211237467,env_mode,1.0.0,env_only,random_forest,0,,
2432,50.82842,29.76647,0.1,0.1,7.0,6.0,13.0,15.0,65.0,65.0,115.0,118.0,61.0,62.0,148.0,8.7,5.56,2427,0.10315576695910465,env_mode,1.0.0,env_only,random_forest,0,,
2433,50.8279,29.78119,0.1,0.11,10.0,7.0,13.0,15.0,68.0,68.0,118.0,122.0,60.0,59.0,133.0,4.6,7.36,2428,0.10485623415338217,env_mode,1.0.0,env_only,random_forest,0,,
2434,50.82849,29.79034,0.09,0.1,5.0,5.0,17.0,18.0,54.0,54.0,126.0,132.0,68.0,68.0,126.0,8.1,6.47,2429,0.0999870205882671,env_mode,1.0.0,env_only,random_forest,0,,
2435,50.828089,29.795297,0.1,0.11,4.0,4.0,16.0,18.0,60.0,60.0,119.0,122.0,66.0,66.0,131.0,23.7,4.56,2430,0.10364547798215554,env_mode,1.0.0,env_only,random_forest,0,,
2436,50.828089,29.800056,0.09,0.1,4.0,3.0,17.0,19.0,61.0,61.0,122.0,125.0,68.0,68.0,130.0,24.6,5.04,2431,0.10140609935205291,env_mode,1.0.0,env_only,random_forest,0,,
2437,50.82841,29.80969,0.08,0.08,5.0,4.0,15.0,16.0,58.0,58.0,121.0,125.0,62.0,62.0,135.0,10.3,5.74,2432,0.10325474663900533,env_mode,1.0.0,env_only,random_forest,0,,
2438,50.82773,29.82307,0.1,0.11,8.0,7.0,11.0,12.0,68.0,68.0,118.0,124.0,58.0,58.0,142.0,16.1,5.51,2433,0.10798426246657741,env_mode,1.0.0,env_only,random_forest,0,,
2439,50.828402,29.839952,0.1,0.1,11.0,10.0,10.0,12.0,79.0,79.0,109.0,119.0,53.0,53.0,163.0,25.7,4.72,2434,0.104998147608857,env_mode,1.0.0,env_only,random_forest,0,,
2440,50.828862,29.852333,0.11,0.11,11.0,10.0,10.0,11.0,77.0,77.0,115.0,121.0,51.0,51.0,168.0,18.3,4.81,2435,0.1064406944577041,env_mode,1.0.0,env_only,random_forest,0,,
2441,50.828065,29.866694,0.11,0.12,11.0,10.0,10.0,11.0,70.0,70.0,106.0,114.0,53.0,53.0,160.0,23.2,4.62,2436,0.10258228622600554,env_mode,1.0.0,env_only,random_forest,0,,
2442,50.828065,29.880973,0.1,0.11,5.0,5.0,13.0,15.0,72.0,73.0,113.0,120.0,57.0,57.0,144.0,18.0,5.46,2437,0.10364411126879873,env_mode,1.0.0,env_only,random_forest,0,,
2443,50.828065,29.895253,0.11,0.11,7.0,7.0,13.0,14.0,69.0,70.0,113.0,119.0,60.0,60.0,135.0,13.0,5.88,2438,0.10535650924261634,env_mode,1.0.0,env_only,random_forest,0,,
2444,50.82973,29.90933,0.11,0.13,6.0,5.0,11.0,13.0,70.0,70.0,123.0,125.0,56.0,56.0,133.0,10.9,5.71,2439,0.10894133653898667,env_mode,1.0.0,env_only,random_forest,0,,
2445,50.828089,29.923806,0.12,0.13,5.0,7.0,13.0,14.0,71.0,70.0,126.0,128.0,58.0,58.0,128.0,31.4,5.47,2440,0.1112194332042414,env_mode,1.0.0,env_only,random_forest,0,,
2446,50.828065,29.938092,0.11,0.12,7.0,7.0,16.0,18.0,72.0,71.0,123.0,124.0,57.0,58.0,137.0,45.0,4.27,2441,0.10937482678282079,env_mode,1.0.0,env_only,random_forest,0,,
2447,50.828089,29.952364,0.11,0.13,6.0,6.0,12.0,13.0,77.0,78.0,120.0,125.0,55.0,56.0,139.0,14.3,5.53,2442,0.11051018322077899,env_mode,1.0.0,env_only,random_forest,0,,
2448,50.828065,29.966651,0.13,0.13,7.0,7.0,11.0,12.0,76.0,76.0,116.0,124.0,53.0,53.0,157.0,21.8,4.57,2443,0.10850483755606928,env_mode,1.0.0,env_only,random_forest,0,,
2449,50.828065,29.98093,0.12,0.13,5.0,6.0,11.0,12.0,75.0,74.0,120.0,126.0,54.0,55.0,143.0,12.5,5.33,2444,0.11023693684816727,env_mode,1.0.0,env_only,random_forest,0,,
2450,50.828065,29.99521,0.12,0.14,4.0,4.0,11.0,12.0,74.0,74.0,131.0,133.0,56.0,56.0,136.0,8.3,5.91,2445,0.10889532809132077,env_mode,1.0.0,env_only,random_forest,0,,
2451,50.828065,30.00949,0.12,0.15,7.0,6.0,11.0,12.0,78.0,78.0,117.0,124.0,51.0,51.0,155.0,20.5,4.86,2446,0.10804280113557681,env_mode,1.0.0,env_only,random_forest,0,,
2452,50.828065,30.023769,0.12,0.12,7.0,6.0,12.0,13.0,79.0,79.0,119.0,126.0,49.0,50.0,140.0,11.3,5.62,2447,0.11553561921171807,env_mode,1.0.0,env_only,random_forest,0,,
2453,50.828089,30.038037,0.11,0.13,3.0,3.0,14.0,15.0,73.0,73.0,127.0,131.0,58.0,58.0,134.0,6.3,6.54,2448,0.10438998838552888,env_mode,1.0.0,env_only,random_forest,0,,
2454,50.828089,30.052317,0.11,0.12,3.0,4.0,18.0,19.0,64.0,64.0,135.0,135.0,59.0,59.0,134.0,7.1,6.48,2449,0.1022574918377464,env_mode,1.0.0,env_only,random_forest,0,,
2455,50.828065,30.066608,0.1,0.12,5.0,6.0,14.0,15.0,64.0,64.0,127.0,131.0,60.0,60.0,152.0,24.1,4.71,2450,0.10283966630736628,env_mode,1.0.0,env_only,random_forest,0,,
2456,50.827524,30.081477,0.09,0.1,4.0,4.0,16.0,17.0,56.0,56.0,130.0,129.0,66.0,66.0,125.0,2.8,6.56,2451,0.10166030926877057,env_mode,1.0.0,env_only,random_forest,0,,
2457,50.828111,30.08584,0.1,0.1,4.0,4.0,14.0,16.0,61.0,61.0,129.0,127.0,67.0,67.0,122.0,11.7,5.99,2452,0.10236383403120475,env_mode,1.0.0,env_only,random_forest,0,,
2458,50.827579,30.089182,0.1,0.1,5.0,5.0,16.0,17.0,59.0,59.0,130.0,129.0,67.0,67.0,123.0,3.2,6.87,2453,0.10101826689820058,env_mode,1.0.0,env_only,random_forest,0,,
2459,50.828065,30.095167,0.09,0.1,6.0,5.0,16.0,17.0,54.0,54.0,126.0,126.0,66.0,66.0,122.0,8.2,5.96,2454,0.10173884044610626,env_mode,1.0.0,env_only,random_forest,0,,
2460,50.8251,30.09468,0.1,0.1,7.0,7.0,15.0,16.0,57.0,57.0,128.0,127.0,66.0,66.0,128.0,5.6,6.67,2455,0.10248909146244121,env_mode,1.0.0,env_only,random_forest,0,,
2461,50.82557,29.60904,0.1,0.11,3.0,3.0,19.0,20.0,58.0,57.0,132.0,132.0,61.0,61.0,141.0,45.0,3.9,2456,0.10191638247828612,env_mode,1.0.0,env_only,random_forest,0,,
2462,50.825091,29.604911,0.09,0.11,4.0,4.0,17.0,19.0,59.0,59.0,131.0,131.0,60.0,60.0,142.0,41.9,4.1,2457,0.10210787015487943,env_mode,1.0.0,env_only,random_forest,0,,
2463,50.824501,29.595492,0.09,0.1,3.0,4.0,17.0,18.0,64.0,64.0,136.0,135.0,63.0,63.0,141.0,36.0,4.61,2458,0.100656033384111,env_mode,1.0.0,env_only,random_forest,0,,
2464,50.825091,29.590218,0.1,0.1,3.0,3.0,15.0,17.0,63.0,63.0,134.0,133.0,65.0,65.0,147.0,2.4,7.12,2459,0.09897097967263183,env_mode,1.0.0,env_only,random_forest,0,,
2465,50.825091,29.585872,0.1,0.11,3.0,4.0,16.0,18.0,63.0,63.0,135.0,135.0,64.0,64.0,148.0,0.9,7.78,2460,0.09907293157601876,env_mode,1.0.0,env_only,random_forest,0,,
2466,50.822093,29.581112,0.09,0.11,3.0,3.0,16.0,18.0,63.0,62.0,134.0,135.0,63.0,63.0,147.0,18.3,5.13,2461,0.09961695383856138,env_mode,1.0.0,env_only,random_forest,0,,
2467,50.822093,29.585872,0.09,0.1,3.0,3.0,15.0,17.0,63.0,62.0,131.0,131.0,62.0,62.0,149.0,2.4,6.92,2462,0.09951929131747346,env_mode,1.0.0,env_only,random_forest,0,,
2468,50.822093,29.590632,0.1,0.1,3.0,3.0,15.0,17.0,62.0,61.0,134.0,133.0,65.0,65.0,149.0,7.6,5.52,2463,0.09915583793939799,env_mode,1.0.0,env_only,random_forest,0,,
2469,50.822093,29.595391,0.09,0.11,3.0,3.0,19.0,20.0,60.0,59.0,134.0,132.0,64.0,64.0,147.0,6.1,6.32,2464,0.10004601217945747,env_mode,1.0.0,env_only,random_forest,0,,
2470,50.822093,29.600151,0.1,0.1,3.0,3.0,19.0,21.0,57.0,56.0,134.0,133.0,62.0,62.0,142.0,23.3,4.95,2465,0.10239888528008585,env_mode,1.0.0,env_only,random_forest,0,,
2471,50.822093,29.604911,0.09,0.11,4.0,4.0,19.0,20.0,56.0,55.0,129.0,129.0,62.0,63.0,125.0,34.2,3.93,2466,0.10327126772762943,env_mode,1.0.0,env_only,random_forest,0,,
2472,50.819096,30.095153,0.1,0.11,5.0,5.0,14.0,15.0,64.0,64.0,133.0,133.0,63.0,63.0,122.0,5.4,6.8,2467,0.10294118799367932,env_mode,1.0.0,env_only,random_forest,0,,
2473,50.819096,30.080875,0.11,0.11,4.0,4.0,14.0,16.0,72.0,72.0,132.0,134.0,64.0,64.0,127.0,5.5,6.62,2468,0.10447000435861535,env_mode,1.0.0,env_only,random_forest,0,,
2474,50.819096,30.066596,0.1,0.12,8.0,8.0,12.0,13.0,72.0,73.0,122.0,128.0,57.0,57.0,148.0,40.2,3.89,2469,0.10452884597061261,env_mode,1.0.0,env_only,random_forest,0,,
2475,50.819108,30.051044,0.11,0.13,5.0,5.0,12.0,14.0,78.0,78.0,123.0,130.0,55.0,55.0,144.0,34.8,4.95,2470,0.10703389550595463,env_mode,1.0.0,env_only,random_forest,0,,
2476,50.819096,30.038037,0.12,0.13,8.0,7.0,11.0,13.0,81.0,81.0,118.0,125.0,49.0,49.0,153.0,14.2,5.47,2471,0.11033540718698258,env_mode,1.0.0,env_only,random_forest,0,,
2477,50.819096,30.023759,0.12,0.14,12.0,10.0,12.0,14.0,79.0,79.0,113.0,123.0,47.0,47.0,152.0,5.3,6.98,2472,0.11322065480929498,env_mode,1.0.0,env_only,random_forest,0,,
2478,50.819096,30.00948,0.12,0.14,9.0,8.0,11.0,12.0,78.0,78.0,116.0,124.0,50.0,50.0,150.0,24.9,4.78,2473,0.11341838095499986,env_mode,1.0.0,env_only,random_forest,0,,
2479,50.819071,29.99521,0.1,0.13,5.0,5.0,11.0,12.0,74.0,75.0,121.0,127.0,57.0,57.0,144.0,6.4,5.68,2474,0.1035008909030981,env_mode,1.0.0,env_only,random_forest,0,,
2480,50.819071,29.98093,0.11,0.12,9.0,8.0,10.0,12.0,71.0,71.0,107.0,111.0,55.0,55.0,165.0,45.0,4.17,2475,0.10302999228948527,env_mode,1.0.0,env_only,random_forest,0,,
2481,50.819096,29.966644,0.11,0.13,6.0,5.0,10.0,11.0,78.0,78.0,110.0,118.0,52.0,52.0,154.0,45.0,3.91,2476,0.10675344347006102,env_mode,1.0.0,env_only,random_forest,0,,
2482,50.819071,29.952371,0.11,0.12,7.0,7.0,10.0,12.0,75.0,76.0,114.0,121.0,51.0,51.0,154.0,39.0,4.21,2477,0.10792608137051266,env_mode,1.0.0,env_only,random_forest,0,,
2483,50.819096,29.938085,0.12,0.12,6.0,7.0,11.0,13.0,74.0,74.0,119.0,124.0,53.0,53.0,146.0,15.8,5.2,2478,0.11201089320923727,env_mode,1.0.0,env_only,random_forest,0,,
2484,50.819096,29.923806,0.11,0.13,8.0,8.0,15.0,16.0,71.0,71.0,124.0,126.0,58.0,58.0,132.0,13.2,6.44,2479,0.10735995988683751,env_mode,1.0.0,env_only,random_forest,0,,
2485,50.819071,29.909532,0.1,0.1,4.0,4.0,17.0,18.0,62.0,62.0,132.0,130.0,62.0,62.0,128.0,1.0,8.34,2480,0.10220013674312539,env_mode,1.0.0,env_only,random_forest,0,,
2486,50.819096,29.904768,0.09,0.11,3.0,3.0,17.0,19.0,66.0,66.0,137.0,135.0,62.0,62.0,129.0,6.3,7.03,2481,0.10112096560722858,env_mode,1.0.0,env_only,random_forest,0,,
2487,50.81948,29.89986,0.1,0.11,4.0,4.0,18.0,19.0,62.0,62.0,136.0,134.0,64.0,64.0,132.0,12.7,5.12,2482,0.10121296067435552,env_mode,1.0.0,env_only,random_forest,0,,
2488,50.819071,29.895253,0.09,0.1,5.0,5.0,18.0,19.0,60.0,59.0,133.0,132.0,61.0,61.0,134.0,6.0,6.08,2483,0.10219884109161155,env_mode,1.0.0,env_only,random_forest,0,,
2489,50.818581,29.881112,0.1,0.11,5.0,5.0,15.0,17.0,71.0,72.0,123.0,128.0,59.0,60.0,139.0,17.5,5.29,2484,0.10357669605165656,env_mode,1.0.0,env_only,random_forest,0,,
2490,50.819096,29.86669,0.1,0.12,8.0,7.0,10.0,12.0,76.0,76.0,117.0,124.0,52.0,52.0,159.0,25.7,4.29,2485,0.10598386985073503,env_mode,1.0.0,env_only,random_forest,0,,
2491,50.819096,29.852412,0.11,0.11,8.0,7.0,10.0,11.0,77.0,77.0,109.0,117.0,50.0,50.0,163.0,15.9,5.11,2486,0.10583395884929858,env_mode,1.0.0,env_only,random_forest,0,,
2492,50.818589,29.837039,0.1,0.1,5.0,6.0,12.0,13.0,79.0,78.0,119.0,126.0,52.0,53.0,160.0,20.5,5.3,2487,0.10546138949183195,env_mode,1.0.0,env_only,random_forest,0,,
2493,50.819096,29.823854,0.1,0.11,8.0,8.0,12.0,13.0,71.0,71.0,112.0,119.0,52.0,52.0,165.0,28.2,4.56,2488,0.10050849120025215,env_mode,1.0.0,env_only,random_forest,0,,
2494,50.819096,29.809575,0.1,0.1,6.0,5.0,13.0,15.0,71.0,71.0,119.0,126.0,59.0,59.0,145.0,17.6,5.58,2489,0.10357448145531618,env_mode,1.0.0,env_only,random_forest,0,,
2495,50.819071,29.795296,0.11,0.11,5.0,5.0,12.0,13.0,71.0,72.0,115.0,121.0,61.0,61.0,159.0,45.0,4.21,2490,0.10420180764022817,env_mode,1.0.0,env_only,random_forest,0,,
2496,50.819096,29.781017,0.09,0.11,4.0,4.0,12.0,13.0,72.0,72.0,116.0,122.0,60.0,60.0,141.0,43.8,4.07,2491,0.10459044550959111,env_mode,1.0.0,env_only,random_forest,0,,
2497,50.819071,29.766736,0.1,0.1,7.0,5.0,10.0,12.0,68.0,68.0,110.0,117.0,58.0,58.0,132.0,12.3,5.58,2492,0.1057914340587553,env_mode,1.0.0,env_only,random_forest,0,,
2498,50.819096,29.752459,0.1,0.12,10.0,8.0,12.0,13.0,72.0,72.0,112.0,120.0,55.0,55.0,132.0,28.5,5.38,2493,0.11304483889835958,env_mode,1.0.0,env_only,random_forest,0,,
2499,50.819401,29.73729,0.09,0.1,9.0,9.0,11.0,12.0,76.0,76.0,115.0,121.0,54.0,54.0,140.0,45.0,3.82,2494,0.11370506987402847,env_mode,1.0.0,env_only,random_forest,0,,
2500,50.819096,29.723902,0.12,0.13,8.0,9.0,11.0,12.0,71.0,71.0,115.0,121.0,55.0,55.0,140.0,7.3,5.66,2495,0.11373779897411068,env_mode,1.0.0,env_only,random_forest,0,,
2501,50.819096,29.709623,0.12,0.13,12.0,10.0,12.0,13.0,70.0,70.0,113.0,118.0,57.0,57.0,146.0,24.6,4.72,2496,0.10521167772890906,env_mode,1.0.0,env_only,random_forest,0,,
2502,50.819096,29.695343,0.1,0.1,11.0,11.0,11.0,13.0,72.0,72.0,112.0,118.0,55.0,55.0,147.0,25.9,4.37,2497,0.1033369511507367,env_mode,1.0.0,env_only,random_forest,0,,
2503,50.819096,29.681065,0.1,0.11,8.0,7.0,13.0,15.0,74.0,74.0,116.0,119.0,57.0,57.0,147.0,15.7,4.71,2498,0.1040383121797604,env_mode,1.0.0,env_only,random_forest,0,,
2504,50.819071,29.666779,0.11,0.12,7.0,8.0,14.0,16.0,72.0,72.0,120.0,126.0,60.0,60.0,126.0,14.1,5.58,2499,0.10864019888531119,env_mode,1.0.0,env_only,random_forest,0,,
2505,50.819071,29.6525,0.11,0.12,10.0,9.0,17.0,19.0,57.0,58.0,120.0,118.0,66.0,66.0,127.0,30.8,4.37,2500,0.1027419941306697,env_mode,1.0.0,env_only,random_forest,0,,
2506,50.819071,29.63822,0.09,0.19,4.0,5.0,17.0,19.0,53.0,53.0,124.0,125.0,65.0,65.0,119.0,5.1,6.98,2501,0.10030721719453582,env_mode,1.0.0,env_only,random_forest,0,,
2507,50.819008,29.621102,0.1,0.11,7.0,7.0,19.0,21.0,45.0,44.0,126.0,125.0,69.0,69.0,119.0,3.3,6.42,2502,0.09938759646157497,env_mode,1.0.0,env_only,random_forest,0,,
2508,50.819096,29.60967,0.1,0.11,6.0,6.0,20.0,21.0,48.0,48.0,132.0,130.0,67.0,67.0,119.0,5.3,7.1,2503,0.09841825803749431,env_mode,1.0.0,env_only,random_forest,0,,
2509,50.8195,29.60038,0.1,0.12,4.0,3.0,18.0,20.0,49.0,49.0,131.0,131.0,64.0,64.0,146.0,13.7,5.06,2504,0.10575241860355025,env_mode,1.0.0,env_only,random_forest,0,,
2510,50.81923,29.59508,0.1,0.11,3.0,3.0,18.0,20.0,59.0,59.0,131.0,130.0,65.0,65.0,145.0,3.3,6.94,2505,0.100021677772902,env_mode,1.0.0,env_only,random_forest,0,,
2511,50.819096,29.590632,0.08,0.11,3.0,3.0,17.0,19.0,62.0,62.0,134.0,133.0,64.0,64.0,145.0,5.7,6.22,2506,0.09871502459095771,env_mode,1.0.0,env_only,random_forest,0,,
2512,50.819096,29.585872,0.09,0.1,3.0,3.0,15.0,17.0,63.0,63.0,133.0,131.0,64.0,64.0,141.0,28.9,4.65,2507,0.10115841545404286,env_mode,1.0.0,env_only,random_forest,0,,
2513,50.81824,29.58169,0.11,0.11,3.0,3.0,15.0,18.0,63.0,62.0,135.0,134.0,64.0,64.0,137.0,41.1,4.64,2508,0.10207883857986037,env_mode,1.0.0,env_only,random_forest,0,,
2514,50.81944,29.57624,0.1,0.11,3.0,3.0,17.0,19.0,60.0,60.0,138.0,136.0,61.0,61.0,146.0,10.4,5.78,2509,0.10131801866759173,env_mode,1.0.0,env_only,random_forest,0,,
2515,50.819096,29.566834,0.1,0.1,4.0,4.0,15.0,16.0,62.0,62.0,134.0,135.0,61.0,61.0,151.0,3.3,6.75,2510,0.10055017093917341,env_mode,1.0.0,env_only,random_forest,0,,
2516,50.819096,29.552555,0.1,0.1,3.0,3.0,15.0,17.0,66.0,66.0,136.0,136.0,61.0,61.0,152.0,6.3,6.05,2511,0.09844305734626732,env_mode,1.0.0,env_only,random_forest,0,,
2517,50.81679,29.57096,0.09,0.09,3.0,3.0,17.0,19.0,63.0,63.0,135.0,135.0,61.0,61.0,153.0,17.8,4.97,2512,0.09986864845490438,env_mode,1.0.0,env_only,random_forest,0,,
2518,50.816099,29.576353,0.09,0.11,3.0,3.0,16.0,18.0,60.0,60.0,136.0,135.0,62.0,62.0,148.0,7.7,5.94,2513,0.10077476485345095,env_mode,1.0.0,env_only,random_forest,0,,
2519,50.816099,29.581112,0.09,0.1,3.0,3.0,16.0,18.0,64.0,63.0,134.0,132.0,64.0,64.0,143.0,16.6,5.46,2514,0.09954897602434327,env_mode,1.0.0,env_only,random_forest,0,,
2520,50.816099,29.585872,0.12,0.13,3.0,3.0,17.0,19.0,62.0,62.0,133.0,133.0,64.0,65.0,131.0,30.7,4.98,2515,0.10256400368400857,env_mode,1.0.0,env_only,random_forest,0,,
2521,50.81621,29.5904,0.1,0.1,3.0,3.0,18.0,20.0,60.0,60.0,132.0,131.0,65.0,65.0,146.0,18.5,4.93,2516,0.1009089196940424,env_mode,1.0.0,env_only,random_forest,0,,
2522,50.816099,29.595391,0.1,0.11,3.0,3.0,19.0,20.0,58.0,57.0,132.0,131.0,63.0,63.0,136.0,35.3,4.66,2517,0.10231738850298416,env_mode,1.0.0,env_only,random_forest,0,,
2523,50.816099,29.633469,0.09,0.1,4.0,5.0,17.0,18.0,51.0,51.0,125.0,126.0,63.0,63.0,119.0,6.7,6.53,2518,0.10278677574261835,env_mode,1.0.0,env_only,random_forest,0,,
2524,50.816099,29.638228,0.1,0.11,5.0,5.0,16.0,17.0,55.0,55.0,126.0,125.0,68.0,68.0,122.0,5.5,6.52,2519,0.10189245782611234,env_mode,1.0.0,env_only,random_forest,0,,
2525,50.816099,29.895249,0.09,0.09,4.0,3.0,19.0,20.0,62.0,61.0,135.0,133.0,64.0,64.0,132.0,15.6,5.19,2520,0.10085137628730105,env_mode,1.0.0,env_only,random_forest,0,,
2526,50.816099,29.900008,0.1,0.1,3.0,3.0,20.0,21.0,62.0,62.0,135.0,133.0,65.0,65.0,130.0,9.7,5.19,2521,0.10044659786783439,env_mode,1.0.0,env_only,random_forest,0,,
2527,50.816099,29.9043,0.09,0.11,4.0,4.0,17.0,19.0,61.0,61.0,133.0,132.0,64.0,64.0,130.0,5.9,6.55,2522,0.10172232935917506,env_mode,1.0.0,env_only,random_forest,0,,
2528,50.81319,29.90949,0.08,0.09,4.0,4.0,18.0,20.0,60.0,60.0,134.0,133.0,64.0,64.0,131.0,7.6,5.74,2523,0.10140559013920226,env_mode,1.0.0,env_only,random_forest,0,,
2529,50.813101,29.904768,0.09,0.1,4.0,4.0,18.0,19.0,60.0,59.0,134.0,132.0,63.0,63.0,130.0,6.1,5.83,2524,0.10236104306081865,env_mode,1.0.0,env_only,random_forest,0,,
2530,50.813101,29.633469,0.09,0.1,7.0,7.0,15.0,16.0,66.0,66.0,121.0,123.0,64.0,64.0,130.0,16.5,5.09,2525,0.10578076959761916,env_mode,1.0.0,env_only,random_forest,0,,
2531,50.813173,29.59632,0.11,0.12,4.0,4.0,19.0,21.0,42.0,41.0,129.0,129.0,64.0,64.0,120.0,6.8,6.39,2526,0.10575532110605636,env_mode,1.0.0,env_only,random_forest,0,,
2532,50.813101,29.590632,0.09,0.11,3.0,3.0,19.0,21.0,51.0,50.0,131.0,130.0,65.0,65.0,126.0,31.7,4.89,2527,0.10457003568260045,env_mode,1.0.0,env_only,random_forest,0,,
2533,50.813392,29.58649,0.1,0.1,3.0,3.0,17.0,18.0,54.0,54.0,132.0,131.0,66.0,65.0,139.0,40.1,4.56,2528,0.10309053860347264,env_mode,1.0.0,env_only,random_forest,0,,
2534,50.813101,29.581112,0.1,0.1,3.0,3.0,16.0,18.0,61.0,61.0,132.0,130.0,64.0,64.0,147.0,6.5,5.89,2529,0.10002115898379751,env_mode,1.0.0,env_only,random_forest,0,,
2535,50.813101,29.576353,0.09,0.11,3.0,3.0,16.0,18.0,64.0,63.0,133.0,132.0,64.0,64.0,150.0,8.3,5.35,2530,0.0981662532087872,env_mode,1.0.0,env_only,random_forest,0,,
2536,50.813101,29.571594,0.09,0.1,4.0,4.0,13.0,15.0,63.0,63.0,131.0,131.0,61.0,61.0,153.0,26.2,4.61,2531,0.101838896694872,env_mode,1.0.0,env_only,random_forest,0,,
2537,50.8093,29.495831,0.1,0.1,3.0,3.0,15.0,18.0,63.0,63.0,135.0,135.0,60.0,60.0,160.0,2.0,7.4,2532,0.10019207114174443,env_mode,1.0.0,env_only,random_forest,0,,
2538,50.81015,29.5099,0.09,0.1,3.0,4.0,16.0,17.0,57.0,57.0,137.0,136.0,64.0,64.0,156.0,4.9,6.49,2533,0.10070715234066609,env_mode,1.0.0,env_only,random_forest,0,,
2539,50.810102,29.523996,0.1,0.1,3.0,3.0,16.0,18.0,54.0,54.0,134.0,133.0,63.0,63.0,152.0,7.3,6.58,2534,0.1018971161109468,env_mode,1.0.0,env_only,random_forest,0,,
2540,50.810078,29.538263,0.09,0.1,4.0,4.0,13.0,14.0,66.0,66.0,130.0,131.0,61.0,61.0,160.0,22.9,5.04,2535,0.1018793198882647,env_mode,1.0.0,env_only,random_forest,0,,
2541,50.81083,29.55265,0.1,0.1,4.0,4.0,12.0,13.0,68.0,67.0,133.0,134.0,62.0,62.0,158.0,10.6,5.27,2536,0.10000859586547407,env_mode,1.0.0,env_only,random_forest,0,,
2542,50.810078,29.566822,0.09,0.11,3.0,4.0,12.0,13.0,65.0,65.0,131.0,132.0,63.0,63.0,151.0,5.3,6.5,2537,0.09893228351932057,env_mode,1.0.0,env_only,random_forest,0,,
2543,50.810386,29.577075,0.09,0.09,3.0,3.0,17.0,19.0,60.0,61.0,134.0,132.0,65.0,65.0,145.0,3.9,6.8,2538,0.0990414594210348,env_mode,1.0.0,env_only,random_forest,0,,
2544,50.810078,29.581102,0.1,0.1,4.0,4.0,17.0,18.0,60.0,60.0,132.0,131.0,66.0,66.0,146.0,18.0,4.93,2539,0.1000825687079402,env_mode,1.0.0,env_only,random_forest,0,,
2545,50.810451,29.586387,0.09,0.1,4.0,4.0,19.0,21.0,48.0,48.0,134.0,133.0,66.0,66.0,143.0,30.8,4.79,2540,0.10153765997306514,env_mode,1.0.0,env_only,random_forest,0,,
2546,50.810102,29.590632,0.09,0.11,4.0,5.0,20.0,21.0,41.0,41.0,131.0,129.0,66.0,65.0,120.0,4.7,6.45,2541,0.10264518417373752,env_mode,1.0.0,env_only,random_forest,0,,
2547,50.81082,29.595391,0.1,0.11,5.0,5.0,19.0,21.0,47.0,47.0,132.0,130.0,68.0,68.0,120.0,2.9,7.6,2542,0.10060691373324784,env_mode,1.0.0,env_only,random_forest,0,,
2548,50.810078,29.609661,0.09,0.1,6.0,7.0,19.0,21.0,48.0,48.0,125.0,126.0,65.0,65.0,119.0,7.5,6.23,2543,0.09969740151534054,env_mode,1.0.0,env_only,random_forest,0,,
2549,50.81091,29.62341,0.11,0.11,8.0,8.0,15.0,16.0,61.0,61.0,119.0,124.0,63.0,63.0,140.0,18.1,5.03,2544,0.10705027409190115,env_mode,1.0.0,env_only,random_forest,0,,
2550,50.810102,29.638228,0.1,0.1,8.0,7.0,13.0,14.0,69.0,69.0,115.0,119.0,60.0,60.0,132.0,24.8,4.5,2545,0.10687041467015244,env_mode,1.0.0,env_only,random_forest,0,,
2551,50.810102,29.652507,0.09,0.1,8.0,8.0,13.0,14.0,72.0,73.0,111.0,119.0,57.0,57.0,138.0,14.2,5.2,2546,0.10590893534226446,env_mode,1.0.0,env_only,random_forest,0,,
2552,50.810078,29.666779,0.12,0.12,10.0,8.0,13.0,14.0,70.0,70.0,108.0,117.0,57.0,57.0,132.0,35.1,4.19,2547,0.11193291415274749,env_mode,1.0.0,env_only,random_forest,0,,
2553,50.810102,29.681065,0.09,0.11,8.0,8.0,13.0,14.0,78.0,78.0,111.0,119.0,52.0,52.0,137.0,25.3,5.15,2548,0.11113928348240878,env_mode,1.0.0,env_only,random_forest,0,,
2554,50.810102,29.695343,0.09,0.09,10.0,9.0,13.0,14.0,73.0,73.0,112.0,119.0,56.0,56.0,147.0,21.0,4.89,2549,0.10184440625526045,env_mode,1.0.0,env_only,random_forest,0,,
2555,50.810102,29.709623,0.09,0.11,8.0,8.0,13.0,14.0,68.0,68.0,113.0,120.0,56.0,56.0,146.0,6.7,6.52,2550,0.10398317011941549,env_mode,1.0.0,env_only,random_forest,0,,
2556,50.810102,29.723902,0.09,0.1,7.0,6.0,13.0,14.0,73.0,72.0,111.0,118.0,56.0,56.0,145.0,45.0,4.05,2551,0.10057905635405616,env_mode,1.0.0,env_only,random_forest,0,,
2557,50.810078,29.7372,0.09,0.1,10.0,10.0,12.0,13.0,71.0,72.0,117.0,123.0,52.0,52.0,150.0,40.4,4.1,2552,0.10864204145460207,env_mode,1.0.0,env_only,random_forest,0,,
2558,50.810102,29.752459,0.1,0.12,7.0,6.0,11.0,13.0,74.0,74.0,108.0,114.0,54.0,54.0,143.0,12.6,6.38,2553,0.10721038263234431,env_mode,1.0.0,env_only,random_forest,0,,
2559,50.810078,29.766736,0.1,0.11,5.0,4.0,12.0,14.0,73.0,72.0,124.0,130.0,61.0,61.0,142.0,4.6,6.32,2554,0.10262014861231761,env_mode,1.0.0,env_only,random_forest,0,,
2560,50.810102,29.781017,0.11,0.11,10.0,9.0,10.0,12.0,69.0,69.0,112.0,119.0,52.0,53.0,170.0,45.0,3.36,2555,0.10406019024244562,env_mode,1.0.0,env_only,random_forest,0,,
2561,50.810078,29.795296,0.1,0.12,8.0,6.0,12.0,13.0,74.0,74.0,117.0,124.0,52.0,53.0,165.0,12.4,5.5,2556,0.1044561558747198,env_mode,1.0.0,env_only,random_forest,0,,
2562,50.810157,29.812035,0.1,0.12,8.0,7.0,12.0,13.0,70.0,70.0,112.0,120.0,51.0,51.0,154.0,19.9,5.09,2557,0.10171657555584719,env_mode,1.0.0,env_only,random_forest,0,,
2563,50.810078,29.823855,0.09,0.11,8.0,6.0,12.0,13.0,70.0,69.0,113.0,120.0,51.0,51.0,161.0,7.0,5.89,2558,0.10281089740320373,env_mode,1.0.0,env_only,random_forest,0,,
2564,50.810078,29.838134,0.1,0.12,5.0,5.0,12.0,14.0,74.0,74.0,119.0,127.0,52.0,52.0,150.0,14.4,5.7,2559,0.10647040927355628,env_mode,1.0.0,env_only,random_forest,0,,
2565,50.809958,29.851704,0.11,0.12,7.0,5.0,11.0,13.0,78.0,77.0,120.0,128.0,54.0,55.0,154.0,22.2,4.47,2560,0.10673551050495776,env_mode,1.0.0,env_only,random_forest,0,,
2566,50.809958,29.867135,0.11,0.12,6.0,5.0,10.0,12.0,72.0,71.0,119.0,125.0,56.0,56.0,163.0,16.1,4.91,2561,0.10471954985120667,env_mode,1.0.0,env_only,random_forest,0,,
2567,50.810102,29.88097,0.1,0.11,4.0,3.0,16.0,17.0,58.0,57.0,134.0,133.0,61.0,61.0,132.0,10.5,5.95,2562,0.10414048546746703,env_mode,1.0.0,env_only,random_forest,0,,
2568,50.810102,29.895249,0.1,0.1,5.0,5.0,18.0,20.0,52.0,52.0,137.0,136.0,66.0,66.0,129.0,1.9,7.94,2563,0.10385278527254041,env_mode,1.0.0,env_only,random_forest,0,,
2569,50.810102,29.909528,0.09,0.1,5.0,4.0,16.0,18.0,61.0,61.0,135.0,134.0,65.0,65.0,131.0,7.9,5.38,2564,0.10212965991678755,env_mode,1.0.0,env_only,random_forest,0,,
2570,50.81033,29.91423,0.1,0.1,5.0,5.0,16.0,17.0,59.0,59.0,130.0,131.0,64.0,64.0,134.0,22.7,4.87,2565,0.10360386874552577,env_mode,1.0.0,env_only,random_forest,0,,
2571,50.810004,29.922667,0.09,0.1,8.0,9.0,12.0,14.0,65.0,65.0,122.0,127.0,56.0,56.0,135.0,17.7,5.15,2566,0.11257244603007416,env_mode,1.0.0,env_only,random_forest,0,,
2572,50.810102,29.938085,0.1,0.1,7.0,7.0,11.0,13.0,73.0,73.0,118.0,126.0,51.0,51.0,139.0,13.5,6.13,2567,0.11124334165487798,env_mode,1.0.0,env_only,random_forest,0,,
2573,50.810078,29.952371,0.1,0.12,8.0,8.0,9.0,11.0,79.0,79.0,115.0,123.0,51.0,51.0,161.0,19.2,4.92,2568,0.10628973194488826,env_mode,1.0.0,env_only,random_forest,0,,
2574,50.810078,29.966651,0.11,0.12,8.0,7.0,11.0,12.0,74.0,74.0,119.0,126.0,55.0,56.0,156.0,15.9,5.39,2569,0.10501637872719297,env_mode,1.0.0,env_only,random_forest,0,,
2575,50.810102,29.980922,0.11,0.11,8.0,7.0,11.0,12.0,75.0,75.0,108.0,113.0,52.0,53.0,161.0,17.0,5.25,2570,0.1061565149923961,env_mode,1.0.0,env_only,random_forest,0,,
2576,50.810102,29.995201,0.11,0.12,6.0,5.0,12.0,13.0,76.0,75.0,117.0,122.0,50.0,51.0,159.0,15.5,4.78,2571,0.10579042925247521,env_mode,1.0.0,env_only,random_forest,0,,
2577,50.810078,30.00949,0.11,0.13,7.0,7.0,12.0,13.0,74.0,74.0,119.0,126.0,53.0,54.0,150.0,14.5,5.86,2572,0.10821017201149288,env_mode,1.0.0,env_only,random_forest,0,,
2578,50.810078,30.023769,0.12,0.12,5.0,5.0,13.0,14.0,77.0,77.0,114.0,122.0,52.0,52.0,148.0,13.1,5.54,2573,0.11136524746560496,env_mode,1.0.0,env_only,random_forest,0,,
2579,50.810078,30.038049,0.11,0.12,8.0,8.0,12.0,14.0,78.0,78.0,115.0,123.0,50.0,50.0,159.0,20.2,4.63,2574,0.10745395088122442,env_mode,1.0.0,env_only,random_forest,0,,
2580,50.810102,30.052317,0.11,0.11,5.0,4.0,11.0,13.0,71.0,72.0,131.0,131.0,57.0,57.0,136.0,13.4,5.67,2575,0.10703175442542769,env_mode,1.0.0,env_only,random_forest,0,,
2581,50.810102,30.066596,0.13,0.13,8.0,8.0,11.0,12.0,71.0,72.0,120.0,125.0,54.0,54.0,138.0,45.0,4.37,2576,0.11613813088061926,env_mode,1.0.0,env_only,random_forest,0,,
2582,50.810102,30.080875,0.11,0.12,8.0,8.0,13.0,15.0,72.0,74.0,116.0,122.0,55.0,55.0,134.0,10.9,5.29,2577,0.11725378728620298,env_mode,1.0.0,env_only,random_forest,0,,
2583,50.810078,30.095167,0.09,0.1,5.0,5.0,12.0,13.0,68.0,68.0,120.0,122.0,62.0,62.0,124.0,2.6,8.2,2578,0.10392226264634359,env_mode,1.0.0,env_only,random_forest,0,,
2584,50.80655,29.91599,0.09,0.1,5.0,5.0,14.0,15.0,67.0,67.0,123.0,125.0,60.0,60.0,142.0,45.0,3.67,2579,0.10644282721375138,env_mode,1.0.0,env_only,random_forest,0,,
2585,50.80761,29.9107,0.09,0.11,4.0,4.0,16.0,17.0,65.0,65.0,130.0,131.0,64.0,64.0,133.0,13.5,5.32,2580,0.1022761030193203,env_mode,1.0.0,env_only,random_forest,0,,
2586,50.807105,29.581112,0.08,0.08,4.0,3.0,18.0,20.0,54.0,53.0,132.0,131.0,66.0,66.0,137.0,28.8,4.44,2581,0.10177693185963538,env_mode,1.0.0,env_only,random_forest,0,,
2587,50.804108,29.909528,0.09,0.1,4.0,5.0,14.0,16.0,66.0,65.0,133.0,134.0,63.0,63.0,134.0,4.0,6.74,2582,0.10167413448924835,env_mode,1.0.0,env_only,random_forest,0,,
2588,50.804108,29.995201,0.1,0.11,5.0,5.0,12.0,14.0,65.0,66.0,128.0,129.0,63.0,63.0,140.0,13.3,5.71,2583,0.10329156020082142,env_mode,1.0.0,env_only,random_forest,0,,
2589,50.804108,29.999961,0.11,0.12,5.0,5.0,14.0,15.0,65.0,65.0,131.0,132.0,61.0,61.0,137.0,7.0,6.34,2584,0.10285385336220874,env_mode,1.0.0,env_only,random_forest,0,,
2590,50.804108,30.00948,0.12,0.14,4.0,4.0,14.0,16.0,61.0,62.0,129.0,128.0,63.0,64.0,139.0,4.6,6.2,2585,0.10300411536192888,env_mode,1.0.0,env_only,random_forest,0,,
2591,50.800511,30.08088,0.1,0.11,5.0,5.0,14.0,16.0,53.0,53.0,124.0,125.0,65.0,65.0,123.0,8.9,6.39,2586,0.10410685425049897,env_mode,1.0.0,env_only,random_forest,0,,
2592,50.801085,30.066608,0.11,0.12,5.0,5.0,13.0,14.0,49.0,49.0,129.0,127.0,68.0,68.0,125.0,7.5,6.71,2587,0.10535432192965642,env_mode,1.0.0,env_only,random_forest,0,,
2593,50.801085,30.052328,0.09,0.1,4.0,4.0,16.0,18.0,51.0,51.0,130.0,129.0,67.0,67.0,127.0,5.2,6.09,2588,0.10383573082219692,env_mode,1.0.0,env_only,random_forest,0,,
2594,50.80111,30.047557,0.1,0.11,4.0,5.0,15.0,16.0,57.0,57.0,129.0,129.0,67.0,67.0,130.0,9.4,5.78,2589,0.1026894375625012,env_mode,1.0.0,env_only,random_forest,0,,
2595,50.80111,30.038037,0.1,0.11,5.0,5.0,15.0,16.0,63.0,63.0,129.0,128.0,66.0,66.0,133.0,12.0,5.22,2590,0.1020020227203471,env_mode,1.0.0,env_only,random_forest,0,,
2596,50.801085,30.023769,0.11,0.12,6.0,7.0,14.0,15.0,62.0,63.0,123.0,124.0,63.0,63.0,146.0,19.5,4.88,2591,0.1043623876497852,env_mode,1.0.0,env_only,random_forest,0,,
2597,50.801379,30.008669,0.11,0.12,4.0,4.0,13.0,15.0,59.0,59.0,131.0,130.0,61.0,61.0,136.0,4.2,6.4,2592,0.10408485736627344,env_mode,1.0.0,env_only,random_forest,0,,
2598,50.80111,30.00472,0.11,0.11,4.0,4.0,15.0,16.0,59.0,59.0,134.0,132.0,60.0,60.0,136.0,4.0,6.39,2593,0.10378769505299643,env_mode,1.0.0,env_only,random_forest,0,,
2599,50.80111,29.999961,0.1,0.11,4.0,4.0,14.0,15.0,57.0,57.0,130.0,130.0,61.0,61.0,135.0,9.2,6.16,2594,0.10369810933314826,env_mode,1.0.0,env_only,random_forest,0,,
2600,50.801488,29.995708,0.1,0.1,5.0,5.0,14.0,15.0,62.0,63.0,132.0,134.0,63.0,63.0,138.0,10.2,5.39,2595,0.10226809502580024,env_mode,1.0.0,env_only,random_forest,0,,
2601,50.80111,29.980922,0.12,0.12,5.0,5.0,12.0,13.0,71.0,71.0,116.0,123.0,56.0,56.0,154.0,11.3,5.46,2596,0.10603937946736126,env_mode,1.0.0,env_only,random_forest,0,,
2602,50.80111,29.966644,0.11,0.13,7.0,7.0,11.0,12.0,77.0,78.0,121.0,129.0,54.0,54.0,162.0,19.0,4.66,2597,0.106619688264931,env_mode,1.0.0,env_only,random_forest,0,,
2603,50.800727,29.951162,0.12,0.13,7.0,6.0,11.0,12.0,76.0,76.0,113.0,122.0,51.0,52.0,152.0,18.3,5.24,2598,0.10961506707313008,env_mode,1.0.0,env_only,random_forest,0,,
2604,50.80105,29.937138,0.1,0.11,6.0,7.0,12.0,13.0,71.0,71.0,114.0,121.0,54.0,54.0,150.0,7.0,6.0,2599,0.10896697676016218,env_mode,1.0.0,env_only,random_forest,0,,
2605,50.801085,29.923812,0.1,0.11,8.0,8.0,12.0,14.0,67.0,68.0,123.0,123.0,52.0,53.0,158.0,33.1,4.47,2600,0.10532971554242633,env_mode,1.0.0,env_only,random_forest,0,,
2606,50.80116,29.91087,0.09,0.1,5.0,5.0,15.0,17.0,63.0,63.0,132.0,134.0,62.0,62.0,134.0,7.9,5.43,2601,0.10216260088421539,env_mode,1.0.0,env_only,random_forest,0,,
2607,50.802024,29.89532,0.09,0.11,5.0,5.0,15.0,17.0,56.0,57.0,137.0,135.0,65.0,64.0,130.0,0.7,8.33,2602,0.10330140907737868,env_mode,1.0.0,env_only,random_forest,0,,
2608,50.80187,29.880997,0.1,0.1,5.0,4.0,17.0,18.0,58.0,58.0,136.0,134.0,62.0,62.0,129.0,11.5,6.39,2603,0.10393934199150331,env_mode,1.0.0,env_only,random_forest,0,,
2609,50.801085,29.86691,0.1,0.1,4.0,4.0,14.0,15.0,65.0,65.0,132.0,132.0,58.0,58.0,131.0,5.7,6.38,2604,0.1039889296168103,env_mode,1.0.0,env_only,random_forest,0,,
2610,50.802031,29.85209,0.11,0.11,5.0,5.0,12.0,13.0,69.0,69.0,126.0,128.0,59.0,59.0,158.0,28.8,4.28,2605,0.10365679062269517,env_mode,1.0.0,env_only,random_forest,0,,
2611,50.80111,29.838133,0.1,0.12,8.0,8.0,12.0,13.0,65.0,64.0,118.0,125.0,57.0,56.0,154.0,45.0,4.11,2606,0.10616042686587883,env_mode,1.0.0,env_only,random_forest,0,,
2612,50.80162,29.82391,0.11,0.11,11.0,10.0,13.0,13.0,73.0,73.0,115.0,124.0,54.0,54.0,155.0,2.6,7.53,2607,0.1080389862098861,env_mode,1.0.0,env_only,random_forest,0,,
2613,50.801418,29.811549,0.1,0.12,7.0,6.0,11.0,13.0,71.0,72.0,108.0,115.0,52.0,53.0,157.0,16.6,5.38,2608,0.10125664224150026,env_mode,1.0.0,env_only,random_forest,0,,
2614,50.80111,29.795297,0.1,0.11,7.0,6.0,11.0,13.0,71.0,70.0,109.0,118.0,55.0,55.0,162.0,13.9,5.88,2609,0.10282415006969146,env_mode,1.0.0,env_only,random_forest,0,,
2615,50.801085,29.780948,0.1,0.12,9.0,8.0,10.0,11.0,71.0,71.0,115.0,121.0,50.0,50.0,162.0,20.5,5.04,2610,0.10326089100420208,env_mode,1.0.0,env_only,random_forest,0,,
2616,50.801085,29.766736,0.09,0.11,14.0,12.0,10.0,11.0,68.0,69.0,106.0,115.0,52.0,52.0,161.0,22.9,4.3,2611,0.10322950159328037,env_mode,1.0.0,env_only,random_forest,0,,
2617,50.80111,29.752459,0.09,0.09,9.0,7.0,10.0,11.0,65.0,64.0,107.0,113.0,51.0,51.0,148.0,13.1,5.5,2612,0.10451560750624947,env_mode,1.0.0,env_only,random_forest,0,,
2618,50.80108,29.737545,0.08,0.09,11.0,11.0,11.0,12.0,64.0,64.0,112.0,118.0,51.0,52.0,150.0,20.0,5.46,2613,0.10364411924313338,env_mode,1.0.0,env_only,random_forest,0,,
2619,50.800875,29.724618,0.08,0.09,7.0,7.0,13.0,14.0,71.0,71.0,108.0,115.0,53.0,53.0,156.0,43.8,3.99,2614,0.10094810021761029,env_mode,1.0.0,env_only,random_forest,0,,
2620,50.80062,29.709429,0.09,0.1,6.0,6.0,12.0,13.0,73.0,73.0,117.0,123.0,55.0,56.0,154.0,35.0,4.43,2615,0.10338949076147445,env_mode,1.0.0,env_only,random_forest,0,,
2621,50.800773,29.695775,0.09,0.09,8.0,8.0,14.0,15.0,65.0,65.0,115.0,122.0,56.0,56.0,155.0,25.1,4.38,2616,0.10472832227179873,env_mode,1.0.0,env_only,random_forest,0,,
2622,50.800926,29.681717,0.1,0.1,8.0,6.0,13.0,15.0,71.0,71.0,114.0,120.0,56.0,56.0,144.0,11.7,5.21,2617,0.10422406587145956,env_mode,1.0.0,env_only,random_forest,0,,
2623,50.801085,29.666779,0.11,0.11,10.0,9.0,15.0,17.0,62.0,62.0,115.0,120.0,62.0,61.0,135.0,21.2,4.79,2618,0.1060975699516118,env_mode,1.0.0,env_only,random_forest,0,,
2624,50.800875,29.652148,0.09,0.11,8.0,7.0,14.0,16.0,69.0,70.0,111.0,120.0,60.0,60.0,144.0,20.9,4.57,2619,0.1025622833631008,env_mode,1.0.0,env_only,random_forest,0,,
2625,50.80111,29.638228,0.1,0.11,8.0,7.0,14.0,15.0,71.0,72.0,116.0,122.0,56.0,56.0,128.0,20.4,5.04,2620,0.11354847665508393,env_mode,1.0.0,env_only,random_forest,0,,
2626,50.80111,29.62395,0.1,0.12,7.0,7.0,14.0,16.0,70.0,70.0,111.0,121.0,56.0,56.0,128.0,21.5,5.06,2621,0.11683433693347738,env_mode,1.0.0,env_only,random_forest,0,,
2627,50.80111,29.60967,0.11,0.11,7.0,7.0,16.0,17.0,60.0,60.0,128.0,127.0,64.0,64.0,129.0,24.3,4.81,2622,0.10597390125123526,env_mode,1.0.0,env_only,random_forest,0,,
2628,50.80111,29.595391,0.09,0.1,6.0,6.0,21.0,22.0,49.0,48.0,128.0,127.0,68.0,68.0,120.0,0.6,8.45,2623,0.09695646209707702,env_mode,1.0.0,env_only,random_forest,0,,
2629,50.800845,29.580593,0.09,0.11,4.0,4.0,20.0,21.0,54.0,53.0,132.0,130.0,66.0,66.0,121.0,2.4,6.72,2624,0.09906906177944302,env_mode,1.0.0,env_only,random_forest,0,,
2630,50.801085,29.566716,0.09,0.09,4.0,4.0,16.0,17.0,59.0,59.0,133.0,133.0,64.0,64.0,141.0,16.3,5.32,2625,0.10191787937337303,env_mode,1.0.0,env_only,random_forest,0,,
2631,50.801085,29.552542,0.1,0.1,5.0,5.0,13.0,15.0,63.0,62.0,131.0,131.0,63.0,63.0,147.0,19.3,5.59,2626,0.10167716771042375,env_mode,1.0.0,env_only,random_forest,0,,
2632,50.80111,29.538276,0.1,0.1,3.0,3.0,16.0,18.0,59.0,59.0,135.0,135.0,64.0,64.0,146.0,14.4,5.51,2627,0.10164065456193674,env_mode,1.0.0,env_only,random_forest,0,,
2633,50.80115,29.52336,0.11,0.12,4.0,4.0,18.0,19.0,58.0,58.0,136.0,135.0,63.0,63.0,149.0,6.0,6.72,2628,0.10161165263189095,env_mode,1.0.0,env_only,random_forest,0,,
2634,50.80062,29.509,0.1,0.11,4.0,4.0,16.0,18.0,57.0,57.0,139.0,139.0,61.0,61.0,152.0,9.0,6.13,2629,0.10225803365691223,env_mode,1.0.0,env_only,random_forest,0,,
2635,50.80022,29.50467,0.1,0.1,3.0,3.0,15.0,17.0,64.0,64.0,135.0,135.0,62.0,62.0,155.0,10.3,5.8,2630,0.09952177550563458,env_mode,1.0.0,env_only,random_forest,0,,
2636,50.80102,29.50041,0.1,0.11,4.0,3.0,15.0,16.0,62.0,63.0,134.0,134.0,60.0,60.0,159.0,25.9,4.83,2631,0.10183355814356522,env_mode,1.0.0,env_only,random_forest,0,,
2637,50.79809,29.5048,0.09,0.09,5.0,4.0,14.0,15.0,72.0,72.0,135.0,133.0,61.0,61.0,179.0,45.0,4.07,2632,0.10280930629132111,env_mode,1.0.0,env_only,random_forest,0,,
2638,50.79814,29.5096,0.09,0.09,3.0,3.0,15.0,17.0,67.0,67.0,133.0,134.0,62.0,62.0,154.0,6.0,6.06,2633,0.09827446374828669,env_mode,1.0.0,env_only,random_forest,0,,
2639,50.798112,29.909528,0.1,0.11,6.0,7.0,15.0,16.0,59.0,59.0,131.0,133.0,58.0,58.0,135.0,15.9,5.58,2634,0.1062087692579147,env_mode,1.0.0,env_only,random_forest,0,,
2640,50.798112,30.038037,0.09,0.1,4.0,4.0,17.0,18.0,55.0,55.0,128.0,127.0,69.0,69.0,133.0,9.4,5.78,2635,0.10090351049333972,env_mode,1.0.0,env_only,random_forest,0,,
2641,50.798112,30.042797,0.1,0.11,3.0,4.0,16.0,17.0,54.0,53.0,129.0,128.0,67.0,67.0,129.0,3.2,7.55,2636,0.1032035159331203,env_mode,1.0.0,env_only,random_forest,0,,
2642,50.798112,30.047066,0.11,0.11,3.0,4.0,19.0,20.0,53.0,53.0,132.0,129.0,67.0,67.0,128.0,1.1,9.09,2637,0.1030313387687419,env_mode,1.0.0,env_only,random_forest,0,,
2643,50.795115,30.057076,0.1,0.1,6.0,6.0,20.0,21.0,49.0,49.0,135.0,135.0,69.0,69.0,128.0,3.7,6.45,2638,0.10067639577065156,env_mode,1.0.0,env_only,random_forest,0,,
2644,50.795115,30.052317,0.1,0.11,4.0,4.0,20.0,21.0,50.0,50.0,135.0,133.0,68.0,68.0,130.0,10.3,5.11,2639,0.10247663789409624,env_mode,1.0.0,env_only,random_forest,0,,
2645,50.795115,30.047557,0.09,0.1,4.0,4.0,18.0,20.0,49.0,49.0,134.0,132.0,68.0,68.0,132.0,8.4,5.93,2640,0.1034647502894375,env_mode,1.0.0,env_only,random_forest,0,,
2646,50.795115,30.042797,0.1,0.1,4.0,4.0,15.0,17.0,50.0,49.0,129.0,128.0,68.0,68.0,134.0,5.0,6.31,2641,0.10505273753792715,env_mode,1.0.0,env_only,random_forest,0,,
2647,50.795414,30.038037,0.09,0.1,5.0,5.0,18.0,19.0,52.0,52.0,129.0,129.0,67.0,67.0,133.0,12.7,5.12,2642,0.10242741985233243,env_mode,1.0.0,env_only,random_forest,0,,
2648,50.795115,30.033279,0.1,0.11,5.0,5.0,18.0,19.0,56.0,56.0,129.0,128.0,67.0,67.0,137.0,9.7,5.93,2643,0.10090715782158499,env_mode,1.0.0,env_only,random_forest,0,,
2649,50.795115,30.028519,0.1,0.1,4.0,4.0,17.0,18.0,57.0,57.0,128.0,126.0,65.0,65.0,135.0,5.1,6.88,2644,0.10169760392725383,env_mode,1.0.0,env_only,random_forest,0,,
2650,50.795115,30.023759,0.1,0.11,4.0,4.0,14.0,16.0,58.0,59.0,130.0,131.0,65.0,65.0,133.0,7.4,5.87,2645,0.10369238067285352,env_mode,1.0.0,env_only,random_forest,0,,
2651,50.79583,29.51868,0.1,0.1,4.0,4.0,15.0,17.0,64.0,64.0,134.0,138.0,62.0,62.0,148.0,5.2,6.01,2646,0.0999737838318944,env_mode,1.0.0,env_only,random_forest,0,,
2652,50.7953,29.51472,0.09,0.1,3.0,3.0,15.0,16.0,67.0,68.0,133.0,134.0,64.0,64.0,151.0,5.5,6.13,2647,0.09790634651224887,env_mode,1.0.0,env_only,random_forest,0,,
2653,50.79279,29.52362,0.1,0.12,4.0,4.0,15.0,17.0,67.0,67.0,134.0,136.0,63.0,63.0,150.0,3.0,6.59,2648,0.09856101519302637,env_mode,1.0.0,env_only,random_forest,0,,
2654,50.792118,29.528756,0.1,0.11,3.0,3.0,16.0,18.0,63.0,64.0,135.0,134.0,63.0,63.0,149.0,5.2,6.39,2649,0.0992593277051101,env_mode,1.0.0,env_only,random_forest,0,,
2655,50.792092,29.538263,0.1,0.1,3.0,3.0,18.0,20.0,60.0,59.0,136.0,135.0,64.0,63.0,149.0,9.2,5.26,2650,0.10102464677638785,env_mode,1.0.0,env_only,random_forest,0,,
2656,50.792457,29.552531,0.1,0.11,4.0,4.0,18.0,19.0,60.0,60.0,134.0,133.0,62.0,62.0,148.0,6.3,6.3,2651,0.10096475730629365,env_mode,1.0.0,env_only,random_forest,0,,
2657,50.792284,29.5659,0.1,0.1,4.0,4.0,18.0,19.0,46.0,46.0,125.0,126.0,61.0,61.0,135.0,17.7,5.29,2652,0.10412351434250953,env_mode,1.0.0,env_only,random_forest,0,,
2658,50.792092,29.581102,0.09,0.09,6.0,6.0,22.0,23.0,48.0,48.0,131.0,131.0,66.0,66.0,121.0,1.8,7.31,2653,0.09741696345348276,env_mode,1.0.0,env_only,random_forest,0,,
2659,50.792092,29.595381,0.1,0.1,7.0,8.0,19.0,21.0,51.0,51.0,130.0,132.0,67.0,67.0,121.0,3.0,6.75,2654,0.09866850264876247,env_mode,1.0.0,env_only,random_forest,0,,
2660,50.792092,29.609661,0.09,0.1,6.0,7.0,14.0,15.0,64.0,64.0,114.0,119.0,59.0,59.0,136.0,43.2,4.23,2655,0.10734254012954632,env_mode,1.0.0,env_only,random_forest,0,,
2661,50.792092,29.62394,0.1,0.11,7.0,6.0,14.0,15.0,73.0,74.0,110.0,120.0,53.0,53.0,143.0,9.9,5.19,2656,0.10861568157966577,env_mode,1.0.0,env_only,random_forest,0,,
2662,50.792092,29.63822,0.09,0.1,7.0,6.0,14.0,15.0,77.0,77.0,115.0,125.0,56.0,56.0,133.0,8.5,6.53,2657,0.10986495268762941,env_mode,1.0.0,env_only,random_forest,0,,
2663,50.792092,29.6525,0.09,0.11,6.0,5.0,13.0,14.0,75.0,75.0,113.0,120.0,56.0,57.0,135.0,26.2,5.37,2658,0.1063860807327427,env_mode,1.0.0,env_only,random_forest,0,,
2664,50.792118,29.666786,0.1,0.12,5.0,5.0,12.0,13.0,73.0,73.0,119.0,123.0,58.0,58.0,137.0,4.1,6.64,2659,0.10538897073234164,env_mode,1.0.0,env_only,random_forest,0,,
2665,50.792118,29.681065,0.1,0.11,5.0,5.0,12.0,14.0,74.0,74.0,112.0,120.0,54.0,55.0,147.0,23.3,4.9,2660,0.10438176102659133,env_mode,1.0.0,env_only,random_forest,0,,
2666,50.792092,29.695338,0.1,0.1,5.0,5.0,11.0,12.0,69.0,69.0,112.0,118.0,52.0,53.0,148.0,33.6,4.18,2661,0.1040143146851497,env_mode,1.0.0,env_only,random_forest,0,,
2667,50.792118,29.709623,0.1,0.1,5.0,5.0,12.0,14.0,69.0,69.0,117.0,121.0,55.0,55.0,143.0,31.3,5.37,2662,0.10695037996795352,env_mode,1.0.0,env_only,random_forest,0,,
2668,50.792092,29.723898,0.1,0.11,9.0,9.0,11.0,12.0,72.0,72.0,111.0,120.0,51.0,52.0,162.0,45.0,4.14,2663,0.10179504059452861,env_mode,1.0.0,env_only,random_forest,0,,
2669,50.792092,29.738177,0.1,0.1,9.0,9.0,12.0,13.0,74.0,74.0,112.0,117.0,53.0,53.0,167.0,22.5,4.5,2664,0.10247939275015147,env_mode,1.0.0,env_only,random_forest,0,,
2670,50.792092,29.752457,0.11,0.11,12.0,11.0,11.0,11.0,69.0,69.0,105.0,113.0,51.0,51.0,166.0,15.9,5.4,2665,0.10424340243785869,env_mode,1.0.0,env_only,random_forest,0,,
2671,50.792092,29.766736,0.1,0.12,7.0,5.0,10.0,11.0,75.0,74.0,109.0,117.0,52.0,52.0,163.0,6.9,5.55,2666,0.10324314055196161,env_mode,1.0.0,env_only,random_forest,0,,
2672,50.792092,29.781016,0.11,0.11,6.0,5.0,12.0,13.0,72.0,72.0,118.0,124.0,55.0,55.0,148.0,4.5,7.1,2667,0.10918082613554964,env_mode,1.0.0,env_only,random_forest,0,,
2673,50.792092,29.795296,0.1,0.12,7.0,7.0,11.0,12.0,75.0,75.0,104.0,111.0,54.0,54.0,151.0,35.4,4.4,2668,0.10569965918774253,env_mode,1.0.0,env_only,random_forest,0,,
2674,50.791758,29.812035,0.1,0.11,8.0,8.0,12.0,14.0,75.0,75.0,101.0,110.0,54.0,54.0,159.0,9.2,5.85,2669,0.10619256989618642,env_mode,1.0.0,env_only,random_forest,0,,
2675,50.792118,29.823854,0.11,0.12,7.0,7.0,13.0,15.0,69.0,69.0,119.0,124.0,57.0,57.0,140.0,5.8,6.5,2670,0.10788334537129908,env_mode,1.0.0,env_only,random_forest,0,,
2676,50.792118,29.838133,0.1,0.11,5.0,5.0,16.0,17.0,60.0,61.0,127.0,128.0,61.0,61.0,134.0,6.1,7.08,2671,0.10159126950238455,env_mode,1.0.0,env_only,random_forest,0,,
2677,50.792525,29.854761,0.1,0.1,5.0,5.0,15.0,17.0,57.0,57.0,130.0,130.0,60.0,60.0,132.0,7.7,6.11,2672,0.10367476111687345,env_mode,1.0.0,env_only,random_forest,0,,
2678,50.792831,29.880012,0.1,0.11,6.0,5.0,14.0,16.0,71.0,70.0,125.0,126.0,57.0,57.0,138.0,15.2,5.96,2673,0.10588019190676512,env_mode,1.0.0,env_only,random_forest,0,,
2679,50.792092,29.895253,0.1,0.12,7.0,7.0,13.0,15.0,70.0,70.0,120.0,123.0,56.0,56.0,134.0,6.9,5.73,2674,0.11009557145586982,env_mode,1.0.0,env_only,random_forest,0,,
2680,50.792814,29.908824,0.12,0.12,7.0,7.0,14.0,15.0,65.0,64.0,110.0,112.0,55.0,55.0,135.0,17.3,5.55,2675,0.11376476362803406,env_mode,1.0.0,env_only,random_forest,0,,
2681,50.792092,29.923812,0.11,0.12,9.0,9.0,12.0,13.0,67.0,67.0,125.0,125.0,58.0,58.0,155.0,29.2,4.4,2676,0.10552925620278115,env_mode,1.0.0,env_only,random_forest,0,,
2682,50.792092,29.938092,0.11,0.11,7.0,7.0,12.0,13.0,75.0,75.0,117.0,124.0,52.0,52.0,162.0,9.9,5.77,2677,0.10705729254933656,env_mode,1.0.0,env_only,random_forest,0,,
2683,50.792092,29.952371,0.11,0.12,8.0,8.0,11.0,12.0,77.0,77.0,117.0,124.0,53.0,53.0,162.0,27.8,4.25,2678,0.10651811225173374,env_mode,1.0.0,env_only,random_forest,0,,
2684,50.792092,29.966651,0.11,0.12,9.0,9.0,11.0,12.0,71.0,71.0,117.0,124.0,54.0,54.0,166.0,23.6,4.3,2679,0.10558315857531629,env_mode,1.0.0,env_only,random_forest,0,,
2685,50.792092,29.98093,0.11,0.11,7.0,7.0,12.0,14.0,70.0,70.0,123.0,125.0,55.0,55.0,152.0,11.8,5.6,2680,0.1071104577469,env_mode,1.0.0,env_only,random_forest,0,,
2686,50.792092,29.99521,0.1,0.11,5.0,5.0,14.0,16.0,57.0,57.0,133.0,132.0,57.0,57.0,137.0,5.0,6.18,2681,0.10488265302446066,env_mode,1.0.0,env_only,random_forest,0,,
2687,50.792092,30.00949,0.1,0.11,5.0,5.0,14.0,15.0,59.0,60.0,137.0,135.0,57.0,57.0,137.0,6.2,6.53,2682,0.10420542443476305,env_mode,1.0.0,env_only,random_forest,0,,
2688,50.792118,30.01424,0.11,0.11,4.0,4.0,13.0,15.0,60.0,60.0,135.0,134.0,63.0,63.0,139.0,13.7,5.42,2683,0.1041770723169676,env_mode,1.0.0,env_only,random_forest,0,,
2689,50.792118,30.018999,0.1,0.12,5.0,6.0,14.0,15.0,61.0,61.0,130.0,132.0,66.0,66.0,140.0,28.1,4.77,2684,0.10306335358001659,env_mode,1.0.0,env_only,random_forest,0,,
2690,50.792118,30.023759,0.1,0.1,4.0,4.0,15.0,17.0,60.0,60.0,131.0,130.0,66.0,66.0,137.0,3.4,6.76,2685,0.10109038780092743,env_mode,1.0.0,env_only,random_forest,0,,
2691,50.792143,30.028107,0.1,0.12,4.0,4.0,17.0,19.0,62.0,62.0,130.0,130.0,67.0,67.0,136.0,3.3,6.58,2686,0.10017684579323616,env_mode,1.0.0,env_only,random_forest,0,,
2692,50.792118,30.038037,0.09,0.1,4.0,4.0,15.0,16.0,59.0,59.0,127.0,126.0,66.0,67.0,135.0,11.8,5.5,2687,0.10206431649629313,env_mode,1.0.0,env_only,random_forest,0,,
2693,50.791722,30.04755,0.1,0.1,4.0,4.0,17.0,19.0,53.0,54.0,129.0,127.0,67.0,67.0,131.0,15.9,5.47,2688,0.10247869499960177,env_mode,1.0.0,env_only,random_forest,0,,
2694,50.792118,30.052317,0.09,0.1,5.0,4.0,20.0,21.0,49.0,48.0,132.0,130.0,68.0,68.0,133.0,14.9,5.18,2689,0.10079601353335857,env_mode,1.0.0,env_only,random_forest,0,,
2695,50.78891,29.55187,0.08,0.1,4.0,4.0,20.0,21.0,57.0,57.0,131.0,131.0,65.0,65.0,140.0,31.6,4.56,2690,0.10004815762997155,env_mode,1.0.0,env_only,random_forest,0,,
2696,50.78956,29.54698,0.1,0.11,5.0,4.0,20.0,21.0,57.0,57.0,130.0,129.0,65.0,65.0,146.0,14.2,5.44,2691,0.10201853828096355,env_mode,1.0.0,env_only,random_forest,0,,
2697,50.78912,29.543035,0.1,0.11,4.0,4.0,19.0,20.0,61.0,61.0,134.0,133.0,61.0,61.0,146.0,6.3,5.57,2692,0.10069903448412122,env_mode,1.0.0,env_only,random_forest,0,,
2698,50.78959,29.53819,0.11,0.12,3.0,3.0,17.0,19.0,63.0,65.0,135.0,135.0,60.0,60.0,144.0,9.3,5.79,2693,0.10024913680746982,env_mode,1.0.0,env_only,random_forest,0,,
2699,50.78923,29.53354,0.09,0.09,3.0,3.0,18.0,19.0,63.0,62.0,136.0,137.0,61.0,61.0,144.0,19.0,5.26,2694,0.10024206755326738,env_mode,1.0.0,env_only,random_forest,0,,
2700,50.78912,29.528756,0.09,0.1,4.0,4.0,16.0,18.0,62.0,62.0,131.0,130.0,62.0,62.0,142.0,22.2,4.96,2695,0.10175500677209742,env_mode,1.0.0,env_only,random_forest,0,,
2701,50.78879,29.52365,0.11,0.12,4.0,4.0,16.0,17.0,63.0,63.0,131.0,131.0,58.0,58.0,148.0,7.0,6.66,2696,0.10140718121457445,env_mode,1.0.0,env_only,random_forest,0,,
2702,50.78912,29.519238,0.09,0.11,4.0,4.0,14.0,15.0,66.0,66.0,129.0,129.0,57.0,57.0,148.0,39.0,4.78,2697,0.102280786237856,env_mode,1.0.0,env_only,random_forest,0,,
2703,50.786122,29.509718,0.1,0.11,4.0,4.0,11.0,12.0,75.0,75.0,128.0,130.0,54.0,54.0,163.0,37.7,4.14,2698,0.10555801738794132,env_mode,1.0.0,env_only,random_forest,0,,
2704,50.785007,29.513509,0.09,0.1,3.0,4.0,15.0,17.0,66.0,67.0,130.0,130.0,57.0,58.0,144.0,3.5,7.0,2699,0.10002854335204725,env_mode,1.0.0,env_only,random_forest,0,,
2705,50.78625,29.51921,0.09,0.1,4.0,4.0,14.0,16.0,64.0,64.0,129.0,130.0,57.0,57.0,148.0,6.9,5.94,2700,0.1016077564232198,env_mode,1.0.0,env_only,random_forest,0,,
2706,50.78616,29.5242,0.1,0.1,4.0,4.0,17.0,18.0,65.0,65.0,132.0,130.0,58.0,58.0,151.0,12.9,5.28,2701,0.10077855599938008,env_mode,1.0.0,env_only,random_forest,0,,
2707,50.786122,29.528756,0.09,0.1,4.0,4.0,16.0,18.0,62.0,61.0,129.0,128.0,57.0,57.0,138.0,33.9,4.51,2702,0.10558974196995759,env_mode,1.0.0,env_only,random_forest,0,,
2708,50.78591,29.5341,0.08,0.08,4.0,4.0,17.0,19.0,62.0,62.0,133.0,132.0,59.0,59.0,140.0,13.8,5.04,2703,0.1012764813530784,env_mode,1.0.0,env_only,random_forest,0,,
2709,50.78651,29.53798,0.09,0.1,4.0,4.0,19.0,21.0,61.0,60.0,134.0,133.0,58.0,59.0,137.0,29.7,4.8,2704,0.1026821761091624,env_mode,1.0.0,env_only,random_forest,0,,
2710,50.786122,29.543035,0.1,0.11,4.0,5.0,18.0,19.0,60.0,59.0,132.0,132.0,60.0,60.0,143.0,23.8,4.74,2705,0.10224208799058984,env_mode,1.0.0,env_only,random_forest,0,,
2711,50.786122,29.547795,0.1,0.11,4.0,4.0,20.0,22.0,49.0,48.0,132.0,133.0,63.0,63.0,126.0,45.0,4.28,2706,0.10526517614866235,env_mode,1.0.0,env_only,random_forest,0,,
2712,50.783098,30.080888,0.1,0.1,4.0,4.0,16.0,17.0,50.0,50.0,128.0,127.0,68.0,68.0,124.0,3.2,6.63,2707,0.10423424716990287,env_mode,1.0.0,env_only,random_forest,0,,
2713,50.783125,30.066596,0.1,0.11,6.0,6.0,17.0,18.0,52.0,52.0,134.0,132.0,68.0,68.0,125.0,2.1,7.63,2708,0.10290417115179079,env_mode,1.0.0,env_only,random_forest,0,,
2714,50.783098,30.052328,0.11,0.12,5.0,5.0,20.0,21.0,55.0,55.0,133.0,131.0,66.0,67.0,127.0,6.6,5.97,2709,0.10043316795094057,env_mode,1.0.0,env_only,random_forest,0,,
2715,50.783149,30.040083,0.12,0.13,5.0,5.0,16.0,17.0,59.0,59.0,133.0,130.0,67.0,67.0,132.0,10.1,5.93,2710,0.10294951369170009,env_mode,1.0.0,env_only,random_forest,0,,
2716,50.783125,30.023759,0.12,0.12,3.0,3.0,17.0,19.0,60.0,60.0,121.0,126.0,67.0,67.0,139.0,3.9,6.55,2711,0.10201090773624398,env_mode,1.0.0,env_only,random_forest,0,,
2717,50.782884,30.010516,0.11,0.11,4.0,4.0,12.0,14.0,65.0,65.0,125.0,131.0,60.0,60.0,140.0,11.5,5.91,2712,0.10327122962320655,env_mode,1.0.0,env_only,random_forest,0,,
2718,50.783125,29.995201,0.1,0.12,5.0,5.0,12.0,14.0,61.0,61.0,128.0,129.0,55.0,55.0,139.0,2.2,6.75,2713,0.10781886597740956,env_mode,1.0.0,env_only,random_forest,0,,
2719,50.783098,29.98093,0.1,0.12,7.0,7.0,12.0,13.0,70.0,70.0,120.0,125.0,55.0,56.0,147.0,14.2,5.18,2714,0.10576672406304741,env_mode,1.0.0,env_only,random_forest,0,,
2720,50.783098,29.966651,0.11,0.13,7.0,7.0,11.0,13.0,68.0,68.0,121.0,126.0,58.0,58.0,149.0,40.5,3.98,2715,0.10495067759394833,env_mode,1.0.0,env_only,random_forest,0,,
2721,50.782893,29.951697,0.12,0.13,7.0,6.0,10.0,11.0,70.0,70.0,121.0,128.0,55.0,55.0,159.0,11.0,5.32,2716,0.10540193676298712,env_mode,1.0.0,env_only,random_forest,0,,
2722,50.783125,29.938085,0.12,0.12,6.0,6.0,12.0,14.0,69.0,70.0,119.0,121.0,57.0,57.0,151.0,10.0,5.57,2717,0.10714338278277782,env_mode,1.0.0,env_only,random_forest,0,,
2723,50.783098,29.923812,0.09,0.11,7.0,6.0,11.0,12.0,72.0,72.0,116.0,123.0,53.0,53.0,157.0,8.1,5.49,2718,0.10301564462602184,env_mode,1.0.0,env_only,random_forest,0,,
2724,50.783098,29.909532,0.1,0.12,8.0,7.0,14.0,15.0,66.0,66.0,121.0,123.0,56.0,57.0,147.0,16.1,5.33,2719,0.10564202563547673,env_mode,1.0.0,env_only,random_forest,0,,
2725,50.78351,29.89586,0.11,0.11,7.0,7.0,11.0,12.0,74.0,73.0,104.0,112.0,53.0,53.0,154.0,29.2,4.28,2720,0.10389316499294113,env_mode,1.0.0,env_only,random_forest,0,,
2726,50.783125,29.88097,0.1,0.1,7.0,7.0,12.0,13.0,73.0,73.0,122.0,123.0,54.0,54.0,141.0,29.8,5.09,2721,0.10890178899197835,env_mode,1.0.0,env_only,random_forest,0,,
2727,50.783098,29.823855,0.1,0.1,4.0,4.0,16.0,18.0,62.0,62.0,129.0,130.0,62.0,63.0,136.0,4.2,7.06,2722,0.10169369946329201,env_mode,1.0.0,env_only,random_forest,0,,
2728,50.783125,29.809575,0.09,0.1,7.0,7.0,12.0,13.0,75.0,75.0,116.0,124.0,53.0,53.0,149.0,27.9,4.57,2723,0.11123008563404777,env_mode,1.0.0,env_only,random_forest,0,,
2729,50.783125,29.795297,0.09,0.11,7.0,7.0,10.0,11.0,70.0,70.0,115.0,123.0,54.0,54.0,162.0,14.0,5.1,2724,0.10228089405773465,env_mode,1.0.0,env_only,random_forest,0,,
2730,50.783098,29.781016,0.1,0.1,7.0,7.0,11.0,11.0,69.0,68.0,113.0,122.0,54.0,54.0,162.0,18.8,4.96,2725,0.10391278087662639,env_mode,1.0.0,env_only,random_forest,0,,
2731,50.783125,29.766738,0.1,0.11,6.0,6.0,11.0,11.0,73.0,73.0,114.0,120.0,52.0,52.0,165.0,10.8,5.74,2726,0.10219559575629988,env_mode,1.0.0,env_only,random_forest,0,,
2732,50.783125,29.752459,0.1,0.1,7.0,6.0,11.0,12.0,70.0,70.0,119.0,125.0,52.0,53.0,156.0,30.6,4.53,2727,0.10424545784016027,env_mode,1.0.0,env_only,random_forest,0,,
2733,50.783125,29.738181,0.1,0.12,9.0,8.0,11.0,12.0,71.0,71.0,116.0,122.0,54.0,54.0,163.0,10.7,5.2,2728,0.10441426283056617,env_mode,1.0.0,env_only,random_forest,0,,
2734,50.783125,29.723902,0.09,0.1,8.0,10.0,10.0,11.0,72.0,72.0,116.0,120.0,54.0,54.0,163.0,5.3,5.94,2729,0.10228398924022204,env_mode,1.0.0,env_only,random_forest,0,,
2735,50.783125,29.709623,0.09,0.1,5.0,5.0,12.0,13.0,72.0,72.0,118.0,124.0,53.0,53.0,165.0,26.3,4.28,2730,0.10243814939751428,env_mode,1.0.0,env_only,random_forest,0,,
2736,50.783098,29.695338,0.1,0.11,5.0,5.0,14.0,14.0,74.0,74.0,122.0,126.0,54.0,54.0,160.0,17.1,5.03,2731,0.10410021617677602,env_mode,1.0.0,env_only,random_forest,0,,
2737,50.783098,29.681059,0.1,0.12,6.0,6.0,12.0,13.0,72.0,72.0,115.0,122.0,53.0,53.0,160.0,28.1,4.48,2732,0.10194016676062378,env_mode,1.0.0,env_only,random_forest,0,,
2738,50.783098,29.666779,0.1,0.1,5.0,6.0,13.0,14.0,75.0,74.0,115.0,122.0,53.0,53.0,150.0,10.7,6.18,2733,0.10917913986379132,env_mode,1.0.0,env_only,random_forest,0,,
2739,50.783098,29.6525,0.1,0.11,5.0,5.0,13.0,14.0,75.0,76.0,119.0,125.0,56.0,56.0,156.0,31.1,4.34,2734,0.10418844518387983,env_mode,1.0.0,env_only,random_forest,0,,
2740,50.783125,29.638228,0.09,0.1,6.0,5.0,12.0,14.0,76.0,76.0,116.0,124.0,56.0,56.0,145.0,8.0,5.34,2735,0.10488788320399481,env_mode,1.0.0,env_only,random_forest,0,,
2741,50.783125,29.62395,0.11,0.11,7.0,6.0,13.0,14.0,75.0,75.0,115.0,123.0,56.0,56.0,130.0,36.7,4.08,2736,0.11461430721361086,env_mode,1.0.0,env_only,random_forest,0,,
2742,50.783125,29.60967,0.09,0.1,8.0,9.0,13.0,14.0,58.0,58.0,113.0,114.0,68.0,68.0,122.0,3.6,7.75,2737,0.10219447185275189,env_mode,1.0.0,env_only,random_forest,0,,
2743,50.783125,29.595391,0.09,0.09,6.0,7.0,17.0,19.0,48.0,48.0,119.0,120.0,68.0,68.0,121.0,1.5,7.26,2738,0.09932457805447827,env_mode,1.0.0,env_only,random_forest,0,,
2744,50.783098,29.581102,0.09,0.1,7.0,5.0,22.0,23.0,46.0,47.0,131.0,130.0,66.0,66.0,122.0,5.5,6.18,2739,0.09829391535907621,env_mode,1.0.0,env_only,random_forest,0,,
2745,50.783125,29.566834,0.1,0.11,5.0,5.0,21.0,23.0,48.0,48.0,130.0,129.0,67.0,67.0,121.0,1.6,7.72,2740,0.0987895485280307,env_mode,1.0.0,env_only,random_forest,0,,
2746,50.783125,29.552555,0.11,0.12,5.0,5.0,20.0,21.0,49.0,49.0,130.0,130.0,64.0,65.0,122.0,3.4,6.6,2741,0.10476290878510615,env_mode,1.0.0,env_only,random_forest,0,,
2747,50.7841,29.53944,0.11,0.11,4.0,4.0,18.0,20.0,61.0,61.0,130.0,130.0,61.0,61.0,132.0,14.6,5.21,2742,0.10247928369087914,env_mode,1.0.0,env_only,random_forest,0,,
2748,50.783125,29.533516,0.09,0.11,4.0,4.0,17.0,18.0,62.0,61.0,131.0,131.0,57.0,57.0,129.0,15.2,5.5,2743,0.10342791637546789,env_mode,1.0.0,env_only,random_forest,0,,
2749,50.78307,29.529686,0.1,0.1,5.0,4.0,12.0,14.0,61.0,61.0,130.0,130.0,57.0,57.0,147.0,18.9,5.42,2744,0.10352150911715575,env_mode,1.0.0,env_only,random_forest,0,,
2750,50.78292,29.52433,0.11,0.11,4.0,4.0,16.0,18.0,69.0,69.0,132.0,130.0,58.0,58.0,144.0,14.7,5.1,2745,0.10150772799692687,env_mode,1.0.0,env_only,random_forest,0,,
2751,50.783125,29.519238,0.09,0.1,3.0,4.0,15.0,16.0,67.0,68.0,133.0,133.0,58.0,58.0,146.0,5.6,6.02,2746,0.09914242711576439,env_mode,1.0.0,env_only,random_forest,0,,
2752,50.783125,29.514478,0.08,0.09,3.0,4.0,15.0,16.0,67.0,67.0,132.0,133.0,58.0,58.0,144.0,13.6,5.69,2747,0.09954876323138566,env_mode,1.0.0,env_only,random_forest,0,,
2753,50.78271,29.51032,0.08,0.09,3.0,3.0,14.0,15.0,70.0,71.0,132.0,133.0,58.0,57.0,143.0,30.7,5.01,2748,0.10057284748965653,env_mode,1.0.0,env_only,random_forest,0,,
2754,50.780127,29.514478,0.09,0.09,4.0,4.0,14.0,15.0,60.0,60.0,129.0,129.0,58.0,58.0,144.0,14.4,5.23,2749,0.10244091834425646,env_mode,1.0.0,env_only,random_forest,0,,
2755,50.780127,29.519238,0.09,0.09,4.0,4.0,16.0,17.0,49.0,49.0,130.0,129.0,61.0,61.0,133.0,29.7,4.41,2750,0.1069657264043122,env_mode,1.0.0,env_only,random_forest,0,,
2756,50.780363,29.523445,0.09,0.1,5.0,4.0,17.0,18.0,51.0,50.0,134.0,134.0,61.0,61.0,131.0,20.3,4.76,2751,0.10705651867176359,env_mode,1.0.0,env_only,random_forest,0,,
2757,50.779751,29.529828,0.1,0.1,4.0,4.0,14.0,15.0,60.0,60.0,126.0,126.0,56.0,56.0,141.0,21.0,4.95,2752,0.10757679285495006,env_mode,1.0.0,env_only,random_forest,0,,
2758,50.7775,29.52405,0.09,0.1,4.0,4.0,18.0,19.0,46.0,46.0,127.0,127.0,61.0,61.0,124.0,12.6,6.09,2753,0.10444532794043401,env_mode,1.0.0,env_only,random_forest,0,,
2759,50.77713,29.519238,0.1,0.1,4.0,5.0,17.0,18.0,40.0,41.0,126.0,127.0,62.0,62.0,123.0,3.7,7.38,2754,0.10460613467432452,env_mode,1.0.0,env_only,random_forest,0,,
2760,50.77713,29.514478,0.09,0.1,4.0,4.0,14.0,16.0,50.0,49.0,125.0,125.0,60.0,61.0,124.0,14.7,5.76,2755,0.10565998224017921,env_mode,1.0.0,env_only,random_forest,0,,
2761,50.774105,29.481023,0.12,0.12,4.0,5.0,17.0,18.0,60.0,59.0,118.0,125.0,62.0,62.0,148.0,25.4,5.04,2756,0.10568885571187876,env_mode,1.0.0,env_only,random_forest,0,,
2762,50.774105,29.495424,0.11,0.11,4.0,4.0,18.0,19.0,60.0,59.0,127.0,128.0,61.0,60.0,129.0,45.0,2.95,2757,0.10410923573243915,env_mode,1.0.0,env_only,random_forest,0,,
2763,50.77541,29.52476,0.09,0.1,6.0,6.0,17.0,18.0,48.0,48.0,122.0,124.0,60.0,60.0,123.0,4.9,6.72,2758,0.10055659888103677,env_mode,1.0.0,env_only,random_forest,0,,
2764,50.774105,29.552542,0.11,0.12,7.0,7.0,19.0,21.0,57.0,57.0,121.0,125.0,63.0,63.0,136.0,19.0,4.64,2759,0.10284821258067091,env_mode,1.0.0,env_only,random_forest,0,,
2765,50.772658,29.565394,0.11,0.13,5.0,5.0,19.0,21.0,50.0,50.0,132.0,131.0,65.0,65.0,122.0,1.6,7.72,2760,0.10607315590768161,env_mode,1.0.0,env_only,random_forest,0,,
2766,50.774105,29.62394,0.1,0.11,6.0,5.0,13.0,14.0,75.0,75.0,115.0,122.0,57.0,57.0,135.0,19.6,5.54,2761,0.10736426506430578,env_mode,1.0.0,env_only,random_forest,0,,
2767,50.774105,29.63822,0.1,0.1,6.0,5.0,13.0,14.0,74.0,74.0,120.0,127.0,56.0,56.0,144.0,22.2,5.3,2762,0.10426202651883498,env_mode,1.0.0,env_only,random_forest,0,,
2768,50.774105,29.652408,0.09,0.1,6.0,5.0,13.0,14.0,77.0,77.0,121.0,127.0,55.0,55.0,152.0,24.9,4.56,2763,0.10488492428061964,env_mode,1.0.0,env_only,random_forest,0,,
2769,50.774132,29.666786,0.1,0.1,6.0,6.0,11.0,12.0,80.0,81.0,112.0,121.0,52.0,52.0,152.0,19.5,4.95,2764,0.10809776426812019,env_mode,1.0.0,env_only,random_forest,0,,
2770,50.774132,29.681065,0.1,0.12,6.0,5.0,11.0,11.0,72.0,72.0,117.0,125.0,54.0,55.0,164.0,45.0,4.15,2765,0.10464688345954962,env_mode,1.0.0,env_only,random_forest,0,,
2771,50.774132,29.695343,0.09,0.1,5.0,4.0,11.0,12.0,72.0,73.0,104.0,109.0,55.0,55.0,158.0,41.4,4.4,2766,0.10105629934218807,env_mode,1.0.0,env_only,random_forest,0,,
2772,50.774132,29.709623,0.09,0.1,7.0,8.0,11.0,12.0,76.0,76.0,118.0,125.0,55.0,55.0,166.0,10.7,5.23,2767,0.10364401414473848,env_mode,1.0.0,env_only,random_forest,0,,
2773,50.774105,29.723898,0.1,0.11,5.0,5.0,11.0,12.0,75.0,75.0,118.0,122.0,55.0,55.0,164.0,38.4,4.37,2768,0.10448846445963074,env_mode,1.0.0,env_only,random_forest,0,,
2774,50.774132,29.738181,0.1,0.12,9.0,9.0,10.0,11.0,72.0,72.0,117.0,124.0,54.0,54.0,152.0,9.8,5.52,2769,0.10634592125539126,env_mode,1.0.0,env_only,random_forest,0,,
2775,50.774132,29.752459,0.1,0.1,6.0,6.0,10.0,11.0,72.0,72.0,118.0,126.0,53.0,54.0,150.0,13.2,5.25,2770,0.10447468929590047,env_mode,1.0.0,env_only,random_forest,0,,
2776,50.774105,29.766736,0.09,0.1,7.0,6.0,13.0,14.0,70.0,70.0,124.0,124.0,59.0,59.0,150.0,29.8,5.05,2771,0.10225583203545871,env_mode,1.0.0,env_only,random_forest,0,,
2777,50.774105,29.780948,0.1,0.1,7.0,6.0,13.0,14.0,67.0,67.0,128.0,130.0,62.0,62.0,139.0,5.9,6.63,2772,0.10295296131824147,env_mode,1.0.0,env_only,random_forest,0,,
2778,50.774105,29.895253,0.09,0.1,6.0,5.0,13.0,15.0,66.0,66.0,126.0,127.0,59.0,59.0,139.0,7.6,5.68,2773,0.1037667388102474,env_mode,1.0.0,env_only,random_forest,0,,
2779,50.774132,29.923806,0.09,0.09,7.0,6.0,11.0,13.0,67.0,67.0,123.0,128.0,57.0,57.0,148.0,11.5,5.44,2774,0.10368522356733083,env_mode,1.0.0,env_only,random_forest,0,,
2780,50.774132,29.938085,0.09,0.1,6.0,7.0,11.0,13.0,68.0,68.0,125.0,126.0,59.0,59.0,152.0,24.2,4.46,2775,0.1020685968921063,env_mode,1.0.0,env_only,random_forest,0,,
2781,50.774105,29.952371,0.1,0.1,6.0,5.0,10.0,12.0,74.0,73.0,121.0,129.0,52.0,52.0,158.0,12.5,5.28,2776,0.10367973272520317,env_mode,1.0.0,env_only,random_forest,0,,
2782,50.774132,29.966644,0.09,0.1,8.0,8.0,10.0,12.0,72.0,72.0,120.0,124.0,53.0,53.0,160.0,10.8,5.42,2777,0.10226367452398673,env_mode,1.0.0,env_only,random_forest,0,,
2783,50.774105,29.98093,0.1,0.11,6.0,5.0,13.0,14.0,70.0,70.0,118.0,123.0,55.0,55.0,151.0,19.5,5.24,2778,0.105950606102563,env_mode,1.0.0,env_only,random_forest,0,,
2784,50.774105,29.99521,0.13,0.13,5.0,5.0,11.0,12.0,77.0,78.0,116.0,124.0,52.0,53.0,142.0,8.1,5.69,2779,0.11672019682385384,env_mode,1.0.0,env_only,random_forest,0,,
2785,50.774105,30.00949,0.1,0.12,6.0,5.0,11.0,13.0,75.0,77.0,120.0,126.0,58.0,58.0,147.0,9.4,5.86,2780,0.10397874905334409,env_mode,1.0.0,env_only,random_forest,0,,
2786,50.774105,30.023769,0.09,0.1,4.0,4.0,17.0,18.0,64.0,64.0,126.0,130.0,66.0,66.0,135.0,4.2,6.4,2781,0.09946400411494304,env_mode,1.0.0,env_only,random_forest,0,,
2787,50.774132,30.038037,0.11,0.12,7.0,8.0,14.0,15.0,64.0,64.0,122.0,127.0,60.0,60.0,143.0,7.7,5.55,2782,0.10372441539704763,env_mode,1.0.0,env_only,random_forest,0,,
2788,50.774001,30.067866,0.1,0.12,6.0,5.0,17.0,17.0,51.0,52.0,127.0,126.0,65.0,65.0,125.0,4.7,6.18,2783,0.10416301534650209,env_mode,1.0.0,env_only,random_forest,0,,
2789,50.765139,29.952364,0.09,0.1,5.0,5.0,11.0,12.0,67.0,67.0,122.0,128.0,57.0,57.0,147.0,11.4,6.05,2784,0.10355047008061116,env_mode,1.0.0,env_only,random_forest,0,,
2790,50.764886,29.939021,0.1,0.11,5.0,6.0,14.0,15.0,71.0,70.0,127.0,128.0,58.0,58.0,148.0,12.5,4.99,2785,0.10328032999658755,env_mode,1.0.0,env_only,random_forest,0,,
2791,50.765139,29.923806,0.1,0.11,7.0,6.0,12.0,13.0,70.0,70.0,123.0,129.0,59.0,59.0,150.0,42.1,4.25,2786,0.10252152236966293,env_mode,1.0.0,env_only,random_forest,0,,
2792,50.765139,29.895249,0.09,0.1,7.0,6.0,11.0,13.0,70.0,69.0,120.0,126.0,53.0,53.0,151.0,10.3,5.66,2787,0.10540561128490962,env_mode,1.0.0,env_only,random_forest,0,,
2793,50.765139,29.652507,0.1,0.1,5.0,5.0,11.0,12.0,77.0,76.0,121.0,128.0,51.0,51.0,155.0,45.0,4.13,2788,0.1062580172433498,env_mode,1.0.0,env_only,random_forest,0,,
2794,50.756119,29.952371,0.11,0.11,4.0,5.0,11.0,12.0,70.0,70.0,127.0,129.0,57.0,58.0,152.0,20.3,4.91,2789,0.1041667265268105,env_mode,1.0.0,env_only,random_forest,0,,
2795,50.756119,29.938092,0.1,0.11,7.0,7.0,15.0,16.0,70.0,70.0,126.0,126.0,57.0,57.0,153.0,24.3,4.87,2790,0.10482702502592282,env_mode,1.0.0,env_only,random_forest,0,,
2796,50.756146,29.923806,0.12,0.12,5.0,5.0,13.0,15.0,73.0,73.0,124.0,126.0,58.0,58.0,145.0,5.2,6.41,2791,0.10263123639696567,env_mode,1.0.0,env_only,random_forest,0,,
2797,50.756119,29.895253,0.1,0.11,5.0,5.0,13.0,15.0,78.0,79.0,129.0,129.0,60.0,61.0,152.0,25.2,4.79,2792,0.10207597863767963,env_mode,1.0.0,env_only,random_forest,0,,
2798,50.747154,29.895249,0.1,0.12,6.0,6.0,11.0,13.0,77.0,78.0,118.0,124.0,54.0,54.0,164.0,16.1,4.88,2793,0.10501971367664484,env_mode,1.0.0,env_only,random_forest,0,,
2799,51.160815,29.838134,0.1,0.12,4.0,4.0,14.0,16.0,59.0,58.0,129.0,131.0,58.0,59.0,136.0,21.9,4.54,2794,0.10795582188898317,env_mode,1.0.0,env_only,random_forest,0,,
2800,51.161419,29.823854,0.11,0.11,5.0,4.0,17.0,19.0,57.0,57.0,137.0,137.0,58.0,58.0,135.0,1.5,8.29,2795,0.10363499342816382,env_mode,1.0.0,env_only,random_forest,0,,
2801,51.160819,29.808623,0.1,0.12,4.0,4.0,15.0,17.0,52.0,52.0,134.0,134.0,61.0,61.0,140.0,7.5,6.06,2796,0.10567367132141778,env_mode,1.0.0,env_only,random_forest,0,,
2802,51.151822,29.823855,0.09,0.1,5.0,5.0,17.0,18.0,53.0,53.0,138.0,136.0,60.0,59.0,136.0,5.5,5.91,2797,0.10526178259850193,env_mode,1.0.0,env_only,random_forest,0,,
2803,51.151827,29.809575,0.11,0.12,4.0,5.0,12.0,13.0,53.0,53.0,133.0,134.0,58.0,57.0,148.0,33.4,4.78,2798,0.1069153869599522,env_mode,1.0.0,env_only,random_forest,0,,
2804,51.151822,29.795296,0.11,0.11,6.0,5.0,14.0,16.0,63.0,63.0,128.0,130.0,57.0,56.0,136.0,8.8,5.94,2799,0.10499895562436631,env_mode,1.0.0,env_only,random_forest,0,,
2805,51.142829,29.838134,0.1,0.12,5.0,5.0,12.0,14.0,61.0,61.0,131.0,131.0,54.0,54.0,152.0,30.3,4.58,2800,0.10743675663078911,env_mode,1.0.0,env_only,random_forest,0,,
2806,51.142829,29.823855,0.09,0.11,4.0,4.0,13.0,14.0,62.0,61.0,132.0,133.0,58.0,58.0,150.0,25.1,4.52,2801,0.10252637765379286,env_mode,1.0.0,env_only,random_forest,0,,
2807,51.142835,29.810527,0.1,0.11,4.0,4.0,15.0,17.0,64.0,63.0,131.0,134.0,60.0,60.0,132.0,8.1,6.25,2802,0.10274527074182238,env_mode,1.0.0,env_only,random_forest,0,,
2808,51.133842,29.838133,0.1,0.11,4.0,4.0,15.0,17.0,64.0,64.0,133.0,133.0,58.0,58.0,132.0,9.5,5.82,2803,0.10315503807257378,env_mode,1.0.0,env_only,random_forest,0,,
2809,51.134441,29.823854,0.09,0.1,5.0,4.0,16.0,18.0,59.0,58.0,135.0,135.0,61.0,61.0,129.0,15.5,5.13,2804,0.10441988865252408,env_mode,1.0.0,env_only,random_forest,0,,
2810,51.124842,29.795296,0.1,0.1,5.0,5.0,16.0,17.0,55.0,55.0,135.0,135.0,59.0,59.0,125.0,7.9,5.65,2805,0.10686181054369233,env_mode,1.0.0,env_only,random_forest,0,,
2811,51.123834,29.781093,0.09,0.09,6.0,5.0,16.0,18.0,60.0,60.0,133.0,132.0,61.0,61.0,128.0,13.3,5.48,2806,0.10376849155034609,env_mode,1.0.0,env_only,random_forest,0,,
2812,51.133842,29.796249,0.09,0.1,4.0,4.0,17.0,19.0,54.0,54.0,135.0,135.0,61.0,61.0,132.0,3.1,7.07,2807,0.10383196720505705,env_mode,1.0.0,env_only,random_forest,0,,
2813,51.142835,29.794344,0.09,0.1,4.0,4.0,16.0,18.0,59.0,59.0,133.0,132.0,59.0,59.0,133.0,9.3,5.85,2808,0.10327036352064616,env_mode,1.0.0,env_only,random_forest,0,,
2814,51.133842,29.781017,0.1,0.11,4.0,4.0,18.0,20.0,56.0,56.0,133.0,131.0,62.0,62.0,135.0,3.8,6.06,2809,0.10437387795789704,env_mode,1.0.0,env_only,random_forest,0,,
2815,51.133835,29.809575,0.09,0.09,4.0,4.0,18.0,19.0,61.0,60.0,131.0,131.0,61.0,61.0,131.0,6.9,5.96,2810,0.10212790958174724,env_mode,1.0.0,env_only,random_forest,0,,
2816,51.143435,29.781017,0.11,0.11,5.0,5.0,10.0,12.0,66.0,65.0,130.0,131.0,59.0,59.0,157.0,19.0,4.58,2811,0.10368982040822096,env_mode,1.0.0,env_only,random_forest,0,,
2817,51.152105,29.778549,0.11,0.12,5.0,5.0,11.0,12.0,76.0,76.0,129.0,129.0,54.0,54.0,139.0,24.0,4.56,2812,0.11268164570992978,env_mode,1.0.0,env_only,random_forest,0,,
2818,51.12511,29.73936,0.09,0.1,8.0,8.0,10.0,11.0,67.0,68.0,120.0,125.0,57.0,57.0,144.0,30.3,4.61,2813,0.10496426916726252,env_mode,1.0.0,env_only,random_forest,0,,
2819,51.152375,29.739076,0.09,0.1,3.0,3.0,15.0,16.0,66.0,66.0,133.0,131.0,62.0,62.0,144.0,8.3,5.53,2814,0.0987289394023243,env_mode,1.0.0,env_only,random_forest,0,,
2820,51.151822,29.695338,0.1,0.11,7.0,6.0,9.0,11.0,78.0,79.0,119.0,126.0,53.0,53.0,163.0,27.4,4.96,2815,0.10384330853758666,env_mode,1.0.0,env_only,random_forest,0,,
2821,51.12492,29.696735,0.09,0.1,6.0,5.0,11.0,12.0,74.0,74.0,121.0,127.0,58.0,58.0,157.0,30.4,4.2,2816,0.10218404225541551,env_mode,1.0.0,env_only,random_forest,0,,
2822,51.125291,29.656334,0.1,0.12,4.0,4.0,16.0,17.0,58.0,57.0,136.0,135.0,63.0,63.0,143.0,6.7,6.28,2817,0.10217544463084657,env_mode,1.0.0,env_only,random_forest,0,,
2823,51.097862,29.695255,0.1,0.1,5.0,4.0,15.0,17.0,70.0,70.0,125.0,126.0,61.0,61.0,141.0,26.8,4.73,2818,0.10319243746751722,env_mode,1.0.0,env_only,random_forest,0,,
2824,51.070635,29.735813,0.1,0.1,9.0,8.0,11.0,12.0,69.0,68.0,122.0,128.0,54.0,54.0,152.0,14.5,5.26,2819,0.1063510499423208,env_mode,1.0.0,env_only,random_forest,0,,
2825,51.072272,29.694579,0.09,0.1,4.0,5.0,15.0,17.0,57.0,57.0,138.0,139.0,64.0,64.0,138.0,9.3,5.62,2820,0.10271847727870996,env_mode,1.0.0,env_only,random_forest,0,,
2826,51.0435,29.65191,0.14,0.16,3.0,4.0,17.0,18.0,52.0,52.0,135.0,136.0,65.0,65.0,159.0,4.5,6.17,2821,0.10748221884171315,env_mode,1.0.0,env_only,random_forest,0,,
2827,51.043935,29.607021,0.1,0.1,3.0,3.0,18.0,19.0,54.0,54.0,135.0,133.0,63.0,63.0,166.0,4.3,6.95,2822,0.10235799106781285,env_mode,1.0.0,env_only,random_forest,0,,
2828,51.043315,29.566834,0.1,0.1,4.0,4.0,17.0,18.0,60.0,60.0,131.0,131.0,61.0,61.0,180.0,28.9,4.29,2823,0.10381206866478879,env_mode,1.0.0,env_only,random_forest,0,,
2829,51.043903,29.523869,0.1,0.11,4.0,4.0,17.0,18.0,63.0,62.0,131.0,132.0,59.0,59.0,182.0,12.0,5.39,2824,0.10235314489311385,env_mode,1.0.0,env_only,random_forest,0,,
2830,51.070883,29.523869,0.1,0.11,4.0,4.0,18.0,20.0,59.0,59.0,138.0,136.0,62.0,62.0,182.0,13.5,5.2,2825,0.10507679776066256,env_mode,1.0.0,env_only,random_forest,0,,
2831,51.070892,29.480208,0.09,0.1,3.0,3.0,17.0,19.0,65.0,65.0,137.0,136.0,63.0,63.0,182.0,9.7,5.46,2826,0.10096859890565814,env_mode,1.0.0,env_only,random_forest,0,,
2832,51.043914,29.48116,0.12,0.12,9.0,9.0,12.0,14.0,73.0,73.0,125.0,129.0,56.0,56.0,192.0,16.0,5.66,2827,0.10751118060541333,env_mode,1.0.0,env_only,random_forest,0,,
2833,51.043903,29.438176,0.11,0.12,5.0,5.0,18.0,19.0,56.0,56.0,133.0,131.0,64.0,63.0,175.0,4.3,6.27,2828,0.10441445175697008,env_mode,1.0.0,env_only,random_forest,0,,
2834,51.016936,29.438323,0.12,0.13,4.0,4.0,17.0,19.0,61.0,61.0,140.0,139.0,62.0,62.0,173.0,7.0,6.05,2829,0.10508569561333107,env_mode,1.0.0,env_only,random_forest,0,,
2835,50.988598,29.438219,0.11,0.12,4.0,4.0,17.0,18.0,56.0,55.0,132.0,131.0,61.0,61.0,161.0,6.2,6.86,2830,0.10220136710153825,env_mode,1.0.0,env_only,random_forest,0,,
2836,50.989943,29.39533,0.12,0.13,5.0,5.0,11.0,12.0,68.0,68.0,123.0,124.0,62.0,62.0,183.0,21.0,4.97,2831,0.10497122032582963,env_mode,1.0.0,env_only,random_forest,0,,
2837,50.962981,29.395487,0.09,0.09,3.0,3.0,13.0,14.0,68.0,68.0,130.0,131.0,61.0,61.0,178.0,5.0,6.47,2832,0.09979809952610758,env_mode,1.0.0,env_only,random_forest,0,,
2838,50.93645,29.438323,0.11,0.13,3.0,3.0,19.0,20.0,56.0,56.0,137.0,138.0,63.0,63.0,173.0,7.3,5.67,2833,0.105866077561202,env_mode,1.0.0,env_only,random_forest,0,,
2839,50.90868,29.4383,0.09,0.1,4.0,5.0,12.0,14.0,68.0,69.0,127.0,128.0,56.0,56.0,190.0,14.7,5.43,2834,0.10587330933460454,env_mode,1.0.0,env_only,random_forest,0,,
2840,50.882024,29.481023,0.08,0.1,4.0,3.0,15.0,16.0,69.0,70.0,130.0,131.0,60.0,60.0,176.0,5.9,5.84,2835,0.10063121089229657,env_mode,1.0.0,env_only,random_forest,0,,
2841,50.855044,29.481023,0.08,0.09,4.0,4.0,19.0,20.0,58.0,58.0,134.0,132.0,63.0,63.0,174.0,2.2,7.56,2836,0.10238030474218679,env_mode,1.0.0,env_only,random_forest,0,,
2842,50.827867,29.478841,0.1,0.11,6.0,5.0,13.0,14.0,62.0,62.0,128.0,129.0,58.0,58.0,178.0,22.1,4.79,2837,0.10462936895384996,env_mode,1.0.0,env_only,random_forest,0,,
2843,50.800762,29.479558,0.1,0.11,5.0,6.0,13.0,15.0,73.0,73.0,131.0,132.0,57.0,57.0,168.0,27.4,4.36,2838,0.1045288891288155,env_mode,1.0.0,env_only,random_forest,0,,
2844,50.773533,29.438323,0.09,0.09,4.0,4.0,16.0,18.0,48.0,48.0,131.0,133.0,66.0,66.0,150.0,4.6,5.98,2839,0.10272190647927482,env_mode,1.0.0,env_only,random_forest,0,,
2845,50.7463,29.47899,0.09,0.1,5.0,5.0,10.0,12.0,75.0,75.0,119.0,125.0,55.0,55.0,133.0,27.7,4.74,2840,0.11201597699993543,env_mode,1.0.0,env_only,random_forest,0,,
2846,50.747125,29.523869,0.1,0.13,8.0,8.0,13.0,14.0,75.0,75.0,113.0,120.0,51.0,51.0,143.0,36.4,4.77,2841,0.10919369981241504,env_mode,1.0.0,env_only,random_forest,0,,
2847,50.747125,29.566822,0.1,0.1,5.0,6.0,13.0,14.0,71.0,71.0,115.0,123.0,56.0,56.0,143.0,42.6,3.97,2842,0.10774445734796421,env_mode,1.0.0,env_only,random_forest,0,,
2848,50.774105,29.609562,0.1,0.12,9.0,10.0,13.0,14.0,64.0,65.0,111.0,115.0,64.0,64.0,129.0,4.6,6.87,2843,0.1037884368391891,env_mode,1.0.0,env_only,random_forest,0,,
2849,50.747154,29.60967,0.1,0.15,5.0,5.0,12.0,13.0,73.0,73.0,121.0,127.0,57.0,57.0,159.0,45.0,3.69,2844,0.10477383334868688,env_mode,1.0.0,env_only,random_forest,0,,
2850,50.747154,29.652507,0.09,0.1,6.0,5.0,12.0,13.0,71.0,71.0,112.0,119.0,53.0,53.0,156.0,45.0,3.44,2845,0.10091292103764425,env_mode,1.0.0,env_only,random_forest,0,,
2851,50.747753,29.695343,0.1,0.12,7.0,7.0,10.0,11.0,80.0,80.0,114.0,123.0,52.0,52.0,166.0,15.8,5.08,2846,0.10557448800886542,env_mode,1.0.0,env_only,random_forest,0,,
2852,50.747125,29.738101,0.09,0.1,6.0,7.0,14.0,15.0,66.0,67.0,116.0,118.0,58.0,58.0,157.0,45.0,4.45,2847,0.10288980042938263,env_mode,1.0.0,env_only,random_forest,0,,
2853,50.747125,29.780948,0.11,0.12,7.0,7.0,12.0,13.0,70.0,70.0,121.0,122.0,57.0,57.0,156.0,17.6,4.95,2848,0.10626912393743407,env_mode,1.0.0,env_only,random_forest,0,,
2854,50.774132,29.823854,0.09,0.09,5.0,5.0,15.0,16.0,63.0,63.0,133.0,133.0,59.0,59.0,135.0,3.2,6.46,2849,0.10298014654844835,env_mode,1.0.0,env_only,random_forest,0,,
2855,50.747154,29.823854,0.09,0.09,5.0,7.0,13.0,14.0,70.0,70.0,117.0,123.0,51.0,51.0,154.0,40.0,4.7,2850,0.10381837354758564,env_mode,1.0.0,env_only,random_forest,0,,
2856,50.77465,29.86633,0.09,0.1,8.0,8.0,13.0,14.0,69.0,70.0,119.0,122.0,55.0,55.0,141.0,12.1,5.83,2851,0.108397498646259,env_mode,1.0.0,env_only,random_forest,0,,
2857,50.747154,29.86669,0.11,0.11,6.0,5.0,11.0,13.0,71.0,71.0,120.0,126.0,57.0,57.0,166.0,23.6,4.44,2852,0.1048144377834487,env_mode,1.0.0,env_only,random_forest,0,,
2858,50.747503,29.909794,0.1,0.11,6.0,6.0,13.0,14.0,76.0,76.0,118.0,126.0,54.0,54.0,167.0,43.5,3.95,2853,0.10599145572328118,env_mode,1.0.0,env_only,random_forest,0,,
2859,50.774105,29.909532,0.09,0.11,5.0,5.0,14.0,15.0,64.0,64.0,128.0,130.0,63.0,63.0,140.0,7.0,5.67,2854,0.10142902275562947,env_mode,1.0.0,env_only,random_forest,0,,
2860,50.74714,29.95358,0.11,0.12,6.0,5.0,13.0,14.0,67.0,66.0,127.0,129.0,61.0,61.0,148.0,13.7,6.14,2855,0.10293178438820692,env_mode,1.0.0,env_only,random_forest,0,,
2861,50.747665,29.994827,0.13,0.14,7.0,7.0,12.0,13.0,74.0,75.0,119.0,127.0,52.0,52.0,162.0,4.6,6.37,2856,0.10815276650141135,env_mode,1.0.0,env_only,random_forest,0,,
2862,50.747154,30.03899,0.09,0.1,5.0,6.0,18.0,19.0,47.0,46.0,136.0,135.0,66.0,66.0,128.0,5.5,6.15,2857,0.10239909267030826,env_mode,1.0.0,env_only,random_forest,0,,
2863,50.747296,30.080938,0.09,0.1,5.0,5.0,17.0,18.0,53.0,52.0,131.0,132.0,69.0,69.0,131.0,12.2,5.5,2858,0.1014938996344069,env_mode,1.0.0,env_only,random_forest,0,,
2864,50.774132,30.079923,0.09,0.1,6.0,5.0,15.0,16.0,55.0,56.0,128.0,127.0,65.0,65.0,125.0,3.8,7.04,2859,0.10348400907011483,env_mode,1.0.0,env_only,random_forest,0,,
2865,50.774162,30.121927,0.1,0.11,6.0,7.0,11.0,12.0,77.0,77.0,113.0,122.0,54.0,54.0,153.0,25.6,4.87,2860,0.10621139732531744,env_mode,1.0.0,env_only,random_forest,0,,
2866,50.801309,30.123328,0.1,0.11,4.0,4.0,14.0,15.0,59.0,59.0,136.0,137.0,66.0,66.0,140.0,5.4,5.84,2861,0.10172394915032856,env_mode,1.0.0,env_only,random_forest,0,,
2867,50.829576,30.122386,0.1,0.11,7.0,7.0,9.0,11.0,70.0,70.0,120.0,121.0,57.0,57.0,138.0,34.9,4.79,2862,0.10834835759081353,env_mode,1.0.0,env_only,random_forest,0,,
2868,50.85554,30.123768,0.11,0.12,5.0,6.0,11.0,12.0,79.0,79.0,118.0,126.0,52.0,52.0,154.0,11.1,5.25,2863,0.10738807769582054,env_mode,1.0.0,env_only,random_forest,0,,
2869,50.854993,30.080178,0.1,0.1,6.0,6.0,13.0,14.0,52.0,52.0,133.0,134.0,66.0,66.0,120.0,13.6,5.74,2864,0.10602797163077023,env_mode,1.0.0,env_only,random_forest,0,,
2870,50.882024,30.123719,0.1,0.13,6.0,6.0,13.0,14.0,63.0,63.0,127.0,128.0,62.0,62.0,131.0,16.7,5.96,2865,0.10719095579506197,env_mode,1.0.0,env_only,random_forest,0,,
2871,50.908554,30.122395,0.11,0.13,5.0,5.0,12.0,13.0,83.0,83.0,121.0,126.0,56.0,56.0,142.0,25.2,4.62,2866,0.1079882603092209,env_mode,1.0.0,env_only,random_forest,0,,
2872,50.935336,30.122566,0.12,0.13,9.0,7.0,11.0,12.0,73.0,73.0,116.0,123.0,52.0,52.0,145.0,23.4,5.34,2867,0.11235898848081714,env_mode,1.0.0,env_only,random_forest,0,,
2873,50.963576,30.078535,0.11,0.17,5.0,5.0,12.0,13.0,69.0,69.0,125.0,128.0,59.0,59.0,131.0,17.3,4.86,2868,0.11046963246193563,env_mode,1.0.0,env_only,random_forest,0,,
2874,50.990691,30.081797,0.1,0.12,8.0,8.0,13.0,14.0,61.0,62.0,121.0,122.0,64.0,64.0,112.0,1.2,8.26,2869,0.10729387109883898,env_mode,1.0.0,env_only,random_forest,0,,
2875,51.01667,30.166168,0.12,0.2,7.0,7.0,11.0,12.0,68.0,69.0,112.0,110.0,56.0,55.0,126.0,15.7,4.85,2870,0.11526662771001787,env_mode,1.0.0,env_only,random_forest,0,,
2876,51.017658,30.211893,0.13,0.13,5.0,7.0,13.0,14.0,69.0,70.0,120.0,123.0,55.0,55.0,116.0,8.5,5.47,2871,0.12064778844004315,env_mode,1.0.0,env_only,random_forest,0,,
2877,51.016184,30.252025,0.1,0.11,6.0,6.0,15.0,16.0,71.0,71.0,114.0,120.0,55.0,55.0,113.0,8.3,6.49,2872,0.12093625716024144,env_mode,1.0.0,env_only,random_forest,0,,
2879,51.018467,30.338781,0.14,0.16,10.0,11.0,13.0,14.0,71.0,71.0,107.0,116.0,53.0,53.0,118.0,22.1,4.4,2873,0.12444824676395291,env_mode,1.0.0,env_only,random_forest,0,,
2880,51.017858,30.380573,0.14,0.14,20.0,20.0,13.0,14.0,61.0,60.0,97.0,114.0,54.0,54.0,112.0,5.4,6.31,2874,0.12543238211305927,env_mode,1.0.0,env_only,random_forest,0,,
2895,51.178653,29.864102,0.08,0.09,6.0,5.0,11.0,12.0,73.0,73.0,114.0,119.0,49.0,49.0,153.0,4.7,6.54,2875,0.10370876968671608,env_mode,1.0.0,env_only,random_forest,0,,
2896,51.178802,29.823794,0.09,0.1,5.0,6.0,10.0,12.0,77.0,77.0,126.0,126.0,52.0,52.0,151.0,10.2,5.26,2876,0.10443127552762332,env_mode,1.0.0,env_only,random_forest,0,,
2897,51.043914,29.466881,0.11,0.12,5.0,4.0,14.0,15.0,66.0,65.0,133.0,132.0,59.0,59.0,176.0,9.7,6.06,2877,0.10362098670649526,env_mode,1.0.0,env_only,random_forest,0,,
2898,51.043903,29.452585,0.1,0.1,5.0,4.0,18.0,19.0,59.0,59.0,132.0,131.0,63.0,63.0,171.0,3.5,7.02,2878,0.10219608574636606,env_mode,1.0.0,env_only,random_forest,0,,
2899,51.03491,29.466865,0.1,0.11,4.0,4.0,14.0,16.0,61.0,61.0,131.0,131.0,60.0,60.0,173.0,18.5,5.61,2879,0.10359840689536386,env_mode,1.0.0,env_only,random_forest,0,,
2900,51.034922,29.452603,0.11,0.11,6.0,6.0,19.0,20.0,58.0,58.0,133.0,133.0,63.0,63.0,171.0,5.2,6.72,2880,0.10350525643418783,env_mode,1.0.0,env_only,random_forest,0,,
2901,51.035521,29.438323,0.11,0.11,5.0,5.0,19.0,20.0,52.0,52.0,131.0,130.0,63.0,63.0,173.0,6.1,6.18,2881,0.10555106472622486,env_mode,1.0.0,env_only,random_forest,0,,
2902,51.025916,29.466865,0.1,0.11,4.0,4.0,17.0,19.0,59.0,59.0,128.0,129.0,61.0,61.0,171.0,11.6,5.72,2882,0.1042500486167336,env_mode,1.0.0,env_only,random_forest,0,,
2903,51.025329,29.452603,0.1,0.11,4.0,4.0,19.0,21.0,57.0,57.0,133.0,131.0,62.0,62.0,174.0,4.1,6.27,2883,0.10474716154626693,env_mode,1.0.0,env_only,random_forest,0,,
2904,51.025929,29.437371,0.12,0.12,3.0,3.0,19.0,21.0,57.0,57.0,136.0,133.0,62.0,62.0,174.0,2.1,6.97,2884,0.10481377836662176,env_mode,1.0.0,env_only,random_forest,0,,
2905,51.016923,29.452585,0.11,0.11,3.0,3.0,19.0,20.0,62.0,61.0,133.0,132.0,62.0,62.0,178.0,10.3,5.49,2885,0.10393181339708395,env_mode,1.0.0,env_only,random_forest,0,,
2906,51.016936,29.424996,0.11,0.12,4.0,4.0,14.0,15.0,62.0,61.0,136.0,136.0,62.0,62.0,174.0,4.8,6.35,2886,0.10354449878837169,env_mode,1.0.0,env_only,random_forest,0,,
2907,51.007943,29.453555,0.11,0.11,3.0,3.0,16.0,18.0,62.0,62.0,140.0,139.0,63.0,63.0,175.0,6.3,6.3,2887,0.10399657677960046,env_mode,1.0.0,env_only,random_forest,0,,
2908,51.00793,29.438306,0.11,0.12,6.0,5.0,11.0,12.0,72.0,72.0,127.0,132.0,57.0,57.0,193.0,12.6,5.31,2888,0.10604677644338868,env_mode,1.0.0,env_only,random_forest,0,,
2909,51.007943,29.423092,0.11,0.13,6.0,6.0,12.0,13.0,74.0,74.0,123.0,124.0,54.0,54.0,199.0,5.7,5.95,2889,0.10533061397893237,env_mode,1.0.0,env_only,random_forest,0,,
2910,50.998937,29.424026,0.1,0.12,7.0,7.0,12.0,14.0,64.0,64.0,129.0,129.0,62.0,63.0,170.0,2.1,7.31,2890,0.09929955735419,env_mode,1.0.0,env_only,random_forest,0,,
2911,50.998951,29.438323,0.11,0.12,6.0,6.0,14.0,15.0,66.0,66.0,127.0,128.0,63.0,63.0,167.0,7.4,5.54,2891,0.10139467347205577,env_mode,1.0.0,env_only,random_forest,0,,
2912,50.998951,29.452603,0.1,0.12,4.0,4.0,15.0,17.0,63.0,63.0,129.0,128.0,63.0,63.0,170.0,3.5,6.65,2892,0.10065996277888146,env_mode,1.0.0,env_only,random_forest,0,,
2913,50.989943,29.452585,0.11,0.12,4.0,4.0,17.0,18.0,60.0,60.0,132.0,131.0,61.0,61.0,164.0,5.4,5.94,2893,0.10192847948153483,env_mode,1.0.0,env_only,random_forest,0,,
2914,50.989958,29.423092,0.09,0.1,5.0,5.0,16.0,17.0,63.0,63.0,135.0,134.0,61.0,61.0,168.0,4.5,6.75,2894,0.10085546518052878,env_mode,1.0.0,env_only,random_forest,0,,
2915,50.989358,29.409765,0.1,0.1,4.0,3.0,15.0,17.0,60.0,61.0,136.0,134.0,59.0,59.0,169.0,6.9,5.88,2895,0.10257866330481216,env_mode,1.0.0,env_only,random_forest,0,,
2916,50.998351,29.409765,0.11,0.11,3.0,3.0,12.0,14.0,71.0,70.0,127.0,126.0,58.0,58.0,176.0,5.8,6.29,2896,0.10323886935253468,env_mode,1.0.0,env_only,random_forest,0,,
2917,50.98095,29.409746,0.11,0.12,4.0,4.0,16.0,18.0,63.0,63.0,137.0,136.0,60.0,60.0,169.0,2.5,7.01,2897,0.10139383475394226,env_mode,1.0.0,env_only,random_forest,0,,
2918,50.971973,29.408813,0.1,0.1,3.0,3.0,13.0,15.0,69.0,69.0,136.0,137.0,60.0,60.0,173.0,6.8,6.11,2898,0.10120813283294858,env_mode,1.0.0,env_only,random_forest,0,,
2919,50.962981,29.409765,0.11,0.12,5.0,5.0,12.0,13.0,66.0,66.0,121.0,123.0,57.0,57.0,194.0,36.2,4.19,2899,0.10606624766833064,env_mode,1.0.0,env_only,random_forest,0,,
2920,50.990267,29.379044,0.12,0.13,5.0,5.0,11.0,12.0,71.0,70.0,119.0,120.0,56.0,56.0,189.0,45.0,3.87,2900,0.10796248779141104,env_mode,1.0.0,env_only,random_forest,0,,
2921,50.98095,29.395467,0.12,0.13,4.0,4.0,15.0,17.0,63.0,63.0,132.0,132.0,58.0,58.0,169.0,5.9,6.34,2901,0.10313763280405429,env_mode,1.0.0,env_only,random_forest,0,,
2922,50.971973,29.395487,0.1,0.12,3.0,3.0,14.0,15.0,64.0,64.0,129.0,129.0,61.0,61.0,179.0,5.4,6.42,2902,0.10107335871673925,env_mode,1.0.0,env_only,random_forest,0,,
2923,50.980798,29.379868,0.12,0.13,4.0,4.0,14.0,15.0,66.0,66.0,130.0,131.0,59.0,59.0,178.0,18.9,4.63,2903,0.10394101743014494,env_mode,1.0.0,env_only,random_forest,0,,
2924,50.971501,29.380142,0.11,0.13,5.0,5.0,12.0,13.0,62.0,62.0,132.0,132.0,62.0,62.0,177.0,8.8,6.25,2904,0.1035322148225136,env_mode,1.0.0,env_only,random_forest,0,,
2925,50.963029,29.379607,0.12,0.12,3.0,3.0,14.0,14.0,67.0,67.0,135.0,135.0,60.0,60.0,183.0,45.0,3.95,2905,0.10406914919762014,env_mode,1.0.0,env_only,random_forest,0,,
2926,50.953985,29.395487,0.09,0.1,4.0,4.0,14.0,15.0,66.0,67.0,132.0,131.0,59.0,59.0,178.0,6.4,6.64,2906,0.10131803785514584,env_mode,1.0.0,env_only,random_forest,0,,
2927,50.953992,29.380113,0.11,0.12,5.0,5.0,16.0,17.0,59.0,59.0,131.0,131.0,61.0,61.0,184.0,6.5,5.81,2907,0.10380915036982705,env_mode,1.0.0,env_only,random_forest,0,,
2928,50.944993,29.409765,0.13,0.13,5.0,5.0,13.0,15.0,68.0,68.0,129.0,129.0,57.0,57.0,193.0,9.5,5.61,2908,0.10730220324545814,env_mode,1.0.0,env_only,random_forest,0,,
2929,50.944993,29.395487,0.11,0.12,4.0,4.0,14.0,16.0,65.0,66.0,123.0,123.0,58.0,58.0,177.0,8.6,6.1,2909,0.10425539526054677,env_mode,1.0.0,env_only,random_forest,0,,
2930,50.944955,29.379777,0.1,0.1,3.0,3.0,17.0,19.0,62.0,62.0,132.0,134.0,63.0,63.0,177.0,2.7,6.79,2910,0.10244567578546875,env_mode,1.0.0,env_only,random_forest,0,,
2931,50.935984,29.409746,0.1,0.11,4.0,4.0,17.0,19.0,56.0,56.0,135.0,137.0,63.0,63.0,175.0,1.4,7.72,2911,0.10350013663581595,env_mode,1.0.0,env_only,random_forest,0,,
2932,50.936001,29.424044,0.11,0.12,5.0,5.0,14.0,16.0,60.0,60.0,129.0,130.0,60.0,60.0,186.0,23.1,4.38,2912,0.10444848284202306,env_mode,1.0.0,env_only,random_forest,0,,
2933,50.927008,29.452603,0.1,0.1,4.0,4.0,19.0,21.0,61.0,61.0,137.0,136.0,62.0,62.0,170.0,0.4,9.37,2913,0.10185758158894533,env_mode,1.0.0,env_only,random_forest,0,,
2934,50.927008,29.438323,0.1,0.11,3.0,4.0,20.0,22.0,61.0,61.0,137.0,136.0,62.0,62.0,173.0,5.4,6.44,2914,0.1041664799518992,env_mode,1.0.0,env_only,random_forest,0,,
2935,50.92699,29.424026,0.11,0.12,3.0,4.0,17.0,19.0,63.0,63.0,134.0,133.0,60.0,60.0,176.0,8.1,6.0,2915,0.1022811150518704,env_mode,1.0.0,env_only,random_forest,0,,
2936,50.918015,29.466881,0.11,0.12,4.0,4.0,19.0,21.0,60.0,60.0,133.0,131.0,62.0,62.0,174.0,15.4,5.14,2916,0.10517179485091895,env_mode,1.0.0,env_only,random_forest,0,,
2937,50.917416,29.452603,0.11,0.12,5.0,5.0,18.0,20.0,61.0,61.0,133.0,132.0,64.0,64.0,173.0,5.7,6.7,2917,0.10306734738365252,env_mode,1.0.0,env_only,random_forest,0,,
2938,50.918015,29.438323,0.11,0.11,3.0,3.0,18.0,20.0,62.0,62.0,131.0,130.0,64.0,64.0,176.0,9.5,5.82,2918,0.10305822074251986,env_mode,1.0.0,env_only,random_forest,0,,
2939,50.909004,29.452585,0.1,0.12,4.0,3.0,17.0,19.0,63.0,63.0,131.0,131.0,61.0,61.0,178.0,5.2,5.9,2919,0.10139088897321084,env_mode,1.0.0,env_only,random_forest,0,,
2940,50.909023,29.466881,0.1,0.12,3.0,4.0,17.0,19.0,66.0,66.0,129.0,129.0,62.0,62.0,174.0,28.4,5.04,2920,0.10269708084762977,env_mode,1.0.0,env_only,random_forest,0,,
2941,50.900031,29.438323,0.1,0.12,5.0,5.0,13.0,15.0,67.0,67.0,129.0,129.0,61.0,61.0,174.0,9.7,5.98,2921,0.10189494014934299,env_mode,1.0.0,env_only,random_forest,0,,
2942,50.90012,29.45278,0.1,0.12,7.0,7.0,13.0,14.0,70.0,69.0,123.0,123.0,56.0,56.0,195.0,19.0,5.3,2922,0.10540491655455751,env_mode,1.0.0,env_only,random_forest,0,,
2943,50.89999,29.46646,0.09,0.1,6.0,7.0,14.0,15.0,72.0,71.0,123.0,124.0,58.0,58.0,184.0,22.7,4.7,2923,0.10291736670119846,env_mode,1.0.0,env_only,random_forest,0,,
2944,50.891037,29.48116,0.11,0.11,5.0,4.0,15.0,17.0,72.0,71.0,126.0,126.0,59.0,59.0,174.0,4.2,6.2,2924,0.10360111242245046,env_mode,1.0.0,env_only,random_forest,0,,
2945,50.891017,29.466865,0.11,0.12,6.0,6.0,11.0,13.0,73.0,73.0,114.0,113.0,56.0,56.0,204.0,21.7,5.02,2925,0.10415852118324105,env_mode,1.0.0,env_only,random_forest,0,,
2946,50.891017,29.452585,0.09,0.1,4.0,4.0,12.0,14.0,66.0,66.0,123.0,124.0,60.0,60.0,188.0,18.1,5.48,2926,0.1019594655739636,env_mode,1.0.0,env_only,random_forest,0,,
2947,50.882024,29.452585,0.09,0.09,4.0,4.0,14.0,16.0,71.0,71.0,129.0,129.0,61.0,61.0,172.0,10.8,5.49,2927,0.10087919865220601,env_mode,1.0.0,env_only,random_forest,0,,
2948,50.882044,29.466881,0.09,0.1,6.0,6.0,10.0,12.0,69.0,70.0,110.0,114.0,57.0,56.0,184.0,45.0,4.35,2928,0.10189343748628533,env_mode,1.0.0,env_only,random_forest,0,,
2949,50.882044,29.494487,0.09,0.09,4.0,4.0,13.0,15.0,71.0,72.0,128.0,127.0,58.0,58.0,169.0,29.5,4.64,2929,0.10276878390397252,env_mode,1.0.0,env_only,random_forest,0,,
2950,50.873031,29.509704,0.09,0.1,7.0,7.0,11.0,12.0,78.0,79.0,118.0,123.0,54.0,54.0,185.0,35.6,4.5,2930,0.10456551821705724,env_mode,1.0.0,env_only,random_forest,0,,
2951,50.873052,29.496391,0.09,0.1,6.0,5.0,12.0,13.0,77.0,77.0,126.0,127.0,57.0,57.0,188.0,26.0,4.81,2931,0.10357695197636317,env_mode,1.0.0,env_only,random_forest,0,,
2952,50.873031,29.481144,0.08,0.09,5.0,4.0,11.0,12.0,73.0,72.0,123.0,125.0,57.0,57.0,175.0,18.6,5.27,2932,0.10289795628818653,env_mode,1.0.0,env_only,random_forest,0,,
2953,50.864038,29.481144,0.09,0.09,4.0,4.0,17.0,19.0,64.0,64.0,128.0,128.0,60.0,60.0,174.0,4.4,6.62,2933,0.1008153277956808,env_mode,1.0.0,env_only,random_forest,0,,
2954,50.86406,29.494487,0.09,0.1,7.0,7.0,13.0,14.0,66.0,65.0,121.0,122.0,61.0,61.0,176.0,17.8,5.35,2934,0.10295895721943944,env_mode,1.0.0,env_only,random_forest,0,,
2955,50.864038,29.509704,0.0,0.1,5.0,5.0,13.0,14.0,66.0,66.0,125.0,126.0,60.0,60.0,170.0,6.2,6.77,2935,0.09636384217549379,env_mode,1.0.0,env_only,random_forest,0,,
2956,50.855044,29.509704,0.09,0.1,4.0,4.0,17.0,18.0,59.0,59.0,131.0,130.0,63.0,63.0,170.0,3.9,6.62,2936,0.10152656357217045,env_mode,1.0.0,env_only,random_forest,0,,
2957,50.855044,29.495424,0.09,0.09,5.0,4.0,18.0,19.0,58.0,58.0,133.0,132.0,65.0,65.0,170.0,3.0,6.99,2937,0.10014325522739971,env_mode,1.0.0,env_only,random_forest,0,,
2958,50.846051,29.495424,0.09,0.1,5.0,4.0,18.0,19.0,56.0,56.0,134.0,132.0,64.0,64.0,166.0,5.8,5.97,2938,0.10237603086316896,env_mode,1.0.0,env_only,random_forest,0,,
2959,50.846051,29.481144,0.1,0.1,5.0,4.0,18.0,20.0,57.0,57.0,134.0,135.0,66.0,66.0,166.0,3.1,7.24,2939,0.10002091930689834,env_mode,1.0.0,env_only,random_forest,0,,
2960,50.846074,29.466881,0.1,0.11,4.0,4.0,17.0,18.0,60.0,60.0,133.0,134.0,69.0,69.0,167.0,3.5,7.55,2940,0.0998344307363016,env_mode,1.0.0,env_only,random_forest,0,,
2961,50.837058,29.495424,0.1,0.12,5.0,5.0,14.0,15.0,61.0,60.0,131.0,130.0,58.0,58.0,169.0,11.9,5.34,2941,0.104411168887788,env_mode,1.0.0,env_only,random_forest,0,,
2962,50.837082,29.48116,0.1,0.11,4.0,4.0,16.0,18.0,62.0,62.0,137.0,138.0,63.0,63.0,163.0,5.9,5.91,2942,0.10036127400988011,env_mode,1.0.0,env_only,random_forest,0,,
2963,50.837082,29.466881,0.1,0.1,3.0,3.0,16.0,17.0,59.0,58.0,136.0,137.0,63.0,63.0,162.0,6.1,6.37,2943,0.10132298472964171,env_mode,1.0.0,env_only,random_forest,0,,
2964,50.828089,29.509718,0.11,0.11,5.0,4.0,14.0,15.0,69.0,69.0,133.0,132.0,55.0,55.0,177.0,17.0,4.81,2944,0.10657885777567483,env_mode,1.0.0,env_only,random_forest,0,,
2965,50.819096,29.523996,0.1,0.12,5.0,4.0,14.0,15.0,65.0,65.0,127.0,127.0,61.0,61.0,175.0,14.5,5.14,2945,0.1026837787880923,env_mode,1.0.0,env_only,random_forest,0,,
2966,50.819096,29.538276,0.09,0.1,5.0,4.0,12.0,13.0,68.0,66.0,126.0,127.0,59.0,59.0,167.0,44.7,4.43,2946,0.10252565189559773,env_mode,1.0.0,env_only,random_forest,0,,
2967,50.819096,29.509718,0.12,0.13,5.0,4.0,14.0,15.0,68.0,68.0,129.0,130.0,58.0,58.0,167.0,27.5,4.55,2947,0.10544616121548099,env_mode,1.0.0,env_only,random_forest,0,,
2968,50.819096,29.495439,0.11,0.12,7.0,5.0,14.0,15.0,64.0,65.0,128.0,130.0,58.0,58.0,178.0,16.1,5.15,2948,0.1057656547899331,env_mode,1.0.0,env_only,random_forest,0,,
2969,50.828089,29.495439,0.09,0.1,5.0,5.0,14.0,15.0,62.0,61.0,127.0,128.0,60.0,60.0,174.0,40.5,4.0,2949,0.10333510570954872,env_mode,1.0.0,env_only,random_forest,0,,
2970,50.819071,29.481144,0.1,0.11,7.0,5.0,13.0,14.0,64.0,64.0,131.0,132.0,59.0,59.0,160.0,18.7,4.92,2950,0.10314921880036146,env_mode,1.0.0,env_only,random_forest,0,,
2971,50.819071,29.466865,0.09,0.09,6.0,5.0,14.0,15.0,69.0,69.0,126.0,128.0,59.0,59.0,164.0,45.0,4.32,2951,0.10294899579256245,env_mode,1.0.0,env_only,random_forest,0,,
2972,50.810102,29.466881,0.09,0.11,5.0,5.0,13.0,15.0,67.0,66.0,128.0,130.0,60.0,59.0,158.0,40.2,4.36,2952,0.10277826169842325,env_mode,1.0.0,env_only,random_forest,0,,
2973,50.810078,29.481144,0.09,0.1,7.0,5.0,14.0,15.0,67.0,66.0,124.0,126.0,60.0,60.0,172.0,25.3,4.97,2953,0.10258820685534718,env_mode,1.0.0,env_only,random_forest,0,,
2974,50.809407,29.45243,0.09,0.09,5.0,5.0,11.0,13.0,80.0,80.0,125.0,128.0,56.0,56.0,169.0,15.7,4.89,2954,0.1039536241768237,env_mode,1.0.0,env_only,random_forest,0,,
2975,50.818897,29.452915,0.12,0.13,6.0,5.0,14.0,15.0,72.0,72.0,127.0,129.0,58.0,58.0,167.0,22.0,4.91,2955,0.10499398757518874,env_mode,1.0.0,env_only,random_forest,0,,
2976,50.80111,29.466881,0.09,0.1,5.0,5.0,13.0,14.0,76.0,76.0,124.0,126.0,58.0,58.0,152.0,38.6,4.14,2956,0.10154106376099065,env_mode,1.0.0,env_only,random_forest,0,,
2977,50.80111,29.452603,0.09,0.09,4.0,4.0,13.0,14.0,70.0,70.0,124.0,131.0,57.0,57.0,160.0,26.1,4.37,2957,0.10369166777238949,env_mode,1.0.0,env_only,random_forest,0,,
2978,50.792118,29.495439,0.11,0.11,7.0,7.0,13.0,15.0,76.0,76.0,132.0,133.0,57.0,57.0,165.0,44.6,4.12,2958,0.10445569573574785,env_mode,1.0.0,env_only,random_forest,0,,
2979,50.792118,29.509718,0.1,0.12,4.0,4.0,11.0,12.0,75.0,75.0,130.0,129.0,57.0,57.0,161.0,11.5,5.71,2959,0.10291003298008203,env_mode,1.0.0,env_only,random_forest,0,,
2980,50.792092,29.481144,0.11,0.12,5.0,5.0,14.0,15.0,70.0,70.0,129.0,130.0,57.0,57.0,156.0,26.5,4.9,2960,0.10471317522187094,env_mode,1.0.0,env_only,random_forest,0,,
2981,50.791649,29.468427,0.1,0.1,5.0,5.0,13.0,14.0,70.0,70.0,117.0,123.0,58.0,58.0,160.0,21.8,4.81,2961,0.10477171350927361,env_mode,1.0.0,env_only,random_forest,0,,
2982,50.783098,29.466865,0.1,0.12,5.0,5.0,14.0,15.0,65.0,64.0,117.0,124.0,56.0,56.0,149.0,12.8,5.07,2962,0.10608890803634476,env_mode,1.0.0,env_only,random_forest,0,,
2983,50.783098,29.481144,0.11,0.11,5.0,5.0,14.0,15.0,74.0,74.0,122.0,126.0,55.0,55.0,160.0,45.0,3.64,2963,0.10533063614497457,env_mode,1.0.0,env_only,random_forest,0,,
2984,50.783125,29.495439,0.11,0.11,6.0,5.0,15.0,16.0,75.0,75.0,125.0,130.0,55.0,55.0,155.0,37.6,4.26,2964,0.107493422091731,env_mode,1.0.0,env_only,random_forest,0,,
2985,50.774105,29.466865,0.1,0.1,4.0,5.0,16.0,18.0,58.0,58.0,128.0,129.0,60.0,60.0,126.0,10.8,6.61,2965,0.10243684806363362,env_mode,1.0.0,env_only,random_forest,0,,
2986,50.774105,29.452585,0.09,0.1,4.0,4.0,17.0,19.0,46.0,45.0,133.0,133.0,66.0,66.0,146.0,8.0,5.54,2966,0.10188745026975783,env_mode,1.0.0,env_only,random_forest,0,,
2987,50.763654,29.481,0.1,0.1,8.0,7.0,19.0,20.0,54.0,54.0,120.0,119.0,64.0,64.0,126.0,1.4,7.48,2967,0.098912794709863,env_mode,1.0.0,env_only,random_forest,0,,
2988,50.75541,29.4813,0.1,0.12,4.0,4.0,14.0,15.0,62.0,62.0,125.0,126.0,61.0,61.0,142.0,12.6,5.58,2968,0.10225866000070066,env_mode,1.0.0,env_only,random_forest,0,,
2989,50.756146,29.466881,0.11,0.13,5.0,5.0,14.0,15.0,66.0,66.0,123.0,124.0,58.0,58.0,139.0,45.0,3.93,2969,0.1129461546671822,env_mode,1.0.0,env_only,random_forest,0,,
2990,50.766222,29.468936,0.1,0.1,5.0,5.0,18.0,20.0,52.0,52.0,130.0,128.0,63.0,63.0,126.0,2.8,7.61,2970,0.10346938179666859,env_mode,1.0.0,env_only,random_forest,0,,
2991,50.765112,29.452585,0.1,0.11,5.0,5.0,20.0,21.0,52.0,51.0,133.0,132.0,66.0,66.0,131.0,32.0,4.65,2971,0.10213601061266507,env_mode,1.0.0,env_only,random_forest,0,,
2992,50.756146,29.451651,0.1,0.1,5.0,5.0,17.0,19.0,54.0,54.0,130.0,129.0,62.0,62.0,128.0,8.0,5.58,2972,0.10379559463723213,env_mode,1.0.0,env_only,random_forest,0,,
2993,50.765112,29.495424,0.09,0.1,5.0,5.0,18.0,19.0,58.0,59.0,122.0,121.0,62.0,62.0,125.0,2.1,7.01,2973,0.09950977491085587,env_mode,1.0.0,env_only,random_forest,0,,
2994,50.765134,29.510563,0.09,0.1,6.0,7.0,13.0,14.0,58.0,58.0,104.0,112.0,61.0,61.0,142.0,44.6,4.09,2974,0.10329592368389742,env_mode,1.0.0,env_only,random_forest,0,,
2995,50.765112,29.523983,0.1,0.1,6.0,6.0,15.0,16.0,67.0,68.0,118.0,125.0,59.0,59.0,145.0,38.2,4.35,2975,0.10457768190457976,env_mode,1.0.0,env_only,random_forest,0,,
2996,50.75485,29.52214,0.09,0.09,7.0,7.0,12.0,13.0,65.0,65.0,115.0,121.0,59.0,59.0,133.0,10.7,6.07,2976,0.10412555150946265,env_mode,1.0.0,env_only,random_forest,0,,
2997,50.756119,29.509704,0.1,0.12,5.0,6.0,13.0,15.0,64.0,64.0,113.0,119.0,62.0,62.0,151.0,45.0,3.22,2977,0.10480962040033817,env_mode,1.0.0,env_only,random_forest,0,,
2998,50.756119,29.495424,0.1,0.11,4.0,4.0,15.0,16.0,66.0,65.0,121.0,123.0,58.0,58.0,140.0,6.4,5.77,2978,0.1036900167440795,env_mode,1.0.0,env_only,random_forest,0,,
2999,50.747125,29.495424,0.1,0.1,4.0,5.0,12.0,13.0,69.0,69.0,122.0,127.0,55.0,55.0,143.0,27.5,5.11,2979,0.10607348310124949,env_mode,1.0.0,env_only,random_forest,0,,
3000,50.747154,29.509718,0.11,0.12,7.0,7.0,12.0,14.0,68.0,68.0,118.0,124.0,59.0,59.0,155.0,8.9,5.85,2980,0.10519587166917013,env_mode,1.0.0,env_only,random_forest,0,,
3001,50.747125,29.538263,0.12,0.13,7.0,7.0,12.0,14.0,77.0,77.0,110.0,119.0,53.0,53.0,153.0,16.0,4.77,2981,0.10753013652003766,env_mode,1.0.0,env_only,random_forest,0,,
3002,50.756146,29.539228,0.09,0.09,8.0,7.0,11.0,12.0,73.0,73.0,109.0,118.0,57.0,57.0,145.0,35.9,4.17,2982,0.1004636758796285,env_mode,1.0.0,env_only,random_forest,0,,
3003,50.765112,29.538263,0.1,0.11,6.0,5.0,12.0,14.0,73.0,74.0,118.0,124.0,56.0,56.0,144.0,29.3,4.74,2983,0.1041895713808721,env_mode,1.0.0,env_only,random_forest,0,,
3004,50.774472,29.537117,0.1,0.12,5.0,5.0,17.0,19.0,62.0,63.0,129.0,129.0,58.0,58.0,123.0,2.0,8.1,2984,0.10143941809178007,env_mode,1.0.0,env_only,random_forest,0,,
3005,50.765139,29.552555,0.09,0.09,6.0,5.0,14.0,15.0,69.0,69.0,111.0,119.0,53.0,53.0,136.0,24.7,4.72,2985,0.11135621884216573,env_mode,1.0.0,env_only,random_forest,0,,
3006,50.756146,29.552555,0.1,0.11,6.0,6.0,12.0,13.0,72.0,71.0,104.0,112.0,56.0,56.0,128.0,16.7,5.08,2986,0.10869615143209724,env_mode,1.0.0,env_only,random_forest,0,,
3007,50.747125,29.552542,0.09,0.1,7.0,6.0,12.0,13.0,73.0,73.0,99.0,108.0,58.0,58.0,141.0,19.5,4.66,2987,0.1027977145835701,env_mode,1.0.0,env_only,random_forest,0,,
3008,50.756119,29.566822,0.09,0.1,7.0,7.0,13.0,15.0,58.0,58.0,96.0,103.0,60.0,60.0,126.0,25.6,4.63,2988,0.10643671612999603,env_mode,1.0.0,env_only,random_forest,0,,
3009,50.765112,29.566822,0.09,0.1,7.0,7.0,17.0,18.0,54.0,54.0,112.0,112.0,61.0,61.0,122.0,4.4,6.22,2989,0.09929050130496399,env_mode,1.0.0,env_only,random_forest,0,,
3010,50.774105,29.581102,0.09,0.09,9.0,10.0,20.0,22.0,49.0,49.0,120.0,121.0,63.0,63.0,126.0,3.6,7.58,2990,0.09998099598318558,env_mode,1.0.0,env_only,random_forest,0,,
3011,50.765139,29.581112,0.09,0.09,7.0,7.0,19.0,20.0,50.0,50.0,133.0,134.0,59.0,59.0,123.0,10.7,6.2,2991,0.1048338210935682,env_mode,1.0.0,env_only,random_forest,0,,
3012,50.756146,29.581112,0.09,0.1,5.0,5.0,18.0,19.0,50.0,50.0,135.0,135.0,61.0,61.0,124.0,1.8,6.81,2992,0.10766551961388543,env_mode,1.0.0,env_only,random_forest,0,,
3013,50.747125,29.581102,0.09,0.1,7.0,7.0,19.0,21.0,58.0,58.0,112.0,112.0,61.0,61.0,124.0,8.9,6.39,2993,0.09939819195040647,env_mode,1.0.0,env_only,random_forest,0,,
3014,50.747125,29.595381,0.09,0.09,6.0,7.0,17.0,18.0,55.0,55.0,120.0,120.0,62.0,62.0,124.0,1.7,7.01,2994,0.09846315440616414,env_mode,1.0.0,env_only,random_forest,0,,
3015,50.756146,29.595391,0.1,0.1,7.0,8.0,17.0,19.0,55.0,55.0,123.0,123.0,62.0,62.0,124.0,27.6,4.88,2995,0.10306703111170296,env_mode,1.0.0,env_only,random_forest,0,,
3016,50.765112,29.595381,0.09,0.1,7.0,7.0,17.0,18.0,52.0,52.0,119.0,119.0,61.0,61.0,126.0,9.0,6.33,2996,0.09897868681696367,env_mode,1.0.0,env_only,random_forest,0,,
3017,50.774132,29.594439,0.1,0.1,6.0,7.0,18.0,19.0,53.0,53.0,120.0,119.0,58.0,58.0,123.0,2.4,7.32,2997,0.10185377191819836,env_mode,1.0.0,env_only,random_forest,0,,
3018,50.765112,29.609661,0.1,0.11,7.0,7.0,14.0,15.0,63.0,63.0,116.0,119.0,61.0,62.0,132.0,27.5,4.48,2998,0.10521232738937236,env_mode,1.0.0,env_only,random_forest,0,,
3019,50.756146,29.60967,0.1,0.1,4.0,5.0,12.0,14.0,73.0,73.0,116.0,123.0,57.0,57.0,163.0,18.6,4.95,2999,0.10481502214191707,env_mode,1.0.0,env_only,random_forest,0,,
3020,50.765139,29.62395,0.1,0.11,6.0,6.0,12.0,14.0,77.0,77.0,119.0,125.0,57.0,57.0,153.0,20.9,4.9,3000,0.10465020191995622,env_mode,1.0.0,env_only,random_forest,0,,
3021,50.756119,29.62394,0.11,0.12,5.0,5.0,13.0,14.0,77.0,77.0,116.0,124.0,55.0,55.0,161.0,41.7,3.86,3001,0.10676245349328976,env_mode,1.0.0,env_only,random_forest,0,,
3022,50.747125,29.62394,0.1,0.1,5.0,4.0,11.0,12.0,73.0,73.0,121.0,129.0,57.0,57.0,168.0,18.8,5.1,3002,0.10375863271178838,env_mode,1.0.0,env_only,random_forest,0,,
3023,50.747125,29.63822,0.1,0.11,5.0,5.0,14.0,15.0,67.0,67.0,124.0,131.0,57.0,57.0,146.0,5.8,5.78,3003,0.10294190879537157,env_mode,1.0.0,env_only,random_forest,0,,
3024,50.756119,29.63822,0.1,0.11,5.0,5.0,12.0,13.0,78.0,78.0,118.0,124.0,52.0,52.0,157.0,29.6,4.56,3004,0.10556272334820484,env_mode,1.0.0,env_only,random_forest,0,,
3025,50.765112,29.63822,0.09,0.1,5.0,5.0,12.0,13.0,70.0,71.0,119.0,126.0,59.0,59.0,146.0,20.4,4.77,3005,0.10258543715329399,env_mode,1.0.0,env_only,random_forest,0,,
3026,50.756119,29.6525,0.1,0.11,7.0,7.0,12.0,12.0,77.0,77.0,118.0,126.0,51.0,51.0,165.0,14.0,5.38,3006,0.10600239496842154,env_mode,1.0.0,env_only,random_forest,0,,
3027,50.738132,29.62394,0.09,0.1,11.0,10.0,14.0,15.0,68.0,69.0,121.0,127.0,55.0,55.0,145.0,38.5,4.38,3007,0.10865936061346097,env_mode,1.0.0,env_only,random_forest,0,,
3028,50.738132,29.63822,0.1,0.1,9.0,8.0,12.0,13.0,69.0,69.0,109.0,117.0,53.0,53.0,145.0,40.5,4.68,3008,0.1043136385931397,env_mode,1.0.0,env_only,random_forest,0,,
3029,50.738132,29.6525,0.11,0.12,9.0,8.0,11.0,12.0,74.0,74.0,108.0,115.0,54.0,54.0,169.0,2.9,7.29,3009,0.10498684806312267,env_mode,1.0.0,env_only,random_forest,0,,
3030,50.738132,29.666779,0.1,0.12,8.0,8.0,13.0,15.0,80.0,80.0,120.0,127.0,55.0,56.0,156.0,13.9,5.17,3010,0.10463270375321689,env_mode,1.0.0,env_only,random_forest,0,,
3031,50.738132,29.681059,0.1,0.12,6.0,6.0,11.0,12.0,79.0,80.0,118.0,125.0,55.0,56.0,165.0,29.4,4.31,3011,0.10387822891633225,env_mode,1.0.0,env_only,random_forest,0,,
3032,50.738132,29.695338,0.1,0.11,7.0,7.0,10.0,12.0,76.0,77.0,111.0,119.0,53.0,53.0,160.0,16.5,5.11,3012,0.10544195180910053,env_mode,1.0.0,env_only,random_forest,0,,
3033,50.738132,29.709618,0.13,0.14,7.0,7.0,10.0,11.0,80.0,80.0,116.0,124.0,53.0,53.0,167.0,34.4,4.42,3013,0.10672712838418026,env_mode,1.0.0,env_only,random_forest,0,,
3034,50.765112,29.666779,0.11,0.12,6.0,6.0,10.0,11.0,80.0,79.0,114.0,122.0,52.0,53.0,159.0,27.2,4.12,3014,0.10639373879729676,env_mode,1.0.0,env_only,random_forest,0,,
3035,50.756146,29.666786,0.11,0.11,5.0,5.0,11.0,12.0,80.0,80.0,121.0,128.0,55.0,55.0,156.0,24.4,4.89,3015,0.1054046735762822,env_mode,1.0.0,env_only,random_forest,0,,
3036,50.747125,29.666779,0.11,0.12,5.0,5.0,10.0,11.0,76.0,77.0,120.0,125.0,55.0,55.0,160.0,38.2,4.39,3016,0.10514457534120288,env_mode,1.0.0,env_only,random_forest,0,,
3037,50.747125,29.681059,0.09,0.09,7.0,7.0,10.0,12.0,80.0,80.0,118.0,125.0,55.0,56.0,155.0,22.6,4.78,3017,0.10348294752801158,env_mode,1.0.0,env_only,random_forest,0,,
3038,50.756119,29.681059,0.1,0.1,7.0,7.0,12.0,13.0,75.0,75.0,119.0,124.0,54.0,54.0,165.0,25.0,4.73,3018,0.10476260697052332,env_mode,1.0.0,env_only,random_forest,0,,
3039,50.765139,29.681065,0.09,0.11,6.0,6.0,12.0,13.0,75.0,75.0,126.0,128.0,55.0,56.0,162.0,18.2,4.53,3019,0.10376133310337296,env_mode,1.0.0,env_only,random_forest,0,,
3040,50.765112,29.695338,0.1,0.11,5.0,5.0,13.0,14.0,73.0,73.0,121.0,126.0,55.0,56.0,153.0,13.2,5.57,3020,0.10384644286687525,env_mode,1.0.0,env_only,random_forest,0,,
3041,50.756119,29.695338,0.09,0.1,8.0,7.0,10.0,11.0,79.0,80.0,117.0,125.0,53.0,53.0,169.0,7.4,5.69,3021,0.10314443711350417,env_mode,1.0.0,env_only,random_forest,0,,
3042,50.747125,29.709618,0.09,0.09,7.0,6.0,11.0,12.0,77.0,77.0,116.0,126.0,53.0,53.0,158.0,35.9,4.58,3022,0.10524951350798625,env_mode,1.0.0,env_only,random_forest,0,,
3043,50.756146,29.709623,0.09,0.09,8.0,8.0,10.0,11.0,79.0,79.0,117.0,124.0,53.0,53.0,165.0,10.5,5.25,3023,0.10295485461021034,env_mode,1.0.0,env_only,random_forest,0,,
3044,50.765139,29.70867,0.09,0.1,9.0,9.0,11.0,12.0,75.0,76.0,115.0,124.0,54.0,54.0,152.0,6.8,6.52,3024,0.10868250957701221,env_mode,1.0.0,env_only,random_forest,0,,
3045,50.765112,29.738177,0.1,0.11,6.0,6.0,11.0,12.0,74.0,74.0,119.0,128.0,56.0,56.0,154.0,21.1,4.43,3025,0.103840118349265,env_mode,1.0.0,env_only,random_forest,0,,
3046,50.756146,29.738181,0.09,0.09,7.0,7.0,12.0,13.0,70.0,70.0,123.0,126.0,56.0,56.0,140.0,5.8,6.55,3026,0.10653574090479477,env_mode,1.0.0,env_only,random_forest,0,,
3047,50.765112,29.723898,0.09,0.11,7.0,6.0,11.0,12.0,75.0,75.0,118.0,126.0,54.0,54.0,152.0,8.1,5.85,3027,0.10564171071576373,env_mode,1.0.0,env_only,random_forest,0,,
3048,50.756146,29.723902,0.09,0.11,5.0,5.0,11.0,13.0,74.0,74.0,117.0,123.0,59.0,59.0,154.0,24.3,4.39,3028,0.10247963441212309,env_mode,1.0.0,env_only,random_forest,0,,
3049,50.747125,29.723898,0.1,0.11,4.0,4.0,10.0,11.0,69.0,69.0,110.0,109.0,63.0,64.0,150.0,45.0,3.77,3029,0.1039317721067201,env_mode,1.0.0,env_only,random_forest,0,,
3050,50.738132,29.723898,0.12,0.13,6.0,6.0,13.0,14.0,74.0,73.0,115.0,119.0,57.0,57.0,146.0,22.8,5.86,3030,0.10605852729881968,env_mode,1.0.0,env_only,random_forest,0,,
3051,50.737528,29.738398,0.1,0.11,8.0,8.0,11.0,12.0,70.0,70.0,107.0,113.0,54.0,54.0,164.0,17.8,4.82,3031,0.10250278866638426,env_mode,1.0.0,env_only,random_forest,0,,
3052,50.737635,29.752877,0.1,0.11,6.0,6.0,11.0,12.0,77.0,77.0,103.0,110.0,53.0,53.0,161.0,28.8,4.71,3032,0.10445988215289272,env_mode,1.0.0,env_only,random_forest,0,,
3053,50.747154,29.752459,0.1,0.12,9.0,8.0,11.0,12.0,65.0,64.0,107.0,114.0,57.0,57.0,167.0,21.1,4.42,3033,0.10289606232048044,env_mode,1.0.0,env_only,random_forest,0,,
3054,50.756745,29.752459,0.09,0.1,7.0,7.0,13.0,14.0,70.0,70.0,122.0,124.0,58.0,59.0,151.0,32.8,4.16,3034,0.10278904227522921,env_mode,1.0.0,env_only,random_forest,0,,
3055,50.764539,29.752459,0.1,0.11,7.0,7.0,12.0,13.0,72.0,71.0,125.0,127.0,56.0,56.0,145.0,45.0,3.89,3035,0.10533057878626026,env_mode,1.0.0,env_only,random_forest,0,,
3056,50.765112,29.766736,0.1,0.11,8.0,9.0,10.0,11.0,69.0,68.0,118.0,125.0,57.0,57.0,157.0,11.7,5.23,3036,0.1049115052880665,env_mode,1.0.0,env_only,random_forest,0,,
3057,50.756119,29.766736,0.1,0.12,8.0,8.0,12.0,13.0,65.0,65.0,116.0,123.0,56.0,56.0,156.0,26.0,5.14,3037,0.1055343449274888,env_mode,1.0.0,env_only,random_forest,0,,
3058,50.747125,29.766736,0.11,0.11,8.0,8.0,15.0,16.0,65.0,65.0,117.0,118.0,59.0,59.0,144.0,21.6,5.84,3038,0.1058815191392695,env_mode,1.0.0,env_only,random_forest,0,,
3059,50.756119,29.781016,0.11,0.11,7.0,7.0,11.0,12.0,67.0,67.0,119.0,125.0,57.0,57.0,155.0,21.7,5.05,3039,0.10677307806056907,env_mode,1.0.0,env_only,random_forest,0,,
3060,50.765112,29.781016,0.09,0.1,7.0,7.0,13.0,14.0,69.0,69.0,119.0,125.0,59.0,59.0,149.0,27.1,4.44,3040,0.10310348001606026,env_mode,1.0.0,env_only,random_forest,0,,
3061,50.774132,29.795297,0.1,0.1,7.0,7.0,14.0,15.0,70.0,70.0,123.0,125.0,56.0,56.0,137.0,12.0,5.43,3041,0.1071784534106514,env_mode,1.0.0,env_only,random_forest,0,,
3062,50.765112,29.795296,0.1,0.11,7.0,7.0,12.0,13.0,74.0,74.0,114.0,122.0,53.0,53.0,149.0,14.5,5.38,3042,0.10927351740263797,env_mode,1.0.0,env_only,random_forest,0,,
3063,50.756119,29.795296,0.1,0.12,9.0,9.0,12.0,13.0,66.0,66.0,115.0,123.0,53.0,53.0,163.0,12.9,5.47,3043,0.10568910555268625,env_mode,1.0.0,env_only,random_forest,0,,
3064,50.747125,29.795296,0.11,0.11,9.0,9.0,11.0,12.0,68.0,68.0,116.0,120.0,53.0,53.0,168.0,8.1,5.53,3044,0.10610240919588006,env_mode,1.0.0,env_only,random_forest,0,,
3065,50.747154,29.809575,0.1,0.1,5.0,5.0,10.0,11.0,72.0,72.0,113.0,120.0,54.0,54.0,157.0,14.5,5.62,3045,0.10181536833187348,env_mode,1.0.0,env_only,random_forest,0,,
3066,50.756146,29.809575,0.09,0.11,7.0,7.0,13.0,14.0,70.0,71.0,120.0,122.0,54.0,54.0,144.0,15.6,5.74,3046,0.10669782909095663,env_mode,1.0.0,env_only,random_forest,0,,
3067,50.766518,29.810546,0.1,0.1,6.0,7.0,14.0,15.0,64.0,65.0,124.0,126.0,57.0,57.0,137.0,3.5,6.6,3047,0.10514637824861896,env_mode,1.0.0,env_only,random_forest,0,,
3068,50.774132,29.809575,0.09,0.1,6.0,6.0,13.0,15.0,72.0,73.0,126.0,126.0,55.0,55.0,138.0,32.6,4.74,3048,0.1087518644225773,env_mode,1.0.0,env_only,random_forest,0,,
3069,50.765112,29.823855,0.09,0.11,10.0,10.0,12.0,14.0,65.0,65.0,106.0,110.0,59.0,59.0,153.0,22.6,4.9,3049,0.10273790731877289,env_mode,1.0.0,env_only,random_forest,0,,
3070,50.75686,29.8249,0.1,0.11,5.0,5.0,15.0,16.0,61.0,61.0,130.0,131.0,56.0,56.0,139.0,11.9,6.26,3050,0.10473413990446724,env_mode,1.0.0,env_only,random_forest,0,,
3071,50.783125,29.838133,0.09,0.09,4.0,4.0,15.0,16.0,55.0,55.0,136.0,136.0,63.0,63.0,134.0,1.8,7.89,3051,0.1043407179376805,env_mode,1.0.0,env_only,random_forest,0,,
3072,50.774105,29.838134,0.09,0.1,4.0,3.0,15.0,16.0,61.0,61.0,132.0,132.0,63.0,63.0,139.0,4.6,6.64,3052,0.10218369545520634,env_mode,1.0.0,env_only,random_forest,0,,
3073,50.764953,29.838939,0.11,0.12,5.0,8.0,11.0,13.0,73.0,73.0,117.0,120.0,55.0,55.0,157.0,9.9,5.31,3053,0.10543730913370314,env_mode,1.0.0,env_only,random_forest,0,,
3074,50.783125,29.852412,0.1,0.12,8.0,8.0,16.0,18.0,60.0,60.0,112.0,114.0,60.0,60.0,151.0,28.9,4.59,3054,0.10282001728591413,env_mode,1.0.0,env_only,random_forest,0,,
3075,50.791518,29.86669,0.11,0.11,7.0,7.0,15.0,17.0,61.0,62.0,121.0,123.0,59.0,59.0,137.0,9.0,6.67,3055,0.10465090818030133,env_mode,1.0.0,env_only,random_forest,0,,
3076,50.783125,29.867643,0.1,0.11,8.0,7.0,12.0,14.0,69.0,69.0,115.0,124.0,57.0,57.0,145.0,16.5,5.5,3056,0.10652610129370033,env_mode,1.0.0,env_only,random_forest,0,,
3077,50.774132,29.852412,0.1,0.1,4.0,4.0,13.0,15.0,59.0,59.0,124.0,125.0,60.0,60.0,140.0,15.7,4.97,3057,0.10530087515494284,env_mode,1.0.0,env_only,random_forest,0,,
3078,50.765112,29.852414,0.1,0.11,7.0,8.0,12.0,13.0,70.0,69.0,120.0,122.0,55.0,55.0,147.0,5.0,6.94,3058,0.108520255141597,env_mode,1.0.0,env_only,random_forest,0,,
3079,50.756146,29.852412,0.11,0.11,7.0,6.0,11.0,12.0,74.0,75.0,114.0,121.0,51.0,52.0,159.0,19.2,4.93,3059,0.10636158146031799,env_mode,1.0.0,env_only,random_forest,0,,
3080,50.756955,29.838253,0.1,0.1,7.0,7.0,13.0,14.0,75.0,75.0,114.0,120.0,51.0,51.0,161.0,36.4,4.63,3060,0.10492342130442778,env_mode,1.0.0,env_only,random_forest,0,,
3081,50.747154,29.838133,0.09,0.1,3.0,3.0,14.0,15.0,65.0,65.0,131.0,131.0,58.0,58.0,160.0,18.6,4.72,3061,0.10193313392927449,env_mode,1.0.0,env_only,random_forest,0,,
3082,50.747449,29.852576,0.11,0.11,5.0,5.0,13.0,14.0,68.0,68.0,121.0,127.0,56.0,56.0,165.0,26.9,4.35,3062,0.10619931275077257,env_mode,1.0.0,env_only,random_forest,0,,
3083,50.77484,29.8815,0.1,0.11,6.0,6.0,13.0,14.0,69.0,69.0,124.0,124.0,51.0,51.0,155.0,24.6,4.58,3063,0.10415423111911913,env_mode,1.0.0,env_only,random_forest,0,,
3084,50.765139,29.88097,0.1,0.12,7.0,6.0,16.0,17.0,74.0,74.0,122.0,125.0,58.0,58.0,155.0,11.9,6.09,3064,0.10381352699518909,env_mode,1.0.0,env_only,random_forest,0,,
3085,50.765139,29.86669,0.11,0.12,7.0,7.0,11.0,12.0,72.0,72.0,117.0,119.0,51.0,52.0,164.0,38.5,4.05,3065,0.10330403999129792,env_mode,1.0.0,env_only,random_forest,0,,
3086,50.756146,29.86669,0.1,0.12,6.0,5.0,12.0,13.0,79.0,79.0,120.0,128.0,55.0,55.0,166.0,26.3,4.36,3066,0.104988884741836,env_mode,1.0.0,env_only,random_forest,0,,
3087,50.756119,29.880973,0.11,0.11,6.0,6.0,11.0,12.0,77.0,77.0,119.0,125.0,57.0,57.0,157.0,45.0,4.0,3067,0.10633058877160786,env_mode,1.0.0,env_only,random_forest,0,,
3088,50.747125,29.880973,0.1,0.12,5.0,5.0,12.0,14.0,76.0,77.0,117.0,125.0,56.0,56.0,171.0,32.4,4.42,3068,0.1039712053531313,env_mode,1.0.0,env_only,random_forest,0,,
3089,50.73917,29.895058,0.1,0.12,5.0,5.0,14.0,16.0,73.0,73.0,125.0,126.0,55.0,55.0,162.0,40.6,4.48,3069,0.10550893841377862,env_mode,1.0.0,env_only,random_forest,0,,
3090,50.73917,29.909381,0.11,0.11,3.0,3.0,15.0,16.0,68.0,68.0,131.0,131.0,61.0,61.0,148.0,16.4,5.33,3070,0.10025324505326492,env_mode,1.0.0,env_only,random_forest,0,,
3091,50.756146,29.909528,0.12,0.12,5.0,6.0,13.0,14.0,75.0,76.0,122.0,127.0,55.0,55.0,158.0,15.9,5.32,3071,0.10583225397246197,env_mode,1.0.0,env_only,random_forest,0,,
3092,50.765139,29.909528,0.11,0.12,5.0,6.0,14.0,15.0,75.0,75.0,122.0,127.0,56.0,56.0,150.0,25.5,4.64,3072,0.10364603704990188,env_mode,1.0.0,env_only,random_forest,0,,
3093,50.746788,29.924417,0.12,0.13,5.0,5.0,13.0,14.0,70.0,70.0,116.0,122.0,60.0,60.0,167.0,45.0,3.73,3073,0.1065976357104421,env_mode,1.0.0,env_only,random_forest,0,,
3094,50.738132,29.923812,0.1,0.11,3.0,4.0,13.0,14.0,65.0,65.0,136.0,136.0,62.0,62.0,147.0,5.9,6.3,3074,0.09947111459505176,env_mode,1.0.0,env_only,random_forest,0,,
3095,50.747298,29.939606,0.11,0.12,6.0,5.0,12.0,13.0,69.0,69.0,127.0,127.0,60.0,60.0,155.0,34.2,4.5,3075,0.10330029492430766,env_mode,1.0.0,env_only,random_forest,0,,
3096,50.738132,29.938092,0.1,0.1,4.0,4.0,18.0,19.0,60.0,60.0,133.0,134.0,65.0,65.0,146.0,3.9,6.63,3076,0.09987380627628832,env_mode,1.0.0,env_only,random_forest,0,,
3097,50.737316,29.952377,0.09,0.09,3.0,3.0,18.0,19.0,49.0,49.0,132.0,130.0,64.0,64.0,146.0,2.7,6.87,3077,0.1065155612065317,env_mode,1.0.0,env_only,random_forest,0,,
3098,50.765112,29.966651,0.1,0.11,7.0,6.0,11.0,12.0,73.0,73.0,101.0,113.0,52.0,52.0,159.0,34.8,4.33,3078,0.10093791576413423,env_mode,1.0.0,env_only,random_forest,0,,
3099,50.756146,29.966644,0.09,0.1,7.0,7.0,12.0,14.0,77.0,76.0,118.0,126.0,56.0,56.0,149.0,45.0,3.68,3079,0.10478336125688804,env_mode,1.0.0,env_only,random_forest,0,,
3100,50.747125,29.966651,0.11,0.12,7.0,6.0,13.0,15.0,68.0,67.0,119.0,125.0,57.0,57.0,162.0,18.8,4.76,3080,0.10676714173408854,env_mode,1.0.0,env_only,random_forest,0,,
3101,50.738132,29.966651,0.09,0.1,3.0,3.0,17.0,18.0,58.0,57.0,139.0,137.0,63.0,63.0,147.0,5.6,6.49,3081,0.10162550643958884,env_mode,1.0.0,env_only,random_forest,0,,
3102,50.76502,29.980259,0.11,0.12,7.0,5.0,10.0,11.0,77.0,77.0,119.0,126.0,56.0,56.0,152.0,45.0,4.26,3082,0.10484504419785015,env_mode,1.0.0,env_only,random_forest,0,,
3103,50.756237,29.982487,0.11,0.12,7.0,7.0,11.0,13.0,77.0,77.0,116.0,124.0,54.0,54.0,164.0,17.6,4.82,3083,0.10631566228141781,env_mode,1.0.0,env_only,random_forest,0,,
3104,50.747125,29.98093,0.13,0.14,7.0,7.0,12.0,14.0,69.0,69.0,118.0,124.0,57.0,57.0,156.0,13.5,6.25,3084,0.10787907778291718,env_mode,1.0.0,env_only,random_forest,0,,
3105,50.765112,29.99521,0.13,0.14,10.0,10.0,13.0,14.0,74.0,74.0,104.0,115.0,54.0,54.0,141.0,2.7,7.67,3085,0.11517133763649359,env_mode,1.0.0,env_only,random_forest,0,,
3106,50.756007,29.993649,0.1,0.11,6.0,5.0,10.0,12.0,78.0,78.0,116.0,125.0,53.0,54.0,150.0,20.4,4.67,3086,0.10881182093043797,env_mode,1.0.0,env_only,random_forest,0,,
3107,50.765112,30.00949,0.11,0.13,7.0,6.0,14.0,15.0,74.0,74.0,115.0,123.0,55.0,55.0,148.0,18.4,5.16,3087,0.10758894504632568,env_mode,1.0.0,env_only,random_forest,0,,
3108,50.755627,30.009785,0.12,0.12,5.0,5.0,12.0,13.0,75.0,75.0,118.0,125.0,55.0,55.0,151.0,30.3,4.99,3088,0.10814314310500815,env_mode,1.0.0,env_only,random_forest,0,,
3109,50.747125,30.00949,0.12,0.13,6.0,6.0,13.0,14.0,68.0,68.0,120.0,127.0,55.0,55.0,152.0,30.4,4.23,3089,0.10838844713840765,env_mode,1.0.0,env_only,random_forest,0,,
3110,50.739931,30.00949,0.11,0.11,3.0,3.0,17.0,18.0,57.0,57.0,137.0,135.0,64.0,64.0,137.0,2.3,8.55,3090,0.10282238555340437,env_mode,1.0.0,env_only,random_forest,0,,
3111,50.765112,30.023769,0.11,0.12,4.0,4.0,13.0,14.0,70.0,70.0,123.0,129.0,61.0,61.0,150.0,30.9,4.6,3091,0.10258760735857539,env_mode,1.0.0,env_only,random_forest,0,,
3112,50.756146,30.023759,0.1,0.11,6.0,7.0,12.0,14.0,66.0,66.0,121.0,127.0,58.0,58.0,153.0,25.3,4.62,3092,0.10353645145126027,env_mode,1.0.0,env_only,random_forest,0,,
3113,50.747536,30.02429,0.09,0.1,4.0,3.0,17.0,18.0,54.0,54.0,130.0,129.0,65.0,65.0,134.0,8.5,5.87,3093,0.10390186140798167,env_mode,1.0.0,env_only,random_forest,0,,
3114,50.739931,30.023769,0.11,0.12,4.0,4.0,20.0,22.0,48.0,49.0,137.0,137.0,71.0,72.0,136.0,5.0,6.41,3094,0.1036373245093847,env_mode,1.0.0,env_only,random_forest,0,,
3115,50.765346,30.036306,0.1,0.1,4.0,5.0,14.0,16.0,62.0,62.0,131.0,131.0,62.0,61.0,131.0,15.5,4.85,3095,0.10460762672720816,env_mode,1.0.0,env_only,random_forest,0,,
3116,50.756119,30.038049,0.12,0.12,5.0,5.0,19.0,20.0,57.0,57.0,129.0,127.0,63.0,63.0,128.0,6.6,6.26,3096,0.10272544109160726,env_mode,1.0.0,env_only,random_forest,0,,
3117,50.774132,30.052317,0.11,0.12,7.0,8.0,14.0,16.0,67.0,68.0,120.0,123.0,58.0,58.0,140.0,19.3,5.08,3097,0.10995115602584153,env_mode,1.0.0,env_only,random_forest,0,,
3118,50.765139,30.052317,0.09,0.1,5.0,5.0,17.0,18.0,62.0,62.0,129.0,129.0,64.0,64.0,125.0,11.2,5.04,3098,0.10180466761398671,env_mode,1.0.0,env_only,random_forest,0,,
3119,50.756146,30.052317,0.12,0.13,5.0,5.0,19.0,21.0,49.0,49.0,131.0,128.0,66.0,66.0,126.0,6.7,6.02,3099,0.10386761423691311,env_mode,1.0.0,env_only,random_forest,0,,
3120,50.747125,30.052328,0.09,0.1,5.0,5.0,18.0,19.0,48.0,48.0,128.0,126.0,67.0,67.0,124.0,1.4,7.72,3100,0.10152221509353596,env_mode,1.0.0,env_only,random_forest,0,,
3121,50.765112,30.066608,0.09,0.1,5.0,5.0,17.0,18.0,53.0,53.0,130.0,129.0,67.0,67.0,125.0,4.0,6.5,3101,0.10050317391592004,env_mode,1.0.0,env_only,random_forest,0,,
3122,50.756196,30.066596,0.11,0.11,7.0,7.0,17.0,19.0,49.0,49.0,126.0,124.0,68.0,68.0,126.0,7.3,6.3,3102,0.10143243562243155,env_mode,1.0.0,env_only,random_forest,0,,
3123,50.747125,30.066608,0.09,0.09,5.0,6.0,18.0,19.0,49.0,49.0,131.0,130.0,72.0,72.0,128.0,9.2,5.58,3103,0.10065707143536046,env_mode,1.0.0,env_only,random_forest,0,,
3124,50.756146,30.081827,0.1,0.1,4.0,4.0,15.0,16.0,51.0,51.0,132.0,131.0,67.0,67.0,131.0,5.5,6.72,3104,0.10514388191730815,env_mode,1.0.0,env_only,random_forest,0,,
3125,50.765112,30.080888,0.09,0.1,4.0,5.0,15.0,17.0,61.0,61.0,130.0,129.0,67.0,67.0,133.0,7.3,6.02,3105,0.10091390740370342,env_mode,1.0.0,env_only,random_forest,0,,
3126,50.756119,30.095167,0.11,0.11,5.0,5.0,13.0,14.0,65.0,65.0,128.0,129.0,66.0,66.0,144.0,13.3,5.76,3106,0.10242349719824297,env_mode,1.0.0,env_only,random_forest,0,,
3127,50.765112,30.095167,0.1,0.1,5.0,4.0,16.0,17.0,69.0,69.0,120.0,124.0,61.0,61.0,139.0,16.0,5.53,3107,0.1043345358662117,env_mode,1.0.0,env_only,random_forest,0,,
3128,50.774065,30.093545,0.14,0.16,4.0,4.0,13.0,14.0,59.0,60.0,133.0,131.0,64.0,64.0,137.0,6.9,5.93,3108,0.10676586888100484,env_mode,1.0.0,env_only,random_forest,0,,
3129,50.783125,30.095153,0.11,0.12,6.0,7.0,12.0,13.0,69.0,69.0,117.0,120.0,60.0,60.0,143.0,18.5,6.07,3109,0.1049578808467283,env_mode,1.0.0,env_only,random_forest,0,,
3130,50.756225,30.107975,0.11,0.12,8.0,8.0,11.0,12.0,76.0,75.0,115.0,122.0,52.0,52.0,161.0,32.4,4.12,3110,0.1071350671747179,env_mode,1.0.0,env_only,random_forest,0,,
3131,50.765074,30.109602,0.09,0.1,11.0,10.0,12.0,13.0,72.0,72.0,113.0,123.0,53.0,53.0,167.0,18.0,5.19,3111,0.10338257669991227,env_mode,1.0.0,env_only,random_forest,0,,
3132,50.774132,30.109432,0.09,0.1,5.0,5.0,12.0,13.0,73.0,74.0,119.0,126.0,53.0,54.0,162.0,29.8,4.62,3112,0.1031513563519748,env_mode,1.0.0,env_only,random_forest,0,,
3133,50.783149,30.111161,0.11,0.13,7.0,6.0,11.0,12.0,79.0,80.0,115.0,122.0,52.0,52.0,167.0,12.2,5.45,3113,0.10596039270035452,env_mode,1.0.0,env_only,random_forest,0,,
3134,50.783098,30.123726,0.1,0.11,10.0,9.0,11.0,12.0,79.0,79.0,117.0,123.0,52.0,52.0,159.0,22.9,5.46,3114,0.10673333765801604,env_mode,1.0.0,env_only,random_forest,0,,
3135,50.792092,30.095167,0.11,0.12,7.0,7.0,12.0,14.0,72.0,72.0,123.0,124.0,61.0,61.0,138.0,14.9,5.18,3115,0.10745830892132649,env_mode,1.0.0,env_only,random_forest,0,,
3136,50.792763,30.108295,0.13,0.13,8.0,7.0,11.0,12.0,76.0,77.0,117.0,123.0,51.0,52.0,149.0,44.3,4.72,3116,0.11426272210293531,env_mode,1.0.0,env_only,random_forest,0,,
3137,50.792092,30.123726,0.1,0.11,5.0,5.0,10.0,11.0,78.0,80.0,119.0,125.0,54.0,54.0,167.0,10.6,5.86,3117,0.10257371531984118,env_mode,1.0.0,env_only,random_forest,0,,
3138,50.80128,30.096567,0.1,0.11,5.0,5.0,14.0,15.0,64.0,64.0,129.0,129.0,60.0,60.0,123.0,2.0,6.82,3118,0.10194987668298726,env_mode,1.0.0,env_only,random_forest,0,,
3139,50.801346,30.110233,0.11,0.12,4.0,4.0,10.0,11.0,67.0,68.0,123.0,129.0,60.0,60.0,159.0,21.9,5.12,3119,0.1029193788881927,env_mode,1.0.0,env_only,random_forest,0,,
3140,50.80991,30.108656,0.11,0.11,6.0,7.0,12.0,14.0,56.0,57.0,127.0,127.0,62.0,62.0,149.0,7.2,5.8,3120,0.10415701731646448,env_mode,1.0.0,env_only,random_forest,0,,
3141,50.81065,30.12398,0.09,0.1,3.0,3.0,13.0,14.0,67.0,67.0,132.0,132.0,59.0,59.0,140.0,45.0,3.36,3121,0.10619412757859556,env_mode,1.0.0,env_only,random_forest,0,,
3142,50.819096,30.123711,0.1,0.12,7.0,8.0,11.0,12.0,70.0,71.0,126.0,128.0,57.0,57.0,143.0,31.5,5.09,3122,0.10528228680576358,env_mode,1.0.0,env_only,random_forest,0,,
3143,50.8189,30.10928,0.09,0.09,4.0,4.0,16.0,17.0,64.0,65.0,132.0,132.0,64.0,64.0,129.0,12.9,4.83,3123,0.10429031050081665,env_mode,1.0.0,env_only,random_forest,0,,
3144,50.827762,30.110895,0.11,0.12,5.0,5.0,12.0,13.0,70.0,70.0,127.0,129.0,62.0,62.0,133.0,28.6,4.66,3124,0.1078258706500926,env_mode,1.0.0,env_only,random_forest,0,,
3145,50.837082,30.095153,0.09,0.1,5.0,5.0,13.0,14.0,61.0,60.0,128.0,129.0,65.0,65.0,123.0,11.2,5.66,3125,0.10547255489957105,env_mode,1.0.0,env_only,random_forest,0,,
3146,50.83747,30.10921,0.09,0.1,6.0,6.0,11.0,12.0,70.0,71.0,121.0,128.0,54.0,54.0,142.0,7.7,6.12,3126,0.108285217575558,env_mode,1.0.0,env_only,random_forest,0,,
3147,50.836932,30.123899,0.09,0.09,4.0,4.0,14.0,15.0,65.0,65.0,137.0,138.0,65.0,65.0,134.0,12.4,5.5,3127,0.10261316746639922,env_mode,1.0.0,env_only,random_forest,0,,
3148,50.801085,30.138006,0.09,0.19,4.0,4.0,13.0,15.0,61.0,61.0,134.0,136.0,62.0,62.0,139.0,6.1,6.57,3128,0.10298958401276773,env_mode,1.0.0,env_only,random_forest,0,,
3149,50.810078,30.138006,0.1,0.1,4.0,3.0,16.0,17.0,62.0,62.0,131.0,130.0,64.0,64.0,138.0,13.5,5.27,3129,0.10267084642053519,env_mode,1.0.0,env_only,random_forest,0,,
3150,50.819015,30.139162,0.11,0.11,5.0,5.0,12.0,14.0,66.0,66.0,121.0,124.0,62.0,62.0,150.0,18.7,5.06,3130,0.10425403754528878,env_mode,1.0.0,env_only,random_forest,0,,
3151,50.828065,30.138006,0.09,0.11,6.0,6.0,10.0,11.0,75.0,76.0,120.0,125.0,54.0,54.0,155.0,17.8,5.25,3131,0.10402554450623357,env_mode,1.0.0,env_only,random_forest,0,,
3152,50.837058,30.138006,0.09,0.1,3.0,3.0,11.0,12.0,72.0,72.0,136.0,136.0,62.0,62.0,145.0,45.0,3.84,3132,0.10142554393276024,env_mode,1.0.0,env_only,random_forest,0,,
3153,50.846227,30.096252,0.11,0.12,8.0,7.0,11.0,12.0,69.0,69.0,121.0,125.0,55.0,55.0,151.0,41.3,4.38,3133,0.10902000672867046,env_mode,1.0.0,env_only,random_forest,0,,
3154,50.845693,30.107064,0.11,0.12,6.0,5.0,11.0,12.0,75.0,75.0,120.0,128.0,52.0,52.0,164.0,12.5,5.29,3134,0.10537923772144803,env_mode,1.0.0,env_only,random_forest,0,,
3155,50.845563,30.122007,0.09,0.11,5.0,5.0,14.0,15.0,69.0,69.0,123.0,129.0,60.0,59.0,138.0,11.0,5.3,3135,0.1035979748020103,env_mode,1.0.0,env_only,random_forest,0,,
3156,50.855044,30.095167,0.11,0.11,7.0,7.0,13.0,14.0,70.0,70.0,119.0,122.0,55.0,55.0,144.0,9.2,6.27,3136,0.10869963436774002,env_mode,1.0.0,env_only,random_forest,0,,
3157,50.855044,30.109447,0.12,0.12,5.0,5.0,11.0,13.0,74.0,75.0,124.0,129.0,53.0,53.0,149.0,37.6,4.38,3137,0.10925420092409445,env_mode,1.0.0,env_only,random_forest,0,,
3158,50.86406,30.080875,0.1,0.1,5.0,5.0,14.0,15.0,59.0,59.0,137.0,136.0,65.0,65.0,119.0,1.8,8.29,3138,0.10340319311172892,env_mode,1.0.0,env_only,random_forest,0,,
3159,50.864038,30.095167,0.1,0.11,5.0,5.0,13.0,14.0,67.0,67.0,123.0,126.0,63.0,63.0,140.0,15.4,4.83,3139,0.10494854788903836,env_mode,1.0.0,env_only,random_forest,0,,
3160,50.864038,30.109447,0.11,0.12,4.0,5.0,13.0,14.0,60.0,60.0,127.0,128.0,62.0,62.0,123.0,5.0,5.93,3140,0.10629905079842987,env_mode,1.0.0,env_only,random_forest,0,,
3161,50.86406,30.123711,0.11,0.13,5.0,6.0,12.0,14.0,76.0,76.0,132.0,132.0,59.0,59.0,143.0,28.3,4.31,3141,0.10427126432725259,env_mode,1.0.0,env_only,random_forest,0,,
3162,50.872916,30.095411,0.1,0.12,5.0,5.0,13.0,14.0,57.0,57.0,135.0,134.0,65.0,64.0,120.0,2.4,7.6,3142,0.1051179312032481,env_mode,1.0.0,env_only,random_forest,0,,
3163,50.872453,30.109432,0.12,0.13,4.0,4.0,16.0,18.0,66.0,66.0,128.0,130.0,64.0,64.0,139.0,13.9,5.06,3143,0.10223034447574036,env_mode,1.0.0,env_only,random_forest,0,,
3164,50.873031,30.123726,0.11,0.11,4.0,4.0,14.0,15.0,68.0,68.0,134.0,134.0,62.0,61.0,126.0,4.6,6.29,3144,0.10566435772526168,env_mode,1.0.0,env_only,random_forest,0,,
3165,50.873031,30.138006,0.12,0.13,7.0,6.0,12.0,13.0,77.0,78.0,123.0,129.0,54.0,54.0,136.0,35.0,4.43,3145,0.1183803411719959,env_mode,1.0.0,env_only,random_forest,0,,
3166,50.882044,30.109432,0.11,0.12,4.0,5.0,13.0,14.0,59.0,59.0,131.0,130.0,64.0,64.0,118.0,6.6,6.02,3146,0.10660963623682727,env_mode,1.0.0,env_only,random_forest,0,,
3167,50.882024,30.138006,0.11,0.13,4.0,4.0,13.0,15.0,70.0,69.0,132.0,133.0,58.0,58.0,126.0,7.3,5.7,3147,0.10563872601621867,env_mode,1.0.0,env_only,random_forest,0,,
3168,50.891037,30.109432,0.1,0.12,5.0,5.0,13.0,14.0,58.0,59.0,135.0,135.0,61.0,61.0,117.0,6.2,7.27,3148,0.10537464823390098,env_mode,1.0.0,env_only,random_forest,0,,
3169,50.891037,30.124663,0.12,0.12,5.0,5.0,12.0,13.0,66.0,67.0,121.0,126.0,58.0,58.0,127.0,10.9,5.87,3149,0.1089466158934255,env_mode,1.0.0,env_only,random_forest,0,,
3170,50.891017,30.138006,0.1,0.12,4.0,4.0,13.0,14.0,66.0,66.0,134.0,135.0,59.0,59.0,126.0,5.1,6.46,3150,0.1063150453058598,env_mode,1.0.0,env_only,random_forest,0,,
3171,50.900031,30.10848,0.1,0.12,4.0,4.0,12.0,13.0,64.0,64.0,133.0,133.0,58.0,58.0,117.0,7.8,6.14,3151,0.10608748063015702,env_mode,1.0.0,env_only,random_forest,0,,
3172,50.900031,30.123711,0.13,0.14,6.0,5.0,12.0,13.0,71.0,72.0,123.0,129.0,53.0,54.0,142.0,34.9,4.51,3152,0.11283014819057417,env_mode,1.0.0,env_only,random_forest,0,,
3173,50.899871,30.137145,0.13,0.13,7.0,6.0,13.0,13.0,75.0,75.0,126.0,128.0,54.0,54.0,145.0,36.1,4.77,3153,0.11002425939628802,env_mode,1.0.0,env_only,random_forest,0,,
3174,50.908905,30.108656,0.14,0.15,6.0,5.0,11.0,12.0,70.0,70.0,122.0,128.0,60.0,60.0,128.0,15.7,5.22,3154,0.11210877013661633,env_mode,1.0.0,env_only,random_forest,0,,
3175,50.909004,30.138006,0.12,0.14,5.0,5.0,11.0,12.0,70.0,70.0,122.0,126.0,58.0,58.0,135.0,10.6,5.8,3155,0.10862408772361701,env_mode,1.0.0,env_only,random_forest,0,,
3176,50.917868,30.096147,0.12,0.15,5.0,5.0,10.0,11.0,71.0,71.0,122.0,128.0,58.0,59.0,120.0,14.7,5.15,3156,0.11282774584862122,env_mode,1.0.0,env_only,random_forest,0,,
3177,50.917416,30.109432,0.13,0.14,6.0,6.0,12.0,13.0,70.0,69.0,119.0,125.0,55.0,55.0,129.0,11.8,5.57,3157,0.11824385204020947,env_mode,1.0.0,env_only,random_forest,0,,
3178,50.918015,30.124663,0.11,0.15,6.0,6.0,10.0,11.0,71.0,72.0,118.0,125.0,54.0,54.0,157.0,45.0,3.46,3158,0.10595579063382853,env_mode,1.0.0,env_only,random_forest,0,,
3179,50.917997,30.138006,0.12,0.14,4.0,3.0,12.0,13.0,70.0,70.0,124.0,129.0,59.0,59.0,137.0,13.9,5.5,3159,0.10680892339347121,env_mode,1.0.0,env_only,random_forest,0,,
3180,50.935984,30.095167,0.11,0.12,4.0,4.0,12.0,13.0,59.0,59.0,135.0,137.0,62.0,62.0,122.0,41.6,4.34,3160,0.10949094247394829,env_mode,1.0.0,env_only,random_forest,0,,
3181,50.936001,30.110384,0.15,0.15,5.0,5.0,12.0,13.0,71.0,72.0,116.0,124.0,57.0,57.0,137.0,45.0,4.13,3161,0.11551946161658584,env_mode,1.0.0,env_only,random_forest,0,,
3182,50.945552,30.0938,0.12,0.13,4.0,4.0,14.0,16.0,66.0,68.0,129.0,135.0,66.0,66.0,117.0,6.4,6.55,3162,0.10535864809647837,env_mode,1.0.0,env_only,random_forest,0,,
3183,50.945593,30.109432,0.13,0.15,7.0,6.0,14.0,15.0,77.0,77.0,117.0,125.0,56.0,56.0,134.0,18.2,5.16,3163,0.11346060019020084,env_mode,1.0.0,env_only,random_forest,0,,
3184,50.94489,30.123043,0.14,0.14,11.0,11.0,11.0,12.0,75.0,75.0,114.0,123.0,53.0,53.0,151.0,29.3,4.31,3164,0.11287557279518723,env_mode,1.0.0,env_only,random_forest,0,,
3185,50.962964,30.066608,0.12,0.14,6.0,6.0,16.0,17.0,58.0,58.0,131.0,129.0,65.0,65.0,111.0,2.2,7.18,3165,0.10578231282890184,env_mode,1.0.0,env_only,random_forest,0,,
3186,50.962981,30.095153,0.13,0.13,7.0,7.0,13.0,15.0,74.0,74.0,114.0,118.0,55.0,55.0,134.0,20.9,5.0,3166,0.11500387200757213,env_mode,1.0.0,env_only,random_forest,0,,
3187,50.962981,30.109432,0.14,0.16,10.0,10.0,13.0,14.0,75.0,75.0,114.0,121.0,54.0,54.0,139.0,9.0,5.55,3167,0.11904972094966171,env_mode,1.0.0,env_only,random_forest,0,,
3188,50.971957,30.066608,0.12,0.13,5.0,7.0,15.0,16.0,57.0,57.0,130.0,129.0,67.0,67.0,110.0,7.4,5.89,3168,0.10602597965013129,env_mode,1.0.0,env_only,random_forest,0,,
3189,50.971558,30.079638,0.11,0.13,9.0,8.0,14.0,15.0,59.0,59.0,122.0,123.0,60.0,60.0,134.0,11.1,5.41,3169,0.10581993594171783,env_mode,1.0.0,env_only,random_forest,0,,
3190,50.971973,30.095153,0.13,0.14,7.0,6.0,13.0,15.0,74.0,74.0,120.0,125.0,55.0,56.0,135.0,12.6,4.98,3170,0.11485265504943938,env_mode,1.0.0,env_only,random_forest,0,,
3191,50.971973,30.109432,0.12,0.14,5.0,5.0,13.0,14.0,74.0,75.0,116.0,124.0,53.0,53.0,128.0,45.0,3.3,3171,0.12364125756359776,env_mode,1.0.0,env_only,random_forest,0,,
3192,50.980965,30.066596,0.09,0.11,5.0,5.0,15.0,16.0,52.0,52.0,123.0,123.0,65.0,65.0,110.0,20.6,5.37,3172,0.10642451960489092,env_mode,1.0.0,env_only,random_forest,0,,
3193,50.98095,30.080888,0.12,0.12,9.0,9.0,14.0,15.0,60.0,59.0,117.0,118.0,58.0,58.0,125.0,19.4,4.61,3173,0.1143267659350806,env_mode,1.0.0,env_only,random_forest,0,,
3194,50.98095,30.095167,0.11,0.13,5.0,5.0,13.0,15.0,73.0,73.0,116.0,125.0,52.0,52.0,133.0,9.3,6.04,3174,0.11625054826718413,env_mode,1.0.0,env_only,random_forest,0,,
3195,50.98095,30.109447,0.1,0.13,7.0,7.0,13.0,14.0,74.0,74.0,103.0,111.0,54.0,54.0,132.0,24.2,5.0,3175,0.11620466085266164,env_mode,1.0.0,env_only,random_forest,0,,
3196,50.989286,30.066347,0.1,0.11,8.0,9.0,16.0,17.0,42.0,42.0,124.0,124.0,66.0,66.0,109.0,5.4,6.77,3176,0.10544576679598922,env_mode,1.0.0,env_only,random_forest,0,,
3197,50.990557,30.095153,0.11,0.12,6.0,7.0,13.0,14.0,70.0,70.0,111.0,118.0,54.0,55.0,131.0,38.0,4.26,3177,0.11589090323995375,env_mode,1.0.0,env_only,random_forest,0,,
3198,50.998951,30.066596,0.1,0.12,7.0,7.0,16.0,17.0,39.0,39.0,126.0,126.0,67.0,67.0,107.0,2.8,7.6,3178,0.10828752615886227,env_mode,1.0.0,env_only,random_forest,0,,
3199,50.998937,30.080888,0.11,0.11,7.0,8.0,15.0,16.0,55.0,55.0,128.0,127.0,67.0,67.0,109.0,6.0,6.02,3179,0.10653570777785394,env_mode,1.0.0,env_only,random_forest,0,,
3200,50.998734,30.096042,0.1,0.1,8.0,7.0,13.0,14.0,73.0,73.0,113.0,117.0,55.0,55.0,134.0,22.6,5.18,3180,0.11228408797092669,env_mode,1.0.0,env_only,random_forest,0,,
3201,50.998351,30.109432,0.1,0.11,5.0,5.0,13.0,14.0,72.0,73.0,123.0,128.0,55.0,55.0,124.0,16.0,4.84,3181,0.11442970706344542,env_mode,1.0.0,env_only,random_forest,0,,
3202,51.007961,30.08164,0.11,0.11,9.0,8.0,15.0,16.0,39.0,40.0,126.0,127.0,68.0,68.0,107.0,3.1,6.36,3182,0.10877747888014869,env_mode,1.0.0,env_only,random_forest,0,,
3203,51.00793,30.095167,0.1,0.11,9.0,9.0,14.0,15.0,58.0,59.0,117.0,119.0,60.0,60.0,130.0,42.8,3.91,3183,0.11001851615067866,env_mode,1.0.0,env_only,random_forest,0,,
3204,51.00793,30.109447,0.13,0.13,8.0,9.0,12.0,13.0,68.0,69.0,122.0,123.0,55.0,55.0,122.0,13.8,5.12,3184,0.12056904223338029,env_mode,1.0.0,env_only,random_forest,0,,
3205,51.00793,30.123726,0.1,0.14,9.0,9.0,13.0,14.0,64.0,64.0,118.0,116.0,55.0,56.0,130.0,27.1,4.2,3185,0.11679154074524095,env_mode,1.0.0,env_only,random_forest,0,,
3206,50.998937,30.123726,0.11,0.12,6.0,6.0,11.0,12.0,70.0,71.0,109.0,117.0,57.0,57.0,122.0,34.9,4.5,3186,0.11179393029044266,env_mode,1.0.0,env_only,random_forest,0,,
3207,50.989958,30.109432,0.12,0.12,8.0,8.0,13.0,14.0,73.0,73.0,119.0,125.0,56.0,56.0,128.0,6.9,6.68,3187,0.11290108897927699,env_mode,1.0.0,env_only,random_forest,0,,
3208,50.989958,30.123711,0.12,0.13,4.0,5.0,11.0,12.0,77.0,76.0,112.0,118.0,52.0,52.0,136.0,45.0,4.1,3188,0.11760899337490904,env_mode,1.0.0,env_only,random_forest,0,,
3209,51.016936,30.137991,0.11,0.15,7.0,7.0,13.0,14.0,65.0,66.0,113.0,115.0,59.0,59.0,112.0,9.3,6.69,3189,0.1063222596138559,env_mode,1.0.0,env_only,random_forest,0,,
3210,51.016936,30.153221,0.12,0.15,8.0,9.0,11.0,12.0,72.0,72.0,115.0,118.0,55.0,55.0,129.0,24.3,5.1,3190,0.11672701063048595,env_mode,1.0.0,env_only,random_forest,0,,
3211,51.007943,30.137038,0.13,0.13,7.0,8.0,12.0,14.0,68.0,68.0,112.0,117.0,56.0,56.0,125.0,28.8,4.55,3191,0.11477163265127649,env_mode,1.0.0,env_only,random_forest,0,,
3212,50.99955,30.137991,0.1,0.11,7.0,8.0,14.0,15.0,69.0,70.0,110.0,115.0,55.0,55.0,131.0,12.5,5.35,3192,0.11650806725017993,env_mode,1.0.0,env_only,random_forest,0,,
3213,50.988746,30.137415,0.11,0.13,7.0,7.0,11.0,12.0,73.0,73.0,111.0,117.0,53.0,53.0,126.0,15.3,5.14,3193,0.1188857422396472,env_mode,1.0.0,env_only,random_forest,0,,
3214,50.989394,30.151663,0.09,0.1,8.0,9.0,13.0,14.0,70.0,71.0,119.0,117.0,54.0,54.0,133.0,20.0,4.7,3194,0.11668948054337155,env_mode,1.0.0,env_only,random_forest,0,,
3215,50.998937,30.152286,0.1,0.1,8.0,8.0,10.0,12.0,70.0,71.0,108.0,113.0,57.0,57.0,118.0,33.9,4.99,3195,0.11207389297087947,env_mode,1.0.0,env_only,random_forest,0,,
3216,51.007544,30.152006,0.12,0.14,7.0,6.0,12.0,13.0,67.0,66.0,111.0,117.0,54.0,54.0,126.0,19.9,5.07,3196,0.11776157882963692,env_mode,1.0.0,env_only,random_forest,0,,
3217,51.007943,30.166548,0.12,0.15,8.0,8.0,11.0,12.0,71.0,71.0,111.0,115.0,54.0,55.0,125.0,15.1,5.51,3197,0.11977481102014137,env_mode,1.0.0,env_only,random_forest,0,,
3218,50.99955,30.166548,0.1,0.12,7.0,8.0,10.0,11.0,68.0,68.0,106.0,113.0,57.0,58.0,120.0,18.4,6.01,3198,0.10980974384925161,env_mode,1.0.0,env_only,random_forest,0,,
3219,51.007943,30.180827,0.13,0.14,7.0,6.0,12.0,13.0,76.0,76.0,109.0,116.0,53.0,53.0,127.0,11.8,4.94,3199,0.1227738361202401,env_mode,1.0.0,env_only,random_forest,0,,
3220,51.016724,30.180674,0.12,0.17,8.0,8.0,13.0,14.0,75.0,75.0,111.0,117.0,54.0,54.0,125.0,20.1,4.64,3200,0.1202867703574086,env_mode,1.0.0,env_only,random_forest,0,,
3221,51.025163,30.181821,0.11,0.11,5.0,7.0,15.0,16.0,59.0,59.0,128.0,129.0,64.0,63.0,105.0,5.0,7.07,3201,0.10747941211725466,env_mode,1.0.0,env_only,random_forest,0,,
3224,51.025929,30.195106,0.1,0.1,5.0,7.0,14.0,15.0,64.0,64.0,126.0,127.0,63.0,63.0,112.0,10.7,6.84,3202,0.10497981257911487,env_mode,1.0.0,env_only,random_forest,0,,
3225,51.016847,30.195242,0.1,0.12,6.0,7.0,11.0,11.0,72.0,73.0,114.0,118.0,55.0,54.0,122.0,25.3,4.75,3203,0.11448157721632211,env_mode,1.0.0,env_only,random_forest,0,,
3226,51.00793,30.195124,0.11,0.12,8.0,8.0,12.0,13.0,72.0,73.0,108.0,115.0,50.0,50.0,121.0,20.6,4.94,3204,0.12113150510774996,env_mode,1.0.0,env_only,random_forest,0,,
3227,51.007943,30.209384,0.13,0.13,7.0,7.0,12.0,13.0,74.0,75.0,109.0,114.0,50.0,51.0,123.0,10.7,5.53,3205,0.12431252282912196,env_mode,1.0.0,env_only,random_forest,0,,
3228,51.025329,30.209384,0.12,0.13,7.0,7.0,13.0,14.0,68.0,69.0,126.0,128.0,62.0,63.0,107.0,2.8,7.17,3206,0.11014972665059035,env_mode,1.0.0,env_only,random_forest,0,,
3230,51.025916,30.223683,0.12,0.14,9.0,8.0,12.0,13.0,72.0,73.0,118.0,121.0,53.0,53.0,116.0,20.1,5.17,3207,0.12570952574241262,env_mode,1.0.0,env_only,random_forest,0,,
3231,51.016936,30.223663,0.12,0.13,9.0,8.0,13.0,13.0,73.0,74.0,117.0,123.0,53.0,53.0,120.0,7.3,6.38,3208,0.12314534079070777,env_mode,1.0.0,env_only,random_forest,0,,
3232,51.00793,30.223683,0.11,0.12,7.0,7.0,14.0,15.0,67.0,67.0,113.0,114.0,59.0,59.0,122.0,26.9,5.08,3209,0.11209417367430523,env_mode,1.0.0,env_only,random_forest,0,,
3233,51.035224,30.237005,0.11,0.11,8.0,9.0,13.0,15.0,54.0,54.0,124.0,124.0,60.0,60.0,107.0,9.4,5.74,3210,0.10852927561453547,env_mode,1.0.0,env_only,random_forest,0,,
3234,51.025916,30.237963,0.11,0.12,6.0,6.0,11.0,13.0,75.0,75.0,111.0,118.0,51.0,51.0,122.0,30.7,4.57,3211,0.11913673128275586,env_mode,1.0.0,env_only,random_forest,0,,
3235,51.016562,30.238438,0.11,0.12,7.0,7.0,13.0,14.0,70.0,70.0,116.0,122.0,54.0,54.0,118.0,15.2,4.87,3212,0.12215742522164715,env_mode,1.0.0,env_only,random_forest,0,,
3236,51.007344,30.237943,0.11,0.11,7.0,6.0,13.0,14.0,71.0,71.0,110.0,113.0,56.0,56.0,125.0,16.9,5.09,3213,0.11000687848160325,env_mode,1.0.0,env_only,random_forest,0,,
3238,51.025929,30.252222,0.11,0.12,6.0,6.0,14.0,15.0,74.0,73.0,116.0,124.0,52.0,51.0,120.0,33.9,4.38,3214,0.1220411386821131,env_mode,1.0.0,env_only,random_forest,0,,
3239,51.007943,30.252222,0.12,0.12,7.0,7.0,12.0,12.0,71.0,72.0,109.0,116.0,53.0,54.0,121.0,10.3,5.77,3215,0.12008328192149231,env_mode,1.0.0,env_only,random_forest,0,,
3241,51.025929,30.265548,0.14,0.15,7.0,7.0,12.0,13.0,74.0,74.0,117.0,124.0,52.0,52.0,114.0,9.5,5.68,3216,0.12676532760695566,env_mode,1.0.0,env_only,random_forest,0,,
3242,51.01694,30.266333,0.12,0.12,6.0,7.0,14.0,15.0,65.0,65.0,124.0,126.0,61.0,61.0,108.0,4.8,6.69,3217,0.10738314434578586,env_mode,1.0.0,env_only,random_forest,0,,
3243,51.007943,30.2665,0.12,0.13,13.0,13.0,11.0,12.0,72.0,72.0,112.0,119.0,55.0,55.0,124.0,18.3,5.12,3218,0.11904594849213797,env_mode,1.0.0,env_only,random_forest,0,,
3244,51.007943,30.280779,0.12,0.13,10.0,11.0,12.0,13.0,69.0,69.0,107.0,115.0,55.0,55.0,121.0,6.2,5.86,3219,0.12073486585692213,env_mode,1.0.0,env_only,random_forest,0,,
3245,51.00793,30.295081,0.12,0.14,11.0,10.0,11.0,12.0,73.0,73.0,108.0,116.0,52.0,52.0,122.0,8.8,5.9,3220,0.1229341082564528,env_mode,1.0.0,env_only,random_forest,0,,
3246,51.016936,30.280779,0.13,0.15,8.0,8.0,11.0,12.0,74.0,74.0,117.0,124.0,51.0,51.0,119.0,19.7,4.6,3221,0.12735362729819644,env_mode,1.0.0,env_only,random_forest,0,,
3247,51.025916,30.280802,0.14,0.17,9.0,10.0,12.0,13.0,73.0,73.0,101.0,112.0,51.0,51.0,118.0,7.8,5.48,3222,0.1276245633696418,env_mode,1.0.0,env_only,random_forest,0,,
3250,51.025916,30.295081,0.13,0.14,11.0,11.0,14.0,14.0,68.0,68.0,104.0,112.0,53.0,53.0,119.0,11.5,5.3,3223,0.12723225777467398,env_mode,1.0.0,env_only,random_forest,0,,
3251,51.03491,30.309361,0.12,0.13,17.0,15.0,15.0,16.0,42.0,41.0,85.0,90.0,63.0,64.0,106.0,11.5,5.66,3224,0.1089197143376597,env_mode,1.0.0,env_only,random_forest,0,,
3252,51.025329,30.309337,0.12,0.12,7.0,7.0,12.0,13.0,67.0,67.0,103.0,113.0,53.0,53.0,112.0,2.9,7.23,3225,0.12066384092320571,env_mode,1.0.0,env_only,random_forest,0,,
3253,51.025217,30.322992,0.12,0.12,11.0,13.0,13.0,14.0,70.0,70.0,105.0,114.0,52.0,52.0,118.0,7.1,5.83,3226,0.12433780276980141,env_mode,1.0.0,env_only,random_forest,0,,
3254,51.03457,30.322411,0.11,0.12,9.0,9.0,16.0,17.0,62.0,62.0,107.0,114.0,54.0,54.0,104.0,4.1,6.63,3227,0.12561833802238434,env_mode,1.0.0,env_only,random_forest,0,,
3255,51.025929,30.337895,0.14,0.14,21.0,21.0,11.0,12.0,65.0,66.0,99.0,110.0,51.0,51.0,120.0,14.8,5.54,3228,0.1266428959916958,env_mode,1.0.0,env_only,random_forest,0,,
3256,51.016923,30.323641,0.13,0.14,10.0,9.0,11.0,12.0,73.0,73.0,108.0,115.0,51.0,51.0,122.0,13.4,5.59,3229,0.12486688884348188,env_mode,1.0.0,env_only,random_forest,0,,
3257,51.016936,30.309337,0.13,0.13,8.0,8.0,10.0,11.0,74.0,74.0,109.0,116.0,54.0,55.0,116.0,13.2,5.33,3230,0.12169223250816814,env_mode,1.0.0,env_only,random_forest,0,,
3259,51.016923,30.3522,0.13,0.13,22.0,22.0,10.0,11.0,65.0,66.0,102.0,112.0,51.0,51.0,118.0,11.0,6.33,3231,0.12485857758974926,env_mode,1.0.0,env_only,random_forest,0,,
3260,51.007943,30.351222,0.13,0.14,23.0,23.0,13.0,13.0,70.0,71.0,104.0,113.0,52.0,52.0,116.0,11.3,5.32,3232,0.12752362704697207,env_mode,1.0.0,env_only,random_forest,0,,
3261,51.016923,30.366479,0.13,0.13,20.0,18.0,12.0,13.0,60.0,60.0,105.0,115.0,52.0,52.0,114.0,9.4,6.19,3233,0.1252339892898338,env_mode,1.0.0,env_only,random_forest,0,,
3262,51.00793,30.366479,0.14,0.14,21.0,20.0,13.0,13.0,68.0,68.0,109.0,118.0,53.0,53.0,114.0,2.1,7.22,3234,0.12617366507022174,env_mode,1.0.0,env_only,random_forest,0,,
3263,51.00793,30.380759,0.14,0.15,15.0,14.0,12.0,13.0,69.0,69.0,105.0,115.0,51.0,51.0,116.0,10.6,5.49,3235,0.1284927281239176,env_mode,1.0.0,env_only,random_forest,0,,
3264,51.00793,30.395039,0.14,0.14,17.0,15.0,13.0,14.0,67.0,67.0,103.0,115.0,50.0,50.0,114.0,6.5,5.97,3236,0.12624617525708637,env_mode,1.0.0,env_only,random_forest,0,,
3265,51.016832,30.394478,0.13,0.14,22.0,22.0,14.0,16.0,65.0,65.0,94.0,113.0,51.0,51.0,108.0,23.8,4.95,3237,0.13070821571103292,env_mode,1.0.0,env_only,random_forest,0,,
3266,51.008119,30.407536,0.14,0.15,17.0,19.0,11.0,12.0,64.0,64.0,102.0,117.0,54.0,54.0,120.0,10.8,5.48,3238,0.12761519052565057,env_mode,1.0.0,env_only,random_forest,0,,
3381,51.132663,29.921989,0.12,0.12,4.0,5.0,13.0,15.0,65.0,64.0,132.0,131.0,62.0,62.0,128.0,6.2,6.29,3239,0.10468688864400971,env_mode,1.0.0,env_only,random_forest,0,,
3391,51.160815,29.880973,0.1,0.11,6.0,5.0,11.0,12.0,67.0,66.0,129.0,128.0,60.0,60.0,137.0,6.7,6.53,3240,0.10503081662132636,env_mode,1.0.0,env_only,random_forest,0,,
3392,51.169808,29.880973,0.09,0.11,7.0,5.0,10.0,11.0,73.0,73.0,121.0,126.0,52.0,52.0,152.0,17.0,4.55,3241,0.10349020896294116,env_mode,1.0.0,env_only,random_forest,0,,
3393,51.178676,29.87813,0.1,0.1,7.0,6.0,11.0,12.0,77.0,77.0,120.0,127.0,48.0,48.0,158.0,21.1,4.48,3242,0.10584204114501307,env_mode,1.0.0,env_only,random_forest,0,,
3394,51.160815,29.866694,0.1,0.12,5.0,5.0,12.0,13.0,70.0,70.0,127.0,128.0,58.0,58.0,136.0,8.8,5.62,3243,0.10600996256005783,env_mode,1.0.0,env_only,random_forest,0,,
3395,51.169808,29.866694,0.1,0.1,5.0,5.0,13.0,15.0,70.0,70.0,119.0,126.0,57.0,57.0,147.0,20.9,4.82,3244,0.10468722286358827,env_mode,1.0.0,env_only,random_forest,0,,
3396,51.169808,29.852414,0.09,0.1,6.0,5.0,11.0,13.0,74.0,74.0,116.0,121.0,55.0,55.0,139.0,45.0,4.14,3245,0.10931134132845999,env_mode,1.0.0,env_only,random_forest,0,,
3397,51.178802,29.852414,0.1,0.1,8.0,6.0,12.0,13.0,76.0,76.0,114.0,120.0,53.0,53.0,147.0,23.3,4.98,3246,0.1095474332783551,env_mode,1.0.0,env_only,random_forest,0,,
3398,51.169808,29.838134,0.1,0.11,5.0,4.0,12.0,13.0,65.0,65.0,120.0,126.0,59.0,59.0,137.0,26.4,5.19,3247,0.10848996991633462,env_mode,1.0.0,env_only,random_forest,0,,
3399,51.178802,29.838134,0.09,0.11,6.0,5.0,11.0,12.0,77.0,77.0,123.0,127.0,52.0,52.0,155.0,10.6,5.59,3248,0.10329281746868901,env_mode,1.0.0,env_only,random_forest,0,,
3400,51.185996,29.852414,0.1,0.11,7.0,7.0,13.0,14.0,73.0,73.0,120.0,124.0,53.0,53.0,150.0,11.1,5.49,3249,0.10887601838001934,env_mode,1.0.0,env_only,random_forest,0,,
3401,51.185996,29.866694,0.1,0.1,5.0,5.0,11.0,13.0,77.0,77.0,120.0,125.0,52.0,52.0,139.0,13.1,4.93,3250,0.11326868527879663,env_mode,1.0.0,env_only,random_forest,0,,
3402,51.169808,29.823855,0.11,0.11,4.0,4.0,11.0,13.0,70.0,70.0,127.0,129.0,56.0,56.0,155.0,24.4,4.36,3251,0.10504613219586521,env_mode,1.0.0,env_only,random_forest,0,,
3403,51.124848,29.766738,0.1,0.1,4.0,4.0,12.0,14.0,70.0,71.0,131.0,131.0,62.0,62.0,138.0,20.6,5.04,3252,0.10495004080440966,env_mode,1.0.0,env_only,random_forest,0,,
3404,51.133842,29.766738,0.11,0.11,4.0,4.0,14.0,15.0,58.0,57.0,137.0,136.0,59.0,59.0,135.0,9.0,6.07,3253,0.10414271183576317,env_mode,1.0.0,env_only,random_forest,0,,
3405,51.142829,29.766736,0.11,0.12,4.0,4.0,11.0,13.0,71.0,72.0,126.0,128.0,60.0,60.0,157.0,38.0,3.94,3254,0.10345265810279738,env_mode,1.0.0,env_only,random_forest,0,,
3406,51.151827,29.766738,0.1,0.12,5.0,4.0,10.0,11.0,74.0,74.0,122.0,126.0,54.0,54.0,155.0,40.3,4.23,3255,0.10433102480260975,env_mode,1.0.0,env_only,random_forest,0,,
3407,51.124842,29.752457,0.1,0.11,6.0,5.0,10.0,12.0,75.0,75.0,120.0,126.0,57.0,57.0,145.0,14.5,4.98,3256,0.10394995680645197,env_mode,1.0.0,env_only,random_forest,0,,
3408,51.133842,29.752459,0.1,0.12,5.0,5.0,11.0,13.0,69.0,69.0,135.0,135.0,55.0,55.0,148.0,45.0,3.69,3257,0.10878920320556919,env_mode,1.0.0,env_only,random_forest,0,,
3409,51.142835,29.753411,0.11,0.11,3.0,3.0,13.0,14.0,63.0,63.0,135.0,134.0,58.0,58.0,140.0,19.3,5.24,3258,0.10556445181418138,env_mode,1.0.0,env_only,random_forest,0,,
3410,51.151827,29.752459,0.1,0.11,3.0,3.0,11.0,13.0,71.0,71.0,133.0,134.0,60.0,60.0,147.0,6.6,5.65,3259,0.09857783288540663,env_mode,1.0.0,env_only,random_forest,0,,
3411,51.133842,29.738181,0.09,0.11,8.0,7.0,9.0,11.0,70.0,70.0,120.0,126.0,55.0,55.0,148.0,13.8,5.87,3260,0.10495032790892599,env_mode,1.0.0,env_only,random_forest,0,,
3412,51.142835,29.738181,0.1,0.1,5.0,5.0,10.0,12.0,69.0,69.0,121.0,127.0,56.0,56.0,154.0,30.2,4.13,3261,0.10510390281051898,env_mode,1.0.0,env_only,random_forest,0,,
3413,51.124848,29.723902,0.1,0.12,5.0,4.0,13.0,15.0,68.0,68.0,136.0,136.0,61.0,61.0,126.0,7.5,6.33,3262,0.10560162785844614,env_mode,1.0.0,env_only,random_forest,0,,
3414,51.133842,29.723902,0.1,0.11,5.0,5.0,9.0,11.0,73.0,73.0,128.0,134.0,56.0,56.0,152.0,18.1,4.98,3263,0.10346374777952033,env_mode,1.0.0,env_only,random_forest,0,,
3415,51.142235,29.723902,0.11,0.11,5.0,5.0,11.0,12.0,71.0,71.0,131.0,132.0,57.0,57.0,141.0,6.7,5.96,3264,0.10597187119583727,env_mode,1.0.0,env_only,random_forest,0,,
3416,51.151827,29.723902,0.1,0.11,4.0,4.0,15.0,17.0,66.0,66.0,135.0,136.0,62.0,62.0,147.0,6.9,6.08,3265,0.09872476873079633,env_mode,1.0.0,env_only,random_forest,0,,
3417,51.133835,29.709618,0.1,0.1,7.0,6.0,10.0,11.0,69.0,69.0,117.0,125.0,54.0,55.0,142.0,14.2,5.37,3266,0.10912393889328167,env_mode,1.0.0,env_only,random_forest,0,,
3418,51.142835,29.709623,0.1,0.11,5.0,5.0,10.0,12.0,75.0,75.0,118.0,125.0,54.0,54.0,160.0,28.0,5.1,3267,0.10372729837550373,env_mode,1.0.0,env_only,random_forest,0,,
3419,51.151827,29.70867,0.09,0.11,3.0,3.0,10.0,12.0,73.0,73.0,130.0,131.0,58.0,58.0,147.0,7.6,5.69,3268,0.09958579724795112,env_mode,1.0.0,env_only,random_forest,0,,
3420,51.133842,29.695343,0.11,0.11,5.0,5.0,12.0,13.0,72.0,72.0,134.0,135.0,62.0,62.0,128.0,3.1,7.77,3269,0.10485878875128223,env_mode,1.0.0,env_only,random_forest,0,,
3421,51.142835,29.695343,0.1,0.1,6.0,6.0,10.0,11.0,68.0,68.0,117.0,123.0,56.0,56.0,162.0,13.5,5.44,3270,0.10490413375657189,env_mode,1.0.0,env_only,random_forest,0,,
3422,51.124842,29.681059,0.1,0.1,5.0,5.0,12.0,14.0,67.0,67.0,127.0,127.0,58.0,58.0,160.0,41.0,4.17,3271,0.10359320103882079,env_mode,1.0.0,env_only,random_forest,0,,
3423,51.124842,29.666779,0.09,0.11,6.0,5.0,12.0,14.0,64.0,64.0,124.0,125.0,59.0,59.0,141.0,12.3,5.68,3272,0.10411830333389185,env_mode,1.0.0,env_only,random_forest,0,,
3424,51.133842,29.681065,0.11,0.11,4.0,4.0,14.0,16.0,67.0,68.0,132.0,133.0,63.0,63.0,131.0,0.9,8.07,3273,0.10280855579331435,env_mode,1.0.0,env_only,random_forest,0,,
3425,51.133842,29.666786,0.11,0.12,4.0,4.0,12.0,13.0,67.0,67.0,135.0,135.0,65.0,65.0,150.0,27.8,4.5,3274,0.10185343697474475,env_mode,1.0.0,env_only,random_forest,0,,
3426,51.142835,29.681065,0.09,0.1,5.0,5.0,13.0,14.0,72.0,73.0,128.0,130.0,57.0,57.0,138.0,12.1,5.4,3275,0.10501395287456472,env_mode,1.0.0,env_only,random_forest,0,,
3427,51.142829,29.666779,0.1,0.11,7.0,7.0,13.0,14.0,72.0,72.0,127.0,129.0,58.0,58.0,134.0,19.3,5.76,3276,0.10853747941226775,env_mode,1.0.0,env_only,random_forest,0,,
3428,51.115849,29.681059,0.11,0.11,4.0,4.0,17.0,19.0,59.0,59.0,135.0,135.0,63.0,64.0,139.0,4.4,6.17,3277,0.10267497189830656,env_mode,1.0.0,env_only,random_forest,0,,
3429,51.115257,29.666786,0.09,0.11,4.0,4.0,14.0,15.0,56.0,56.0,131.0,128.0,64.0,64.0,143.0,7.4,6.0,3278,0.10302713829606064,env_mode,1.0.0,env_only,random_forest,0,,
3430,51.115257,29.652507,0.11,0.11,4.0,4.0,15.0,16.0,56.0,56.0,136.0,138.0,59.0,59.0,146.0,2.3,7.19,3279,0.1027379182679197,env_mode,1.0.0,env_only,random_forest,0,,
3431,51.106864,29.652507,0.1,0.11,5.0,5.0,12.0,13.0,65.0,65.0,132.0,132.0,57.0,57.0,166.0,10.2,5.69,3280,0.10496023645966533,env_mode,1.0.0,env_only,random_forest,0,,
3432,51.106864,29.665834,0.11,0.11,4.0,4.0,17.0,18.0,60.0,59.0,134.0,132.0,64.0,64.0,143.0,3.8,6.35,3281,0.10111077691216082,env_mode,1.0.0,env_only,random_forest,0,,
3433,51.106264,29.681065,0.1,0.1,4.0,5.0,16.0,17.0,58.0,58.0,134.0,133.0,64.0,64.0,136.0,3.0,6.8,3282,0.10257746866890187,env_mode,1.0.0,env_only,random_forest,0,,
3434,51.097862,29.681059,0.11,0.12,6.0,6.0,12.0,13.0,67.0,67.0,134.0,133.0,58.0,58.0,141.0,28.3,4.82,3283,0.10897217686472345,env_mode,1.0.0,env_only,random_forest,0,,
3435,51.097862,29.666779,0.1,0.12,5.0,5.0,15.0,16.0,60.0,60.0,136.0,135.0,59.0,59.0,141.0,5.1,6.16,3284,0.10334434585874532,env_mode,1.0.0,env_only,random_forest,0,,
3436,51.088869,29.738177,0.1,0.11,5.0,5.0,14.0,16.0,77.0,77.0,121.0,126.0,56.0,56.0,136.0,39.7,4.17,3285,0.11100032016203308,env_mode,1.0.0,env_only,random_forest,0,,
3437,51.088877,29.723902,0.1,0.12,5.0,5.0,13.0,15.0,71.0,71.0,132.0,133.0,59.0,59.0,147.0,8.5,5.82,3286,0.10111153464567851,env_mode,1.0.0,env_only,random_forest,0,,
3438,51.097272,29.709623,0.1,0.11,4.0,4.0,14.0,16.0,68.0,68.0,131.0,133.0,63.0,63.0,136.0,1.3,7.5,3287,0.10183243697582343,env_mode,1.0.0,env_only,random_forest,0,,
3439,51.088877,29.709623,0.11,0.11,4.0,4.0,15.0,17.0,62.0,63.0,131.0,130.0,64.0,64.0,141.0,5.1,6.87,3288,0.10094504448979774,env_mode,1.0.0,env_only,random_forest,0,,
3440,51.088869,29.695338,0.1,0.1,4.0,4.0,17.0,19.0,62.0,62.0,133.0,132.0,64.0,64.0,141.0,1.2,7.72,3289,0.09996257232680211,env_mode,1.0.0,env_only,random_forest,0,,
3441,51.088877,29.682017,0.1,0.11,4.0,4.0,16.0,18.0,63.0,63.0,131.0,130.0,64.0,64.0,141.0,5.6,5.8,3290,0.10029790945350447,env_mode,1.0.0,env_only,random_forest,0,,
3442,51.070292,29.666786,0.1,0.11,5.0,5.0,17.0,19.0,53.0,54.0,134.0,134.0,64.0,64.0,138.0,11.0,5.59,3291,0.10477581505383765,env_mode,1.0.0,env_only,random_forest,0,,
3443,51.070892,29.682017,0.1,0.1,4.0,5.0,18.0,19.0,55.0,55.0,134.0,133.0,66.0,66.0,135.0,1.5,8.05,3292,0.10202545538307257,env_mode,1.0.0,env_only,random_forest,0,,
3444,51.079885,29.709623,0.1,0.1,4.0,4.0,15.0,17.0,61.0,61.0,135.0,133.0,65.0,65.0,137.0,6.3,5.76,3293,0.10273143989794338,env_mode,1.0.0,env_only,random_forest,0,,
3445,51.079885,29.72295,0.11,0.11,3.0,3.0,14.0,16.0,59.0,58.0,140.0,138.0,62.0,62.0,136.0,11.3,5.25,3294,0.10369529712523846,env_mode,1.0.0,env_only,random_forest,0,,
3446,51.079876,29.738177,0.1,0.11,4.0,4.0,13.0,14.0,70.0,69.0,132.0,133.0,54.0,55.0,134.0,8.4,6.05,3295,0.10970215520800505,env_mode,1.0.0,env_only,random_forest,0,,
3447,51.070883,29.723898,0.1,0.12,5.0,5.0,12.0,14.0,64.0,64.0,129.0,132.0,55.0,55.0,153.0,28.6,4.32,3296,0.10702697642110805,env_mode,1.0.0,env_only,random_forest,0,,
3448,51.070883,29.709618,0.1,0.11,4.0,4.0,14.0,16.0,59.0,58.0,137.0,139.0,60.0,60.0,135.0,5.3,6.18,3297,0.10359474089648503,env_mode,1.0.0,env_only,random_forest,0,,
3449,51.080437,29.68216,0.11,0.11,5.0,4.0,13.0,15.0,69.0,69.0,134.0,133.0,58.0,58.0,156.0,35.5,3.94,3298,0.10501160424009544,env_mode,1.0.0,env_only,random_forest,0,,
3450,51.061899,29.695343,0.1,0.12,4.0,4.0,19.0,20.0,57.0,56.0,132.0,132.0,67.0,67.0,139.0,2.9,6.78,3299,0.10063436357086533,env_mode,1.0.0,env_only,random_forest,0,,
3451,51.0613,29.681065,0.1,0.11,4.0,4.0,19.0,21.0,51.0,51.0,131.0,131.0,65.0,66.0,140.0,4.1,6.42,3300,0.10491359116193759,env_mode,1.0.0,env_only,random_forest,0,,
3452,51.061899,29.6658,0.11,0.11,4.0,4.0,18.0,20.0,51.0,50.0,133.0,134.0,65.0,65.0,145.0,5.1,6.35,3301,0.10834833545159346,env_mode,1.0.0,env_only,random_forest,0,,
3453,51.0613,29.652507,0.11,0.12,4.0,4.0,18.0,20.0,49.0,49.0,130.0,129.0,68.0,68.0,147.0,8.1,5.98,3302,0.1040066818108149,env_mode,1.0.0,env_only,random_forest,0,,
3454,51.07074,29.65233,0.12,0.13,5.0,5.0,16.0,18.0,50.0,50.0,133.0,131.0,66.0,66.0,141.0,4.6,7.23,3303,0.1067766796914506,env_mode,1.0.0,env_only,random_forest,0,,
3455,51.052906,29.695343,0.1,0.12,4.0,5.0,18.0,19.0,50.0,50.0,133.0,132.0,66.0,66.0,143.0,2.7,7.43,3304,0.10489449963326981,env_mode,1.0.0,env_only,random_forest,0,,
3456,51.052896,29.681059,0.1,0.1,4.0,4.0,18.0,20.0,47.0,46.0,136.0,134.0,65.0,65.0,147.0,12.4,5.05,3305,0.10636593822643317,env_mode,1.0.0,env_only,random_forest,0,,
3457,51.052906,29.667738,0.11,0.11,4.0,4.0,16.0,18.0,51.0,52.0,133.0,131.0,66.0,66.0,154.0,7.8,5.92,3306,0.10469720747036708,env_mode,1.0.0,env_only,random_forest,0,,
3458,51.052307,29.652507,0.12,0.13,4.0,4.0,17.0,19.0,50.0,50.0,139.0,139.0,65.0,65.0,156.0,4.4,6.48,3307,0.10998726074637862,env_mode,1.0.0,env_only,random_forest,0,,
3459,51.052896,29.63822,0.12,0.12,5.0,5.0,18.0,20.0,51.0,51.0,129.0,128.0,66.0,66.0,153.0,12.2,5.59,3308,0.10561153007658378,env_mode,1.0.0,env_only,random_forest,0,,
3460,51.052906,29.622045,0.11,0.12,4.0,4.0,17.0,18.0,64.0,64.0,132.0,133.0,60.0,60.0,154.0,6.7,6.26,3309,0.10015889894504035,env_mode,1.0.0,env_only,random_forest,0,,
3461,51.061899,29.638228,0.11,0.12,4.0,4.0,17.0,19.0,50.0,50.0,132.0,131.0,67.0,67.0,148.0,10.0,5.77,3310,0.10497218220038666,env_mode,1.0.0,env_only,random_forest,0,,
3462,51.043914,29.62395,0.12,0.13,5.0,5.0,17.0,18.0,52.0,52.0,135.0,137.0,64.0,64.0,153.0,5.0,7.17,3311,0.10542623491869585,env_mode,1.0.0,env_only,random_forest,0,,
3463,51.043903,29.63822,0.12,0.14,4.0,4.0,18.0,20.0,54.0,54.0,132.0,129.0,64.0,64.0,156.0,4.4,6.71,3312,0.10332751149932073,env_mode,1.0.0,env_only,random_forest,0,,
3464,51.04426,29.667594,0.11,0.11,4.0,4.0,18.0,20.0,49.0,49.0,133.0,130.0,64.0,64.0,156.0,8.2,5.72,3313,0.10580631570808233,env_mode,1.0.0,env_only,random_forest,0,,
3465,51.034322,29.60967,0.11,0.11,4.0,4.0,18.0,19.0,58.0,58.0,135.0,134.0,61.0,61.0,171.0,5.4,6.33,3314,0.10462047885605652,env_mode,1.0.0,env_only,random_forest,0,,
3466,51.025953,29.643798,0.11,0.12,2.0,3.0,20.0,21.0,57.0,57.0,139.0,137.0,60.0,60.0,171.0,6.7,5.96,3315,0.10529702246529099,env_mode,1.0.0,env_only,random_forest,0,,
3467,51.034322,29.595391,0.1,0.12,4.0,4.0,14.0,16.0,58.0,58.0,133.0,135.0,60.0,60.0,173.0,5.2,7.25,3316,0.10278859143983249,env_mode,1.0.0,env_only,random_forest,0,,
3468,51.034922,29.581112,0.11,0.11,3.0,4.0,18.0,19.0,56.0,56.0,138.0,136.0,62.0,62.0,169.0,6.0,6.37,3317,0.10363534772703072,env_mode,1.0.0,env_only,random_forest,0,,
3469,51.03491,29.566822,0.11,0.12,4.0,4.0,16.0,18.0,60.0,60.0,140.0,139.0,62.0,62.0,179.0,13.2,5.28,3318,0.10578447776634375,env_mode,1.0.0,env_only,random_forest,0,,
3470,51.043914,29.581112,0.11,0.12,3.0,3.0,17.0,19.0,62.0,62.0,135.0,134.0,62.0,61.0,167.0,2.9,7.35,3319,0.10178007722688169,env_mode,1.0.0,env_only,random_forest,0,,
3471,51.043903,29.595381,0.12,0.13,4.0,4.0,17.0,19.0,56.0,56.0,133.0,133.0,64.0,64.0,163.0,26.0,5.05,3320,0.10377686890271812,env_mode,1.0.0,env_only,random_forest,0,,
3472,51.052896,29.609661,0.1,0.12,5.0,5.0,16.0,18.0,59.0,59.0,135.0,134.0,61.0,61.0,153.0,13.9,5.58,3321,0.10233697130119424,env_mode,1.0.0,env_only,random_forest,0,,
3473,51.052906,29.595391,0.11,0.11,4.0,4.0,18.0,20.0,53.0,53.0,135.0,134.0,64.0,64.0,160.0,9.0,6.07,3322,0.10339444334237934,env_mode,1.0.0,env_only,random_forest,0,,
3474,51.052906,29.581112,0.11,0.11,4.0,4.0,17.0,18.0,65.0,64.0,130.0,129.0,59.0,59.0,163.0,5.1,6.67,3323,0.10128371292307144,env_mode,1.0.0,env_only,random_forest,0,,
3475,51.052896,29.566822,0.1,0.12,4.0,4.0,16.0,18.0,68.0,68.0,135.0,135.0,61.0,61.0,171.0,7.2,6.2,3324,0.10134570985720597,env_mode,1.0.0,env_only,random_forest,0,,
3476,51.052896,29.552542,0.11,0.12,4.0,4.0,18.0,19.0,56.0,56.0,133.0,135.0,63.0,63.0,175.0,14.3,5.42,3325,0.10582922312280704,env_mode,1.0.0,env_only,random_forest,0,,
3477,51.043903,29.552542,0.1,0.11,7.0,6.0,18.0,20.0,53.0,53.0,134.0,135.0,61.0,61.0,173.0,8.8,5.43,3326,0.10373790905814974,env_mode,1.0.0,env_only,random_forest,0,,
3478,51.043903,29.538263,0.1,0.12,4.0,4.0,19.0,21.0,56.0,56.0,137.0,135.0,62.0,62.0,183.0,14.2,5.09,3327,0.10533502532778084,env_mode,1.0.0,env_only,random_forest,0,,
3479,51.043903,29.509704,0.11,0.11,7.0,7.0,12.0,14.0,71.0,71.0,129.0,130.0,55.0,55.0,198.0,17.1,5.34,3328,0.10760094399643341,env_mode,1.0.0,env_only,random_forest,0,,
3480,51.052906,29.509718,0.11,0.11,9.0,9.0,12.0,13.0,68.0,68.0,127.0,127.0,54.0,55.0,197.0,10.8,5.06,3329,0.1090977387906413,env_mode,1.0.0,env_only,random_forest,0,,
3481,51.061889,29.509704,0.1,0.1,7.0,8.0,13.0,14.0,69.0,69.0,121.0,122.0,54.0,54.0,186.0,15.4,5.64,3330,0.10592418514252239,env_mode,1.0.0,env_only,random_forest,0,,
3482,51.070883,29.509704,0.09,0.11,4.0,3.0,15.0,16.0,66.0,67.0,133.0,133.0,60.0,60.0,184.0,7.6,5.9,3331,0.10062087514729792,env_mode,1.0.0,env_only,random_forest,0,,
3483,51.061889,29.523983,0.1,0.11,3.0,4.0,15.0,17.0,66.0,67.0,125.0,126.0,60.0,60.0,194.0,27.5,4.84,3332,0.10189533987996269,env_mode,1.0.0,env_only,random_forest,0,,
3484,51.070892,29.552555,0.11,0.11,4.0,4.0,15.0,17.0,62.0,61.0,133.0,135.0,61.0,61.0,178.0,14.5,5.51,3333,0.10342485293031342,env_mode,1.0.0,env_only,random_forest,0,,
3485,51.061889,29.538263,0.1,0.11,4.0,4.0,19.0,20.0,60.0,60.0,136.0,135.0,61.0,61.0,183.0,15.1,5.18,3334,0.10430219333917952,env_mode,1.0.0,env_only,random_forest,0,,
3486,51.061889,29.552542,0.1,0.12,5.0,5.0,14.0,15.0,65.0,65.0,124.0,125.0,59.0,59.0,196.0,20.7,4.63,3335,0.10327059033170141,env_mode,1.0.0,env_only,random_forest,0,,
3487,51.062498,29.566834,0.11,0.12,4.0,4.0,13.0,15.0,76.0,76.0,131.0,132.0,58.0,58.0,192.0,32.7,4.45,3336,0.10445221308481896,env_mode,1.0.0,env_only,random_forest,0,,
3488,51.070892,29.537323,0.1,0.1,4.0,4.0,17.0,18.0,61.0,61.0,136.0,136.0,58.0,59.0,174.0,13.3,5.5,3337,0.10388141140622581,env_mode,1.0.0,env_only,random_forest,0,,
3489,51.079876,29.509704,0.1,0.11,4.0,4.0,14.0,15.0,69.0,70.0,134.0,133.0,60.0,60.0,185.0,6.3,6.09,3338,0.10078906450312032,env_mode,1.0.0,env_only,random_forest,0,,
3490,51.079876,29.495424,0.09,0.1,6.0,6.0,12.0,13.0,74.0,74.0,129.0,129.0,59.0,59.0,196.0,24.9,4.8,3339,0.10264721842137225,env_mode,1.0.0,env_only,random_forest,0,,
3491,51.079876,29.481144,0.1,0.1,4.0,4.0,14.0,15.0,66.0,66.0,129.0,131.0,60.0,60.0,186.0,27.7,4.6,3340,0.10277890380388711,env_mode,1.0.0,env_only,random_forest,0,,
3492,51.070883,29.495424,0.1,0.11,7.0,7.0,12.0,13.0,70.0,70.0,128.0,129.0,58.0,58.0,184.0,9.1,5.61,3341,0.10573345395163022,env_mode,1.0.0,env_only,random_forest,0,,
3493,51.052896,29.538263,0.1,0.1,5.0,5.0,17.0,18.0,57.0,57.0,130.0,129.0,61.0,61.0,178.0,10.0,5.46,3342,0.10356461369470547,env_mode,1.0.0,env_only,random_forest,0,,
3494,51.052896,29.523983,0.1,0.12,5.0,5.0,17.0,18.0,63.0,63.0,132.0,132.0,60.0,60.0,181.0,4.6,5.94,3343,0.10181082121475539,env_mode,1.0.0,env_only,random_forest,0,,
3495,51.061889,29.495424,0.11,0.11,7.0,7.0,14.0,15.0,70.0,71.0,128.0,129.0,58.0,58.0,182.0,12.8,5.53,3344,0.10555719091677528,env_mode,1.0.0,env_only,random_forest,0,,
3496,51.061899,29.480208,0.1,0.11,6.0,6.0,14.0,16.0,60.0,60.0,134.0,133.0,61.0,61.0,173.0,8.6,6.0,3345,0.10379094357066844,env_mode,1.0.0,env_only,random_forest,0,,
3497,51.061899,29.465929,0.11,0.12,4.0,4.0,13.0,14.0,57.0,57.0,132.0,132.0,62.0,62.0,173.0,24.0,4.94,3346,0.10611629366903899,env_mode,1.0.0,env_only,random_forest,0,,
3498,51.052896,29.495424,0.1,0.12,5.0,4.0,13.0,14.0,68.0,68.0,132.0,132.0,60.0,60.0,184.0,6.5,5.75,3347,0.10141606711592424,env_mode,1.0.0,env_only,random_forest,0,,
3499,51.053506,29.48116,0.11,0.11,5.0,4.0,15.0,16.0,61.0,60.0,131.0,131.0,62.0,62.0,174.0,11.7,5.52,3348,0.10459617966555944,env_mode,1.0.0,env_only,random_forest,0,,
3500,51.052906,29.466881,0.09,0.11,5.0,4.0,12.0,14.0,64.0,64.0,130.0,130.0,61.0,61.0,178.0,9.4,5.26,3349,0.10159185167549148,env_mode,1.0.0,env_only,random_forest,0,,
3501,51.052896,29.452585,0.11,0.12,5.0,4.0,13.0,14.0,62.0,62.0,130.0,130.0,62.0,62.0,172.0,4.9,5.86,3350,0.10284359868132538,env_mode,1.0.0,env_only,random_forest,0,,
3502,51.061889,29.452585,0.1,0.11,5.0,5.0,11.0,12.0,70.0,71.0,126.0,128.0,58.0,58.0,187.0,16.3,4.93,3351,0.1049152351406215,env_mode,1.0.0,env_only,random_forest,0,,
3503,51.034922,29.424044,0.12,0.14,3.0,4.0,18.0,19.0,58.0,58.0,134.0,132.0,65.0,65.0,173.0,0.7,8.69,3352,0.1029452694527007,env_mode,1.0.0,env_only,random_forest,0,,
3504,51.025929,29.424044,0.11,0.13,5.0,5.0,19.0,20.0,51.0,51.0,132.0,132.0,63.0,63.0,169.0,4.7,6.91,3353,0.10572437354288566,env_mode,1.0.0,env_only,random_forest,0,,
3505,50.92699,30.095167,0.11,0.14,5.0,5.0,13.0,14.0,65.0,65.0,130.0,131.0,60.0,61.0,115.0,4.8,6.01,3354,0.10681325300164896,env_mode,1.0.0,env_only,random_forest,0,,
3506,50.927008,30.109432,0.13,0.15,8.0,7.0,12.0,13.0,68.0,68.0,114.0,122.0,54.0,54.0,144.0,37.9,4.27,3355,0.11089193802668787,env_mode,1.0.0,env_only,random_forest,0,,
3507,50.92699,30.123726,0.16,0.2,9.0,9.0,12.0,13.0,71.0,72.0,117.0,125.0,52.0,53.0,152.0,11.1,5.55,3356,0.11226748993344936,env_mode,1.0.0,env_only,random_forest,0,,
3508,50.92699,30.138006,0.14,0.17,5.0,5.0,11.0,12.0,73.0,73.0,118.0,124.0,54.0,54.0,154.0,34.7,4.64,3357,0.10785599399235085,env_mode,1.0.0,env_only,random_forest,0,,
3510,50.95397,30.095167,0.13,0.15,7.0,7.0,11.0,13.0,72.0,72.0,120.0,126.0,53.0,53.0,137.0,45.0,3.52,3358,0.11891261490609685,env_mode,1.0.0,env_only,random_forest,0,,
3511,50.95397,30.109447,0.14,0.16,8.0,7.0,13.0,14.0,77.0,77.0,114.0,123.0,55.0,55.0,130.0,13.9,5.73,3359,0.12124442546613058,env_mode,1.0.0,env_only,random_forest,0,,
3512,50.791707,30.066519,0.1,0.12,7.0,6.0,18.0,19.0,50.0,51.0,134.0,133.0,67.0,68.0,125.0,6.8,6.06,3360,0.1026289599219665,env_mode,1.0.0,env_only,random_forest,0,,
3513,50.791533,30.080475,0.1,0.11,5.0,5.0,15.0,16.0,49.0,49.0,128.0,127.0,68.0,68.0,124.0,1.3,7.7,3361,0.10420945810133933,env_mode,1.0.0,env_only,random_forest,0,,
3514,50.828374,29.538006,0.1,0.12,4.0,4.0,14.0,15.0,59.0,59.0,132.0,132.0,61.0,61.0,173.0,15.0,4.9,3362,0.10428392743397638,env_mode,1.0.0,env_only,random_forest,0,,
6000,50.951421,29.872403,0.12,0.12,3.0,4.0,15.0,17.0,58.0,58.0,123.0,123.0,62.0,62.0,144.0,22.7,4.95,3363,0.10511525143073536,env_mode,1.0.0,env_only,random_forest,0,,
6001,50.94914,29.87865,0.14,0.14,6.0,5.0,13.0,15.0,61.0,60.0,127.0,129.0,60.0,60.0,142.0,16.2,5.54,3364,0.10626146388222568,env_mode,1.0.0,env_only,random_forest,0,,
6002,50.94783,29.86594,0.09,0.1,4.0,4.0,18.0,20.0,54.0,54.0,134.0,132.0,62.0,62.0,153.0,6.0,6.08,3365,0.10248568031645901,env_mode,1.0.0,env_only,random_forest,0,,
6003,50.944693,29.866018,0.09,0.1,3.0,3.0,17.0,18.0,54.0,54.0,134.0,132.0,65.0,65.0,151.0,8.0,5.44,3366,0.1023280526327469,env_mode,1.0.0,env_only,random_forest,0,,
6004,50.938095,29.86207,0.1,0.1,4.0,4.0,19.0,20.0,55.0,55.0,135.0,136.0,65.0,65.0,147.0,10.5,5.12,3367,0.10246591240613802,env_mode,1.0.0,env_only,random_forest,0,,
6005,50.93631,29.85117,0.09,0.1,5.0,5.0,13.0,15.0,56.0,55.0,129.0,129.0,64.0,64.0,150.0,13.7,4.89,3368,0.10397362301505636,env_mode,1.0.0,env_only,random_forest,0,,
6006,50.933984,29.862585,0.12,0.12,3.0,4.0,18.0,20.0,50.0,52.0,128.0,128.0,65.0,65.0,147.0,6.3,6.38,3369,0.10871895010562169,env_mode,1.0.0,env_only,random_forest,0,,
6007,50.93393,29.86825,0.12,0.12,3.0,3.0,19.0,20.0,51.0,51.0,130.0,129.0,65.0,65.0,147.0,13.4,5.01,3370,0.10829693383681814,env_mode,1.0.0,env_only,random_forest,0,,
6008,50.932329,29.878773,0.11,0.11,4.0,5.0,19.0,21.0,53.0,53.0,130.0,129.0,67.0,67.0,144.0,10.4,5.82,3371,0.10219603918732768,env_mode,1.0.0,env_only,random_forest,0,,
7000,51.0759,30.2851,0.1,0.1,4.0,4.0,17.0,18.0,53.0,53.0,136.0,138.0,64.0,64.0,112.0,4.3,6.26,3372,0.10651995749464006,env_mode,1.0.0,env_only,random_forest,0,,
7000,51.075759,30.285121,0.11,0.11,4.0,4.0,17.0,18.0,53.0,53.0,136.0,138.0,64.0,64.0,112.0,4.3,6.26,3373,0.10651995749464006,env_mode,1.0.0,env_only,random_forest,0,,
7001,51.021745,30.04811,0.1,0.1,5.0,5.0,18.0,19.0,54.0,54.0,132.0,131.0,67.0,67.0,114.0,12.8,5.38,3374,0.1023651060860419,env_mode,1.0.0,env_only,random_forest,0,,
7002,51.022164,30.04918,0.1,0.1,5.0,5.0,17.0,19.0,53.0,53.0,128.0,127.0,66.0,66.0,112.0,14.3,5.51,3375,0.10241010138285614,env_mode,1.0.0,env_only,random_forest,0,,
