point_id,latitude,longitude,Code,ratio_cs_sr,organic_carbon_b0,organic_carbon_b10,clay_fraction_0_30,clay_fraction_30_60,sand_fraction_b0,sand_fraction_b10,bulk_density_b0,bulk_density_b10,soil_pH_b0,soil_pH_b10,elevation_m,slope_deg_final,twi_scaled,cs137_kBq_m2,sr90_kBq_m2,k40_Bq_kg,ra226_Bq_kg,th232_Bq_kg,scenario_name,source_row_index,predicted_target_dose_rate,model_mode,model_version,feature_set,model_name,warning_count,warning_columns,warning_types
0,51.151183,29.86728,4,4.53,5.0,5.0,13.0,15.0,61.0,61.0,128.0,130.0,58.0,58.0,136.0,12.5,5.29,20.480000000000004,5.65,110.0,7.0,10.0,cs137_minus_20,0,0.10101841471578281,nuclide_mode,1.0.0,env_plus_no_ratio,extra_trees,0,,
1,51.14306,29.85566,7,5.48,5.0,5.0,13.0,15.0,62.0,62.0,130.0,131.0,60.0,60.0,134.0,22.5,5.11,12.4,2.83,127.0,9.0,7.0,cs137_minus_20,1,0.09787304338953913,nuclide_mode,1.0.0,env_plus_no_ratio,extra_trees,0,,
2,51.13967,29.86646,12,4.38,5.0,4.0,14.0,16.0,62.0,62.0,133.0,132.0,59.0,59.0,129.0,17.9,5.54,30.160000000000004,8.61,124.0,10.0,7.0,cs137_minus_20,2,0.10294844270964752,nuclide_mode,1.0.0,env_plus_no_ratio,extra_trees,0,,
3,51.133835,29.88057,21,3.53,4.0,4.0,15.0,17.0,57.0,56.0,133.0,132.0,64.0,65.0,125.0,16.4,5.21,26.0,9.19,118.0,10.0,6.0,cs137_minus_20,3,0.10062240781297516,nuclide_mode,1.0.0,env_plus_no_ratio,extra_trees,0,,
4,51.125783,30.037053,39,2.37,5.0,5.0,14.0,16.0,50.0,49.0,131.0,130.0,64.0,64.0,117.0,1.6,8.15,88.80000000000001,47.0,150.0,19.0,12.0,cs137_minus_20,4,0.10863490242508714,nuclide_mode,1.0.0,env_plus_no_ratio,extra_trees,0,,
5,51.12493,29.95222,45,4.44,5.0,4.0,17.0,18.0,54.0,55.0,133.0,133.0,64.0,64.0,121.0,33.4,4.53,22.0,6.21,154.0,14.0,9.0,cs137_minus_20,5,0.10235945015683942,nuclide_mode,1.0.0,env_plus_no_ratio,extra_trees,0,,
6,51.12447,29.93698,48,2.85,4.0,4.0,14.0,15.0,53.0,52.0,133.0,131.0,65.0,65.0,121.0,6.6,5.8,11.04,4.86,125.0,9.0,9.0,cs137_minus_20,6,0.10035876752744065,nuclide_mode,1.0.0,env_plus_no_ratio,extra_trees,0,,
7,51.1256,29.92359,51,2.89,5.0,5.0,15.0,16.0,52.0,52.0,134.0,132.0,66.0,66.0,122.0,17.7,5.13,28.960000000000004,12.5,233.0,13.0,14.0,cs137_minus_20,7,0.10410795300066839,nuclide_mode,1.0.0,env_plus_no_ratio,extra_trees,0,,
8,51.12606,29.90969,54,2.0,4.0,4.0,15.0,17.0,57.0,57.0,134.0,132.0,64.0,64.0,120.0,6.9,6.05,29.84,18.7,207.0,15.0,12.0,cs137_minus_20,8,0.10458561565497697,nuclide_mode,1.0.0,env_plus_no_ratio,extra_trees,0,,
9,51.12501,29.86512,57,1.97,4.0,4.0,15.0,17.0,53.0,53.0,132.0,131.0,64.0,64.0,119.0,4.6,6.57,1.736,1.1,3.2,12.0,14.0,cs137_minus_20,9,0.09757989022334758,nuclide_mode,1.0.0,env_plus_no_ratio,extra_trees,1,cs137_kBq_m2,below_train_range:cs137_kBq_m2
10,51.12458,29.82432,61,3.53,4.0,4.0,16.0,18.0,57.0,57.0,139.0,138.0,60.0,61.0,129.0,6.6,6.09,13.12,4.65,110.0,85.0,6.6,cs137_minus_20,10,0.1032850857530733,nuclide_mode,1.0.0,env_plus_no_ratio,extra_trees,0,,
11,51.12767,29.83336,62,5.93,4.0,4.0,15.0,17.0,57.0,57.0,133.0,132.0,59.0,59.0,126.0,16.2,5.21,29.52,6.21,178.0,14.0,11.0,cs137_minus_20,11,0.1033975076069778,nuclide_mode,1.0.0,env_plus_no_ratio,extra_trees,0,,
12,51.12198,29.86163,68,3.56,4.0,4.0,17.0,18.0,55.0,55.0,134.0,132.0,65.0,65.0,121.0,9.6,5.47,23.040000000000003,8.08,135.0,13.0,8.0,cs137_minus_20,12,0.10121587382038187,nuclide_mode,1.0.0,env_plus_no_ratio,extra_trees,0,,
13,51.121852,30.019,69,1.9,5.0,5.0,16.0,17.0,56.0,56.0,133.0,132.0,64.0,64.0,119.0,2.9,6.48,90.4,59.7,220.0,20.0,12.0,cs137_minus_20,13,0.11579510833727362,nuclide_mode,1.0.0,env_plus_no_ratio,extra_trees,0,,
14,51.11882,29.85284,76,3.07,3.0,3.0,17.0,19.0,60.0,60.0,134.0,132.0,63.0,63.0,129.0,8.5,5.89,20.880000000000003,8.51,263.0,15.0,15.0,cs137_minus_20,14,0.10374606590909922,nuclide_mode,1.0.0,env_plus_no_ratio,extra_trees,0,,
15,51.11565,29.8666,92,1.82,4.0,4.0,15.0,17.0,55.0,55.0,137.0,135.0,64.0,64.0,124.0,2.6,6.53,23.76,16.3,182.0,9.5,11.0,cs137_minus_20,15,0.10398956931762121,nuclide_mode,1.0.0,env_plus_no_ratio,extra_trees,0,,
16,51.11545,29.88094,95,3.45,5.0,5.0,15.0,17.0,57.0,57.0,133.0,131.0,63.0,63.0,128.0,6.8,5.93,25.28,9.15,131.0,11.0,9.0,cs137_minus_20,16,0.10062649908609676,nuclide_mode,1.0.0,env_plus_no_ratio,extra_trees,0,,
17,51.116417,30.02203,106,2.22,5.0,4.0,15.0,16.0,54.0,54.0,126.0,124.0,64.0,64.0,121.0,27.6,4.78,67.84,38.2,150.0,10.0,9.0,cs137_minus_20,17,0.1161654448278859,nuclide_mode,1.0.0,env_plus_no_ratio,extra_trees,0,,
18,51.115856,30.080875,111,2.63,4.0,4.0,17.0,18.0,49.0,49.0,134.0,136.0,65.0,65.0,126.0,13.3,5.43,49.68000000000001,23.6,150.0,13.0,10.0,cs137_minus_20,18,0.10936006735251047,nuclide_mode,1.0.0,env_plus_no_ratio,extra_trees,0,,
19,51.115856,30.109432,113,13.9,5.0,5.0,17.0,18.0,52.0,52.0,141.0,141.0,69.0,69.0,126.0,6.1,6.89,49.92,4.49,156.0,12.0,9.0,cs137_minus_20,19,0.10811020256714657,nuclide_mode,1.0.0,env_plus_no_ratio,extra_trees,0,,
20,51.11586,30.13847,115,8.11,8.0,8.0,12.0,13.0,65.0,65.0,126.0,125.0,58.0,58.0,142.0,18.6,5.38,67.36,10.4,110.0,7.0,5.0,cs137_minus_20,20,0.12878460921989837,nuclide_mode,1.0.0,env_plus_no_ratio,extra_trees,0,,
21,51.115849,30.209404,116,3.44,5.0,4.0,16.0,17.0,69.0,70.0,124.0,128.0,57.0,57.0,122.0,1.2,7.47,37.12,13.5,215.0,12.0,11.0,cs137_minus_20,21,0.10646698005938118,nuclide_mode,1.0.0,env_plus_no_ratio,extra_trees,0,,
22,51.11654,30.28486,119,2.64,5.0,5.0,15.0,16.0,59.0,58.0,124.0,127.0,59.0,59.0,120.0,3.7,6.75,55.84,26.4,80.0,9.0,5.0,cs137_minus_20,22,0.10519925416132321,nuclide_mode,1.0.0,env_plus_no_ratio,extra_trees,0,,
23,51.11642,30.30774,121,3.0,7.0,7.0,13.0,14.0,58.0,58.0,126.0,129.0,64.0,64.0,115.0,1.8,7.68,40.400000000000006,16.8,80.0,6.0,5.0,cs137_minus_20,23,0.10414102618718984,nuclide_mode,1.0.0,env_plus_no_ratio,extra_trees,0,,
24,51.11399,30.14742,127,2.59,5.0,5.0,15.0,16.0,62.0,61.0,122.0,121.0,56.0,56.0,129.0,10.0,5.49,20.880000000000003,10.1,100.0,10.0,6.0,cs137_minus_20,24,0.10441369230822523,nuclide_mode,1.0.0,env_plus_no_ratio,extra_trees,0,,
25,51.11288,30.01851,131,2.24,4.0,4.0,15.0,16.0,66.0,67.0,135.0,134.0,62.0,62.0,124.0,24.4,4.7,51.92000000000001,28.9,90.0,6.0,5.0,cs137_minus_20,25,0.11261474615285334,nuclide_mode,1.0.0,env_plus_no_ratio,extra_trees,0,,
26,51.112858,29.738181,135,10.4,4.0,4.0,13.0,15.0,72.0,72.0,126.0,128.0,60.0,60.0,134.0,18.5,4.73,10.0,1.2,64.0,7.0,6.0,cs137_minus_20,26,0.09723667773228552,nuclide_mode,1.0.0,env_plus_no_ratio,extra_trees,0,,
27,51.11255,29.72871,137,3.38,5.0,5.0,15.0,17.0,67.0,67.0,129.0,129.0,62.0,62.0,134.0,16.0,5.4,6.5840000000000005,2.44,98.0,12.0,7.0,cs137_minus_20,27,0.09713865218793773,nuclide_mode,1.0.0,env_plus_no_ratio,extra_trees,0,,
28,51.10995,29.74291,141,6.54,5.0,5.0,12.0,14.0,73.0,73.0,131.0,133.0,60.0,60.0,138.0,8.4,6.33,11.04,2.11,99.0,13.0,8.5,cs137_minus_20,28,0.09760113088290777,nuclide_mode,1.0.0,env_plus_no_ratio,extra_trees,0,,
29,51.10971,30.27507,151,4.28,5.0,5.0,15.0,16.0,62.0,62.0,132.0,130.0,62.0,62.0,120.0,3.4,6.45,26.4,7.71,130.0,15.0,7.0,cs137_minus_20,29,0.10095557412550711,nuclide_mode,1.0.0,env_plus_no_ratio,extra_trees,0,,
30,51.10977,30.28535,153,3.66,4.0,4.0,15.0,16.0,59.0,59.0,132.0,131.0,61.0,61.0,119.0,2.8,6.87,44.96000000000001,15.4,180.0,15.0,12.0,cs137_minus_20,30,0.10561564297813367,nuclide_mode,1.0.0,env_plus_no_ratio,extra_trees,0,,
31,51.10672,30.30873,155,4.77,5.0,5.0,14.0,15.0,57.0,57.0,115.0,120.0,62.0,62.0,115.0,4.4,6.95,41.28,10.8,230.0,18.0,13.0,cs137_minus_20,31,0.1062190783385096,nuclide_mode,1.0.0,env_plus_no_ratio,extra_trees,0,,
32,51.107,30.29606,156,2.81,4.0,4.0,16.0,16.0,59.0,59.0,137.0,138.0,62.0,62.0,118.0,2.2,8.16,34.160000000000004,15.2,220.0,13.0,12.0,cs137_minus_20,32,0.10399130251048558,nuclide_mode,1.0.0,env_plus_no_ratio,extra_trees,0,,
33,51.10643,30.2664,158,3.22,4.0,4.0,14.0,15.0,59.0,59.0,133.0,134.0,60.0,60.0,120.0,5.9,6.06,38.72,15.0,190.0,15.0,9.0,cs137_minus_20,33,0.10435183611092887,nuclide_mode,1.0.0,env_plus_no_ratio,extra_trees,0,,
34,51.10683,30.25109,159,3.38,4.0,4.0,15.0,16.0,55.0,54.0,134.0,132.0,62.0,62.0,119.0,4.6,6.45,42.16,15.6,300.0,17.0,15.0,cs137_minus_20,34,0.10743166843898594,nuclide_mode,1.0.0,env_plus_no_ratio,extra_trees,0,,
35,51.10669,30.22462,161,3.31,5.0,5.0,16.0,17.0,55.0,54.0,138.0,137.0,68.0,68.0,119.0,7.8,5.56,48.8,18.4,350.0,21.0,20.0,cs137_minus_20,35,0.10911310088722224,nuclide_mode,1.0.0,env_plus_no_ratio,extra_trees,0,,
36,51.1069,30.21022,162,4.75,4.0,4.0,16.0,17.0,60.0,59.0,138.0,136.0,59.0,59.0,120.0,4.8,6.79,41.760000000000005,11.0,180.0,11.0,9.0,cs137_minus_20,36,0.10497066687256398,nuclide_mode,1.0.0,env_plus_no_ratio,extra_trees,0,,
37,51.10735,30.16653,166,2.1,5.0,4.0,14.0,15.0,62.0,62.0,135.0,133.0,62.0,62.0,122.0,7.7,5.68,60.16,35.8,210.0,13.0,13.0,cs137_minus_20,37,0.10740934570529087,nuclide_mode,1.0.0,env_plus_no_ratio,extra_trees,0,,
38,51.1073,30.152575,169,1.88,3.0,3.0,15.0,16.0,57.0,57.0,133.0,132.0,62.0,62.0,122.0,20.9,4.71,43.36000000000001,28.8,210.0,13.0,10.0,cs137_minus_20,38,0.10589117578556738,nuclide_mode,1.0.0,env_plus_no_ratio,extra_trees,0,,
39,51.10651,30.13886,172,1.76,4.0,5.0,15.0,15.0,53.0,53.0,135.0,133.0,62.0,62.0,122.0,13.4,5.29,49.36000000000001,35.0,127.0,8.0,7.0,cs137_minus_20,39,0.11029006421533145,nuclide_mode,1.0.0,env_plus_no_ratio,extra_trees,0,,
40,51.10657,30.12264,175,2.2,4.0,4.0,15.0,16.0,55.0,55.0,133.0,131.0,64.0,64.0,124.0,9.1,6.47,56.88,32.3,270.0,22.0,18.0,cs137_minus_20,40,0.11135008135766152,nuclide_mode,1.0.0,env_plus_no_ratio,extra_trees,0,,
41,51.106865,30.109789,176,4.08,5.0,5.0,16.0,17.0,55.0,55.0,134.0,132.0,68.0,68.0,128.0,7.1,6.27,51.52000000000001,15.8,300.0,17.0,16.0,cs137_minus_20,41,0.1127548328935541,nuclide_mode,1.0.0,env_plus_no_ratio,extra_trees,0,,
42,51.107079,30.095488,177,2.67,3.0,4.0,16.0,17.0,52.0,52.0,132.0,131.0,62.0,62.0,137.0,3.7,6.2,43.04,20.1,290.0,20.0,16.0,cs137_minus_20,42,0.11058789472457689,nuclide_mode,1.0.0,env_plus_no_ratio,extra_trees,0,,
43,51.106864,30.080875,178,6.35,4.0,4.0,16.0,18.0,54.0,53.0,133.0,132.0,62.0,62.0,134.0,17.5,5.28,45.68000000000001,9.0,290.0,16.0,15.0,cs137_minus_20,43,0.11100477082338701,nuclide_mode,1.0.0,env_plus_no_ratio,extra_trees,0,,
44,51.10712,29.98087,185,2.11,5.0,5.0,16.0,17.0,63.0,62.0,136.0,137.0,62.0,63.0,129.0,3.8,6.13,39.28,23.3,258.0,9.0,12.0,cs137_minus_20,44,0.10948066767348655,nuclide_mode,1.0.0,env_plus_no_ratio,extra_trees,0,,
45,51.10735,29.96643,188,2.33,3.0,3.0,17.0,18.0,62.0,62.0,141.0,139.0,63.0,63.0,124.0,8.8,6.14,39.2,21.0,166.0,15.0,10.0,cs137_minus_20,45,0.1040475247990945,nuclide_mode,1.0.0,env_plus_no_ratio,extra_trees,0,,
46,51.107076,29.955287,189,3.43,4.0,4.0,15.0,17.0,65.0,65.0,139.0,137.0,62.0,62.0,125.0,2.2,7.22,28.56,10.4,92.0,10.0,6.0,cs137_minus_20,46,0.10175751362331324,nuclide_mode,1.0.0,env_plus_no_ratio,extra_trees,0,,
47,51.10574,29.90955,192,5.31,6.0,7.0,10.0,12.0,73.0,73.0,124.0,128.0,53.0,53.0,145.0,8.9,5.61,28.72,6.75,67.0,9.0,5.0,cs137_minus_20,47,0.10549140936488137,nuclide_mode,1.0.0,env_plus_no_ratio,extra_trees,0,,
48,51.10689,29.77648,202,4.21,4.0,4.0,14.0,16.0,58.0,57.0,136.0,135.0,58.0,58.0,128.0,4.7,7.13,10.08,3.0,145.0,10.0,9.0,cs137_minus_20,48,0.0986247623875952,nuclide_mode,1.0.0,env_plus_no_ratio,extra_trees,0,,
49,51.10423,29.76188,211,4.39,5.0,4.0,16.0,17.0,65.0,64.0,127.0,126.0,58.0,58.0,129.0,20.0,4.68,8.24,2.34,108.0,6.0,6.0,cs137_minus_20,49,0.0970364000315176,nuclide_mode,1.0.0,env_plus_no_ratio,extra_trees,0,,
50,51.097862,29.738101,233,8.75,5.0,5.0,12.0,13.0,73.0,73.0,117.0,122.0,56.0,56.0,144.0,22.1,4.83,11.840000000000002,1.69,30.0,8.0,6.0,cs137_minus_20,50,0.0966531365073393,nuclide_mode,1.0.0,env_plus_no_ratio,extra_trees,0,,
51,51.09808,29.76195,236,5.48,4.0,4.0,16.0,18.0,62.0,62.0,135.0,134.0,59.0,59.0,130.0,7.1,5.86,10.88,2.49,147.0,11.0,10.0,cs137_minus_20,51,0.09855260896636672,nuclide_mode,1.0.0,env_plus_no_ratio,extra_trees,0,,
52,51.098832,29.779019,238,6.28,4.0,4.0,17.0,19.0,60.0,60.0,138.0,140.0,56.0,56.0,131.0,2.8,6.82,10.56,2.11,129.0,10.0,8.0,cs137_minus_20,52,0.09705228447914882,nuclide_mode,1.0.0,env_plus_no_ratio,extra_trees,0,,
53,51.098953,29.825965,241,8.65,6.0,6.0,12.0,14.0,65.0,65.0,117.0,122.0,56.0,56.0,127.0,21.7,5.26,10.88,1.57,100.0,7.0,6.0,cs137_minus_20,53,0.09602922585956616,nuclide_mode,1.0.0,env_plus_no_ratio,extra_trees,0,,
54,51.097862,29.866694,244,13.8,5.0,5.0,11.0,12.0,72.0,72.0,122.0,129.0,55.0,55.0,143.0,15.5,5.17,22.64,2.05,111.0,8.0,7.0,cs137_minus_20,54,0.09848369861715398,nuclide_mode,1.0.0,env_plus_no_ratio,extra_trees,0,,
55,51.09713,29.95382,250,1.55,9.0,8.0,12.0,13.0,73.0,74.0,119.0,124.0,50.0,50.0,145.0,24.7,4.49,23.12,18.7,53.0,7.0,5.0,cs137_minus_20,55,0.10560089869299244,nuclide_mode,1.0.0,env_plus_no_ratio,extra_trees,0,,
56,51.09827,29.99426,253,4.98,8.0,7.0,11.0,12.0,71.0,71.0,116.0,120.0,53.0,53.0,150.0,7.3,6.63,44.48,11.2,226.0,14.0,13.0,cs137_minus_20,56,0.12547056270153953,nuclide_mode,1.0.0,env_plus_no_ratio,extra_trees,0,,
57,51.097862,30.023769,255,2.92,4.0,4.0,16.0,17.0,58.0,58.0,133.0,135.0,60.0,60.0,133.0,10.3,5.65,62.88,26.9,249.0,19.0,15.0,cs137_minus_20,57,0.11307583494195292,nuclide_mode,1.0.0,env_plus_no_ratio,extra_trees,0,,
58,51.09832,30.07888,259,14.6,4.0,4.0,16.0,17.0,59.0,59.0,130.0,131.0,57.0,57.0,127.0,8.4,6.07,51.6,4.42,300.0,19.0,20.0,cs137_minus_20,58,0.11085513403419692,nuclide_mode,1.0.0,env_plus_no_ratio,extra_trees,0,,
59,51.09823,30.12301,262,2.65,5.0,5.0,16.0,17.0,50.0,49.0,125.0,124.0,63.0,63.0,126.0,5.3,6.51,46.64,22.0,280.0,18.0,15.0,cs137_minus_20,59,0.11187140981261423,nuclide_mode,1.0.0,env_plus_no_ratio,extra_trees,0,,
60,51.09777,30.16727,265,3.8,5.0,5.0,14.0,14.0,63.0,63.0,132.0,132.0,60.0,60.0,121.0,17.0,5.05,48.400000000000006,15.9,160.0,12.0,9.0,cs137_minus_20,60,0.1070792950976196,nuclide_mode,1.0.0,env_plus_no_ratio,extra_trees,0,,
61,51.09787,30.20979,268,3.18,4.0,4.0,12.0,13.0,70.0,70.0,133.0,138.0,56.0,56.0,119.0,9.5,6.71,35.68,14.0,140.0,13.0,7.0,cs137_minus_20,61,0.10584529890962051,nuclide_mode,1.0.0,env_plus_no_ratio,extra_trees,0,,
62,51.09777,30.22431,269,2.88,3.0,3.0,16.0,16.0,57.0,57.0,139.0,137.0,62.0,62.0,119.0,0.9,8.24,29.360000000000003,12.7,210.0,14.0,12.0,cs137_minus_20,62,0.10381001570681445,nuclide_mode,1.0.0,env_plus_no_ratio,extra_trees,0,,
63,51.098,30.25237,271,2.94,3.0,3.0,13.0,14.0,61.0,61.0,137.0,136.0,61.0,61.0,116.0,14.4,5.72,34.480000000000004,14.6,180.0,25.0,11.0,cs137_minus_20,63,0.1045782090263629,nuclide_mode,1.0.0,env_plus_no_ratio,extra_trees,0,,
64,51.09788,30.26656,272,3.98,3.0,3.0,16.0,17.0,55.0,55.0,137.0,136.0,62.0,62.0,116.0,1.2,8.33,37.36000000000001,11.7,260.0,19.0,17.0,cs137_minus_20,64,0.10636196653291481,nuclide_mode,1.0.0,env_plus_no_ratio,extra_trees,0,,
65,51.0983,30.29691,274,4.22,5.0,4.0,16.0,17.0,56.0,56.0,125.0,124.0,60.0,61.0,119.0,2.3,7.12,55.28,16.4,170.0,14.0,9.0,cs137_minus_20,65,0.10640633794613051,nuclide_mode,1.0.0,env_plus_no_ratio,extra_trees,0,,
66,51.09198,29.75775,279,5.12,7.0,7.0,15.0,16.0,65.0,65.0,121.0,121.0,58.0,58.0,129.0,11.0,5.8,11.2,2.74,96.0,8.0,6.0,cs137_minus_20,66,0.09707044911914178,nuclide_mode,1.0.0,env_plus_no_ratio,extra_trees,0,,
67,51.09238,30.03711,282,2.99,5.0,5.0,17.0,19.0,54.0,54.0,134.0,133.0,64.0,64.0,129.0,4.9,6.31,49.28,20.6,246.0,19.0,14.0,cs137_minus_20,67,0.11125978585687961,nuclide_mode,1.0.0,env_plus_no_ratio,extra_trees,0,,
68,51.09123,30.05345,285,6.5,5.0,5.0,14.0,15.0,65.0,65.0,130.0,130.0,58.0,58.0,131.0,19.5,4.81,35.760000000000005,6.88,116.0,8.0,7.0,cs137_minus_20,68,0.10772089532110421,nuclide_mode,1.0.0,env_plus_no_ratio,extra_trees,0,,
69,51.08926,30.33778,288,2.33,3.0,3.0,15.0,15.0,67.0,67.0,124.0,123.0,59.0,59.0,113.0,8.7,5.67,38.8,20.8,190.0,15.0,11.0,cs137_minus_20,69,0.10577274655393165,nuclide_mode,1.0.0,env_plus_no_ratio,extra_trees,0,,
70,51.08871,30.30723,290,3.48,3.0,3.0,16.0,16.0,58.0,58.0,135.0,140.0,70.0,70.0,115.0,3.3,6.4,34.96,12.6,100.0,6.0,6.0,cs137_minus_20,70,0.10473600397190384,nuclide_mode,1.0.0,env_plus_no_ratio,extra_trees,0,,
71,51.08875,30.2943,291,3.56,4.0,4.0,17.0,18.0,57.0,57.0,139.0,141.0,68.0,69.0,116.0,1.4,7.09,27.12,9.52,99.0,8.5,5.0,cs137_minus_20,71,0.10149464773499815,nuclide_mode,1.0.0,env_plus_no_ratio,extra_trees,0,,
72,51.08902,30.28173,292,3.59,3.0,3.0,17.0,18.0,55.0,55.0,139.0,137.0,68.0,68.0,116.0,0.4,8.75,30.0,10.5,131.0,10.0,7.0,cs137_minus_20,72,0.10382338117948078,nuclide_mode,1.0.0,env_plus_no_ratio,extra_trees,0,,
73,51.08904,30.25095,294,5.16,6.0,6.0,11.0,12.0,53.0,53.0,123.0,129.0,54.0,54.0,121.0,19.7,4.75,45.760000000000005,11.1,131.0,11.0,7.0,cs137_minus_20,73,0.1267294906704275,nuclide_mode,1.0.0,env_plus_no_ratio,extra_trees,0,,
74,51.08882,30.22364,296,3.06,4.0,4.0,15.0,16.0,60.0,60.0,128.0,127.0,60.0,60.0,117.0,3.3,6.84,42.48,17.3,290.0,20.0,16.0,cs137_minus_20,74,0.10625361274197007,nuclide_mode,1.0.0,env_plus_no_ratio,extra_trees,0,,
75,51.08949,30.0375,311,1.72,4.0,3.0,16.0,17.0,58.0,57.0,131.0,131.0,61.0,61.0,127.0,8.3,5.86,43.68000000000001,31.7,230.0,14.0,15.0,cs137_minus_20,75,0.10744179211309765,nuclide_mode,1.0.0,env_plus_no_ratio,extra_trees,0,,
76,51.08838,30.02322,314,2.24,4.0,4.0,16.0,18.0,57.0,57.0,134.0,135.0,64.0,64.0,125.0,6.4,6.64,43.760000000000005,24.4,290.0,24.0,21.0,cs137_minus_20,76,0.10929789946466043,nuclide_mode,1.0.0,env_plus_no_ratio,extra_trees,0,,
77,51.089414,30.009772,316,3.45,3.0,4.0,15.0,17.0,55.0,55.0,135.0,136.0,59.0,59.0,127.0,8.9,6.15,39.52,14.3,220.0,16.0,11.0,cs137_minus_20,77,0.1057080063758579,nuclide_mode,1.0.0,env_plus_no_ratio,extra_trees,0,,
78,51.08329,29.90467,340,2.72,5.0,4.0,14.0,15.0,57.0,56.0,127.0,127.0,58.0,58.0,132.0,5.3,5.82,22.24,10.2,133.0,12.0,8.0,cs137_minus_20,78,0.10238219326911191,nuclide_mode,1.0.0,env_plus_no_ratio,extra_trees,0,,
79,51.081516,29.99411,362,3.34,4.0,4.0,15.0,17.0,60.0,59.0,131.0,130.0,59.0,59.0,123.0,8.9,5.84,42.080000000000005,15.8,130.0,18.0,7.0,cs137_minus_20,79,0.10492635557728677,nuclide_mode,1.0.0,env_plus_no_ratio,extra_trees,0,,
80,51.079876,30.237963,379,2.72,4.0,4.0,15.0,17.0,48.0,48.0,131.0,129.0,64.0,64.0,114.0,3.2,7.21,57.68,26.5,360.0,23.0,22.0,cs137_minus_20,80,0.1122362251578633,nuclide_mode,1.0.0,env_plus_no_ratio,extra_trees,0,,
81,51.079876,30.252243,380,2.63,4.0,3.0,16.0,17.0,44.0,44.0,134.0,132.0,64.0,64.0,115.0,6.8,6.1,40.96000000000001,19.5,360.0,21.0,22.0,cs137_minus_20,81,0.11139658850532513,nuclide_mode,1.0.0,env_plus_no_ratio,extra_trees,0,,
82,51.07945,30.28069,382,2.44,3.0,3.0,17.0,18.0,52.0,51.0,138.0,139.0,64.0,64.0,113.0,7.6,5.58,48.0,24.6,340.0,24.0,22.0,cs137_minus_20,82,0.10938160794598951,nuclide_mode,1.0.0,env_plus_no_ratio,extra_trees,0,,
83,51.07985,30.29523,383,3.28,4.0,4.0,16.0,17.0,52.0,52.0,138.0,139.0,64.0,64.0,113.0,6.0,5.92,34.56,13.2,245.0,17.0,18.0,cs137_minus_20,83,0.10491114303110907,nuclide_mode,1.0.0,env_plus_no_ratio,extra_trees,0,,
84,51.079876,30.309361,384,8.3,4.0,4.0,17.0,18.0,58.0,58.0,133.0,138.0,65.0,65.0,111.0,10.2,5.49,31.92,4.8,90.0,7.0,5.0,cs137_minus_20,84,0.10134526658862876,nuclide_mode,1.0.0,env_plus_no_ratio,extra_trees,0,,
85,51.07903,30.33656,386,3.11,4.0,4.0,14.0,15.0,66.0,67.0,130.0,131.0,59.0,59.0,113.0,6.0,6.25,36.72,14.8,110.0,10.0,6.0,cs137_minus_20,85,0.1042513660545155,nuclide_mode,1.0.0,env_plus_no_ratio,extra_trees,0,,
86,51.0802,30.3521,389,2.92,4.0,4.0,16.0,17.0,60.0,60.0,131.0,133.0,61.0,61.0,111.0,5.8,6.13,10.0,4.27,150.0,14.0,20.0,cs137_minus_20,86,0.09958394732698558,nuclide_mode,1.0.0,env_plus_no_ratio,extra_trees,0,,
87,51.07991,30.38073,392,2.28,3.0,4.0,15.0,16.0,61.0,61.0,129.0,132.0,63.0,63.0,109.0,3.1,6.34,42.400000000000006,23.2,182.0,12.0,10.0,cs137_minus_20,87,0.10481196117810523,nuclide_mode,1.0.0,env_plus_no_ratio,extra_trees,0,,
88,51.07956,30.39463,394,2.39,4.0,4.0,16.0,17.0,55.0,54.0,127.0,128.0,62.0,62.0,104.0,10.1,6.09,41.52,21.7,195.0,17.0,12.0,cs137_minus_20,88,0.10597485163099774,nuclide_mode,1.0.0,env_plus_no_ratio,extra_trees,0,,
89,51.07692,29.99038,406,1.92,4.0,4.0,15.0,17.0,58.0,58.0,135.0,134.0,59.0,59.0,126.0,17.2,4.58,66.48,43.3,150.0,11.0,9.0,cs137_minus_20,89,0.11103373549762992,nuclide_mode,1.0.0,env_plus_no_ratio,extra_trees,0,,
90,51.07718,29.90931,413,2.39,4.0,4.0,16.0,18.0,59.0,59.0,134.0,134.0,58.0,58.0,132.0,7.4,5.77,33.760000000000005,17.7,78.0,6.0,6.0,cs137_minus_20,90,0.10516793731831343,nuclide_mode,1.0.0,env_plus_no_ratio,extra_trees,0,,
91,51.07401,29.9243,418,2.92,4.0,4.0,13.0,15.0,58.0,58.0,132.0,132.0,61.0,61.0,131.0,8.2,6.15,21.840000000000003,9.36,119.0,11.0,7.0,cs137_minus_20,91,0.10103674363047922,nuclide_mode,1.0.0,env_plus_no_ratio,extra_trees,0,,
92,51.07378,29.96635,419,2.45,5.0,5.0,17.0,18.0,48.0,48.0,135.0,134.0,67.0,67.0,126.0,2.6,6.74,31.92,16.3,270.0,19.0,20.0,cs137_minus_20,92,0.10559526185784104,nuclide_mode,1.0.0,env_plus_no_ratio,extra_trees,0,,
93,51.07352,29.98019,422,2.76,3.0,4.0,17.0,18.0,57.0,57.0,135.0,135.0,64.0,64.0,126.0,12.4,5.55,33.2,15.0,190.0,13.0,13.0,cs137_minus_20,93,0.10329849030944327,nuclide_mode,1.0.0,env_plus_no_ratio,extra_trees,0,,
94,51.070883,30.380797,438,2.46,4.0,5.0,16.0,16.0,55.0,55.0,130.0,132.0,68.0,68.0,109.0,3.6,6.36,23.12,11.7,170.0,13.0,11.0,cs137_minus_20,94,0.10373342105725773,nuclide_mode,1.0.0,env_plus_no_ratio,extra_trees,0,,
95,51.07149,30.35115,440,2.74,7.0,7.0,15.0,16.0,57.0,57.0,125.0,125.0,60.0,60.0,110.0,9.6,5.29,40.8,18.6,140.0,9.0,83.0,cs137_minus_20,95,0.10591864785356848,nuclide_mode,1.0.0,env_plus_no_ratio,extra_trees,0,,
96,51.0716,30.29536,444,1.64,3.0,3.0,16.0,17.0,49.0,49.0,135.0,134.0,64.0,64.0,105.0,15.1,5.53,58.56,44.5,100.0,20.0,7.0,cs137_minus_20,96,0.11034381764098256,nuclide_mode,1.0.0,env_plus_no_ratio,extra_trees,0,,
97,51.07112,30.28154,445,2.62,4.0,4.0,16.0,17.0,49.0,49.0,134.0,135.0,63.0,63.0,107.0,10.1,5.44,63.6,30.3,310.0,25.0,19.0,cs137_minus_20,97,0.11322884051600114,nuclide_mode,1.0.0,env_plus_no_ratio,extra_trees,0,,
98,51.07061,30.2655,448,2.54,3.0,4.0,15.0,16.0,51.0,50.0,136.0,137.0,62.0,62.0,112.0,4.4,6.74,48.88,24.1,400.0,26.0,25.0,cs137_minus_20,98,0.11062257753171237,nuclide_mode,1.0.0,env_plus_no_ratio,extra_trees,0,,
99,51.07076,30.25218,451,2.88,3.0,2.0,15.0,16.0,48.0,47.0,134.0,132.0,64.0,64.0,115.0,4.9,6.33,55.760000000000005,24.3,390.0,25.0,23.0,cs137_minus_20,99,0.11159109664647905,nuclide_mode,1.0.0,env_plus_no_ratio,extra_trees,0,,
100,51.07117,30.23779,452,3.13,3.0,3.0,16.0,17.0,53.0,53.0,134.0,136.0,65.0,65.0,114.0,5.3,5.91,49.44,19.7,365.0,25.0,20.0,cs137_minus_20,100,0.11102784792050699,nuclide_mode,1.0.0,env_plus_no_ratio,extra_trees,0,,
101,51.070892,30.209384,454,2.87,4.0,4.0,12.0,13.0,71.0,72.0,131.0,130.0,58.0,58.0,117.0,15.9,5.13,27.44,11.9,80.0,8.0,6.0,cs137_minus_20,101,0.10341454408396897,nuclide_mode,1.0.0,env_plus_no_ratio,extra_trees,0,,
102,51.07092,30.19519,455,23.2,5.0,5.0,12.0,13.0,71.0,71.0,125.0,127.0,57.0,57.0,118.0,22.8,4.76,53.36000000000001,2.88,120.0,9.0,7.0,cs137_minus_20,102,0.1112788957642054,nuclide_mode,1.0.0,env_plus_no_ratio,extra_trees,0,,
103,51.07084,30.1686,457,3.92,4.0,4.0,14.0,15.0,64.0,64.0,134.0,134.0,62.0,62.0,120.0,6.8,6.02,73.76,23.5,90.0,7.0,7.0,cs137_minus_20,103,0.10562667792671367,nuclide_mode,1.0.0,env_plus_no_ratio,extra_trees,0,,
104,51.07126,30.12382,460,8.3,6.0,7.0,11.0,12.0,73.0,74.0,129.0,129.0,55.0,55.0,136.0,22.7,4.48,67.76,10.2,83.0,9.0,4.5,cs137_minus_20,104,0.14372106295480774,nuclide_mode,1.0.0,env_plus_no_ratio,extra_trees,0,,
105,51.06958,30.08226,463,8.24,4.0,4.0,11.0,13.0,75.0,75.0,130.0,131.0,57.0,57.0,139.0,20.5,4.67,41.84,6.35,77.0,6.0,4.0,cs137_minus_20,105,0.11053938960104959,nuclide_mode,1.0.0,env_plus_no_ratio,extra_trees,0,,
106,51.07047,30.039138,466,22.3,3.0,4.0,15.0,16.0,68.0,67.0,126.0,126.0,60.0,60.0,120.0,3.2,7.01,41.120000000000005,2.3,80.0,7.0,5.0,cs137_minus_20,106,0.10295852034456167,nuclide_mode,1.0.0,env_plus_no_ratio,extra_trees,0,,
107,51.07107,29.99345,469,4.81,5.0,4.0,17.0,18.0,55.0,55.0,135.0,134.0,63.0,63.0,124.0,2.5,7.51,50.16,13.0,140.0,10.0,10.0,cs137_minus_20,107,0.10751430279433173,nuclide_mode,1.0.0,env_plus_no_ratio,extra_trees,0,,
108,51.071267,29.953709,472,3.4,4.0,4.0,17.0,19.0,52.0,52.0,134.0,133.0,67.0,66.0,127.0,7.2,6.29,37.92,13.9,220.0,12.0,9.0,cs137_minus_20,108,0.10564998602167981,nuclide_mode,1.0.0,env_plus_no_ratio,extra_trees,0,,
109,51.07154,29.90879,475,4.37,5.0,5.0,14.0,16.0,57.0,56.0,133.0,133.0,59.0,59.0,132.0,5.9,6.5,21.6,6.18,118.0,12.0,6.0,cs137_minus_20,109,0.10119027029611283,nuclide_mode,1.0.0,env_plus_no_ratio,extra_trees,0,,
110,51.069372,29.866127,479,9.13,5.0,6.0,14.0,15.0,70.0,70.0,131.0,131.0,56.0,56.0,144.0,14.0,5.85,27.360000000000003,3.74,35.0,13.0,12.0,cs137_minus_20,110,0.10005578041311143,nuclide_mode,1.0.0,env_plus_no_ratio,extra_trees,0,,
111,51.06997,29.82462,482,3.44,4.0,4.0,17.0,19.0,55.0,56.0,139.0,138.0,63.0,63.0,134.0,4.9,7.06,14.16,5.15,142.0,8.0,9.0,cs137_minus_20,111,0.1003315410954225,nuclide_mode,1.0.0,env_plus_no_ratio,extra_trees,0,,
112,51.07151,29.78159,487,9.71,5.0,5.0,11.0,12.0,67.0,67.0,123.0,127.0,51.0,51.0,158.0,17.2,4.79,13.76,1.77,65.0,4.0,4.0,cs137_minus_20,112,0.09510539581719675,nuclide_mode,1.0.0,env_plus_no_ratio,extra_trees,0,,
113,51.067894,29.804816,491,4.76,4.0,4.0,17.0,19.0,57.0,57.0,134.0,134.0,60.0,60.0,136.0,3.7,6.38,11.920000000000002,3.13,149.0,13.0,12.0,cs137_minus_20,113,0.09909540316753493,nuclide_mode,1.0.0,env_plus_no_ratio,extra_trees,0,,
114,51.067894,29.819094,494,3.02,4.0,4.0,16.0,18.0,58.0,58.0,139.0,139.0,60.0,60.0,136.0,4.7,6.85,13.92,5.77,121.0,9.0,7.0,cs137_minus_20,114,0.1005578394806274,nuclide_mode,1.0.0,env_plus_no_ratio,extra_trees,0,,
115,51.06536,30.26233,512,2.08,3.0,4.0,14.0,15.0,55.0,55.0,134.0,136.0,62.0,62.0,110.0,25.2,5.36,40.0,24.1,300.0,24.0,19.0,cs137_minus_20,115,0.10884299150361672,nuclide_mode,1.0.0,env_plus_no_ratio,extra_trees,0,,
116,51.06477,30.24661,515,3.4,5.0,4.0,16.0,17.0,57.0,57.0,137.0,135.0,63.0,63.0,114.0,11.4,5.55,37.44,13.8,215.0,20.0,15.0,cs137_minus_20,116,0.1042521320829613,nuclide_mode,1.0.0,env_plus_no_ratio,extra_trees,0,,
117,51.064896,30.047557,521,4.46,3.0,3.0,16.0,17.0,66.0,66.0,130.0,129.0,63.0,63.0,121.0,5.6,6.32,43.84,12.3,76.0,9.0,5.0,cs137_minus_20,117,0.10571112098788304,nuclide_mode,1.0.0,env_plus_no_ratio,extra_trees,0,,
118,51.061889,30.123726,558,5.11,4.0,4.0,14.0,15.0,68.0,68.0,133.0,131.0,65.0,65.0,120.0,7.0,6.06,108.0,26.5,123.0,11.0,7.0,cs137_minus_20,118,0.12642034062762667,nuclide_mode,1.0.0,env_plus_no_ratio,extra_trees,0,,
119,51.061004,30.195435,563,2.36,4.0,4.0,16.0,18.0,56.0,56.0,136.0,135.0,66.0,66.0,117.0,4.7,6.37,46.24,24.5,370.0,25.0,22.0,cs137_minus_20,119,0.10895933706713105,nuclide_mode,1.0.0,env_plus_no_ratio,extra_trees,0,,
120,51.061738,30.199676,564,2.34,3.0,3.0,16.0,17.0,59.0,58.0,137.0,135.0,63.0,63.0,116.0,9.0,5.94,41.68000000000001,22.2,400.0,26.0,25.0,cs137_minus_20,120,0.1090491257731989,nuclide_mode,1.0.0,env_plus_no_ratio,extra_trees,0,,
121,51.05862,29.71945,580,11.3,4.0,5.0,14.0,16.0,65.0,65.0,136.0,135.0,57.0,57.0,143.0,38.1,4.78,8.64,0.95,106.0,9.0,6.0,cs137_minus_20,121,0.0972058603864675,nuclide_mode,1.0.0,env_plus_no_ratio,extra_trees,0,,
122,51.0527,30.26792,595,9.66,4.0,5.0,13.0,14.0,66.0,66.0,133.0,133.0,59.0,59.0,115.0,7.6,6.46,36.16,4.68,60.0,7.0,4.0,cs137_minus_20,122,0.10483088024424914,nuclide_mode,1.0.0,env_plus_no_ratio,extra_trees,0,,
123,51.05272,30.20061,600,2.79,4.0,5.0,16.0,16.0,55.0,53.0,137.0,136.0,62.0,62.0,108.0,10.0,6.43,38.0,17.0,280.0,17.0,14.0,cs137_minus_20,123,0.10659806731389386,nuclide_mode,1.0.0,env_plus_no_ratio,extra_trees,0,,
124,51.05289,30.13888,605,5.09,4.0,4.0,16.0,17.0,63.0,62.0,133.0,132.0,63.0,63.0,121.0,5.7,6.11,113.6,27.8,75.0,6.0,6.0,cs137_minus_20,124,0.11609915155018825,nuclide_mode,1.0.0,env_plus_no_ratio,extra_trees,0,,
125,51.05303,30.12438,608,4.22,3.0,3.0,15.0,16.0,63.0,63.0,138.0,137.0,64.0,64.0,116.0,3.2,6.86,41.760000000000005,12.4,110.0,11.0,11.0,cs137_minus_20,125,0.10477159343441421,nuclide_mode,1.0.0,env_plus_no_ratio,extra_trees,0,,
126,51.05195,29.78041,633,5.72,4.0,4.0,16.0,18.0,59.0,59.0,137.0,136.0,61.0,61.0,143.0,6.4,6.13,13.840000000000002,3.02,164.0,13.0,11.0,cs137_minus_20,126,0.09942832162132532,nuclide_mode,1.0.0,env_plus_no_ratio,extra_trees,0,,
127,51.05307,29.76716,636,6.15,5.0,4.0,15.0,17.0,56.0,56.0,135.0,136.0,60.0,60.0,144.0,4.8,6.44,11.68,2.37,340.0,22.0,23.0,cs137_minus_20,127,0.10995395959064447,nuclide_mode,1.0.0,env_plus_no_ratio,extra_trees,0,,
128,51.05312,29.75195,639,3.25,4.0,4.0,17.0,19.0,59.0,59.0,133.0,132.0,60.0,60.0,145.0,3.0,6.63,11.12,4.27,244.0,19.0,17.0,cs137_minus_20,128,0.1027980521626982,nuclide_mode,1.0.0,env_plus_no_ratio,extra_trees,0,,
129,51.05297,29.73811,642,8.1,5.0,5.0,16.0,18.0,60.0,60.0,135.0,135.0,59.0,59.0,147.0,6.8,5.79,13.52,2.08,176.0,14.0,11.0,cs137_minus_20,129,0.09915821570343261,nuclide_mode,1.0.0,env_plus_no_ratio,extra_trees,0,,
130,51.04988,29.79071,651,13.3,4.0,3.0,17.0,18.0,58.0,58.0,143.0,142.0,61.0,61.0,143.0,11.6,5.0,17.28,1.63,284.0,20.0,20.0,cs137_minus_20,130,0.10620008780112343,nuclide_mode,1.0.0,env_plus_no_ratio,extra_trees,0,,
131,51.04561,30.19134,661,1.65,4.0,4.0,15.0,16.0,48.0,48.0,138.0,136.0,63.0,63.0,120.0,29.9,4.83,42.400000000000006,32.1,215.0,14.0,13.0,cs137_minus_20,131,0.1067836304516076,nuclide_mode,1.0.0,env_plus_no_ratio,extra_trees,0,,
132,51.04714,30.14791,664,2.3,4.0,3.0,14.0,15.0,60.0,59.0,131.0,130.0,63.0,63.0,121.0,5.5,6.25,62.08,33.7,80.0,8.0,5.0,cs137_minus_20,132,0.10561253634364372,nuclide_mode,1.0.0,env_plus_no_ratio,extra_trees,0,,
133,51.046912,30.133231,667,3.73,4.0,4.0,15.0,16.0,56.0,56.0,134.0,135.0,64.0,64.0,113.0,3.3,6.8,83.2,27.9,180.0,16.0,12.0,cs137_minus_20,133,0.11238361310761918,nuclide_mode,1.0.0,env_plus_no_ratio,extra_trees,0,,
134,51.04704,30.1141,671,12.4,3.0,4.0,13.0,14.0,72.0,72.0,120.0,125.0,58.0,58.0,117.0,12.3,5.46,22.72,2.29,90.0,8.0,6.0,cs137_minus_20,134,0.09835119599899565,nuclide_mode,1.0.0,env_plus_no_ratio,extra_trees,0,,
135,51.04676,29.77086,676,5.17,3.0,4.0,17.0,18.0,56.0,55.0,137.0,136.0,60.0,60.0,152.0,9.6,5.4,12.32,2.98,234.0,13.0,15.0,cs137_minus_20,135,0.10248681949349026,nuclide_mode,1.0.0,env_plus_no_ratio,extra_trees,0,,
136,51.043838,29.694039,679,7.94,4.0,4.0,17.0,18.0,49.0,48.0,128.0,128.0,65.0,65.0,150.0,6.3,6.16,14.080000000000002,2.22,240.0,10.0,8.0,cs137_minus_20,136,0.10484439097761489,nuclide_mode,1.0.0,env_plus_no_ratio,extra_trees,0,,
137,51.044,29.73761,682,8.55,5.0,4.0,16.0,18.0,58.0,57.0,136.0,135.0,63.0,63.0,140.0,6.6,6.21,9.44,1.37,165.0,13.0,12.0,cs137_minus_20,137,0.09864977905514938,nuclide_mode,1.0.0,env_plus_no_ratio,extra_trees,0,,
138,51.044203,29.78018,685,6.29,3.0,4.0,17.0,19.0,56.0,56.0,139.0,140.0,59.0,59.0,139.0,3.0,7.34,12.72,2.54,139.0,8.0,7.0,cs137_minus_20,138,0.09818083277241388,nuclide_mode,1.0.0,env_plus_no_ratio,extra_trees,0,,
139,51.04325,29.82336,688,4.36,4.0,4.0,14.0,16.0,63.0,63.0,132.0,132.0,60.0,60.0,146.0,9.7,5.79,19.52,5.6,164.0,9.0,12.0,cs137_minus_20,139,0.10085319791671721,nuclide_mode,1.0.0,env_plus_no_ratio,extra_trees,0,,
140,51.04469,29.86551,691,5.47,5.0,5.0,14.0,16.0,67.0,67.0,121.0,122.0,56.0,56.0,150.0,22.4,4.4,27.52,6.3,68.0,5.0,5.0,cs137_minus_20,140,0.10694337907873801,nuclide_mode,1.0.0,env_plus_no_ratio,extra_trees,0,,
141,51.04398,29.90843,694,3.91,3.0,3.0,17.0,19.0,56.0,56.0,139.0,138.0,62.0,62.0,137.0,7.2,5.88,17.84,5.69,302.0,17.0,21.0,cs137_minus_20,141,0.10676816117447273,nuclide_mode,1.0.0,env_plus_no_ratio,extra_trees,0,,
142,51.044055,29.952572,697,3.85,5.0,4.0,16.0,18.0,55.0,55.0,135.0,134.0,58.0,58.0,134.0,20.0,4.97,24.96,8.1,140.0,13.0,14.0,cs137_minus_20,142,0.1035822592321114,nuclide_mode,1.0.0,env_plus_no_ratio,extra_trees,0,,
143,51.04321,30.03807,703,3.57,4.0,4.0,16.0,18.0,58.0,58.0,133.0,131.0,62.0,62.0,123.0,12.4,5.59,54.400000000000006,19.1,98.0,11.0,6.0,cs137_minus_20,143,0.10705935837865643,nuclide_mode,1.0.0,env_plus_no_ratio,extra_trees,0,,
144,51.04409,30.07969,706,4.05,4.0,4.0,14.0,15.0,71.0,72.0,138.0,136.0,61.0,60.0,110.0,6.5,5.81,57.28,17.7,95.0,9.0,6.0,cs137_minus_20,144,0.10876809125529843,nuclide_mode,1.0.0,env_plus_no_ratio,extra_trees,0,,
145,51.043903,30.123726,712,3.33,5.0,5.0,15.0,16.0,62.0,62.0,131.0,131.0,62.0,62.0,117.0,24.3,5.18,93.6,35.1,190.0,16.0,12.0,cs137_minus_20,145,0.11502002537020477,nuclide_mode,1.0.0,env_plus_no_ratio,extra_trees,0,,
146,51.04356,30.16552,716,2.97,5.0,5.0,14.0,15.0,59.0,59.0,130.0,130.0,60.0,60.0,116.0,45.0,3.38,52.56,22.1,170.0,11.0,12.0,cs137_minus_20,146,0.10890489305751384,nuclide_mode,1.0.0,env_plus_no_ratio,extra_trees,0,,
147,51.04325,30.18084,717,1.89,3.0,4.0,16.0,16.0,54.0,54.0,137.0,136.0,62.0,62.0,110.0,41.6,4.46,27.28,18.0,300.0,22.0,17.0,cs137_minus_20,147,0.1055655145064802,nuclide_mode,1.0.0,env_plus_no_ratio,extra_trees,0,,
148,51.044871,30.254171,723,2.38,6.0,6.0,15.0,17.0,53.0,53.0,131.0,131.0,63.0,63.0,105.0,12.7,5.26,49.84,26.2,225.0,33.0,26.0,cs137_minus_20,148,0.11073744676956311,nuclide_mode,1.0.0,env_plus_no_ratio,extra_trees,0,,
149,51.0379,29.91425,729,3.72,5.0,5.0,18.0,19.0,55.0,55.0,133.0,131.0,65.0,65.0,135.0,3.0,6.67,30.880000000000003,10.4,351.0,21.0,21.0,cs137_minus_20,149,0.10810790796400355,nuclide_mode,1.0.0,env_plus_no_ratio,extra_trees,0,,
150,51.0377,30.09093,732,3.28,5.0,5.0,16.0,17.0,59.0,59.0,133.0,132.0,66.0,66.0,110.0,9.5,5.41,54.64,20.9,82.0,8.0,7.0,cs137_minus_20,150,0.10665380085196373,nuclide_mode,1.0.0,env_plus_no_ratio,extra_trees,0,,
151,51.0352,30.08228,740,3.1,5.0,5.0,15.0,16.0,60.0,60.0,131.0,129.0,60.0,60.0,117.0,8.3,5.71,89.60000000000001,36.2,90.0,7.0,6.0,cs137_minus_20,151,0.10901282193674433,nuclide_mode,1.0.0,env_plus_no_ratio,extra_trees,0,,
152,51.02865,29.91425,785,4.32,4.0,4.0,16.0,18.0,60.0,60.0,134.0,133.0,64.0,64.0,135.0,3.7,6.53,25.92,7.51,266.0,19.5,14.0,cs137_minus_20,152,0.10315526194284609,nuclide_mode,1.0.0,env_plus_no_ratio,extra_trees,0,,
153,51.02773,29.90069,787,3.54,4.0,4.0,15.0,17.0,59.0,58.0,130.0,130.0,62.0,62.0,136.0,7.0,6.14,18.8,6.63,77.0,8.0,4.5,cs137_minus_20,153,0.10012345499764047,nuclide_mode,1.0.0,env_plus_no_ratio,extra_trees,0,,
154,51.02546,29.52588,792,27.0,5.0,5.0,17.0,19.0,55.0,55.0,139.0,138.0,63.0,63.0,172.0,4.9,6.83,14.480000000000002,0.671,150.0,15.0,9.0,cs137_minus_20,154,0.09839182072817118,nuclide_mode,1.0.0,env_plus_no_ratio,extra_trees,0,,
155,51.02572,29.7098,804,10.2,3.0,4.0,17.0,19.0,54.0,53.0,136.0,133.0,63.0,63.0,159.0,9.8,5.55,10.56,1.3,148.0,11.0,11.0,cs137_minus_20,155,0.09808238705757964,nuclide_mode,1.0.0,env_plus_no_ratio,extra_trees,0,,
156,51.02575,30.06114,831,3.82,5.0,5.0,16.0,17.0,53.0,53.0,129.0,128.0,66.0,66.0,110.0,3.5,6.63,24.32,7.95,20.0,14.0,10.0,cs137_minus_20,156,0.10137549132983206,nuclide_mode,1.0.0,env_plus_no_ratio,extra_trees,0,,
157,51.02256,29.94257,844,3.75,4.0,4.0,18.0,20.0,53.0,52.0,131.0,132.0,62.0,62.0,126.0,14.8,5.51,29.12,9.72,180.0,11.0,8.0,cs137_minus_20,157,0.10218826409525518,nuclide_mode,1.0.0,env_plus_no_ratio,extra_trees,0,,
158,51.02296,29.49086,851,8.46,6.0,5.0,18.0,19.0,56.0,56.0,133.0,132.0,65.0,65.0,171.0,2.0,7.07,11.840000000000002,1.75,260.0,22.0,13.0,cs137_minus_20,158,0.10017859014140951,nuclide_mode,1.0.0,env_plus_no_ratio,extra_trees,0,,
159,51.02015,29.86218,864,3.98,4.0,4.0,15.0,17.0,57.0,57.0,134.0,133.0,63.0,63.0,144.0,8.7,5.57,19.840000000000003,6.23,195.0,15.0,12.0,cs137_minus_20,159,0.10185413460386036,nuclide_mode,1.0.0,env_plus_no_ratio,extra_trees,0,,
160,51.018467,30.082277,877,3.41,7.0,7.0,15.0,16.0,50.0,49.0,129.0,128.0,67.0,67.0,106.0,3.0,6.61,43.52,16.0,64.0,11.0,4.0,cs137_minus_20,160,0.1063445550438106,nuclide_mode,1.0.0,env_plus_no_ratio,extra_trees,0,,
161,51.01669,30.05093,879,3.15,5.0,5.0,17.0,18.0,43.0,43.0,134.0,133.0,68.0,68.0,106.0,15.3,5.82,38.72,15.4,123.0,12.0,11.0,cs137_minus_20,161,0.10548194280381393,nuclide_mode,1.0.0,env_plus_no_ratio,extra_trees,0,,
162,51.01683,30.0377,881,2.02,3.0,3.0,18.0,20.0,52.0,52.0,133.0,131.0,66.0,66.0,122.0,16.4,5.23,35.12,21.8,240.0,14.0,14.0,cs137_minus_20,162,0.10578611517959771,nuclide_mode,1.0.0,env_plus_no_ratio,extra_trees,0,,
163,51.01689,30.02491,884,3.01,5.0,5.0,18.0,20.0,55.0,55.0,131.0,132.0,62.0,62.0,125.0,27.6,4.71,37.68,15.6,100.0,10.0,5.0,cs137_minus_20,163,0.10362420881803905,nuclide_mode,1.0.0,env_plus_no_ratio,extra_trees,0,,
164,51.01733,30.01091,887,4.17,4.0,4.0,17.0,18.0,58.0,59.0,132.0,130.0,60.0,60.0,125.0,9.2,5.6,29.44,8.82,100.0,8.0,5.0,cs137_minus_20,164,0.10217958240480629,nuclide_mode,1.0.0,env_plus_no_ratio,extra_trees,0,,
165,51.015104,29.995365,888,13.7,4.0,5.0,16.0,17.0,58.0,58.0,128.0,128.0,63.0,62.0,117.0,10.7,6.35,43.2,3.96,120.0,8.0,5.0,cs137_minus_20,165,0.10435498724926537,nuclide_mode,1.0.0,env_plus_no_ratio,extra_trees,0,,
166,51.01733,29.96693,890,2.82,5.0,4.0,18.0,20.0,52.0,52.0,133.0,134.0,66.0,66.0,120.0,29.3,5.15,43.6,19.3,180.0,12.0,11.0,cs137_minus_20,166,0.10745026678124249,nuclide_mode,1.0.0,env_plus_no_ratio,extra_trees,0,,
167,51.016923,29.952333,893,1.66,4.0,4.0,18.0,19.0,54.0,53.0,130.0,132.0,64.0,64.0,122.0,17.5,5.06,30.64,23.1,148.0,11.0,9.0,cs137_minus_20,167,0.10317207668538445,nuclide_mode,1.0.0,env_plus_no_ratio,extra_trees,0,,
168,51.016923,29.938092,896,5.18,4.0,4.0,18.0,20.0,56.0,56.0,134.0,133.0,64.0,64.0,130.0,13.5,5.21,26.8,6.47,200.0,13.0,10.0,cs137_minus_20,168,0.10196064588007145,nuclide_mode,1.0.0,env_plus_no_ratio,extra_trees,0,,
169,51.01651,29.9092,898,4.15,3.0,3.0,13.0,14.0,70.0,70.0,130.0,131.0,57.0,57.0,136.0,29.3,5.36,25.52,7.67,113.0,11.0,8.0,cs137_minus_20,169,0.10323878149215657,nuclide_mode,1.0.0,env_plus_no_ratio,extra_trees,0,,
170,51.01713,29.86675,901,4.88,3.0,3.0,17.0,19.0,59.0,59.0,136.0,135.0,64.0,64.0,140.0,5.1,6.9,21.92,5.61,145.0,10.0,12.0,cs137_minus_20,170,0.10089740219250799,nuclide_mode,1.0.0,env_plus_no_ratio,extra_trees,0,,
171,51.01694,29.85252,904,4.18,3.0,4.0,15.0,17.0,54.0,54.0,137.0,137.0,61.0,61.0,145.0,3.8,6.66,30.32,9.07,119.0,10.0,8.0,cs137_minus_20,171,0.102137341512221,nuclide_mode,1.0.0,env_plus_no_ratio,extra_trees,0,,
172,51.01673,29.82278,906,16.4,4.0,4.0,13.0,15.0,69.0,69.0,129.0,130.0,60.0,59.0,153.0,5.0,6.71,12.96,0.987,40.0,11.0,8.0,cs137_minus_20,172,0.09747077705824463,nuclide_mode,1.0.0,env_plus_no_ratio,extra_trees,0,,
173,51.01672,29.7806,909,3.8,5.0,5.0,14.0,15.0,69.0,69.0,129.0,130.0,63.0,63.0,132.0,10.1,6.81,11.76,3.85,81.0,12.0,10.0,cs137_minus_20,173,0.09800347603717,nuclide_mode,1.0.0,env_plus_no_ratio,extra_trees,0,,
174,51.017546,29.740941,912,9.39,3.0,3.0,17.0,19.0,54.0,54.0,136.0,134.0,62.0,62.0,158.0,7.1,5.7,16.8,2.23,167.0,11.0,9.5,cs137_minus_20,174,0.09946097013213431,nuclide_mode,1.0.0,env_plus_no_ratio,extra_trees,0,,
175,51.01699,29.69527,916,6.37,3.0,3.0,16.0,17.0,57.0,57.0,137.0,135.0,61.0,61.0,165.0,3.8,6.6,8.64,1.69,277.0,23.0,15.0,cs137_minus_20,175,0.10645593252416993,nuclide_mode,1.0.0,env_plus_no_ratio,extra_trees,0,,
176,51.016936,29.652507,921,7.75,3.0,3.0,14.0,15.0,59.0,58.0,140.0,138.0,61.0,61.0,173.0,12.3,5.44,14.480000000000002,2.34,260.0,15.0,14.0,cs137_minus_20,176,0.1037816634760584,nuclide_mode,1.0.0,env_plus_no_ratio,extra_trees,0,,
177,51.016936,29.62395,924,5.76,4.0,4.0,16.0,17.0,56.0,56.0,135.0,133.0,61.0,61.0,172.0,13.1,5.89,11.12,2.41,273.0,14.0,16.0,cs137_minus_20,177,0.1108199744754481,nuclide_mode,1.0.0,env_plus_no_ratio,extra_trees,0,,
178,51.017298,29.610322,925,15.3,4.0,4.0,17.0,19.0,56.0,55.0,137.0,135.0,61.0,61.0,171.0,6.8,5.95,10.32,0.839,221.0,15.0,13.0,cs137_minus_20,178,0.10216278859077807,nuclide_mode,1.0.0,env_plus_no_ratio,extra_trees,0,,
179,51.016936,29.566834,928,15.3,5.0,4.0,17.0,18.0,55.0,54.0,135.0,134.0,60.0,60.0,175.0,25.3,5.0,18.0,1.47,154.0,13.0,11.0,cs137_minus_20,179,0.0989414234848454,nuclide_mode,1.0.0,env_plus_no_ratio,extra_trees,0,,
180,51.01683,29.52235,932,10.9,4.0,4.0,16.0,18.0,54.0,54.0,133.0,133.0,61.0,61.0,167.0,8.5,5.51,32.56,3.72,272.0,17.0,19.0,cs137_minus_20,180,0.10505460444592372,nuclide_mode,1.0.0,env_plus_no_ratio,extra_trees,0,,
181,51.01756,29.5101,935,15.2,5.0,5.0,19.0,21.0,55.0,54.0,132.0,129.0,62.0,62.0,167.0,3.8,6.98,26.4,2.17,289.0,25.0,17.0,cs137_minus_20,181,0.10299653013712333,nuclide_mode,1.0.0,env_plus_no_ratio,extra_trees,0,,
182,51.016936,29.494968,936,24.4,7.0,6.0,19.0,21.0,55.0,55.0,133.0,134.0,66.0,66.0,166.0,0.8,8.05,10.240000000000002,0.524,155.0,14.0,8.5,cs137_minus_20,182,0.0975566373587067,nuclide_mode,1.0.0,env_plus_no_ratio,extra_trees,0,,
183,51.016923,29.481023,938,6.19,4.0,5.0,19.0,21.0,53.0,52.0,132.0,130.0,64.0,64.0,173.0,4.5,6.15,12.08,2.43,129.0,17.0,9.0,cs137_minus_20,183,0.09864019525950793,nuclide_mode,1.0.0,env_plus_no_ratio,extra_trees,0,,
184,51.0116,30.02819,964,2.7,4.0,4.0,18.0,19.0,48.0,47.0,130.0,129.0,62.0,62.0,117.0,38.6,4.23,36.88,17.0,95.0,10.0,11.0,cs137_minus_20,184,0.10513426541932651,nuclide_mode,1.0.0,env_plus_no_ratio,extra_trees,0,,
185,51.01114,29.85768,969,3.68,4.0,4.0,16.0,18.0,55.0,55.0,136.0,135.0,62.0,62.0,144.0,9.3,6.37,28.160000000000004,9.56,205.0,14.0,13.0,cs137_minus_20,185,0.10260919329926192,nuclide_mode,1.0.0,env_plus_no_ratio,extra_trees,0,,
186,51.010941,29.695343,974,6.31,5.0,5.0,16.0,18.0,54.0,53.0,134.0,134.0,63.0,63.0,159.0,3.4,7.48,14.56,2.89,287.0,24.0,18.0,cs137_minus_20,186,0.10441929108484319,nuclide_mode,1.0.0,env_plus_no_ratio,extra_trees,0,,
187,51.010941,29.681065,977,9.5,4.0,4.0,18.0,20.0,54.0,54.0,139.0,138.0,63.0,62.0,173.0,13.9,5.35,7.352,0.968,246.0,18.0,14.0,cs137_minus_20,187,0.10354753283777032,nuclide_mode,1.0.0,env_plus_no_ratio,extra_trees,0,,
188,51.011283,29.61909,978,7.59,4.0,4.0,16.0,17.0,65.0,65.0,135.0,134.0,61.0,61.0,169.0,3.6,6.3,9.6,1.58,345.0,28.0,21.0,cs137_minus_20,188,0.11064042830372083,nuclide_mode,1.0.0,env_plus_no_ratio,extra_trees,0,,
189,51.00804,29.52415,985,9.27,4.0,4.0,15.0,17.0,57.0,57.0,131.0,133.0,62.0,61.0,161.0,9.4,6.3,11.44,1.54,247.0,14.0,15.0,cs137_minus_20,189,0.10261582391828315,nuclide_mode,1.0.0,env_plus_no_ratio,extra_trees,0,,
190,51.008,29.77188,1005,5.27,4.0,4.0,17.0,19.0,64.0,63.0,136.0,135.0,64.0,64.0,140.0,7.5,6.37,11.840000000000002,2.81,127.0,15.0,8.0,cs137_minus_20,190,0.09760654136039433,nuclide_mode,1.0.0,env_plus_no_ratio,extra_trees,0,,
191,51.0079,29.86667,1015,3.6,4.0,3.0,15.0,17.0,59.0,58.0,135.0,136.0,63.0,63.0,145.0,5.3,6.17,20.4,7.06,161.0,21.0,9.0,cs137_minus_20,191,0.10153758301307386,nuclide_mode,1.0.0,env_plus_no_ratio,extra_trees,0,,
192,51.00832,29.95249,1022,6.63,4.0,4.0,18.0,19.0,54.0,53.0,135.0,136.0,70.0,71.0,137.0,2.5,6.67,31.680000000000003,5.97,270.0,15.0,16.0,cs137_minus_20,192,0.1056909047443432,nuclide_mode,1.0.0,env_plus_no_ratio,extra_trees,0,,
193,51.0072,30.01928,1028,1.96,5.0,5.0,19.0,20.0,43.0,43.0,131.0,130.0,63.0,63.0,130.0,14.0,5.13,41.28,26.3,207.0,12.0,12.0,cs137_minus_20,193,0.10731888011581263,nuclide_mode,1.0.0,env_plus_no_ratio,extra_trees,0,,
194,51.00467,30.00338,1034,3.34,4.0,4.0,20.0,21.0,50.0,49.0,133.0,132.0,61.0,61.0,132.0,4.5,5.93,52.400000000000006,19.6,237.0,16.0,14.0,cs137_minus_20,194,0.11133289195050422,nuclide_mode,1.0.0,env_plus_no_ratio,extra_trees,0,,
195,51.0051,29.79124,1038,5.47,5.0,5.0,16.0,17.0,60.0,60.0,134.0,133.0,64.0,64.0,130.0,23.8,4.56,15.68,3.57,135.0,11.0,11.0,cs137_minus_20,195,0.0984349160775854,nuclide_mode,1.0.0,env_plus_no_ratio,extra_trees,0,,
196,51.001948,29.695343,1049,10.8,3.0,4.0,16.0,18.0,59.0,58.0,138.0,137.0,62.0,62.0,163.0,8.3,6.2,16.880000000000003,1.96,259.0,15.0,15.0,cs137_minus_20,196,0.10254403267910227,nuclide_mode,1.0.0,env_plus_no_ratio,extra_trees,0,,
197,50.99842,29.76682,1075,6.7,3.0,3.0,16.0,18.0,57.0,56.0,137.0,135.0,64.0,64.0,146.0,10.9,5.68,15.92,2.98,289.0,21.0,20.0,cs137_minus_20,197,0.10744966368879713,nuclide_mode,1.0.0,env_plus_no_ratio,extra_trees,0,,
198,50.99902,29.52905,1093,9.9,4.0,4.0,16.0,17.0,68.0,68.0,135.0,136.0,62.0,62.0,160.0,22.5,4.89,11.6,1.46,125.0,15.0,8.0,cs137_minus_20,198,0.09771020834422844,nuclide_mode,1.0.0,env_plus_no_ratio,extra_trees,0,,
199,50.99581,29.92384,1106,2.48,4.0,4.0,18.0,20.0,50.0,49.0,133.0,131.0,62.0,62.0,138.0,5.1,6.57,7.968000000000001,4.02,195.0,13.0,12.0,cs137_minus_20,199,0.10254666338893392,nuclide_mode,1.0.0,env_plus_no_ratio,extra_trees,0,,
200,50.98989,29.52395,1120,22.0,4.0,4.0,18.0,20.0,60.0,60.0,132.0,134.0,65.0,65.0,157.0,4.5,6.58,15.2,0.862,228.0,18.0,15.0,cs137_minus_20,200,0.10183908210205993,nuclide_mode,1.0.0,env_plus_no_ratio,extra_trees,0,,
201,50.99044,29.56701,1123,7.29,5.0,4.0,10.0,11.0,72.0,73.0,122.0,126.0,59.0,59.0,182.0,43.4,3.73,9.04,1.54,95.0,9.0,6.5,cs137_minus_20,201,0.09950488350429877,nuclide_mode,1.0.0,env_plus_no_ratio,extra_trees,0,,
202,50.99004,29.58575,1125,7.8,3.0,3.0,18.0,19.0,63.0,62.0,135.0,134.0,63.0,63.0,162.0,10.1,5.72,11.12,1.78,140.0,14.0,7.0,cs137_minus_20,202,0.0976656269892074,nuclide_mode,1.0.0,env_plus_no_ratio,extra_trees,0,,
203,50.98957,29.60909,1128,9.88,5.0,4.0,18.0,19.0,58.0,57.0,139.0,137.0,63.0,63.0,161.0,2.2,7.26,12.48,1.57,218.0,16.0,18.0,cs137_minus_20,203,0.1021023535763449,nuclide_mode,1.0.0,env_plus_no_ratio,extra_trees,0,,
204,50.989943,29.6525,1131,13.3,4.0,4.0,18.0,19.0,56.0,56.0,136.0,134.0,62.0,62.0,173.0,4.6,6.13,11.6,1.08,265.0,16.0,16.0,cs137_minus_20,204,0.10789252549253114,nuclide_mode,1.0.0,env_plus_no_ratio,extra_trees,0,,
205,50.989943,29.695338,1134,17.0,4.0,4.0,15.0,17.0,72.0,71.0,129.0,128.0,60.0,60.0,171.0,10.6,5.9,17.040000000000003,1.25,90.0,7.0,6.0,cs137_minus_20,205,0.09796556205529197,nuclide_mode,1.0.0,env_plus_no_ratio,extra_trees,0,,
206,50.98956,29.73812,1137,7.2,6.0,6.0,17.0,19.0,48.0,48.0,138.0,136.0,61.0,61.0,159.0,10.5,5.9,21.76,3.78,272.0,18.0,17.0,cs137_minus_20,206,0.100010817513472,nuclide_mode,1.0.0,env_plus_no_ratio,extra_trees,0,,
207,50.98991,29.7527,1138,2.54,4.0,4.0,15.0,17.0,54.0,53.0,138.0,136.0,63.0,63.0,155.0,17.0,5.37,15.44,7.59,184.0,21.0,14.0,cs137_minus_20,207,0.1022604095276522,nuclide_mode,1.0.0,env_plus_no_ratio,extra_trees,0,,
208,50.99019,29.767031,1141,6.03,4.0,4.0,16.0,17.0,60.0,60.0,136.0,135.0,63.0,63.0,144.0,20.8,4.54,47.760000000000005,9.9,206.0,13.0,16.0,cs137_minus_20,208,0.10777276414926101,nuclide_mode,1.0.0,env_plus_no_ratio,extra_trees,0,,
209,50.99056,29.78161,1144,7.88,3.0,3.0,18.0,20.0,53.0,53.0,133.0,133.0,64.0,64.0,152.0,4.8,6.03,18.4,2.92,215.0,15.0,13.0,cs137_minus_20,209,0.10178954566645107,nuclide_mode,1.0.0,env_plus_no_ratio,extra_trees,0,,
210,50.98869,29.82286,1147,11.8,4.0,4.0,20.0,21.0,60.0,61.0,137.0,139.0,66.0,66.0,126.0,12.4,5.51,13.36,1.41,80.0,5.0,5.0,cs137_minus_20,210,0.0976326607215479,nuclide_mode,1.0.0,env_plus_no_ratio,extra_trees,0,,
211,50.991258,29.865266,1150,16.8,4.0,4.0,13.0,14.0,66.0,66.0,131.0,131.0,61.0,61.0,157.0,16.2,5.25,30.8,2.29,69.0,7.0,4.0,cs137_minus_20,211,0.1001521626897054,nuclide_mode,1.0.0,env_plus_no_ratio,extra_trees,0,,
212,50.98952,29.90993,1153,4.31,4.0,4.0,17.0,18.0,49.0,49.0,132.0,132.0,64.0,64.0,141.0,7.1,5.69,28.4,8.24,212.0,15.0,14.0,cs137_minus_20,212,0.10330574066520139,nuclide_mode,1.0.0,env_plus_no_ratio,extra_trees,0,,
213,50.99009,29.95323,1157,5.67,4.0,4.0,19.0,20.0,50.0,50.0,138.0,138.0,63.0,63.0,136.0,3.1,7.19,41.760000000000005,9.21,264.0,18.0,18.0,cs137_minus_20,213,0.10861561707650012,nuclide_mode,1.0.0,env_plus_no_ratio,extra_trees,0,,
214,50.99025,29.99456,1162,2.15,7.0,7.0,20.0,21.0,47.0,48.0,134.0,132.0,64.0,64.0,108.0,1.2,8.2,30.8,17.9,110.0,15.0,8.0,cs137_minus_20,214,0.10426223870764571,nuclide_mode,1.0.0,env_plus_no_ratio,extra_trees,0,,
215,50.98754,29.98126,1168,19.9,5.0,5.0,19.0,20.0,49.0,49.0,134.0,134.0,62.0,62.0,117.0,11.1,5.24,40.8,2.56,211.0,20.0,14.0,cs137_minus_20,215,0.1067592737068796,nuclide_mode,1.0.0,env_plus_no_ratio,extra_trees,0,,
216,50.986961,29.966644,1171,3.58,5.0,5.0,17.0,19.0,50.0,50.0,133.0,132.0,60.0,60.0,135.0,13.6,5.32,56.24,19.6,260.0,18.0,17.0,cs137_minus_20,216,0.11282377745147136,nuclide_mode,1.0.0,env_plus_no_ratio,extra_trees,0,,
217,50.986,29.91985,1172,5.46,4.0,4.0,18.0,19.0,47.0,47.0,131.0,130.0,65.0,65.0,141.0,4.4,7.12,30.160000000000004,6.9,273.0,17.0,21.0,cs137_minus_20,217,0.10583713834653254,nuclide_mode,1.0.0,env_plus_no_ratio,extra_trees,0,,
218,50.983963,29.666786,1189,11.9,3.0,4.0,16.0,17.0,65.0,65.0,136.0,135.0,59.0,59.0,174.0,4.8,6.02,19.92,2.08,186.0,14.0,13.0,cs137_minus_20,218,0.10120621482775738,nuclide_mode,1.0.0,env_plus_no_ratio,extra_trees,0,,
219,50.980965,30.052317,1198,2.54,7.0,6.0,17.0,18.0,52.0,52.0,129.0,129.0,66.0,66.0,109.0,4.1,6.6,5.144,2.53,51.0,7.0,4.0,cs137_minus_20,219,0.09685108920806929,nuclide_mode,1.0.0,env_plus_no_ratio,extra_trees,0,,
220,50.98092,29.97109,1203,8.6,5.0,4.0,17.0,19.0,52.0,52.0,126.0,127.0,61.0,61.0,122.0,37.1,4.41,43.36000000000001,6.3,80.0,8.0,5.0,cs137_minus_20,220,0.10681860453675852,nuclide_mode,1.0.0,env_plus_no_ratio,extra_trees,0,,
221,50.980922,29.952048,1205,1.54,4.0,4.0,18.0,20.0,49.0,49.0,133.0,134.0,65.0,65.0,138.0,5.5,6.61,25.200000000000003,20.4,290.0,19.0,19.0,cs137_minus_20,221,0.10742373513930084,nuclide_mode,1.0.0,env_plus_no_ratio,extra_trees,0,,
222,50.98036,29.78619,1218,7.37,3.0,3.0,17.0,18.0,55.0,55.0,136.0,135.0,63.0,64.0,154.0,12.6,5.59,19.12,3.25,200.0,13.0,13.0,cs137_minus_20,222,0.10130054358787588,nuclide_mode,1.0.0,env_plus_no_ratio,extra_trees,0,,
223,50.98055,29.7714,1221,4.98,4.0,4.0,17.0,18.0,59.0,58.0,136.0,137.0,63.0,63.0,139.0,19.2,5.48,19.44,4.89,158.0,13.0,11.0,cs137_minus_20,223,0.10187120216694863,nuclide_mode,1.0.0,env_plus_no_ratio,extra_trees,0,,
224,50.98108,29.75715,1223,6.64,3.0,3.0,16.0,18.0,54.0,54.0,134.0,132.0,64.0,64.0,157.0,5.3,6.08,30.8,5.79,263.0,16.0,14.0,cs137_minus_20,224,0.10362975115264121,nuclide_mode,1.0.0,env_plus_no_ratio,extra_trees,0,,
225,50.98098,29.60994,1236,11.9,3.0,4.0,15.0,17.0,66.0,66.0,136.0,135.0,63.0,63.0,166.0,11.2,5.39,15.2,1.61,115.0,15.0,7.0,cs137_minus_20,225,0.09773114801032241,nuclide_mode,1.0.0,env_plus_no_ratio,extra_trees,0,,
226,50.980348,29.595394,1239,6.2,4.0,4.0,17.0,18.0,69.0,68.0,138.0,137.0,61.0,61.0,158.0,9.4,5.58,8.64,1.74,165.0,10.0,11.0,cs137_minus_20,226,0.09899707132689715,nuclide_mode,1.0.0,env_plus_no_ratio,extra_trees,0,,
227,50.9809,29.58118,1242,10.5,4.0,4.0,16.0,17.0,64.0,64.0,134.0,134.0,60.0,60.0,152.0,20.9,5.35,17.680000000000003,2.09,177.0,27.0,12.0,cs137_minus_20,227,0.10047293247841131,nuclide_mode,1.0.0,env_plus_no_ratio,extra_trees,0,,
228,50.98112,29.43281,1252,38.3,4.0,4.0,17.0,18.0,58.0,58.0,135.0,134.0,60.0,60.0,170.0,1.9,7.13,20.880000000000003,0.683,118.0,10.5,7.0,cs137_minus_20,228,0.09795818627749972,nuclide_mode,1.0.0,env_plus_no_ratio,extra_trees,0,,
229,50.977968,29.662026,1261,10.8,3.0,4.0,16.0,18.0,70.0,70.0,134.0,134.0,58.0,58.0,168.0,4.9,6.76,20.32,2.35,170.0,8.0,9.0,cs137_minus_20,229,0.10079047792729745,nuclide_mode,1.0.0,env_plus_no_ratio,extra_trees,0,,
230,50.97835,30.01494,1271,6.59,5.0,7.0,19.0,20.0,51.0,51.0,129.0,129.0,70.0,70.0,115.0,33.9,4.28,49.2,9.33,45.0,6.0,4.0,cs137_minus_20,230,0.109977210942835,nuclide_mode,1.0.0,env_plus_no_ratio,extra_trees,0,,
231,50.97511,29.5334,1276,21.3,5.0,4.0,16.0,18.0,63.0,62.0,127.0,128.0,65.0,65.0,156.0,9.5,5.7,11.68,0.683,171.0,14.0,9.0,cs137_minus_20,231,0.09984001049035317,nuclide_mode,1.0.0,env_plus_no_ratio,extra_trees,0,,
232,50.97487,29.52447,1278,8.93,3.0,3.0,16.0,19.0,60.0,60.0,138.0,136.0,62.0,62.0,159.0,4.3,6.42,7.168000000000001,1.0,163.0,12.0,10.0,cs137_minus_20,232,0.09894696440901937,nuclide_mode,1.0.0,env_plus_no_ratio,extra_trees,0,,
233,50.9752,29.51049,1281,15.0,3.0,3.0,18.0,19.0,62.0,61.0,136.0,134.0,63.0,63.0,159.0,15.6,5.54,18.96,1.58,74.0,11.0,5.0,cs137_minus_20,233,0.0971937133755855,nuclide_mode,1.0.0,env_plus_no_ratio,extra_trees,0,,
234,50.97223,29.77673,1311,6.27,4.0,4.0,17.0,18.0,55.0,54.0,136.0,135.0,61.0,61.0,147.0,23.1,4.83,23.200000000000003,4.63,380.0,25.0,26.0,cs137_minus_20,234,0.10569101342702564,nuclide_mode,1.0.0,env_plus_no_ratio,extra_trees,0,,
235,50.97124,29.92359,1321,5.41,3.0,3.0,17.0,18.0,57.0,56.0,139.0,138.0,63.0,63.0,142.0,11.3,5.27,21.92,5.06,240.0,14.0,16.0,cs137_minus_20,235,0.10283407997813582,nuclide_mode,1.0.0,env_plus_no_ratio,extra_trees,0,,
236,50.97261,30.00841,1326,2.48,5.0,5.0,15.0,16.0,49.0,49.0,127.0,126.0,67.0,67.0,110.0,6.6,6.21,58.56,29.5,53.0,6.0,5.0,cs137_minus_20,236,0.10916020975987811,nuclide_mode,1.0.0,env_plus_no_ratio,extra_trees,0,,
237,50.96872,29.948,1331,3.99,4.0,4.0,18.0,19.0,54.0,53.0,133.0,133.0,63.0,63.0,121.0,34.4,4.33,24.96,7.83,145.0,10.0,14.0,cs137_minus_20,237,0.10219830294710797,nuclide_mode,1.0.0,env_plus_no_ratio,extra_trees,0,,
238,50.96917,29.87584,1336,3.61,3.0,4.0,20.0,22.0,59.0,59.0,133.0,131.0,60.0,60.0,130.0,10.8,6.05,7.208,2.5,127.0,11.0,7.0,cs137_minus_20,238,0.09891061447660118,nuclide_mode,1.0.0,env_plus_no_ratio,extra_trees,0,,
239,50.962413,29.996578,1357,7.75,10.0,10.0,14.0,16.0,58.0,58.0,119.0,122.0,58.0,58.0,127.0,14.9,5.59,46.56,7.51,56.0,8.0,5.0,cs137_minus_20,239,0.12113019126577694,nuclide_mode,1.0.0,env_plus_no_ratio,extra_trees,0,,
240,50.9628,29.93671,1360,5.05,3.0,4.0,18.0,19.0,55.0,55.0,135.0,136.0,65.0,65.0,132.0,30.5,4.83,46.0,11.4,180.0,12.0,15.0,cs137_minus_20,240,0.10929311719071276,nuclide_mode,1.0.0,env_plus_no_ratio,extra_trees,0,,
241,50.96273,29.92281,1363,7.41,3.0,4.0,16.0,17.0,63.0,63.0,136.0,135.0,63.0,63.0,139.0,9.6,5.64,21.36,3.6,80.0,6.0,5.0,cs137_minus_20,241,0.09869941777649821,nuclide_mode,1.0.0,env_plus_no_ratio,extra_trees,0,,
242,50.96457,29.91055,1364,3.98,4.0,5.0,15.0,16.0,60.0,60.0,126.0,126.0,60.0,60.0,145.0,15.8,5.55,6.176,1.94,80.0,6.0,6.0,cs137_minus_20,242,0.09729604043198194,nuclide_mode,1.0.0,env_plus_no_ratio,extra_trees,0,,
243,50.96309,29.88077,1366,7.86,3.0,3.0,18.0,20.0,57.0,58.0,137.0,138.0,64.0,64.0,126.0,12.3,5.71,40.8,6.49,88.0,8.0,7.0,cs137_minus_20,243,0.10370903640384829,nuclide_mode,1.0.0,env_plus_no_ratio,extra_trees,0,,
244,50.96238,29.86654,1368,6.56,5.0,5.0,16.0,17.0,57.0,57.0,131.0,129.0,60.0,59.0,119.0,20.3,5.51,26.24,5.0,135.0,15.0,15.0,cs137_minus_20,244,0.10178757573477724,nuclide_mode,1.0.0,env_plus_no_ratio,extra_trees,0,,
245,50.96257,29.82359,1371,22.9,5.0,5.0,12.0,13.0,68.0,67.0,131.0,132.0,58.0,58.0,158.0,23.9,4.96,23.840000000000003,1.3,75.0,66.0,49.0,cs137_minus_20,245,0.10179806652059614,nuclide_mode,1.0.0,env_plus_no_ratio,extra_trees,0,,
246,50.96294,29.7816,1374,4.27,4.0,4.0,13.0,15.0,66.0,65.0,131.0,131.0,56.0,56.0,153.0,18.8,5.39,23.92,7.0,372.0,24.0,25.0,cs137_minus_20,246,0.11150361812272586,nuclide_mode,1.0.0,env_plus_no_ratio,extra_trees,0,,
247,50.96336,29.75333,1378,7.59,4.0,4.0,16.0,17.0,57.0,57.0,137.0,136.0,65.0,65.0,148.0,11.2,5.79,15.68,2.57,214.0,13.0,15.0,cs137_minus_20,247,0.10165395647434683,nuclide_mode,1.0.0,env_plus_no_ratio,extra_trees,0,,
248,50.96312,29.73859,1379,9.78,4.0,5.0,17.0,18.0,61.0,61.0,138.0,139.0,62.0,62.0,158.0,9.9,5.76,20.16,2.57,180.0,9.5,10.0,cs137_minus_20,248,0.0997716549258545,nuclide_mode,1.0.0,env_plus_no_ratio,extra_trees,0,,
249,50.961887,29.695044,1382,26.4,8.0,7.0,14.0,15.0,69.0,68.0,128.0,128.0,58.0,58.0,174.0,8.6,5.85,20.4,0.965,80.0,9.0,5.0,cs137_minus_20,249,0.0987922960741465,nuclide_mode,1.0.0,env_plus_no_ratio,extra_trees,0,,
250,50.962583,29.651804,1385,10.2,5.0,5.0,12.0,13.0,75.0,75.0,129.0,129.0,56.0,56.0,161.0,19.7,5.61,19.92,2.44,98.0,16.0,11.0,cs137_minus_20,250,0.09838422359301115,nuclide_mode,1.0.0,env_plus_no_ratio,extra_trees,0,,
251,50.962043,29.609604,1388,31.3,6.0,5.0,12.0,13.0,78.0,79.0,124.0,129.0,56.0,56.0,157.0,15.4,5.77,17.6,0.703,112.0,11.0,9.0,cs137_minus_20,251,0.09875853055882243,nuclide_mode,1.0.0,env_plus_no_ratio,extra_trees,0,,
252,50.963843,29.568409,1391,9.43,5.0,4.0,12.0,14.0,75.0,75.0,117.0,123.0,55.0,55.0,161.0,14.1,5.28,8.959999999999999,1.19,64.0,7.0,4.0,cs137_minus_20,252,0.0968329202723285,nuclide_mode,1.0.0,env_plus_no_ratio,extra_trees,0,,
253,50.962981,29.52422,1394,34.8,6.0,6.0,15.0,16.0,58.0,57.0,125.0,132.0,60.0,60.0,157.0,8.8,5.68,15.840000000000002,0.567,112.0,12.0,7.0,cs137_minus_20,253,0.09807873220238857,nuclide_mode,1.0.0,env_plus_no_ratio,extra_trees,0,,
254,50.96309,29.48104,1396,15.3,9.0,8.0,15.0,17.0,61.0,62.0,125.0,133.0,60.0,60.0,177.0,10.6,5.46,12.8,1.04,77.0,10.0,5.0,cs137_minus_20,254,0.09829731040753413,nuclide_mode,1.0.0,env_plus_no_ratio,extra_trees,0,,
255,50.96295,29.43806,1399,72.7,4.0,4.0,11.0,12.0,71.0,71.0,129.0,131.0,58.0,58.0,180.0,13.6,4.81,26.160000000000004,0.45,162.0,15.0,10.0,cs137_minus_20,255,0.10142758114970998,nuclide_mode,1.0.0,env_plus_no_ratio,extra_trees,0,,
256,50.95675,29.88591,1417,7.14,5.0,5.0,16.0,18.0,60.0,61.0,130.0,131.0,62.0,62.0,117.0,20.5,5.73,25.200000000000003,4.42,193.0,25.0,10.0,cs137_minus_20,256,0.10159272450431961,nuclide_mode,1.0.0,env_plus_no_ratio,extra_trees,0,,
257,50.956985,29.466881,1427,18.1,3.0,4.0,14.0,16.0,65.0,65.0,133.0,133.0,61.0,61.0,165.0,5.4,6.57,10.48,0.724,45.0,9.0,7.0,cs137_minus_20,257,0.09779692651836769,nuclide_mode,1.0.0,env_plus_no_ratio,extra_trees,0,,
258,50.95397,29.481144,1433,18.7,3.0,3.0,17.0,18.0,62.0,61.0,134.0,134.0,62.0,62.0,162.0,5.7,6.91,15.44,1.04,180.0,9.0,8.0,cs137_minus_20,258,0.09919264384951826,nuclide_mode,1.0.0,env_plus_no_ratio,extra_trees,0,,
259,50.953985,29.495439,1436,5.2,3.0,3.0,18.0,20.0,60.0,60.0,134.0,133.0,63.0,63.0,166.0,13.3,5.4,15.36,3.69,170.0,11.0,10.0,cs137_minus_20,259,0.1006925254270561,nuclide_mode,1.0.0,env_plus_no_ratio,extra_trees,0,,
260,50.953985,29.566834,1443,13.3,4.0,4.0,17.0,18.0,58.0,58.0,131.0,130.0,65.0,65.0,150.0,18.4,5.37,16.400000000000002,1.55,139.0,13.0,9.0,cs137_minus_20,260,0.09790410127291371,nuclide_mode,1.0.0,env_plus_no_ratio,extra_trees,0,,
261,50.953985,29.576353,1444,11.0,6.0,5.0,15.0,17.0,61.0,61.0,127.0,131.0,60.0,60.0,149.0,44.5,3.77,14.0,1.59,115.0,7.0,8.0,cs137_minus_20,261,0.09860469443433181,nuclide_mode,1.0.0,env_plus_no_ratio,extra_trees,0,,
262,50.95394,29.75214,1460,9.59,3.0,3.0,15.0,17.0,65.0,65.0,135.0,135.0,60.0,60.0,157.0,3.5,6.35,32.800000000000004,4.27,286.0,21.0,16.0,cs137_minus_20,262,0.10428582275702837,nuclide_mode,1.0.0,env_plus_no_ratio,extra_trees,0,,
263,50.95425,29.7667,1463,8.93,4.0,4.0,11.0,12.0,71.0,71.0,124.0,126.0,55.0,55.0,163.0,34.0,3.8,31.680000000000003,4.43,222.0,13.5,15.0,cs137_minus_20,263,0.10748262234540766,nuclide_mode,1.0.0,env_plus_no_ratio,extra_trees,0,,
264,50.953443,29.927568,1475,13.5,4.0,4.0,17.0,19.0,51.0,51.0,126.0,127.0,65.0,65.0,131.0,44.8,3.81,59.04,5.46,60.0,5.0,12.0,cs137_minus_20,264,0.11030666513096274,nuclide_mode,1.0.0,env_plus_no_ratio,extra_trees,0,,
265,50.95103,29.67626,1490,11.0,4.0,3.0,16.0,18.0,61.0,61.0,137.0,135.0,62.0,62.0,158.0,11.1,5.69,22.24,2.54,106.0,11.0,7.0,cs137_minus_20,265,0.09792544366257028,nuclide_mode,1.0.0,env_plus_no_ratio,extra_trees,0,,
266,50.950989,29.581112,1491,9.52,4.0,4.0,14.0,15.0,61.0,60.0,133.0,132.0,63.0,63.0,140.0,21.8,4.56,13.840000000000002,1.82,71.0,8.0,5.0,cs137_minus_20,266,0.09707521525501801,nuclide_mode,1.0.0,env_plus_no_ratio,extra_trees,0,,
267,50.94813,29.45218,1499,10.5,5.0,4.0,19.0,20.0,58.0,58.0,132.0,131.0,65.0,65.0,169.0,5.5,6.19,18.64,2.22,278.0,18.0,15.0,cs137_minus_20,267,0.10503688296022463,nuclide_mode,1.0.0,env_plus_no_ratio,extra_trees,0,,
268,50.947991,29.7477,1502,7.78,5.0,4.0,15.0,16.0,68.0,68.0,127.0,128.0,59.0,59.0,156.0,5.5,6.34,24.880000000000003,4.0,224.0,17.0,14.0,cs137_minus_20,268,0.1030881316497517,nuclide_mode,1.0.0,env_plus_no_ratio,extra_trees,0,,
269,50.94781,29.89494,1505,4.22,4.0,4.0,16.0,18.0,53.0,53.0,126.0,127.0,65.0,65.0,137.0,28.0,4.72,50.24,14.9,148.0,18.0,22.0,cs137_minus_20,269,0.11304107798564778,nuclide_mode,1.0.0,env_plus_no_ratio,extra_trees,0,,
270,50.94806,29.90969,1508,9.72,5.0,5.0,19.0,20.0,55.0,55.0,132.0,133.0,59.0,60.0,117.0,19.7,4.55,50.48,6.49,190.0,16.0,18.0,cs137_minus_20,270,0.10832323137252729,nuclide_mode,1.0.0,env_plus_no_ratio,extra_trees,0,,
271,50.94785,29.98131,1510,3.94,4.0,4.0,18.0,19.0,60.0,62.0,124.0,124.0,64.0,64.0,112.0,5.1,7.07,57.92000000000001,18.4,78.0,13.0,7.0,cs137_minus_20,271,0.10653682823455987,nuclide_mode,1.0.0,env_plus_no_ratio,extra_trees,0,,
272,50.94508,29.90914,1525,5.04,4.0,4.0,20.0,21.0,49.0,51.0,129.0,127.0,65.0,65.0,128.0,12.0,5.53,37.6,9.33,117.0,11.0,9.0,cs137_minus_20,272,0.10447778998842433,nuclide_mode,1.0.0,env_plus_no_ratio,extra_trees,0,,
273,50.94423,29.89427,1528,8.23,5.0,4.0,16.0,17.0,49.0,49.0,125.0,124.0,68.0,69.0,140.0,9.4,5.57,46.16,7.01,129.0,11.0,9.0,cs137_minus_20,273,0.10871222339275621,nuclide_mode,1.0.0,env_plus_no_ratio,extra_trees,0,,
274,50.94487,29.8806,1531,3.58,4.0,4.0,17.0,18.0,52.0,52.0,130.0,130.0,64.0,64.0,148.0,8.2,5.93,20.24,7.09,132.0,10.0,9.0,cs137_minus_20,274,0.10099240711517629,nuclide_mode,1.0.0,env_plus_no_ratio,extra_trees,0,,
275,50.943449,29.876318,1566,6.48,3.0,3.0,17.0,19.0,55.0,55.0,131.0,130.0,64.0,64.0,146.0,9.2,5.46,51.04,9.84,40.0,14.0,9.0,cs137_minus_20,275,0.10981133304036654,nuclide_mode,1.0.0,env_plus_no_ratio,extra_trees,0,,
276,50.94224,29.97181,1575,14.5,7.0,6.0,18.0,20.0,51.0,52.0,123.0,124.0,67.0,67.0,111.0,1.6,8.1,52.16,4.5,52.0,8.0,5.0,cs137_minus_20,276,0.10723919681509295,nuclide_mode,1.0.0,env_plus_no_ratio,extra_trees,0,,
277,50.935984,29.481144,1586,30.5,4.0,4.0,19.0,20.0,57.0,57.0,133.0,132.0,63.0,63.0,166.0,5.6,5.97,20.08,0.825,190.0,13.0,11.0,cs137_minus_20,277,0.10069163340139681,nuclide_mode,1.0.0,env_plus_no_ratio,extra_trees,0,,
278,50.935984,29.523983,1589,14.0,4.0,4.0,18.0,20.0,60.0,60.0,136.0,135.0,63.0,63.0,162.0,3.8,6.89,16.56,1.48,220.0,16.0,16.0,cs137_minus_20,278,0.10220864397085741,nuclide_mode,1.0.0,env_plus_no_ratio,extra_trees,0,,
279,50.936001,29.566834,1592,13.8,4.0,4.0,18.0,20.0,64.0,65.0,138.0,137.0,64.0,64.0,160.0,6.3,6.12,13.92,1.26,270.0,16.0,17.0,cs137_minus_20,279,0.10567757636394882,nuclide_mode,1.0.0,env_plus_no_ratio,extra_trees,0,,
280,50.935984,29.609661,1595,16.0,4.0,5.0,13.0,14.0,68.0,68.0,127.0,129.0,62.0,62.0,159.0,14.9,5.15,22.480000000000004,1.75,43.0,6.0,4.0,cs137_minus_20,280,0.09833779588115789,nuclide_mode,1.0.0,env_plus_no_ratio,extra_trees,0,,
281,50.93602,29.65263,1599,13.5,6.0,6.0,16.0,18.0,58.0,59.0,122.0,129.0,64.0,64.0,152.0,7.8,6.07,13.76,1.27,46.0,6.0,4.0,cs137_minus_20,281,0.09729187203994658,nuclide_mode,1.0.0,env_plus_no_ratio,extra_trees,0,,
282,50.936559,29.695122,1602,12.5,6.0,5.0,13.0,15.0,75.0,76.0,124.0,126.0,60.0,60.0,167.0,22.5,5.0,21.76,2.17,60.0,7.0,5.0,cs137_minus_20,282,0.09898665449559384,nuclide_mode,1.0.0,env_plus_no_ratio,extra_trees,0,,
283,50.93682,29.73937,1605,14.0,10.0,9.0,11.0,13.0,73.0,74.0,111.0,120.0,54.0,54.0,157.0,29.5,4.56,15.68,1.4,107.0,22.0,8.0,cs137_minus_20,283,0.0982328648003236,nuclide_mode,1.0.0,env_plus_no_ratio,extra_trees,0,,
284,50.935877,29.780267,1608,6.03,11.0,11.0,13.0,14.0,65.0,65.0,117.0,120.0,55.0,55.0,161.0,29.0,5.39,20.64,4.28,150.0,8.0,6.0,cs137_minus_20,284,0.10787321830915854,nuclide_mode,1.0.0,env_plus_no_ratio,extra_trees,0,,
285,50.93575,29.82374,1611,13.0,4.0,5.0,11.0,12.0,67.0,67.0,132.0,132.0,58.0,58.0,157.0,18.8,5.06,23.28,2.24,50.0,9.0,4.5,cs137_minus_20,285,0.09843740559560206,nuclide_mode,1.0.0,env_plus_no_ratio,extra_trees,0,,
286,50.935984,29.866694,1614,5.81,4.0,5.0,20.0,21.0,54.0,53.0,129.0,128.0,65.0,65.0,147.0,6.0,5.91,26.480000000000004,5.69,140.0,8.0,8.0,cs137_minus_20,286,0.10082374535251909,nuclide_mode,1.0.0,env_plus_no_ratio,extra_trees,0,,
287,50.93631,29.88148,1615,6.39,4.0,4.0,17.0,18.0,52.0,52.0,129.0,128.0,67.0,67.0,142.0,10.7,5.28,32.64,6.38,240.0,17.0,24.0,cs137_minus_20,287,0.10571122703626812,nuclide_mode,1.0.0,env_plus_no_ratio,extra_trees,0,,
288,50.936001,29.895249,1618,7.02,4.0,4.0,17.0,19.0,45.0,45.0,124.0,123.0,69.0,69.0,136.0,11.4,5.84,38.8,6.91,202.0,15.0,17.0,cs137_minus_20,288,0.1073740449465918,nuclide_mode,1.0.0,env_plus_no_ratio,extra_trees,0,,
289,50.93622,29.90966,1621,3.84,5.0,4.0,18.0,19.0,46.0,46.0,126.0,126.0,70.0,70.0,114.0,25.9,5.39,18.56,6.04,198.0,16.0,15.0,cs137_minus_20,289,0.10420385414663054,nuclide_mode,1.0.0,env_plus_no_ratio,extra_trees,0,,
290,50.93609,29.95312,1624,2.48,8.0,7.0,19.0,20.0,47.0,46.0,127.0,126.0,66.0,66.0,110.0,1.3,7.61,41.6,21.0,96.0,13.0,16.0,cs137_minus_20,290,0.10842078174878561,nuclide_mode,1.0.0,env_plus_no_ratio,extra_trees,0,,
291,50.936169,29.997449,1627,17.8,6.0,6.0,14.0,15.0,72.0,72.0,112.0,117.0,54.0,54.0,140.0,16.0,5.03,46.48,3.26,50.0,8.0,4.0,cs137_minus_20,291,0.11429516181280379,nuclide_mode,1.0.0,env_plus_no_ratio,extra_trees,0,,
292,50.93582,30.03905,1630,4.86,6.0,5.0,11.0,12.0,76.0,76.0,116.0,124.0,52.0,53.0,126.0,38.1,4.19,54.08,13.9,50.0,9.0,4.0,cs137_minus_20,292,0.13189109218342726,nuclide_mode,1.0.0,env_plus_no_ratio,extra_trees,0,,
293,50.935984,30.080888,1633,4.06,4.0,4.0,14.0,15.0,58.0,58.0,129.0,129.0,62.0,62.0,114.0,4.0,6.62,92.8,28.7,71.0,14.0,8.0,cs137_minus_20,293,0.1040999648817241,nuclide_mode,1.0.0,env_plus_no_ratio,extra_trees,0,,
294,50.93321,29.63793,1641,4.68,4.0,5.0,16.0,18.0,56.0,55.0,131.0,129.0,65.0,66.0,135.0,6.6,6.52,15.36,4.09,65.0,12.0,8.0,cs137_minus_20,294,0.09825506935405928,nuclide_mode,1.0.0,env_plus_no_ratio,extra_trees,0,,
295,50.93013,29.96157,1647,2.78,5.0,5.0,19.0,21.0,50.0,49.0,126.0,124.0,66.0,66.0,117.0,14.9,5.23,30.880000000000003,13.9,60.0,6.0,5.0,cs137_minus_20,295,0.10379258449920331,nuclide_mode,1.0.0,env_plus_no_ratio,extra_trees,0,,
296,50.92674,29.89579,1663,4.55,4.0,4.0,19.0,21.0,46.0,46.0,128.0,127.0,66.0,66.0,139.0,10.0,5.78,12.880000000000004,3.53,223.0,14.0,13.0,cs137_minus_20,296,0.10254139059302701,nuclide_mode,1.0.0,env_plus_no_ratio,extra_trees,0,,
297,50.92687,29.49577,1698,15.6,5.0,5.0,19.0,20.0,60.0,60.0,132.0,130.0,65.0,65.0,161.0,7.3,6.9,14.480000000000002,1.16,239.0,18.0,18.0,cs137_minus_20,297,0.1020127644960064,nuclide_mode,1.0.0,env_plus_no_ratio,extra_trees,0,,
298,50.92461,29.51027,1705,8.48,5.0,5.0,17.0,19.0,58.0,58.0,135.0,133.0,65.0,65.0,163.0,4.6,7.17,20.0,2.95,113.0,9.0,8.0,cs137_minus_20,298,0.09822570425427114,nuclide_mode,1.0.0,env_plus_no_ratio,extra_trees,0,,
299,50.92474,29.523996,1708,18.6,5.0,5.0,18.0,19.0,64.0,63.0,136.0,134.0,63.0,63.0,155.0,15.4,6.22,22.16,1.48,171.0,12.0,9.0,cs137_minus_20,299,0.09942013833938533,nuclide_mode,1.0.0,env_plus_no_ratio,extra_trees,0,,
300,50.92395,29.65255,1711,6.5,5.0,5.0,17.0,19.0,56.0,56.0,134.0,132.0,65.0,65.0,135.0,14.2,5.55,18.64,3.58,80.0,11.0,6.0,cs137_minus_20,300,0.09856532558582388,nuclide_mode,1.0.0,env_plus_no_ratio,extra_trees,0,,
301,50.9239,29.70967,1715,11.4,4.0,4.0,14.0,16.0,68.0,68.0,136.0,135.0,59.0,59.0,145.0,26.9,4.79,18.8,2.06,120.0,13.0,8.0,cs137_minus_20,301,0.09797300313848555,nuclide_mode,1.0.0,env_plus_no_ratio,extra_trees,0,,
302,50.924011,29.723902,1718,5.74,4.0,4.0,14.0,16.0,68.0,68.0,137.0,137.0,59.0,59.0,146.0,9.5,5.86,11.920000000000002,2.59,131.0,12.0,9.0,cs137_minus_20,302,0.09817712952256971,nuclide_mode,1.0.0,env_plus_no_ratio,extra_trees,0,,
303,50.92377,29.85221,1723,3.74,5.0,5.0,19.0,21.0,49.0,49.0,128.0,127.0,67.0,67.0,143.0,3.6,6.74,14.16,4.74,240.0,22.0,19.0,cs137_minus_20,303,0.10349382433647981,nuclide_mode,1.0.0,env_plus_no_ratio,extra_trees,0,,
304,50.921013,29.571594,1735,1.95,4.0,4.0,16.0,18.0,66.0,66.0,135.0,135.0,61.0,61.0,156.0,7.9,5.88,12.48,8.02,159.0,12.0,11.0,cs137_minus_20,304,0.10035216283901925,nuclide_mode,1.0.0,env_plus_no_ratio,extra_trees,0,,
305,50.921013,29.538276,1737,11.1,4.0,4.0,17.0,18.0,70.0,70.0,131.0,131.0,62.0,62.0,155.0,10.5,5.62,12.32,1.38,159.0,13.0,11.0,cs137_minus_20,305,0.09847260218351692,nuclide_mode,1.0.0,env_plus_no_ratio,extra_trees,0,,
306,50.91805,29.63337,1753,9.27,4.0,4.0,14.0,16.0,63.0,63.0,136.0,136.0,64.0,64.0,139.0,8.9,6.66,6.5360000000000005,0.882,91.0,9.0,5.0,cs137_minus_20,306,0.09674611861551202,nuclide_mode,1.0.0,env_plus_no_ratio,extra_trees,0,,
307,50.91794,29.66702,1757,6.95,4.0,4.0,19.0,20.0,60.0,60.0,134.0,133.0,63.0,63.0,130.0,4.0,6.96,11.2,2.01,60.0,13.0,11.0,cs137_minus_20,307,0.09754124891020548,nuclide_mode,1.0.0,env_plus_no_ratio,extra_trees,0,,
308,50.91771,29.83874,1769,7.14,2.0,3.0,16.0,18.0,61.0,60.0,133.0,132.0,64.0,64.0,145.0,4.8,6.79,20.480000000000004,3.58,230.0,12.0,13.0,cs137_minus_20,308,0.10119295581455874,nuclide_mode,1.0.0,env_plus_no_ratio,extra_trees,0,,
309,50.91783,29.8523,1772,3.35,3.0,3.0,18.0,19.0,59.0,58.0,133.0,132.0,64.0,64.0,140.0,9.9,5.26,6.856000000000001,2.56,130.0,18.0,10.0,cs137_minus_20,309,0.09773969120471582,nuclide_mode,1.0.0,env_plus_no_ratio,extra_trees,0,,
310,50.918015,29.952364,1782,3.33,8.0,10.0,17.0,19.0,41.0,41.0,131.0,131.0,69.0,69.0,115.0,5.7,6.55,36.8,13.8,545.0,6.0,4.5,cs137_minus_20,310,0.11252821839592966,nuclide_mode,1.0.0,env_plus_no_ratio,extra_trees,0,,
311,50.91496,29.96711,1793,3.33,5.0,4.0,17.0,19.0,59.0,59.0,134.0,132.0,65.0,65.0,116.0,2.4,6.81,44.88,16.9,53.0,5.5,5.3,cs137_minus_20,311,0.10528643771210035,nuclide_mode,1.0.0,env_plus_no_ratio,extra_trees,0,,
312,50.91552,29.93895,1799,6.64,5.0,4.0,17.0,19.0,51.0,51.0,133.0,131.0,66.0,66.0,116.0,2.0,7.65,41.04,7.74,53.0,6.0,5.0,cs137_minus_20,312,0.10547339016339186,nuclide_mode,1.0.0,env_plus_no_ratio,extra_trees,0,,
313,50.915,29.84282,1803,9.81,3.0,3.0,17.0,19.0,56.0,56.0,138.0,139.0,64.0,64.0,136.0,33.1,4.26,19.76,2.52,160.0,14.0,10.0,cs137_minus_20,313,0.09952787452238467,nuclide_mode,1.0.0,env_plus_no_ratio,extra_trees,0,,
314,50.91491,29.64777,1807,16.4,5.0,5.0,15.0,17.0,57.0,57.0,130.0,130.0,67.0,67.0,146.0,10.1,5.23,14.8,1.13,120.0,8.0,7.0,cs137_minus_20,314,0.09718596476696892,nuclide_mode,1.0.0,env_plus_no_ratio,extra_trees,0,,
315,50.91179,29.6682,1811,13.0,4.0,4.0,17.0,19.0,53.0,53.0,136.0,134.0,63.0,63.0,130.0,9.2,6.07,13.52,1.3,80.0,7.0,6.0,cs137_minus_20,315,0.09668274324946502,nuclide_mode,1.0.0,env_plus_no_ratio,extra_trees,0,,
316,50.908769,30.064622,1824,5.95,7.0,7.0,12.0,13.0,72.0,73.0,125.0,131.0,55.0,55.0,142.0,45.0,3.68,46.88,9.85,68.0,13.0,7.0,cs137_minus_20,316,0.12282911750357593,nuclide_mode,1.0.0,env_plus_no_ratio,extra_trees,0,,
317,50.908879,30.037079,1826,6.3,4.0,5.0,14.0,15.0,74.0,74.0,120.0,126.0,56.0,56.0,140.0,7.9,5.92,62.8,12.5,42.0,7.0,4.0,cs137_minus_20,317,0.12092374149699632,nuclide_mode,1.0.0,env_plus_no_ratio,extra_trees,0,,
318,50.909004,29.99518,1829,3.94,4.0,4.0,15.0,16.0,63.0,63.0,119.0,121.0,65.0,65.0,122.0,6.4,5.92,26.0,8.25,35.0,8.0,8.0,cs137_minus_20,318,0.10282035120817104,nuclide_mode,1.0.0,env_plus_no_ratio,extra_trees,0,,
319,50.908862,29.950215,1833,3.0,5.0,6.0,16.0,17.0,59.0,60.0,134.0,133.0,64.0,64.0,116.0,3.7,6.83,24.32,10.2,72.0,10.0,10.0,cs137_minus_20,319,0.10096132445442159,nuclide_mode,1.0.0,env_plus_no_ratio,extra_trees,0,,
320,50.91015,29.90946,1836,4.79,5.0,5.0,20.0,21.0,48.0,48.0,127.0,127.0,68.0,68.0,118.0,7.8,6.12,9.6,2.5,108.0,8.0,10.0,cs137_minus_20,320,0.10064552551047667,nuclide_mode,1.0.0,env_plus_no_ratio,extra_trees,0,,
321,50.910072,29.86494,1839,6.2,5.0,5.0,21.0,23.0,42.0,42.0,129.0,130.0,67.0,67.0,112.0,2.1,7.01,19.76,3.98,85.0,14.0,9.0,cs137_minus_20,321,0.09876974389754743,nuclide_mode,1.0.0,env_plus_no_ratio,extra_trees,0,,
322,50.909023,29.838133,1842,2.82,3.0,4.0,17.0,18.0,59.0,58.0,134.0,135.0,62.0,62.0,136.0,15.6,5.27,12.72,5.65,200.0,21.0,35.0,cs137_minus_20,322,0.10395606508354598,nuclide_mode,1.0.0,env_plus_no_ratio,extra_trees,0,,
323,50.909004,29.823855,1843,7.96,4.0,4.0,11.0,13.0,73.0,73.0,129.0,133.0,61.0,61.0,153.0,11.2,5.44,14.72,2.31,84.0,11.0,6.0,cs137_minus_20,323,0.09782747219992276,nuclide_mode,1.0.0,env_plus_no_ratio,extra_trees,0,,
324,50.9085,29.780774,1846,8.14,8.0,10.0,13.0,14.0,72.0,71.0,116.0,120.0,55.0,55.0,162.0,19.0,5.16,13.52,2.07,40.0,6.0,4.0,cs137_minus_20,324,0.10062917485453733,nuclide_mode,1.0.0,env_plus_no_ratio,extra_trees,0,,
325,50.908987,29.736924,1849,12.4,10.0,9.0,12.0,14.0,74.0,73.0,115.0,121.0,55.0,55.0,176.0,17.8,4.72,15.68,1.58,36.0,8.0,7.0,cs137_minus_20,325,0.10008479973409379,nuclide_mode,1.0.0,env_plus_no_ratio,extra_trees,0,,
326,50.908891,29.695276,1852,9.5,6.0,5.0,14.0,16.0,75.0,75.0,121.0,127.0,54.0,54.0,148.0,18.5,5.04,9.36,1.23,35.0,8.0,4.0,cs137_minus_20,326,0.0972085440369923,nuclide_mode,1.0.0,env_plus_no_ratio,extra_trees,0,,
327,50.90976,29.6514,1857,10.5,4.0,3.0,15.0,16.0,57.0,58.0,136.0,134.0,63.0,63.0,150.0,6.6,6.08,10.8,1.3,80.0,6.0,5.0,cs137_minus_20,327,0.09635903181356985,nuclide_mode,1.0.0,env_plus_no_ratio,extra_trees,0,,
328,50.909185,29.610752,1860,9.05,4.0,4.0,18.0,20.0,65.0,65.0,135.0,134.0,66.0,66.0,154.0,10.9,5.18,10.4,1.44,259.0,19.0,15.0,cs137_minus_20,328,0.101571453896458,nuclide_mode,1.0.0,env_plus_no_ratio,extra_trees,0,,
329,50.909004,29.566716,1864,13.1,4.0,4.0,14.0,15.0,59.0,60.0,130.0,129.0,66.0,66.0,156.0,2.5,7.05,11.68,1.11,132.0,14.0,12.0,cs137_minus_20,329,0.09740878369434573,nuclide_mode,1.0.0,env_plus_no_ratio,extra_trees,0,,
330,50.90913,29.52413,1867,35.5,4.0,4.0,16.0,18.0,60.0,60.0,134.0,132.0,66.0,66.0,162.0,9.5,5.47,11.44,0.403,110.0,12.0,6.0,cs137_minus_20,330,0.0971314760891922,nuclide_mode,1.0.0,env_plus_no_ratio,extra_trees,0,,
331,50.909023,29.48116,1870,17.4,4.0,4.0,19.0,21.0,59.0,59.0,134.0,133.0,63.0,63.0,172.0,0.9,8.13,18.64,1.34,260.0,18.0,22.0,cs137_minus_20,331,0.10432524079897296,nuclide_mode,1.0.0,env_plus_no_ratio,extra_trees,0,,
332,50.90598,29.6809,1873,7.05,5.0,5.0,14.0,16.0,60.0,60.0,137.0,135.0,63.0,63.0,136.0,39.2,4.72,13.44,2.38,131.0,9.0,8.0,cs137_minus_20,332,0.09748815931333937,nuclide_mode,1.0.0,env_plus_no_ratio,extra_trees,0,,
333,50.9006,29.61066,1890,19.4,3.0,4.0,17.0,19.0,64.0,64.0,142.0,140.0,61.0,61.0,148.0,14.3,4.96,29.6,1.91,116.0,12.0,6.0,cs137_minus_20,333,0.09915588102855162,nuclide_mode,1.0.0,env_plus_no_ratio,extra_trees,0,,
334,50.900031,29.995201,1918,2.48,6.0,5.0,14.0,16.0,70.0,70.0,114.0,123.0,59.0,59.0,141.0,45.0,3.63,24.96,12.6,20.0,4.0,3.0,cs137_minus_20,334,0.11800101076812923,nuclide_mode,1.0.0,env_plus_no_ratio,extra_trees,0,,
335,50.897033,29.502,1928,7.95,3.0,3.0,18.0,19.0,70.0,70.0,138.0,136.0,60.0,60.0,171.0,3.4,6.59,16.16,2.54,195.0,15.0,13.0,cs137_minus_20,335,0.10185578831551109,nuclide_mode,1.0.0,env_plus_no_ratio,extra_trees,0,,
336,50.8945,29.7048,1933,13.3,5.0,4.0,14.0,16.0,70.0,70.0,134.0,135.0,60.0,61.0,125.0,17.4,5.06,15.6,1.47,84.0,7.0,5.0,cs137_minus_20,336,0.09706914650913391,nuclide_mode,1.0.0,env_plus_no_ratio,extra_trees,0,,
337,50.89129,29.61509,1969,9.01,4.0,4.0,14.0,16.0,70.0,70.0,134.0,134.0,62.0,62.0,144.0,14.3,5.35,21.92,3.04,89.5,9.0,6.0,cs137_minus_20,337,0.09849418994112881,nuclide_mode,1.0.0,env_plus_no_ratio,extra_trees,0,,
338,50.885522,29.986943,1985,3.54,4.0,4.0,15.0,17.0,66.0,66.0,128.0,128.0,64.0,64.0,121.0,13.2,5.38,44.72,15.8,70.0,9.0,6.0,cs137_minus_20,338,0.10572029415768952,nuclide_mode,1.0.0,env_plus_no_ratio,extra_trees,0,,
339,50.885042,29.885729,1988,6.57,5.0,5.0,20.0,21.0,65.0,65.0,135.0,133.0,64.0,64.0,123.0,19.5,5.25,35.36000000000001,6.73,80.0,7.0,4.5,cs137_minus_20,339,0.1023704329938812,nuclide_mode,1.0.0,env_plus_no_ratio,extra_trees,0,,
340,50.88525,29.71897,1989,31.7,5.0,5.0,17.0,19.0,63.0,63.0,138.0,137.0,62.0,62.0,125.0,8.3,5.6,20.96,0.828,80.0,9.0,5.0,cs137_minus_20,340,0.09757763065108101,nuclide_mode,1.0.0,env_plus_no_ratio,extra_trees,0,,
341,50.88231,29.5246,1995,19.5,5.0,5.0,12.0,14.0,75.0,75.0,127.0,128.0,58.0,58.0,163.0,6.8,6.46,11.2,0.72,93.0,9.0,5.0,cs137_minus_20,341,0.09737974731439228,nuclide_mode,1.0.0,env_plus_no_ratio,extra_trees,0,,
342,50.88234,29.53874,1996,19.2,4.0,4.0,16.0,18.0,76.0,76.0,136.0,135.0,59.0,59.0,157.0,16.0,4.77,11.44,0.747,124.0,11.0,7.5,cs137_minus_20,342,0.09778836020129565,nuclide_mode,1.0.0,env_plus_no_ratio,extra_trees,0,,
343,50.88215,29.55243,1999,12.6,4.0,4.0,16.0,17.0,66.0,66.0,136.0,136.0,62.0,62.0,150.0,16.1,5.46,7.008,0.698,106.0,16.0,7.0,cs137_minus_20,343,0.09712668314664785,nuclide_mode,1.0.0,env_plus_no_ratio,extra_trees,0,,
344,50.88246,29.56604,2001,14.1,4.0,5.0,14.0,15.0,75.0,75.0,126.0,128.0,57.0,57.0,146.0,17.6,5.94,15.840000000000002,1.41,126.0,13.5,10.0,cs137_minus_20,344,0.09779803081112486,nuclide_mode,1.0.0,env_plus_no_ratio,extra_trees,0,,
345,50.882024,29.609562,2004,12.4,5.0,5.0,11.0,12.0,74.0,74.0,122.0,129.0,56.0,56.0,146.0,15.1,5.57,14.0,1.4,61.0,8.0,3.0,cs137_minus_20,345,0.09672655826768004,nuclide_mode,1.0.0,env_plus_no_ratio,extra_trees,0,,
346,50.881535,29.653384,2007,2.08,6.0,5.0,11.0,12.0,74.0,75.0,119.0,124.0,57.0,57.0,149.0,45.0,4.31,12.0,7.2,661.0,6.0,4.0,cs137_minus_20,346,0.11663511577635456,nuclide_mode,1.0.0,env_plus_no_ratio,extra_trees,0,,
347,50.88203,29.69548,2010,12.7,5.0,5.0,13.0,15.0,76.0,76.0,130.0,130.0,54.0,54.0,131.0,44.6,4.31,15.840000000000002,1.56,71.0,7.0,5.0,cs137_minus_20,347,0.09679411338228235,nuclide_mode,1.0.0,env_plus_no_ratio,extra_trees,0,,
348,50.88208,29.73746,2014,12.5,5.0,4.0,16.0,18.0,74.0,74.0,126.0,131.0,57.0,57.0,146.0,29.8,4.76,27.360000000000003,2.75,84.0,10.0,8.0,cs137_minus_20,348,0.09879653554499379,nuclide_mode,1.0.0,env_plus_no_ratio,extra_trees,0,,
349,50.882024,29.781016,2017,16.3,5.0,5.0,15.0,15.0,74.0,74.0,124.0,126.0,56.0,56.0,157.0,15.6,4.82,25.680000000000003,1.97,60.0,4.0,3.4,cs137_minus_20,349,0.09869660003024394,nuclide_mode,1.0.0,env_plus_no_ratio,extra_trees,0,,
350,50.882024,29.823794,2020,15.0,8.0,8.0,12.0,13.0,74.0,75.0,115.0,123.0,54.0,54.0,140.0,26.2,4.53,21.52,1.79,83.0,8.5,6.0,cs137_minus_20,350,0.09838353204327806,nuclide_mode,1.0.0,env_plus_no_ratio,extra_trees,0,,
351,50.882024,29.866694,2023,9.24,5.0,7.0,20.0,21.0,53.0,53.0,130.0,129.0,65.0,65.0,114.0,6.2,5.63,25.36,3.43,53.0,11.0,4.5,cs137_minus_20,351,0.09893993806687311,nuclide_mode,1.0.0,env_plus_no_ratio,extra_trees,0,,
352,50.882044,29.909528,2028,5.53,5.0,5.0,13.0,14.0,79.0,79.0,118.0,125.0,55.0,55.0,154.0,33.9,4.51,28.960000000000004,6.55,71.0,13.0,5.0,cs137_minus_20,352,0.10960078483838322,nuclide_mode,1.0.0,env_plus_no_ratio,extra_trees,0,,
353,50.882024,29.952371,2031,4.58,7.0,7.0,13.0,14.0,75.0,75.0,119.0,124.0,56.0,56.0,141.0,8.8,5.37,26.24,7.16,40.0,6.0,5.0,cs137_minus_20,353,0.1054716068180902,nuclide_mode,1.0.0,env_plus_no_ratio,extra_trees,0,,
354,50.882044,29.995201,2035,6.6,6.0,6.0,14.0,16.0,74.0,75.0,125.0,131.0,60.0,60.0,139.0,27.1,4.41,23.76,4.5,54.0,5.0,4.0,cs137_minus_20,354,0.10087055505951897,nuclide_mode,1.0.0,env_plus_no_ratio,extra_trees,0,,
355,50.882024,30.080888,2041,4.99,5.0,5.0,13.0,14.0,73.0,73.0,121.0,127.0,57.0,57.0,136.0,27.5,4.7,26.4,6.61,40.0,10.0,4.0,cs137_minus_20,355,0.10613937138833732,nuclide_mode,1.0.0,env_plus_no_ratio,extra_trees,0,,
356,50.879047,29.87621,2044,2.67,5.0,5.0,20.0,21.0,56.0,56.0,130.0,129.0,64.0,64.0,126.0,20.0,5.18,22.32,10.4,118.0,8.0,9.0,cs137_minus_20,356,0.10087388049327815,nuclide_mode,1.0.0,env_plus_no_ratio,extra_trees,0,,
357,50.879047,29.847653,2046,5.33,5.0,5.0,17.0,19.0,64.0,64.0,129.0,129.0,63.0,63.0,115.0,4.8,6.5,25.200000000000003,5.9,78.0,16.0,5.0,cs137_minus_20,357,0.10080504001611915,nuclide_mode,1.0.0,env_plus_no_ratio,extra_trees,0,,
358,50.873052,29.838133,2075,4.82,5.0,5.0,18.0,19.0,56.0,56.0,125.0,125.0,64.0,64.0,118.0,10.0,5.51,9.2,2.38,52.0,8.0,4.5,cs137_minus_20,358,0.09693955445193507,nuclide_mode,1.0.0,env_plus_no_ratio,extra_trees,0,,
359,50.87312,29.54792,2096,11.7,4.0,4.0,15.0,17.0,77.0,78.0,133.0,134.0,59.0,59.0,173.0,31.5,4.19,14.0,1.5,57.0,12.0,5.0,cs137_minus_20,359,0.0993498233257349,nuclide_mode,1.0.0,env_plus_no_ratio,extra_trees,0,,
360,50.870054,29.86669,2102,8.86,3.0,4.0,17.0,18.0,47.0,47.0,122.0,126.0,61.0,61.0,134.0,12.4,5.8,29.12,4.11,100.0,22.0,7.0,cs137_minus_20,360,0.10133976096581183,nuclide_mode,1.0.0,env_plus_no_ratio,extra_trees,0,,
361,50.87019,29.99148,2104,3.41,5.0,5.0,15.0,16.0,74.0,74.0,128.0,129.0,58.0,58.0,127.0,27.1,4.77,22.16,8.13,60.0,7.0,5.0,cs137_minus_20,361,0.10327534096821324,nuclide_mode,1.0.0,env_plus_no_ratio,extra_trees,0,,
362,50.86394,29.73887,2127,3.16,5.0,5.0,20.0,21.0,57.0,57.0,132.0,132.0,65.0,65.0,118.0,4.5,6.62,27.44,10.9,116.0,17.0,13.0,cs137_minus_20,362,0.1010978203057917,nuclide_mode,1.0.0,env_plus_no_ratio,extra_trees,0,,
363,50.86406,29.852412,2135,12.5,4.0,4.0,17.0,18.0,61.0,62.0,128.0,129.0,63.0,63.0,117.0,19.4,4.7,22.480000000000004,2.25,84.0,16.0,6.0,cs137_minus_20,363,0.09787432273616126,nuclide_mode,1.0.0,env_plus_no_ratio,extra_trees,0,,
364,50.86422,29.995201,2145,3.03,5.0,5.0,14.0,16.0,73.0,74.0,131.0,131.0,61.0,61.0,127.0,26.5,5.33,35.36000000000001,14.6,76.0,7.0,6.0,cs137_minus_20,364,0.10450116831240557,nuclide_mode,1.0.0,env_plus_no_ratio,extra_trees,0,,
365,50.86163,30.05635,2153,4.56,4.0,4.0,17.0,19.0,59.0,58.0,133.0,131.0,65.0,65.0,126.0,5.2,6.17,42.16,11.6,65.0,8.0,6.0,cs137_minus_20,365,0.10442824161549955,nuclide_mode,1.0.0,env_plus_no_ratio,extra_trees,0,,
366,50.86114,29.55719,2160,12.1,4.0,4.0,16.0,17.0,63.0,63.0,133.0,132.0,64.0,64.0,163.0,17.0,5.01,18.24,1.88,136.0,13.0,9.0,cs137_minus_20,366,0.09814808614217557,nuclide_mode,1.0.0,env_plus_no_ratio,extra_trees,0,,
367,50.855044,30.066608,2176,3.4,5.0,5.0,17.0,17.0,51.0,51.0,131.0,131.0,68.0,68.0,125.0,6.2,6.68,19.92,7.35,90.0,9.0,5.0,cs137_minus_20,367,0.10165375649193824,nuclide_mode,1.0.0,env_plus_no_ratio,extra_trees,0,,
368,50.85485,30.03866,2179,11.2,6.0,5.0,15.0,17.0,65.0,65.0,122.0,127.0,61.0,61.0,135.0,11.9,5.72,33.760000000000005,3.78,70.0,6.0,5.0,cs137_minus_20,368,0.10236234923408132,nuclide_mode,1.0.0,env_plus_no_ratio,extra_trees,0,,
369,50.85492,29.99515,2182,4.26,4.0,4.0,15.0,17.0,65.0,65.0,131.0,128.0,65.0,65.0,132.0,12.3,5.45,51.84,15.2,150.0,13.0,10.0,cs137_minus_20,369,0.10827202919499739,nuclide_mode,1.0.0,env_plus_no_ratio,extra_trees,0,,
370,50.85538,29.98096,2185,7.39,4.0,4.0,18.0,20.0,64.0,63.0,132.0,130.0,65.0,65.0,126.0,14.7,5.6,37.36000000000001,6.33,120.0,11.0,8.0,cs137_minus_20,370,0.10307353908150156,nuclide_mode,1.0.0,env_plus_no_ratio,extra_trees,0,,
371,50.85519,29.96151,2187,17.9,4.0,4.0,19.0,21.0,59.0,59.0,135.0,134.0,66.0,66.0,129.0,11.5,5.86,60.8,4.25,120.0,9.0,9.0,cs137_minus_20,371,0.10766302348199877,nuclide_mode,1.0.0,env_plus_no_ratio,extra_trees,0,,
372,50.85513,29.9514,2188,6.17,4.0,4.0,18.0,19.0,57.0,57.0,130.0,130.0,67.0,67.0,134.0,1.6,7.18,33.28,6.75,170.0,11.0,10.0,cs137_minus_20,372,0.10322589184528559,nuclide_mode,1.0.0,env_plus_no_ratio,extra_trees,0,,
373,50.855044,29.909532,2191,3.84,4.0,4.0,17.0,18.0,64.0,64.0,129.0,128.0,62.0,63.0,145.0,16.8,5.89,21.840000000000003,7.1,160.0,11.0,10.0,cs137_minus_20,373,0.1017004642694507,nuclide_mode,1.0.0,env_plus_no_ratio,extra_trees,0,,
374,50.855067,29.86669,2194,16.7,6.0,6.0,10.0,11.0,77.0,78.0,115.0,123.0,54.0,54.0,163.0,11.4,5.87,20.16,1.51,45.0,7.0,5.0,cs137_minus_20,374,0.09888388662164618,nuclide_mode,1.0.0,env_plus_no_ratio,extra_trees,0,,
375,50.85502,29.824691,2197,5.53,7.0,7.0,18.0,20.0,47.0,47.0,129.0,130.0,65.0,65.0,114.0,3.8,6.57,27.92,6.31,38.0,8.0,4.0,cs137_minus_20,375,0.10086874525893962,nuclide_mode,1.0.0,env_plus_no_ratio,extra_trees,0,,
376,50.8553,29.78149,2200,9.44,8.0,8.0,16.0,18.0,64.0,64.0,116.0,122.0,55.0,55.0,138.0,26.6,5.03,16.32,2.16,55.0,7.0,5.0,cs137_minus_20,376,0.0974642125212059,nuclide_mode,1.0.0,env_plus_no_ratio,extra_trees,0,,
377,50.85599,29.73814,2203,6.87,6.0,5.0,20.0,21.0,48.0,48.0,132.0,131.0,67.0,67.0,118.0,6.3,5.89,16.16,2.95,70.0,9.0,6.0,cs137_minus_20,377,0.09845720721538324,nuclide_mode,1.0.0,env_plus_no_ratio,extra_trees,0,,
378,50.85507,29.72476,2206,5.5,5.0,5.0,19.0,21.0,56.0,56.0,129.0,128.0,67.0,67.0,116.0,7.4,6.53,16.400000000000002,3.73,96.0,15.0,6.0,cs137_minus_20,378,0.09847631128473187,nuclide_mode,1.0.0,env_plus_no_ratio,extra_trees,0,,
379,50.85513,29.70952,2209,9.19,4.0,4.0,18.0,19.0,58.0,58.0,131.0,131.0,63.0,63.0,127.0,20.6,5.25,18.0,2.44,80.0,6.0,4.0,cs137_minus_20,379,0.09744415333054962,nuclide_mode,1.0.0,env_plus_no_ratio,extra_trees,0,,
380,50.85502,29.69525,2210,10.1,5.0,5.0,14.0,15.0,71.0,70.0,117.0,123.0,57.0,58.0,169.0,38.7,3.92,14.96,1.85,67.0,7.0,4.0,cs137_minus_20,380,0.09782659844844585,nuclide_mode,1.0.0,env_plus_no_ratio,extra_trees,0,,
381,50.855044,29.652408,2213,22.8,7.0,7.0,12.0,13.0,74.0,74.0,117.0,123.0,54.0,54.0,159.0,42.3,3.81,18.16,0.998,60.0,8.0,4.0,cs137_minus_20,381,0.09788610600542506,nuclide_mode,1.0.0,env_plus_no_ratio,extra_trees,0,,
382,50.855067,29.60967,2216,28.7,7.0,7.0,11.0,12.0,76.0,75.0,123.0,128.0,55.0,55.0,175.0,25.8,4.26,12.56,0.547,50.0,7.0,6.0,cs137_minus_20,382,0.09748576581431061,nuclide_mode,1.0.0,env_plus_no_ratio,extra_trees,0,,
383,50.855485,29.566641,2219,2.83,4.0,4.0,13.0,14.0,68.0,67.0,133.0,134.0,57.0,57.0,165.0,45.0,4.11,14.080000000000002,6.21,192.0,19.0,9.0,cs137_minus_20,383,0.11666219303192712,nuclide_mode,1.0.0,env_plus_no_ratio,extra_trees,0,,
384,50.854414,29.524199,2222,25.8,4.0,4.0,19.0,21.0,52.0,52.0,134.0,133.0,65.0,65.0,167.0,1.8,7.44,14.240000000000002,0.687,230.0,15.0,15.0,cs137_minus_20,384,0.10261156493981088,nuclide_mode,1.0.0,env_plus_no_ratio,extra_trees,0,,
385,50.84633,29.72407,2266,8.06,8.0,8.0,20.0,22.0,48.0,48.0,126.0,125.0,69.0,69.0,119.0,23.0,4.71,20.880000000000003,3.24,108.0,18.0,7.0,cs137_minus_20,385,0.09932675722416111,nuclide_mode,1.0.0,env_plus_no_ratio,extra_trees,0,,
386,50.8461,29.7384,2269,6.66,6.0,6.0,18.0,19.0,47.0,47.0,126.0,115.0,69.0,69.0,120.0,13.7,5.18,16.880000000000003,3.17,88.0,7.0,6.0,cs137_minus_20,386,0.09808010091204478,nuclide_mode,1.0.0,env_plus_no_ratio,extra_trees,0,,
387,50.846,29.9565,2286,6.36,4.0,4.0,18.0,19.0,60.0,60.0,137.0,135.0,65.0,65.0,129.0,6.6,5.58,35.760000000000005,7.02,170.0,14.0,10.0,cs137_minus_20,387,0.10305062667432928,nuclide_mode,1.0.0,env_plus_no_ratio,extra_trees,0,,
388,50.84558,29.98077,2289,3.33,3.0,4.0,18.0,19.0,61.0,61.0,133.0,131.0,65.0,65.0,131.0,3.6,6.56,33.760000000000005,12.7,151.0,12.0,11.0,cs137_minus_20,388,0.10312493999535913,nuclide_mode,1.0.0,env_plus_no_ratio,extra_trees,0,,
389,50.84552,30.06597,2297,2.59,4.0,4.0,15.0,16.0,49.0,49.0,131.0,130.0,67.0,67.0,126.0,13.2,5.78,20.64,9.95,120.0,10.0,7.0,cs137_minus_20,389,0.10082576887796878,nuclide_mode,1.0.0,env_plus_no_ratio,extra_trees,0,,
390,50.84613,30.08079,2300,4.14,5.0,4.0,15.0,15.0,45.0,46.0,132.0,132.0,68.0,68.0,123.0,10.4,5.27,20.64,6.25,150.0,13.0,10.0,cs137_minus_20,390,0.10075310770903002,nuclide_mode,1.0.0,env_plus_no_ratio,extra_trees,0,,
391,50.84361,29.8196,2309,5.84,7.0,7.0,16.0,18.0,57.0,58.0,125.0,126.0,61.0,61.0,122.0,39.5,4.49,17.52,3.76,50.0,7.0,4.0,cs137_minus_20,391,0.09907665097935522,nuclide_mode,1.0.0,env_plus_no_ratio,extra_trees,0,,
392,50.84024,29.53695,2316,16.6,4.0,4.0,17.0,19.0,58.0,57.0,133.0,132.0,63.0,63.0,158.0,11.5,5.64,17.36,1.31,207.0,19.0,11.0,cs137_minus_20,392,0.10141639728391783,nuclide_mode,1.0.0,env_plus_no_ratio,extra_trees,0,,
393,50.8405,29.54701,2318,13.0,4.0,4.0,17.0,19.0,60.0,60.0,135.0,134.0,63.0,63.0,158.0,6.6,5.51,19.76,1.9,156.0,15.0,8.0,cs137_minus_20,393,0.09864830971426763,nuclide_mode,1.0.0,env_plus_no_ratio,extra_trees,0,,
394,50.84052,29.67177,2324,1.98,4.0,4.0,19.0,20.0,56.0,56.0,131.0,129.0,65.0,65.0,140.0,16.9,4.68,18.48,11.7,233.0,14.0,13.0,cs137_minus_20,394,0.10301440319367036,nuclide_mode,1.0.0,env_plus_no_ratio,extra_trees,0,,
395,50.84004,29.94798,2330,4.37,3.0,3.0,16.0,17.0,63.0,63.0,133.0,132.0,62.0,62.0,127.0,13.4,5.94,39.36000000000001,11.3,190.0,13.0,12.0,cs137_minus_20,395,0.10405916998884981,nuclide_mode,1.0.0,env_plus_no_ratio,extra_trees,0,,
396,50.83739,30.07978,2333,3.49,5.0,4.0,15.0,16.0,53.0,54.0,135.0,135.0,68.0,68.0,122.0,15.5,5.47,21.680000000000003,7.77,250.0,25.0,19.0,cs137_minus_20,396,0.10136840216578462,nuclide_mode,1.0.0,env_plus_no_ratio,extra_trees,0,,
397,50.837058,30.052328,2335,16.5,6.0,6.0,16.0,16.0,54.0,54.0,131.0,129.0,63.0,63.0,129.0,20.4,4.93,31.04,2.35,99.0,11.0,6.0,cs137_minus_20,397,0.09949630127606707,nuclide_mode,1.0.0,env_plus_no_ratio,extra_trees,0,,
398,50.83717,29.80961,2353,10.3,5.0,5.0,19.0,20.0,61.0,61.0,129.0,126.0,65.0,66.0,126.0,15.7,5.59,24.32,2.95,140.0,7.0,8.0,cs137_minus_20,398,0.09865636394064,nuclide_mode,1.0.0,env_plus_no_ratio,extra_trees,0,,
399,50.83714,29.66121,2368,12.2,3.0,3.0,19.0,20.0,56.0,56.0,134.0,132.0,66.0,66.0,143.0,7.3,5.89,22.480000000000004,2.31,70.0,8.5,5.0,cs137_minus_20,399,0.09768242505616223,nuclide_mode,1.0.0,env_plus_no_ratio,extra_trees,0,,
400,50.83716,29.64882,2371,8.19,3.0,3.0,19.0,20.0,54.0,55.0,135.0,134.0,63.0,63.0,143.0,6.3,6.27,19.36,2.96,129.0,15.0,8.0,cs137_minus_20,400,0.09850865659602076,nuclide_mode,1.0.0,env_plus_no_ratio,extra_trees,0,,
401,50.83403,29.52908,2386,18.0,4.0,4.0,16.0,17.0,59.0,59.0,131.0,131.0,62.0,62.0,161.0,4.7,6.48,25.36,1.76,271.0,20.0,18.0,cs137_minus_20,401,0.10378429017929588,nuclide_mode,1.0.0,env_plus_no_ratio,extra_trees,0,,
402,50.83419,29.55745,2388,13.5,4.0,4.0,17.0,19.0,56.0,57.0,137.0,136.0,63.0,63.0,155.0,8.0,5.84,19.12,1.77,196.0,18.0,12.0,cs137_minus_20,402,0.10092683133187173,nuclide_mode,1.0.0,env_plus_no_ratio,extra_trees,0,,
403,50.83407,29.79894,2396,7.53,5.0,5.0,18.0,20.0,55.0,55.0,126.0,128.0,70.0,70.0,122.0,4.9,6.79,33.760000000000005,5.61,74.0,5.0,5.0,cs137_minus_20,403,0.1025166462977105,nuclide_mode,1.0.0,env_plus_no_ratio,extra_trees,0,,
404,50.833328,29.937748,2398,4.18,4.0,4.0,12.0,14.0,76.0,78.0,131.0,132.0,58.0,58.0,145.0,15.3,5.38,32.72,9.8,60.0,7.0,5.0,cs137_minus_20,404,0.10514748887359743,nuclide_mode,1.0.0,env_plus_no_ratio,extra_trees,0,,
405,50.83024,29.78474,2406,10.3,7.0,7.0,17.0,19.0,60.0,60.0,117.0,120.0,65.0,65.0,123.0,15.5,4.87,21.44,2.61,44.0,6.0,4.0,cs137_minus_20,405,0.0979453174446697,nuclide_mode,1.0.0,env_plus_no_ratio,extra_trees,0,,
406,50.831086,29.771498,2409,14.9,8.0,9.0,15.0,16.0,61.0,61.0,128.0,128.0,63.0,63.0,122.0,16.6,5.36,20.4,1.71,50.0,5.0,4.0,cs137_minus_20,406,0.09822538147624903,nuclide_mode,1.0.0,env_plus_no_ratio,extra_trees,0,,
407,50.83147,29.519772,2413,17.8,4.0,4.0,16.0,18.0,62.0,62.0,132.0,132.0,60.0,60.0,160.0,21.4,4.99,23.52,1.66,164.0,15.0,10.0,cs137_minus_20,407,0.09952954876987283,nuclide_mode,1.0.0,env_plus_no_ratio,extra_trees,0,,
408,50.82844,29.523211,2414,14.6,3.0,4.0,14.0,16.0,66.0,66.0,132.0,132.0,61.0,61.0,161.0,9.2,5.8,15.44,1.32,117.0,11.0,7.0,cs137_minus_20,408,0.09766744681506265,nuclide_mode,1.0.0,env_plus_no_ratio,extra_trees,0,,
409,50.82792,29.56786,2416,34.9,3.0,3.0,17.0,19.0,55.0,54.0,137.0,136.0,61.0,61.0,153.0,3.3,6.44,19.36,0.692,141.0,12.0,8.0,cs137_minus_20,409,0.09782788963711356,nuclide_mode,1.0.0,env_plus_no_ratio,extra_trees,0,,
410,50.828065,29.595381,2418,30.8,3.0,3.0,15.0,16.0,67.0,67.0,135.0,134.0,64.0,63.0,132.0,18.8,5.31,14.56,0.591,140.0,8.0,8.0,cs137_minus_20,410,0.09698759315155002,nuclide_mode,1.0.0,env_plus_no_ratio,extra_trees,0,,
411,50.82841,29.6095,2421,11.5,4.0,3.0,17.0,18.0,65.0,65.0,132.0,133.0,64.0,64.0,145.0,8.8,5.95,16.64,1.8,70.0,9.0,5.0,cs137_minus_20,411,0.09679265560576154,nuclide_mode,1.0.0,env_plus_no_ratio,extra_trees,0,,
412,50.8291,29.65034,2424,13.3,4.0,5.0,20.0,21.0,55.0,54.0,131.0,129.0,67.0,67.0,118.0,18.3,5.64,15.92,1.5,102.0,19.0,13.0,cs137_minus_20,412,0.09792955498199057,nuclide_mode,1.0.0,env_plus_no_ratio,extra_trees,0,,
413,50.828443,29.697905,2427,7.43,7.0,7.0,18.0,19.0,50.0,50.0,126.0,128.0,66.0,66.0,118.0,6.6,5.83,11.2,1.89,88.0,12.0,13.0,cs137_minus_20,413,0.0970391752370027,nuclide_mode,1.0.0,env_plus_no_ratio,extra_trees,0,,
414,50.82842,29.7381,2430,6.14,7.0,7.0,13.0,15.0,65.0,65.0,115.0,118.0,58.0,58.0,122.0,6.0,7.01,18.16,3.71,60.0,5.0,5.0,cs137_minus_20,414,0.09870373215325619,nuclide_mode,1.0.0,env_plus_no_ratio,extra_trees,0,,
415,50.8279,29.78119,2433,9.11,10.0,7.0,13.0,15.0,68.0,68.0,118.0,122.0,60.0,59.0,133.0,4.6,7.36,11.2,1.54,50.0,5.0,4.0,cs137_minus_20,415,0.09737194540280245,nuclide_mode,1.0.0,env_plus_no_ratio,extra_trees,0,,
416,50.828089,29.795297,2435,7.12,4.0,4.0,16.0,18.0,60.0,60.0,119.0,122.0,66.0,66.0,131.0,23.7,4.56,61.6,10.8,60.0,6.0,4.0,cs137_minus_20,416,0.10980391174490496,nuclide_mode,1.0.0,env_plus_no_ratio,extra_trees,0,,
417,50.82773,29.82307,2438,7.28,8.0,7.0,11.0,12.0,68.0,68.0,118.0,124.0,58.0,58.0,142.0,16.1,5.51,22.64,3.88,57.0,8.0,5.0,cs137_minus_20,417,0.10064266584117709,nuclide_mode,1.0.0,env_plus_no_ratio,extra_trees,0,,
418,50.828065,29.866694,2441,8.76,11.0,10.0,10.0,11.0,70.0,70.0,106.0,114.0,53.0,53.0,160.0,23.2,4.62,16.32,2.33,50.0,5.0,4.0,cs137_minus_20,418,0.10041787751175862,nuclide_mode,1.0.0,env_plus_no_ratio,extra_trees,0,,
419,50.82973,29.90933,2444,4.17,6.0,5.0,11.0,13.0,70.0,70.0,123.0,125.0,56.0,56.0,133.0,10.9,5.71,23.36,6.99,80.0,7.0,6.0,cs137_minus_20,419,0.10460515118000256,nuclide_mode,1.0.0,env_plus_no_ratio,extra_trees,0,,
420,50.828089,29.952364,2447,9.94,6.0,6.0,12.0,13.0,77.0,78.0,120.0,125.0,55.0,56.0,139.0,14.3,5.53,31.04,3.9,57.0,8.0,5.0,cs137_minus_20,420,0.10564867302710458,nuclide_mode,1.0.0,env_plus_no_ratio,extra_trees,0,,
421,50.828065,29.99521,2450,4.04,4.0,4.0,11.0,12.0,74.0,74.0,131.0,133.0,56.0,56.0,136.0,8.3,5.91,37.36000000000001,11.5,199.0,21.0,13.0,cs137_minus_20,421,0.1106623096211095,nuclide_mode,1.0.0,env_plus_no_ratio,extra_trees,0,,
422,50.828089,30.038037,2453,4.3,3.0,3.0,14.0,15.0,73.0,73.0,127.0,131.0,58.0,58.0,134.0,6.3,6.54,19.52,5.67,252.0,17.0,16.0,cs137_minus_20,422,0.10546841059174698,nuclide_mode,1.0.0,env_plus_no_ratio,extra_trees,0,,
423,50.827524,30.081477,2456,6.71,4.0,4.0,16.0,17.0,56.0,56.0,130.0,129.0,66.0,66.0,125.0,2.8,6.56,20.16,3.76,140.0,10.0,8.0,cs137_minus_20,423,0.09876453497061799,nuclide_mode,1.0.0,env_plus_no_ratio,extra_trees,0,,
424,50.8251,30.09468,2460,2.37,7.0,7.0,15.0,16.0,57.0,57.0,128.0,127.0,66.0,66.0,128.0,5.6,6.67,21.52,11.4,90.0,10.0,6.0,cs137_minus_20,424,0.10134951121579103,nuclide_mode,1.0.0,env_plus_no_ratio,extra_trees,0,,
425,50.81948,29.89986,2487,5.05,4.0,4.0,18.0,19.0,62.0,62.0,136.0,134.0,64.0,64.0,132.0,12.7,5.12,30.32,7.52,90.0,9.0,6.0,cs137_minus_20,425,0.10163034374027513,nuclide_mode,1.0.0,env_plus_no_ratio,extra_trees,0,,
426,50.81923,29.59508,2510,11.2,3.0,3.0,18.0,20.0,59.0,59.0,131.0,130.0,65.0,65.0,145.0,3.3,6.94,19.12,2.13,170.0,12.0,11.0,cs137_minus_20,426,0.09973623064558822,nuclide_mode,1.0.0,env_plus_no_ratio,extra_trees,0,,
427,50.81824,29.58169,2513,12.4,3.0,3.0,15.0,18.0,63.0,62.0,135.0,134.0,64.0,64.0,137.0,41.1,4.64,17.6,1.76,190.0,14.0,13.0,cs137_minus_20,427,0.10157394319082375,nuclide_mode,1.0.0,env_plus_no_ratio,extra_trees,0,,
428,50.816099,29.638228,2524,9.04,5.0,5.0,16.0,17.0,55.0,55.0,126.0,125.0,68.0,68.0,122.0,5.5,6.52,24.64,3.41,70.0,6.0,5.0,cs137_minus_20,428,0.09897673355950903,nuclide_mode,1.0.0,env_plus_no_ratio,extra_trees,0,,
429,50.810078,29.581102,2544,12.7,4.0,4.0,17.0,18.0,60.0,60.0,132.0,131.0,66.0,66.0,146.0,18.0,4.93,21.44,2.12,80.0,7.0,6.0,cs137_minus_20,429,0.09785291980771954,nuclide_mode,1.0.0,env_plus_no_ratio,extra_trees,0,,
430,50.81033,29.91423,2570,4.17,5.0,5.0,16.0,17.0,59.0,59.0,130.0,131.0,64.0,64.0,134.0,22.7,4.87,35.04,10.5,96.0,11.0,8.0,cs137_minus_20,430,0.10291804007175065,nuclide_mode,1.0.0,env_plus_no_ratio,extra_trees,0,,
431,50.800511,30.08088,2591,3.63,5.0,5.0,14.0,16.0,53.0,53.0,124.0,125.0,65.0,65.0,123.0,8.9,6.39,26.480000000000004,9.11,50.0,11.0,9.0,cs137_minus_20,431,0.10152796615370288,nuclide_mode,1.0.0,env_plus_no_ratio,extra_trees,0,,
432,50.80111,30.038037,2595,6.05,5.0,5.0,15.0,16.0,63.0,63.0,129.0,128.0,66.0,66.0,133.0,12.0,5.22,32.080000000000005,6.62,50.0,8.0,4.0,cs137_minus_20,432,0.10200275282240047,nuclide_mode,1.0.0,env_plus_no_ratio,extra_trees,0,,
433,50.801379,30.008669,2597,3.23,4.0,4.0,13.0,15.0,59.0,59.0,131.0,130.0,61.0,61.0,136.0,4.2,6.4,26.960000000000004,10.4,120.0,8.0,7.0,cs137_minus_20,433,0.10166440833455602,nuclide_mode,1.0.0,env_plus_no_ratio,extra_trees,0,,
434,50.801488,29.995708,2600,5.12,5.0,5.0,14.0,15.0,62.0,63.0,132.0,134.0,63.0,63.0,138.0,10.2,5.39,41.44,10.1,100.0,8.0,7.0,cs137_minus_20,434,0.104354477831075,nuclide_mode,1.0.0,env_plus_no_ratio,extra_trees,0,,
435,50.800727,29.951162,2603,2.98,7.0,6.0,11.0,12.0,76.0,76.0,113.0,122.0,51.0,52.0,152.0,18.3,5.24,27.760000000000005,11.7,50.0,8.0,6.0,cs137_minus_20,435,0.1115211133365289,nuclide_mode,1.0.0,env_plus_no_ratio,extra_trees,0,,
436,50.80116,29.91087,2606,3.63,5.0,5.0,15.0,17.0,63.0,63.0,132.0,134.0,62.0,62.0,134.0,7.9,5.43,31.52,10.8,76.0,7.0,5.0,cs137_minus_20,436,0.10227796201455809,nuclide_mode,1.0.0,env_plus_no_ratio,extra_trees,0,,
437,50.801085,29.86691,2609,7.11,4.0,4.0,14.0,15.0,65.0,65.0,132.0,132.0,58.0,58.0,131.0,5.7,6.38,16.56,2.91,80.0,8.0,7.0,cs137_minus_20,437,0.09766976955056485,nuclide_mode,1.0.0,env_plus_no_ratio,extra_trees,0,,
438,50.80162,29.82391,2612,11.4,11.0,10.0,13.0,13.0,73.0,73.0,115.0,124.0,54.0,54.0,155.0,2.6,7.53,17.040000000000003,1.87,48.0,5.0,3.0,cs137_minus_20,438,0.10082023341196665,nuclide_mode,1.0.0,env_plus_no_ratio,extra_trees,0,,
439,50.80108,29.737545,2618,10.5,11.0,11.0,11.0,12.0,64.0,64.0,112.0,118.0,51.0,52.0,150.0,20.0,5.46,10.56,1.25,60.0,6.0,4.0,cs137_minus_20,439,0.09386230965878996,nuclide_mode,1.0.0,env_plus_no_ratio,extra_trees,0,,
440,50.800773,29.695775,2621,7.85,8.0,8.0,14.0,15.0,65.0,65.0,115.0,122.0,56.0,56.0,155.0,25.1,4.38,12.08,1.92,50.0,6.0,4.0,cs137_minus_20,440,0.09700222799961146,nuclide_mode,1.0.0,env_plus_no_ratio,extra_trees,0,,
441,50.800875,29.652148,2624,12.7,8.0,7.0,14.0,16.0,69.0,70.0,111.0,120.0,60.0,60.0,144.0,20.9,4.57,20.32,2.0,44.0,7.0,5.0,cs137_minus_20,441,0.0980931872388417,nuclide_mode,1.0.0,env_plus_no_ratio,extra_trees,0,,
442,50.80111,29.60967,2627,9.2,7.0,7.0,16.0,17.0,60.0,60.0,128.0,127.0,64.0,64.0,129.0,24.3,4.81,13.2,1.79,50.0,4.0,4.0,cs137_minus_20,442,0.0971612420209909,nuclide_mode,1.0.0,env_plus_no_ratio,extra_trees,0,,
443,50.80115,29.52336,2633,11.6,4.0,4.0,18.0,19.0,58.0,58.0,136.0,135.0,63.0,63.0,149.0,6.0,6.72,15.840000000000002,1.7,220.0,14.0,17.0,cs137_minus_20,443,0.1020458132939884,nuclide_mode,1.0.0,env_plus_no_ratio,extra_trees,0,,
444,50.79814,29.5096,2638,12.1,3.0,3.0,15.0,17.0,67.0,67.0,133.0,134.0,62.0,62.0,154.0,6.0,6.06,21.76,2.25,100.0,9.0,6.0,cs137_minus_20,444,0.09762631058243515,nuclide_mode,1.0.0,env_plus_no_ratio,extra_trees,0,,
445,50.795115,30.052317,2644,5.57,4.0,4.0,20.0,21.0,50.0,50.0,135.0,133.0,68.0,68.0,130.0,10.3,5.11,25.84,5.8,45.0,7.0,5.0,cs137_minus_20,445,0.10085590583235612,nuclide_mode,1.0.0,env_plus_no_ratio,extra_trees,0,,
446,50.795115,30.033279,2648,6.27,5.0,5.0,18.0,19.0,56.0,56.0,129.0,128.0,67.0,67.0,137.0,9.7,5.93,22.72,4.54,188.0,15.0,12.0,cs137_minus_20,446,0.10158170293657837,nuclide_mode,1.0.0,env_plus_no_ratio,extra_trees,0,,
447,50.79279,29.52362,2653,11.5,4.0,4.0,15.0,17.0,67.0,67.0,134.0,136.0,63.0,63.0,150.0,3.0,6.59,20.4,2.22,100.0,7.0,7.0,cs137_minus_20,447,0.09776716745814827,nuclide_mode,1.0.0,env_plus_no_ratio,extra_trees,0,,
448,50.78891,29.55187,2695,13.5,4.0,4.0,20.0,21.0,57.0,57.0,131.0,131.0,65.0,65.0,140.0,31.6,4.56,22.56,2.09,134.0,14.0,9.0,cs137_minus_20,448,0.09806731543568831,nuclide_mode,1.0.0,env_plus_no_ratio,extra_trees,0,,
449,50.78651,29.53798,2709,9.68,4.0,4.0,19.0,21.0,61.0,60.0,134.0,133.0,58.0,59.0,137.0,29.7,4.8,16.880000000000003,2.18,220.0,17.0,14.0,cs137_minus_20,449,0.10114968900980532,nuclide_mode,1.0.0,env_plus_no_ratio,extra_trees,0,,
450,50.78292,29.52433,2750,8.7,4.0,4.0,16.0,18.0,69.0,69.0,132.0,130.0,58.0,58.0,144.0,14.7,5.1,20.56,2.96,80.0,10.0,5.0,cs137_minus_20,450,0.09846544685401194,nuclide_mode,1.0.0,env_plus_no_ratio,extra_trees,0,,
451,50.78271,29.51032,2753,13.3,3.0,3.0,14.0,15.0,70.0,71.0,132.0,133.0,58.0,57.0,143.0,30.7,5.01,18.08,1.7,70.0,8.0,7.0,cs137_minus_20,451,0.09676237996013602,nuclide_mode,1.0.0,env_plus_no_ratio,extra_trees,0,,
452,50.774105,29.481023,2761,17.2,4.0,5.0,17.0,18.0,60.0,59.0,118.0,125.0,62.0,62.0,148.0,25.4,5.04,16.880000000000003,1.23,55.0,8.0,4.0,cs137_minus_20,452,0.09777609542657643,nuclide_mode,1.0.0,env_plus_no_ratio,extra_trees,0,,
453,50.77541,29.52476,2763,20.4,6.0,6.0,17.0,18.0,48.0,48.0,122.0,124.0,60.0,60.0,123.0,4.9,6.72,16.400000000000002,1.0,210.0,22.0,26.0,cs137_minus_20,453,0.09886577276518699,nuclide_mode,1.0.0,env_plus_no_ratio,extra_trees,0,,
454,50.772658,29.565394,2765,13.0,5.0,5.0,19.0,21.0,50.0,50.0,132.0,131.0,65.0,65.0,122.0,1.6,7.72,14.32,1.37,266.0,42.0,31.0,cs137_minus_20,454,0.10758954236403072,nuclide_mode,1.0.0,env_plus_no_ratio,extra_trees,0,,
455,50.774105,29.652408,2768,9.07,6.0,5.0,13.0,14.0,77.0,77.0,121.0,127.0,55.0,55.0,152.0,24.9,4.56,13.28,1.83,51.0,6.0,4.0,cs137_minus_20,455,0.09714451167813641,nuclide_mode,1.0.0,env_plus_no_ratio,extra_trees,0,,
456,50.774132,29.695343,2771,10.1,5.0,4.0,11.0,12.0,72.0,73.0,104.0,109.0,55.0,55.0,158.0,41.4,4.4,13.04,1.63,70.0,10.0,5.0,cs137_minus_20,456,0.09667170189563168,nuclide_mode,1.0.0,env_plus_no_ratio,extra_trees,0,,
457,50.774132,29.738181,2774,5.36,9.0,9.0,10.0,11.0,72.0,72.0,117.0,124.0,54.0,54.0,152.0,9.8,5.52,9.920000000000002,2.31,60.0,8.0,4.0,cs137_minus_20,457,0.098788763693122,nuclide_mode,1.0.0,env_plus_no_ratio,extra_trees,0,,
458,50.774105,29.780948,2777,5.83,7.0,6.0,13.0,14.0,67.0,67.0,128.0,130.0,62.0,62.0,139.0,5.9,6.63,17.44,3.74,55.0,10.0,5.0,cs137_minus_20,458,0.09877684544389394,nuclide_mode,1.0.0,env_plus_no_ratio,extra_trees,0,,
459,50.774105,29.952371,2781,4.59,6.0,5.0,10.0,12.0,74.0,73.0,121.0,129.0,52.0,52.0,158.0,12.5,5.28,20.64,5.61,30.0,6.0,4.0,cs137_minus_20,459,0.10286976058299245,nuclide_mode,1.0.0,env_plus_no_ratio,extra_trees,0,,
460,50.774105,29.99521,2784,4.36,5.0,5.0,11.0,12.0,77.0,78.0,116.0,124.0,52.0,53.0,142.0,8.1,5.69,25.28,7.25,84.0,11.0,6.0,cs137_minus_20,460,0.10850796040486115,nuclide_mode,1.0.0,env_plus_no_ratio,extra_trees,0,,
461,50.774132,30.038037,2787,5.7,7.0,8.0,14.0,15.0,64.0,64.0,122.0,127.0,60.0,60.0,143.0,7.7,5.55,18.16,3.99,96.0,8.0,5.5,cs137_minus_20,461,0.09976255370987903,nuclide_mode,1.0.0,env_plus_no_ratio,extra_trees,0,,
462,51.151822,29.823855,2802,10.7,5.0,5.0,17.0,18.0,53.0,53.0,138.0,136.0,60.0,59.0,136.0,5.5,5.91,20.8,2.42,40.0,8.0,7.0,cs137_minus_20,462,0.09782167254797412,nuclide_mode,1.0.0,env_plus_no_ratio,extra_trees,0,,
463,51.123834,29.781093,2811,3.55,6.0,5.0,16.0,18.0,60.0,60.0,133.0,132.0,61.0,61.0,128.0,13.3,5.48,6.16,2.17,40.0,8.0,7.0,cs137_minus_20,463,0.09697029959888911,nuclide_mode,1.0.0,env_plus_no_ratio,extra_trees,0,,
464,51.152105,29.778549,2817,5.0,5.0,5.0,11.0,12.0,76.0,76.0,129.0,129.0,54.0,54.0,139.0,24.0,4.56,17.6,4.39,54.0,5.0,3.0,cs137_minus_20,464,0.10137650380807524,nuclide_mode,1.0.0,env_plus_no_ratio,extra_trees,0,,
465,51.12511,29.73936,2818,5.97,8.0,8.0,10.0,11.0,67.0,68.0,120.0,125.0,57.0,57.0,144.0,30.3,4.61,5.800000000000001,1.21,48.0,4.0,3.3,cs137_minus_20,465,0.09694914865326361,nuclide_mode,1.0.0,env_plus_no_ratio,extra_trees,0,,
466,51.152375,29.739076,2819,7.93,3.0,3.0,15.0,16.0,66.0,66.0,133.0,131.0,62.0,62.0,144.0,8.3,5.53,8.24,1.3,110.0,11.0,9.0,cs137_minus_20,466,0.09691982879835875,nuclide_mode,1.0.0,env_plus_no_ratio,extra_trees,0,,
467,51.151822,29.695338,2820,7.57,7.0,6.0,9.0,11.0,78.0,79.0,119.0,126.0,53.0,53.0,163.0,27.4,4.96,11.6,1.91,90.0,13.0,6.0,cs137_minus_20,467,0.09799025057548343,nuclide_mode,1.0.0,env_plus_no_ratio,extra_trees,0,,
468,51.12492,29.696735,2821,17.9,6.0,5.0,11.0,12.0,74.0,74.0,121.0,127.0,58.0,58.0,157.0,30.4,4.2,9.28,0.644,50.0,7.0,5.0,cs137_minus_20,468,0.09726370018441013,nuclide_mode,1.0.0,env_plus_no_ratio,extra_trees,0,,
469,51.125291,29.656334,2822,7.59,4.0,4.0,16.0,17.0,58.0,57.0,136.0,135.0,63.0,63.0,143.0,6.7,6.28,10.88,1.79,156.0,26.0,22.0,cs137_minus_20,469,0.10023550581796214,nuclide_mode,1.0.0,env_plus_no_ratio,extra_trees,0,,
470,51.097862,29.695255,2823,4.51,5.0,4.0,15.0,17.0,70.0,70.0,125.0,126.0,61.0,61.0,141.0,26.8,4.73,6.896,1.91,90.0,11.0,10.0,cs137_minus_20,470,0.0977485110793253,nuclide_mode,1.0.0,env_plus_no_ratio,extra_trees,0,,
471,51.070635,29.735813,2824,12.7,9.0,8.0,11.0,12.0,69.0,68.0,122.0,128.0,54.0,54.0,152.0,14.5,5.26,10.0,0.986,120.0,8.0,8.0,cs137_minus_20,471,0.09782181346566471,nuclide_mode,1.0.0,env_plus_no_ratio,extra_trees,0,,
472,51.072272,29.694579,2825,1.29,4.0,5.0,15.0,17.0,57.0,57.0,138.0,139.0,64.0,64.0,138.0,9.3,5.62,7.208,6.97,143.0,14.0,8.0,cs137_minus_20,472,0.09925694893329802,nuclide_mode,1.0.0,env_plus_no_ratio,extra_trees,0,,
473,51.0435,29.65191,2826,4.85,3.0,4.0,17.0,18.0,52.0,52.0,135.0,136.0,65.0,65.0,159.0,4.5,6.17,10.48,2.71,317.0,27.0,19.0,cs137_minus_20,473,0.11801624919258559,nuclide_mode,1.0.0,env_plus_no_ratio,extra_trees,0,,
474,51.043935,29.607021,2827,14.0,3.0,3.0,18.0,19.0,54.0,54.0,135.0,133.0,63.0,63.0,166.0,4.3,6.95,12.880000000000004,1.15,221.0,18.0,14.0,cs137_minus_20,474,0.10189717624939529,nuclide_mode,1.0.0,env_plus_no_ratio,extra_trees,0,,
475,51.043315,29.566834,2828,12.5,4.0,4.0,17.0,18.0,60.0,60.0,131.0,131.0,61.0,61.0,180.0,28.9,4.29,16.880000000000003,1.69,218.0,18.0,13.0,cs137_minus_20,475,0.10205826715700471,nuclide_mode,1.0.0,env_plus_no_ratio,extra_trees,0,,
476,51.043903,29.523869,2829,26.8,4.0,4.0,17.0,18.0,63.0,62.0,131.0,132.0,59.0,59.0,182.0,12.0,5.39,10.0,0.467,262.0,14.0,15.0,cs137_minus_20,476,0.10342522666428215,nuclide_mode,1.0.0,env_plus_no_ratio,extra_trees,0,,
477,51.070883,29.523869,2830,2.1,4.0,4.0,18.0,20.0,59.0,59.0,138.0,136.0,62.0,62.0,182.0,13.5,5.2,7.08,4.2,250.0,15.0,15.0,cs137_minus_20,477,0.10264092768571295,nuclide_mode,1.0.0,env_plus_no_ratio,extra_trees,0,,
478,51.070892,29.480208,2831,23.8,3.0,3.0,17.0,19.0,65.0,65.0,137.0,136.0,63.0,63.0,182.0,9.7,5.46,28.56,1.5,200.0,10.0,11.0,cs137_minus_20,478,0.1010740159171857,nuclide_mode,1.0.0,env_plus_no_ratio,extra_trees,0,,
479,51.043914,29.48116,2832,49.0,9.0,9.0,12.0,14.0,73.0,73.0,125.0,129.0,56.0,56.0,192.0,16.0,5.66,14.080000000000002,0.36,100.0,6.0,5.0,cs137_minus_20,479,0.10049884857992974,nuclide_mode,1.0.0,env_plus_no_ratio,extra_trees,0,,
480,51.043903,29.438176,2833,63.9,5.0,5.0,18.0,19.0,56.0,56.0,133.0,131.0,64.0,63.0,175.0,4.3,6.27,52.88,1.03,70.0,9.0,7.0,cs137_minus_20,480,0.1069912261845993,nuclide_mode,1.0.0,env_plus_no_ratio,extra_trees,0,,
481,51.016936,29.438323,2834,28.8,4.0,4.0,17.0,19.0,61.0,61.0,140.0,139.0,62.0,62.0,173.0,7.0,6.05,31.360000000000003,1.36,297.0,15.0,17.0,cs137_minus_20,481,0.10694917105898273,nuclide_mode,1.0.0,env_plus_no_ratio,extra_trees,0,,
482,50.988598,29.438219,2835,36.9,4.0,4.0,17.0,18.0,56.0,55.0,132.0,131.0,61.0,61.0,161.0,6.2,6.86,18.96,0.641,118.0,20.0,9.0,cs137_minus_20,482,0.09854828360384298,nuclide_mode,1.0.0,env_plus_no_ratio,extra_trees,0,,
483,50.989943,29.39533,2836,36.4,5.0,5.0,11.0,12.0,68.0,68.0,123.0,124.0,62.0,62.0,183.0,21.0,4.97,25.200000000000003,0.866,100.0,9.0,6.0,cs137_minus_20,483,0.09970996391756003,nuclide_mode,1.0.0,env_plus_no_ratio,extra_trees,0,,
484,50.962981,29.395487,2837,34.2,3.0,3.0,13.0,14.0,68.0,68.0,130.0,131.0,61.0,61.0,178.0,5.0,6.47,20.08,0.736,140.0,9.0,9.0,cs137_minus_20,484,0.09804609989676621,nuclide_mode,1.0.0,env_plus_no_ratio,extra_trees,0,,
485,50.93645,29.438323,2838,17.8,3.0,3.0,19.0,20.0,56.0,56.0,137.0,138.0,63.0,63.0,173.0,7.3,5.67,23.52,1.65,235.0,22.0,13.0,cs137_minus_20,485,0.10246686283591638,nuclide_mode,1.0.0,env_plus_no_ratio,extra_trees,0,,
486,50.90868,29.4383,2839,28.3,4.0,5.0,12.0,14.0,68.0,69.0,127.0,128.0,56.0,56.0,190.0,14.7,5.43,17.12,0.756,106.0,14.0,7.0,cs137_minus_20,486,0.09824141903853807,nuclide_mode,1.0.0,env_plus_no_ratio,extra_trees,0,,
487,50.882024,29.481023,2840,15.5,4.0,3.0,15.0,16.0,69.0,70.0,130.0,131.0,60.0,60.0,176.0,5.9,5.84,13.92,1.13,90.0,9.0,8.0,cs137_minus_20,487,0.0971990310164542,nuclide_mode,1.0.0,env_plus_no_ratio,extra_trees,0,,
488,50.855044,29.481023,2841,20.2,4.0,4.0,19.0,20.0,58.0,58.0,134.0,132.0,63.0,63.0,174.0,2.2,7.56,13.68,0.846,55.0,8.0,4.0,cs137_minus_20,488,0.09678451668156708,nuclide_mode,1.0.0,env_plus_no_ratio,extra_trees,0,,
489,50.827867,29.478841,2842,21.2,6.0,5.0,13.0,14.0,62.0,62.0,128.0,129.0,58.0,58.0,178.0,22.1,4.79,18.8,1.11,122.0,15.0,8.0,cs137_minus_20,489,0.09854323449050378,nuclide_mode,1.0.0,env_plus_no_ratio,extra_trees,0,,
490,50.800762,29.479558,2843,16.1,5.0,6.0,13.0,15.0,73.0,73.0,131.0,132.0,57.0,57.0,168.0,27.4,4.36,15.36,1.19,64.0,8.0,5.0,cs137_minus_20,490,0.09780693378414909,nuclide_mode,1.0.0,env_plus_no_ratio,extra_trees,0,,
491,50.773533,29.438323,2844,21.6,4.0,4.0,16.0,18.0,48.0,48.0,131.0,133.0,66.0,66.0,150.0,4.6,5.98,13.44,0.775,83.0,13.0,5.0,cs137_minus_20,491,0.0973585214713469,nuclide_mode,1.0.0,env_plus_no_ratio,extra_trees,0,,
492,50.7463,29.47899,2845,18.3,5.0,5.0,10.0,12.0,75.0,75.0,119.0,125.0,55.0,55.0,133.0,27.7,4.74,13.44,0.919,54.0,7.0,3.0,cs137_minus_20,492,0.0964033748051101,nuclide_mode,1.0.0,env_plus_no_ratio,extra_trees,0,,
493,50.747125,29.523869,2846,3.55,8.0,8.0,13.0,14.0,75.0,75.0,113.0,120.0,51.0,51.0,143.0,36.4,4.77,7.968000000000001,2.8,48.0,6.0,4.0,cs137_minus_20,493,0.09682457723727775,nuclide_mode,1.0.0,env_plus_no_ratio,extra_trees,0,,
494,50.747125,29.566822,2847,13.6,5.0,6.0,13.0,14.0,71.0,71.0,115.0,123.0,56.0,56.0,143.0,42.6,3.97,9.44,0.873,45.0,10.0,4.0,cs137_minus_20,494,0.09712911701517962,nuclide_mode,1.0.0,env_plus_no_ratio,extra_trees,0,,
495,50.774105,29.609562,2848,6.08,9.0,10.0,13.0,14.0,64.0,65.0,111.0,115.0,64.0,64.0,129.0,4.6,6.87,9.6,1.97,42.0,11.0,7.0,cs137_minus_20,495,0.09794148057937349,nuclide_mode,1.0.0,env_plus_no_ratio,extra_trees,0,,
496,50.747154,29.60967,2849,6.58,5.0,5.0,12.0,13.0,73.0,73.0,121.0,127.0,57.0,57.0,159.0,45.0,3.69,14.880000000000004,2.83,50.0,7.0,6.0,cs137_minus_20,496,0.09861627228267766,nuclide_mode,1.0.0,env_plus_no_ratio,extra_trees,0,,
497,50.747154,29.652507,2850,7.97,6.0,5.0,12.0,13.0,71.0,71.0,112.0,119.0,53.0,53.0,156.0,45.0,3.44,13.36,2.09,60.0,4.0,3.0,cs137_minus_20,497,0.09656437897115176,nuclide_mode,1.0.0,env_plus_no_ratio,extra_trees,0,,
498,50.747753,29.695343,2851,3.99,7.0,7.0,10.0,11.0,80.0,80.0,114.0,123.0,52.0,52.0,166.0,15.8,5.08,17.12,5.35,56.0,9.0,5.0,cs137_minus_20,498,0.10295942396740358,nuclide_mode,1.0.0,env_plus_no_ratio,extra_trees,0,,
499,50.747125,29.738101,2852,7.05,6.0,7.0,14.0,15.0,66.0,67.0,116.0,118.0,58.0,58.0,157.0,45.0,4.45,16.080000000000002,2.85,50.0,8.0,9.0,cs137_minus_20,499,0.09758739420859339,nuclide_mode,1.0.0,env_plus_no_ratio,extra_trees,0,,
500,50.747125,29.780948,2853,7.26,7.0,7.0,12.0,13.0,70.0,70.0,121.0,122.0,57.0,57.0,156.0,17.6,4.95,11.04,1.91,30.0,9.0,5.0,cs137_minus_20,500,0.09766952647008882,nuclide_mode,1.0.0,env_plus_no_ratio,extra_trees,0,,
501,50.774132,29.823854,2854,8.25,5.0,5.0,15.0,16.0,63.0,63.0,133.0,133.0,59.0,59.0,135.0,3.2,6.46,15.44,2.34,67.0,8.0,5.0,cs137_minus_20,501,0.09714699218868604,nuclide_mode,1.0.0,env_plus_no_ratio,extra_trees,0,,
502,50.747154,29.823854,2855,4.82,5.0,7.0,13.0,14.0,70.0,70.0,117.0,123.0,51.0,51.0,154.0,40.0,4.7,11.44,2.97,40.0,3.0,3.0,cs137_minus_20,502,0.09661920494450588,nuclide_mode,1.0.0,env_plus_no_ratio,extra_trees,0,,
503,50.77465,29.86633,2856,3.67,8.0,8.0,13.0,14.0,69.0,70.0,119.0,122.0,55.0,55.0,141.0,12.1,5.83,21.840000000000003,7.43,40.0,5.0,4.0,cs137_minus_20,503,0.1043433360642445,nuclide_mode,1.0.0,env_plus_no_ratio,extra_trees,0,,
504,50.747154,29.86669,2857,5.15,6.0,5.0,11.0,13.0,71.0,71.0,120.0,126.0,57.0,57.0,166.0,23.6,4.44,22.0,5.35,48.0,5.0,3.0,cs137_minus_20,504,0.1045203653541553,nuclide_mode,1.0.0,env_plus_no_ratio,extra_trees,0,,
505,50.747503,29.909794,2858,8.5,6.0,6.0,13.0,14.0,76.0,76.0,118.0,126.0,54.0,54.0,167.0,43.5,3.95,11.52,1.7,50.0,6.0,3.0,cs137_minus_20,505,0.09803632347729221,nuclide_mode,1.0.0,env_plus_no_ratio,extra_trees,0,,
506,50.774105,29.909532,2859,6.29,5.0,5.0,14.0,15.0,64.0,64.0,128.0,130.0,63.0,63.0,140.0,7.0,5.67,27.44,5.45,58.0,9.0,4.0,cs137_minus_20,506,0.10005386557446046,nuclide_mode,1.0.0,env_plus_no_ratio,extra_trees,0,,
507,50.74714,29.95358,2860,2.98,6.0,5.0,13.0,14.0,67.0,66.0,127.0,129.0,61.0,61.0,148.0,13.7,6.14,18.4,7.75,43.0,4.0,4.0,cs137_minus_20,507,0.10173220422849001,nuclide_mode,1.0.0,env_plus_no_ratio,extra_trees,0,,
508,50.747665,29.994827,2861,6.19,7.0,7.0,12.0,13.0,74.0,75.0,119.0,127.0,52.0,52.0,162.0,4.6,6.37,29.760000000000005,6.0,30.0,6.0,5.0,cs137_minus_20,508,0.10996220425074266,nuclide_mode,1.0.0,env_plus_no_ratio,extra_trees,0,,
509,50.747154,30.03899,2862,7.88,5.0,6.0,18.0,19.0,47.0,46.0,136.0,135.0,66.0,66.0,128.0,5.5,6.15,14.64,2.33,45.0,8.0,5.0,cs137_minus_20,509,0.09716869413494231,nuclide_mode,1.0.0,env_plus_no_ratio,extra_trees,0,,
510,50.747296,30.080938,2863,14.8,5.0,5.0,17.0,18.0,53.0,52.0,131.0,132.0,69.0,69.0,131.0,12.2,5.5,12.4,1.04,40.0,6.0,4.0,cs137_minus_20,510,0.09686524254636258,nuclide_mode,1.0.0,env_plus_no_ratio,extra_trees,0,,
511,50.774132,30.079923,2864,3.95,6.0,5.0,15.0,16.0,55.0,56.0,128.0,127.0,65.0,65.0,125.0,3.8,7.04,21.6,6.85,70.0,7.0,4.0,cs137_minus_20,511,0.10013008226936561,nuclide_mode,1.0.0,env_plus_no_ratio,extra_trees,0,,
512,50.774162,30.121927,2865,5.11,6.0,7.0,11.0,12.0,77.0,77.0,113.0,122.0,54.0,54.0,153.0,25.6,4.87,19.28,4.72,40.0,9.0,5.0,cs137_minus_20,512,0.10272105368183315,nuclide_mode,1.0.0,env_plus_no_ratio,extra_trees,0,,
513,50.801309,30.123328,2866,5.39,4.0,4.0,14.0,15.0,59.0,59.0,136.0,137.0,66.0,66.0,140.0,5.4,5.84,15.76,3.66,250.0,16.0,14.0,cs137_minus_20,513,0.10192565645344705,nuclide_mode,1.0.0,env_plus_no_ratio,extra_trees,0,,
514,50.829576,30.122386,2867,8.54,7.0,7.0,9.0,11.0,70.0,70.0,120.0,121.0,57.0,57.0,138.0,34.9,4.79,20.56,3.01,69.0,8.0,5.0,cs137_minus_20,514,0.09878058944595942,nuclide_mode,1.0.0,env_plus_no_ratio,extra_trees,0,,
515,50.85554,30.123768,2868,7.04,5.0,6.0,11.0,12.0,79.0,79.0,118.0,126.0,52.0,52.0,154.0,11.1,5.25,27.44,4.87,30.0,6.0,4.0,cs137_minus_20,515,0.10468548428296741,nuclide_mode,1.0.0,env_plus_no_ratio,extra_trees,0,,
516,50.854993,30.080178,2869,3.01,6.0,6.0,13.0,14.0,52.0,52.0,133.0,134.0,66.0,66.0,120.0,13.6,5.74,20.64,8.57,100.0,11.0,6.0,cs137_minus_20,516,0.10090311660113978,nuclide_mode,1.0.0,env_plus_no_ratio,extra_trees,0,,
517,50.882024,30.123719,2870,32.3,6.0,6.0,13.0,14.0,63.0,63.0,127.0,128.0,62.0,62.0,131.0,16.7,5.96,41.6,1.61,99.0,14.0,7.0,cs137_minus_20,517,0.1040766137325378,nuclide_mode,1.0.0,env_plus_no_ratio,extra_trees,0,,
518,50.908554,30.122395,2871,6.7,5.0,5.0,12.0,13.0,83.0,83.0,121.0,126.0,56.0,56.0,142.0,25.2,4.62,28.8,5.38,38.0,7.0,3.0,cs137_minus_20,518,0.1059194164861604,nuclide_mode,1.0.0,env_plus_no_ratio,extra_trees,0,,
519,50.935336,30.122566,2872,5.23,9.0,7.0,11.0,12.0,73.0,73.0,116.0,123.0,52.0,52.0,145.0,23.4,5.34,34.32,8.21,59.0,8.0,3.0,cs137_minus_20,519,0.11482178265304913,nuclide_mode,1.0.0,env_plus_no_ratio,extra_trees,0,,
520,50.963576,30.078535,2873,2.45,5.0,5.0,12.0,13.0,69.0,69.0,125.0,128.0,59.0,59.0,131.0,17.3,4.86,33.2,17.0,46.0,10.0,3.0,cs137_minus_20,520,0.10715588938970455,nuclide_mode,1.0.0,env_plus_no_ratio,extra_trees,0,,
521,50.990691,30.081797,2874,4.37,8.0,8.0,13.0,14.0,61.0,62.0,121.0,122.0,64.0,64.0,112.0,1.2,8.26,46.88,13.4,53.0,9.0,3.0,cs137_minus_20,521,0.10636083703761468,nuclide_mode,1.0.0,env_plus_no_ratio,extra_trees,0,,
522,51.01667,30.166168,2875,4.75,7.0,7.0,11.0,12.0,68.0,69.0,112.0,110.0,56.0,55.0,126.0,15.7,4.85,38.400000000000006,10.1,70.0,13.0,6.0,cs137_minus_20,522,0.11627500886148806,nuclide_mode,1.0.0,env_plus_no_ratio,extra_trees,0,,
523,51.017658,30.211893,2876,2.98,5.0,7.0,13.0,14.0,69.0,70.0,120.0,123.0,55.0,55.0,116.0,8.5,5.47,24.64,10.3,43.0,8.0,4.0,cs137_minus_20,523,0.10795643150405791,nuclide_mode,1.0.0,env_plus_no_ratio,extra_trees,0,,
524,51.016184,30.252025,2877,2.94,6.0,6.0,15.0,16.0,71.0,71.0,114.0,120.0,55.0,55.0,113.0,8.3,6.49,36.4,15.5,65.0,10.0,6.0,cs137_minus_20,524,0.11052751776124102,nuclide_mode,1.0.0,env_plus_no_ratio,extra_trees,0,,
525,51.018467,30.338781,2879,6.46,10.0,11.0,13.0,14.0,71.0,71.0,107.0,116.0,53.0,53.0,118.0,22.1,4.4,31.6,6.11,54.0,5.0,3.0,cs137_minus_20,525,0.12125583802333272,nuclide_mode,1.0.0,env_plus_no_ratio,extra_trees,0,,
526,51.017858,30.380573,2880,10.8,20.0,20.0,13.0,14.0,61.0,60.0,97.0,114.0,54.0,54.0,112.0,5.4,6.31,44.080000000000005,5.1,52.0,13.0,6.0,cs137_minus_20,526,0.126611782668579,nuclide_mode,1.0.0,env_plus_no_ratio,extra_trees,0,,
527,51.178653,29.864102,2895,7.06,6.0,5.0,11.0,12.0,73.0,73.0,114.0,119.0,49.0,49.0,153.0,4.7,6.54,11.840000000000002,2.09,45.0,10.0,8.0,cs137_minus_20,527,0.0940375260405001,nuclide_mode,1.0.0,env_plus_no_ratio,extra_trees,0,,
528,51.178802,29.823794,2896,15.3,5.0,6.0,10.0,12.0,77.0,77.0,126.0,126.0,52.0,52.0,151.0,10.2,5.26,18.64,1.53,40.0,8.0,6.0,cs137_minus_20,528,0.09669458774398264,nuclide_mode,1.0.0,env_plus_no_ratio,extra_trees,0,,
529,50.818897,29.452915,2975,30.6,6.0,5.0,14.0,15.0,72.0,72.0,127.0,129.0,58.0,58.0,167.0,22.0,4.91,16.880000000000003,0.691,217.0,16.0,11.0,cs137_minus_20,529,0.10459131206561523,nuclide_mode,1.0.0,env_plus_no_ratio,extra_trees,0,,
530,50.989958,30.123711,3208,3.39,4.0,5.0,11.0,12.0,77.0,76.0,112.0,118.0,52.0,52.0,136.0,45.0,4.1,35.28,13.0,46.0,9.0,4.0,cs137_minus_20,530,0.1197518052240771,nuclide_mode,1.0.0,env_plus_no_ratio,extra_trees,0,,
531,51.07074,29.65233,3454,5.42,5.0,5.0,16.0,18.0,50.0,50.0,133.0,131.0,66.0,66.0,141.0,4.6,7.23,7.359999999999999,1.7,295.0,26.0,20.0,cs137_minus_20,531,0.11261801144139916,nuclide_mode,1.0.0,env_plus_no_ratio,extra_trees,0,,
532,50.951421,29.872403,6000,21.1,3.0,4.0,15.0,17.0,58.0,58.0,123.0,123.0,62.0,62.0,144.0,22.7,4.95,38.32,2.27,40.0,12.0,12.0,cs137_minus_20,532,0.10328014147786474,nuclide_mode,1.0.0,env_plus_no_ratio,extra_trees,0,,
533,50.94914,29.87865,6001,35.8,6.0,5.0,13.0,15.0,61.0,60.0,127.0,129.0,60.0,60.0,142.0,16.2,5.54,61.28,2.14,80.0,10.0,10.0,cs137_minus_20,533,0.11579503324376565,nuclide_mode,1.0.0,env_plus_no_ratio,extra_trees,0,,
534,50.94783,29.86594,6002,11.0,4.0,4.0,18.0,20.0,54.0,54.0,134.0,132.0,62.0,62.0,153.0,6.0,6.08,23.28,2.63,60.0,10.0,8.0,cs137_minus_20,534,0.0982398198739683,nuclide_mode,1.0.0,env_plus_no_ratio,extra_trees,0,,
535,50.944693,29.866018,6003,8.82,3.0,3.0,17.0,18.0,54.0,54.0,134.0,132.0,65.0,65.0,151.0,8.0,5.44,19.040000000000003,2.69,85.0,13.0,7.0,cs137_minus_20,535,0.09749654012677635,nuclide_mode,1.0.0,env_plus_no_ratio,extra_trees,0,,
536,50.938095,29.86207,6004,7.82,4.0,4.0,19.0,20.0,55.0,55.0,135.0,136.0,65.0,65.0,147.0,10.5,5.12,19.6,3.13,86.0,11.0,8.0,cs137_minus_20,536,0.09847094418633526,nuclide_mode,1.0.0,env_plus_no_ratio,extra_trees,0,,
537,50.93631,29.85117,6005,20.2,5.0,5.0,13.0,15.0,56.0,55.0,129.0,129.0,64.0,64.0,150.0,13.7,4.89,30.4,1.88,45.0,8.0,9.0,cs137_minus_20,537,0.09936542943489528,nuclide_mode,1.0.0,env_plus_no_ratio,extra_trees,0,,
538,50.933984,29.862585,6006,9.21,3.0,4.0,18.0,20.0,50.0,52.0,128.0,128.0,65.0,65.0,147.0,6.3,6.38,19.28,2.62,200.0,13.0,10.0,cs137_minus_20,538,0.10302069278487905,nuclide_mode,1.0.0,env_plus_no_ratio,extra_trees,0,,
539,50.93393,29.86825,6007,7.0,3.0,3.0,19.0,20.0,51.0,51.0,130.0,129.0,65.0,65.0,147.0,13.4,5.01,19.040000000000003,3.4,120.0,8.0,8.0,cs137_minus_20,539,0.0997936620734643,nuclide_mode,1.0.0,env_plus_no_ratio,extra_trees,0,,
540,50.932329,29.878773,6008,10.6,4.0,5.0,19.0,21.0,53.0,53.0,130.0,129.0,67.0,67.0,144.0,10.4,5.82,20.16,2.37,160.0,9.0,7.0,cs137_minus_20,540,0.09951983597241149,nuclide_mode,1.0.0,env_plus_no_ratio,extra_trees,0,,
541,51.0759,30.2851,7000,1.8,4.0,4.0,17.0,18.0,53.0,53.0,136.0,138.0,64.0,64.0,112.0,4.3,6.26,39.6,27.5,380.0,27.0,24.0,cs137_minus_20,541,0.10816118926076014,nuclide_mode,1.0.0,env_plus_no_ratio,extra_trees,0,,
542,51.075759,30.285121,7000,1.8,4.0,4.0,17.0,18.0,53.0,53.0,136.0,138.0,64.0,64.0,112.0,4.3,6.26,39.6,27.5,380.0,27.0,24.0,cs137_minus_20,542,0.10816118926076014,nuclide_mode,1.0.0,env_plus_no_ratio,extra_trees,0,,
543,51.021745,30.04811,7001,2.42,5.0,5.0,18.0,19.0,54.0,54.0,132.0,131.0,67.0,67.0,114.0,12.8,5.38,25.6,13.2,210.0,16.0,12.0,cs137_minus_20,543,0.10281827023294021,nuclide_mode,1.0.0,env_plus_no_ratio,extra_trees,0,,
544,51.022164,30.04918,7002,5.23,5.0,5.0,17.0,19.0,53.0,53.0,128.0,127.0,66.0,66.0,112.0,14.3,5.51,44.32,10.6,180.0,14.0,11.0,cs137_minus_20,544,0.1068738761363901,nuclide_mode,1.0.0,env_plus_no_ratio,extra_trees,0,,
