point_id,latitude,longitude,Code,ratio_cs_sr,organic_carbon_b0,organic_carbon_b10,clay_fraction_0_30,clay_fraction_30_60,sand_fraction_b0,sand_fraction_b10,bulk_density_b0,bulk_density_b10,soil_pH_b0,soil_pH_b10,elevation_m,slope_deg_final,twi_scaled,cs137_kBq_m2,sr90_kBq_m2,k40_Bq_kg,ra226_Bq_kg,th232_Bq_kg,scenario_name,source_row_index,predicted_target_dose_rate,model_mode,model_version,feature_set,model_name,warning_count,warning_columns,warning_types
0,51.151183,29.86728,4,4.53,5.0,5.0,13.0,15.0,61.0,61.0,128.0,130.0,58.0,58.0,136.0,12.5,5.29,25.6,6.78,110.0,7.0,10.0,sr90_plus_20,0,0.10215444251914474,nuclide_mode,1.0.0,env_plus_no_ratio,extra_trees,0,,
1,51.14306,29.85566,7,5.48,5.0,5.0,13.0,15.0,62.0,62.0,130.0,131.0,60.0,60.0,134.0,22.5,5.11,15.5,3.396,127.0,9.0,7.0,sr90_plus_20,1,0.09861127448604703,nuclide_mode,1.0.0,env_plus_no_ratio,extra_trees,0,,
2,51.13967,29.86646,12,4.38,5.0,4.0,14.0,16.0,62.0,62.0,133.0,132.0,59.0,59.0,129.0,17.9,5.54,37.7,10.332,124.0,10.0,7.0,sr90_plus_20,2,0.10419234709723761,nuclide_mode,1.0.0,env_plus_no_ratio,extra_trees,0,,
3,51.133835,29.88057,21,3.53,4.0,4.0,15.0,17.0,57.0,56.0,133.0,132.0,64.0,65.0,125.0,16.4,5.21,32.5,11.028,118.0,10.0,6.0,sr90_plus_20,3,0.10233065616697748,nuclide_mode,1.0.0,env_plus_no_ratio,extra_trees,0,,
4,51.125783,30.037053,39,2.37,5.0,5.0,14.0,16.0,50.0,49.0,131.0,130.0,64.0,64.0,117.0,1.6,8.15,111.0,56.4,150.0,19.0,12.0,sr90_plus_20,4,0.10723906678961112,nuclide_mode,1.0.0,env_plus_no_ratio,extra_trees,0,,
5,51.12493,29.95222,45,4.44,5.0,4.0,17.0,18.0,54.0,55.0,133.0,133.0,64.0,64.0,121.0,33.4,4.53,27.5,7.452,154.0,14.0,9.0,sr90_plus_20,5,0.10225409495761853,nuclide_mode,1.0.0,env_plus_no_ratio,extra_trees,0,,
6,51.12447,29.93698,48,2.85,4.0,4.0,14.0,15.0,53.0,52.0,133.0,131.0,65.0,65.0,121.0,6.6,5.8,13.8,5.832,125.0,9.0,9.0,sr90_plus_20,6,0.10048728100025274,nuclide_mode,1.0.0,env_plus_no_ratio,extra_trees,0,,
7,51.1256,29.92359,51,2.89,5.0,5.0,15.0,16.0,52.0,52.0,134.0,132.0,66.0,66.0,122.0,17.7,5.13,36.2,15.0,233.0,13.0,14.0,sr90_plus_20,7,0.10533385253835217,nuclide_mode,1.0.0,env_plus_no_ratio,extra_trees,0,,
8,51.12606,29.90969,54,2.0,4.0,4.0,15.0,17.0,57.0,57.0,134.0,132.0,64.0,64.0,120.0,6.9,6.05,37.3,22.44,207.0,15.0,12.0,sr90_plus_20,8,0.10482485804740725,nuclide_mode,1.0.0,env_plus_no_ratio,extra_trees,0,,
9,51.12501,29.86512,57,1.97,4.0,4.0,15.0,17.0,53.0,53.0,132.0,131.0,64.0,64.0,119.0,4.6,6.57,2.17,1.32,3.2,12.0,14.0,sr90_plus_20,9,0.09759280947800596,nuclide_mode,1.0.0,env_plus_no_ratio,extra_trees,0,,
10,51.12458,29.82432,61,3.53,4.0,4.0,16.0,18.0,57.0,57.0,139.0,138.0,60.0,61.0,129.0,6.6,6.09,16.4,5.58,110.0,85.0,6.6,sr90_plus_20,10,0.10323710525479235,nuclide_mode,1.0.0,env_plus_no_ratio,extra_trees,0,,
11,51.12767,29.83336,62,5.93,4.0,4.0,15.0,17.0,57.0,57.0,133.0,132.0,59.0,59.0,126.0,16.2,5.21,36.9,7.452,178.0,14.0,11.0,sr90_plus_20,11,0.1042415363266859,nuclide_mode,1.0.0,env_plus_no_ratio,extra_trees,0,,
12,51.12198,29.86163,68,3.56,4.0,4.0,17.0,18.0,55.0,55.0,134.0,132.0,65.0,65.0,121.0,9.6,5.47,28.8,9.696,135.0,13.0,8.0,sr90_plus_20,12,0.10169058486789101,nuclide_mode,1.0.0,env_plus_no_ratio,extra_trees,0,,
13,51.121852,30.019,69,1.9,5.0,5.0,16.0,17.0,56.0,56.0,133.0,132.0,64.0,64.0,119.0,2.9,6.48,113.0,71.64,220.0,20.0,12.0,sr90_plus_20,13,0.12034324718790794,nuclide_mode,1.0.0,env_plus_no_ratio,extra_trees,1,sr90_kBq_m2,above_train_range:sr90_kBq_m2
14,51.11882,29.85284,76,3.07,3.0,3.0,17.0,19.0,60.0,60.0,134.0,132.0,63.0,63.0,129.0,8.5,5.89,26.1,10.212,263.0,15.0,15.0,sr90_plus_20,14,0.10406471406923044,nuclide_mode,1.0.0,env_plus_no_ratio,extra_trees,0,,
15,51.11565,29.8666,92,1.82,4.0,4.0,15.0,17.0,55.0,55.0,137.0,135.0,64.0,64.0,124.0,2.6,6.53,29.7,19.56,182.0,9.5,11.0,sr90_plus_20,15,0.10553338382709088,nuclide_mode,1.0.0,env_plus_no_ratio,extra_trees,0,,
16,51.11545,29.88094,95,3.45,5.0,5.0,15.0,17.0,57.0,57.0,133.0,131.0,63.0,63.0,128.0,6.8,5.93,31.6,10.98,131.0,11.0,9.0,sr90_plus_20,16,0.10214147209769277,nuclide_mode,1.0.0,env_plus_no_ratio,extra_trees,0,,
17,51.116417,30.02203,106,2.22,5.0,4.0,15.0,16.0,54.0,54.0,126.0,124.0,64.0,64.0,121.0,27.6,4.78,84.8,45.84,150.0,10.0,9.0,sr90_plus_20,17,0.12132238791685483,nuclide_mode,1.0.0,env_plus_no_ratio,extra_trees,0,,
18,51.115856,30.080875,111,2.63,4.0,4.0,17.0,18.0,49.0,49.0,134.0,136.0,65.0,65.0,126.0,13.3,5.43,62.1,28.32,150.0,13.0,10.0,sr90_plus_20,18,0.11171661888708818,nuclide_mode,1.0.0,env_plus_no_ratio,extra_trees,0,,
19,51.115856,30.109432,113,13.9,5.0,5.0,17.0,18.0,52.0,52.0,141.0,141.0,69.0,69.0,126.0,6.1,6.89,62.4,5.388,156.0,12.0,9.0,sr90_plus_20,19,0.10951321478058082,nuclide_mode,1.0.0,env_plus_no_ratio,extra_trees,0,,
20,51.11586,30.13847,115,8.11,8.0,8.0,12.0,13.0,65.0,65.0,126.0,125.0,58.0,58.0,142.0,18.6,5.38,84.2,12.48,110.0,7.0,5.0,sr90_plus_20,20,0.13481784993276985,nuclide_mode,1.0.0,env_plus_no_ratio,extra_trees,0,,
21,51.115849,30.209404,116,3.44,5.0,4.0,16.0,17.0,69.0,70.0,124.0,128.0,57.0,57.0,122.0,1.2,7.47,46.4,16.2,215.0,12.0,11.0,sr90_plus_20,21,0.10756061252164685,nuclide_mode,1.0.0,env_plus_no_ratio,extra_trees,0,,
22,51.11654,30.28486,119,2.64,5.0,5.0,15.0,16.0,59.0,58.0,124.0,127.0,59.0,59.0,120.0,3.7,6.75,69.8,31.68,80.0,9.0,5.0,sr90_plus_20,22,0.10467256568615113,nuclide_mode,1.0.0,env_plus_no_ratio,extra_trees,0,,
23,51.11642,30.30774,121,3.0,7.0,7.0,13.0,14.0,58.0,58.0,126.0,129.0,64.0,64.0,115.0,1.8,7.68,50.5,20.16,80.0,6.0,5.0,sr90_plus_20,23,0.10465022993926627,nuclide_mode,1.0.0,env_plus_no_ratio,extra_trees,0,,
24,51.11399,30.14742,127,2.59,5.0,5.0,15.0,16.0,62.0,61.0,122.0,121.0,56.0,56.0,129.0,10.0,5.49,26.1,12.12,100.0,10.0,6.0,sr90_plus_20,24,0.10566636699274064,nuclide_mode,1.0.0,env_plus_no_ratio,extra_trees,0,,
25,51.11288,30.01851,131,2.24,4.0,4.0,15.0,16.0,66.0,67.0,135.0,134.0,62.0,62.0,124.0,24.4,4.7,64.9,34.68,90.0,6.0,5.0,sr90_plus_20,25,0.1195833838653331,nuclide_mode,1.0.0,env_plus_no_ratio,extra_trees,0,,
26,51.112858,29.738181,135,10.4,4.0,4.0,13.0,15.0,72.0,72.0,126.0,128.0,60.0,60.0,134.0,18.5,4.73,12.5,1.44,64.0,7.0,6.0,sr90_plus_20,26,0.09725240027735878,nuclide_mode,1.0.0,env_plus_no_ratio,extra_trees,0,,
27,51.11255,29.72871,137,3.38,5.0,5.0,15.0,17.0,67.0,67.0,129.0,129.0,62.0,62.0,134.0,16.0,5.4,8.23,2.928,98.0,12.0,7.0,sr90_plus_20,27,0.09744171016863905,nuclide_mode,1.0.0,env_plus_no_ratio,extra_trees,0,,
28,51.10995,29.74291,141,6.54,5.0,5.0,12.0,14.0,73.0,73.0,131.0,133.0,60.0,60.0,138.0,8.4,6.33,13.8,2.532,99.0,13.0,8.5,sr90_plus_20,28,0.09796098733796017,nuclide_mode,1.0.0,env_plus_no_ratio,extra_trees,0,,
29,51.10971,30.27507,151,4.28,5.0,5.0,15.0,16.0,62.0,62.0,132.0,130.0,62.0,62.0,120.0,3.4,6.45,33.0,9.252,130.0,15.0,7.0,sr90_plus_20,29,0.10248431817212321,nuclide_mode,1.0.0,env_plus_no_ratio,extra_trees,0,,
30,51.10977,30.28535,153,3.66,4.0,4.0,15.0,16.0,59.0,59.0,132.0,131.0,61.0,61.0,119.0,2.8,6.87,56.2,18.48,180.0,15.0,12.0,sr90_plus_20,30,0.10636632190688779,nuclide_mode,1.0.0,env_plus_no_ratio,extra_trees,0,,
31,51.10672,30.30873,155,4.77,5.0,5.0,14.0,15.0,57.0,57.0,115.0,120.0,62.0,62.0,115.0,4.4,6.95,51.6,12.96,230.0,18.0,13.0,sr90_plus_20,31,0.10549415674047415,nuclide_mode,1.0.0,env_plus_no_ratio,extra_trees,0,,
32,51.107,30.29606,156,2.81,4.0,4.0,16.0,16.0,59.0,59.0,137.0,138.0,62.0,62.0,118.0,2.2,8.16,42.7,18.24,220.0,13.0,12.0,sr90_plus_20,32,0.10556336414626781,nuclide_mode,1.0.0,env_plus_no_ratio,extra_trees,0,,
33,51.10643,30.2664,158,3.22,4.0,4.0,14.0,15.0,59.0,59.0,133.0,134.0,60.0,60.0,120.0,5.9,6.06,48.4,18.0,190.0,15.0,9.0,sr90_plus_20,33,0.10619241458698797,nuclide_mode,1.0.0,env_plus_no_ratio,extra_trees,0,,
34,51.10683,30.25109,159,3.38,4.0,4.0,15.0,16.0,55.0,54.0,134.0,132.0,62.0,62.0,119.0,4.6,6.45,52.7,18.72,300.0,17.0,15.0,sr90_plus_20,34,0.10909950223111764,nuclide_mode,1.0.0,env_plus_no_ratio,extra_trees,0,,
35,51.10669,30.22462,161,3.31,5.0,5.0,16.0,17.0,55.0,54.0,138.0,137.0,68.0,68.0,119.0,7.8,5.56,61.0,22.08,350.0,21.0,20.0,sr90_plus_20,35,0.1098809710951117,nuclide_mode,1.0.0,env_plus_no_ratio,extra_trees,0,,
36,51.1069,30.21022,162,4.75,4.0,4.0,16.0,17.0,60.0,59.0,138.0,136.0,59.0,59.0,120.0,4.8,6.79,52.2,13.2,180.0,11.0,9.0,sr90_plus_20,36,0.10553020357409403,nuclide_mode,1.0.0,env_plus_no_ratio,extra_trees,0,,
37,51.10735,30.16653,166,2.1,5.0,4.0,14.0,15.0,62.0,62.0,135.0,133.0,62.0,62.0,122.0,7.7,5.68,75.2,42.96,210.0,13.0,13.0,sr90_plus_20,37,0.10703480570029096,nuclide_mode,1.0.0,env_plus_no_ratio,extra_trees,0,,
38,51.1073,30.152575,169,1.88,3.0,3.0,15.0,16.0,57.0,57.0,133.0,132.0,62.0,62.0,122.0,20.9,4.71,54.2,34.56,210.0,13.0,10.0,sr90_plus_20,38,0.10779551120496082,nuclide_mode,1.0.0,env_plus_no_ratio,extra_trees,0,,
39,51.10651,30.13886,172,1.76,4.0,5.0,15.0,15.0,53.0,53.0,135.0,133.0,62.0,62.0,122.0,13.4,5.29,61.7,42.0,127.0,8.0,7.0,sr90_plus_20,39,0.11349202661273017,nuclide_mode,1.0.0,env_plus_no_ratio,extra_trees,0,,
40,51.10657,30.12264,175,2.2,4.0,4.0,15.0,16.0,55.0,55.0,133.0,131.0,64.0,64.0,124.0,9.1,6.47,71.1,38.76,270.0,22.0,18.0,sr90_plus_20,40,0.11286667568785998,nuclide_mode,1.0.0,env_plus_no_ratio,extra_trees,0,,
41,51.106865,30.109789,176,4.08,5.0,5.0,16.0,17.0,55.0,55.0,134.0,132.0,68.0,68.0,128.0,7.1,6.27,64.4,18.96,300.0,17.0,16.0,sr90_plus_20,41,0.1152436515403765,nuclide_mode,1.0.0,env_plus_no_ratio,extra_trees,0,,
42,51.107079,30.095488,177,2.67,3.0,4.0,16.0,17.0,52.0,52.0,132.0,131.0,62.0,62.0,137.0,3.7,6.2,53.8,24.12,290.0,20.0,16.0,sr90_plus_20,42,0.11369674677235399,nuclide_mode,1.0.0,env_plus_no_ratio,extra_trees,0,,
43,51.106864,30.080875,178,6.35,4.0,4.0,16.0,18.0,54.0,53.0,133.0,132.0,62.0,62.0,134.0,17.5,5.28,57.1,10.8,290.0,16.0,15.0,sr90_plus_20,43,0.11427432342491937,nuclide_mode,1.0.0,env_plus_no_ratio,extra_trees,0,,
44,51.10712,29.98087,185,2.11,5.0,5.0,16.0,17.0,63.0,62.0,136.0,137.0,62.0,63.0,129.0,3.8,6.13,49.1,27.96,258.0,9.0,12.0,sr90_plus_20,44,0.11351492953326212,nuclide_mode,1.0.0,env_plus_no_ratio,extra_trees,0,,
45,51.10735,29.96643,188,2.33,3.0,3.0,17.0,18.0,62.0,62.0,141.0,139.0,63.0,63.0,124.0,8.8,6.14,49.0,25.2,166.0,15.0,10.0,sr90_plus_20,45,0.10659627052088974,nuclide_mode,1.0.0,env_plus_no_ratio,extra_trees,0,,
46,51.107076,29.955287,189,3.43,4.0,4.0,15.0,17.0,65.0,65.0,139.0,137.0,62.0,62.0,125.0,2.2,7.22,35.7,12.48,92.0,10.0,6.0,sr90_plus_20,46,0.10349998863054266,nuclide_mode,1.0.0,env_plus_no_ratio,extra_trees,0,,
47,51.10574,29.90955,192,5.31,6.0,7.0,10.0,12.0,73.0,73.0,124.0,128.0,53.0,53.0,145.0,8.9,5.61,35.9,8.1,67.0,9.0,5.0,sr90_plus_20,47,0.1096648621320014,nuclide_mode,1.0.0,env_plus_no_ratio,extra_trees,0,,
48,51.10689,29.77648,202,4.21,4.0,4.0,14.0,16.0,58.0,57.0,136.0,135.0,58.0,58.0,128.0,4.7,7.13,12.6,3.6,145.0,10.0,9.0,sr90_plus_20,48,0.09907924105550488,nuclide_mode,1.0.0,env_plus_no_ratio,extra_trees,0,,
49,51.10423,29.76188,211,4.39,5.0,4.0,16.0,17.0,65.0,64.0,127.0,126.0,58.0,58.0,129.0,20.0,4.68,10.3,2.808,108.0,6.0,6.0,sr90_plus_20,49,0.09741591047159175,nuclide_mode,1.0.0,env_plus_no_ratio,extra_trees,0,,
50,51.097862,29.738101,233,8.75,5.0,5.0,12.0,13.0,73.0,73.0,117.0,122.0,56.0,56.0,144.0,22.1,4.83,14.8,2.028,30.0,8.0,6.0,sr90_plus_20,50,0.0968216606425811,nuclide_mode,1.0.0,env_plus_no_ratio,extra_trees,0,,
51,51.09808,29.76195,236,5.48,4.0,4.0,16.0,18.0,62.0,62.0,135.0,134.0,59.0,59.0,130.0,7.1,5.86,13.6,2.988,147.0,11.0,10.0,sr90_plus_20,51,0.09877490523426675,nuclide_mode,1.0.0,env_plus_no_ratio,extra_trees,0,,
52,51.098832,29.779019,238,6.28,4.0,4.0,17.0,19.0,60.0,60.0,138.0,140.0,56.0,56.0,131.0,2.8,6.82,13.2,2.532,129.0,10.0,8.0,sr90_plus_20,52,0.0973791426776835,nuclide_mode,1.0.0,env_plus_no_ratio,extra_trees,0,,
53,51.098953,29.825965,241,8.65,6.0,6.0,12.0,14.0,65.0,65.0,117.0,122.0,56.0,56.0,127.0,21.7,5.26,13.6,1.884,100.0,7.0,6.0,sr90_plus_20,53,0.09615964417193044,nuclide_mode,1.0.0,env_plus_no_ratio,extra_trees,0,,
54,51.097862,29.866694,244,13.8,5.0,5.0,11.0,12.0,72.0,72.0,122.0,129.0,55.0,55.0,143.0,15.5,5.17,28.3,2.4599999999999995,111.0,8.0,7.0,sr90_plus_20,54,0.09989636869694288,nuclide_mode,1.0.0,env_plus_no_ratio,extra_trees,0,,
55,51.09713,29.95382,250,1.55,9.0,8.0,12.0,13.0,73.0,74.0,119.0,124.0,50.0,50.0,145.0,24.7,4.49,28.9,22.44,53.0,7.0,5.0,sr90_plus_20,55,0.10794753494763051,nuclide_mode,1.0.0,env_plus_no_ratio,extra_trees,0,,
56,51.09827,29.99426,253,4.98,8.0,7.0,11.0,12.0,71.0,71.0,116.0,120.0,53.0,53.0,150.0,7.3,6.63,55.6,13.44,226.0,14.0,13.0,sr90_plus_20,56,0.13978095803284193,nuclide_mode,1.0.0,env_plus_no_ratio,extra_trees,0,,
57,51.097862,30.023769,255,2.92,4.0,4.0,16.0,17.0,58.0,58.0,133.0,135.0,60.0,60.0,133.0,10.3,5.65,78.6,32.279999999999994,249.0,19.0,15.0,sr90_plus_20,57,0.1139851326599406,nuclide_mode,1.0.0,env_plus_no_ratio,extra_trees,0,,
58,51.09832,30.07888,259,14.6,4.0,4.0,16.0,17.0,59.0,59.0,130.0,131.0,57.0,57.0,127.0,8.4,6.07,64.5,5.303999999999999,300.0,19.0,20.0,sr90_plus_20,58,0.11215373363919695,nuclide_mode,1.0.0,env_plus_no_ratio,extra_trees,0,,
59,51.09823,30.12301,262,2.65,5.0,5.0,16.0,17.0,50.0,49.0,125.0,124.0,63.0,63.0,126.0,5.3,6.51,58.3,26.4,280.0,18.0,15.0,sr90_plus_20,59,0.11346026882947118,nuclide_mode,1.0.0,env_plus_no_ratio,extra_trees,0,,
60,51.09777,30.16727,265,3.8,5.0,5.0,14.0,14.0,63.0,63.0,132.0,132.0,60.0,60.0,121.0,17.0,5.05,60.5,19.08,160.0,12.0,9.0,sr90_plus_20,60,0.10928904690275228,nuclide_mode,1.0.0,env_plus_no_ratio,extra_trees,0,,
61,51.09787,30.20979,268,3.18,4.0,4.0,12.0,13.0,70.0,70.0,133.0,138.0,56.0,56.0,119.0,9.5,6.71,44.6,16.8,140.0,13.0,7.0,sr90_plus_20,61,0.10759956148129164,nuclide_mode,1.0.0,env_plus_no_ratio,extra_trees,0,,
62,51.09777,30.22431,269,2.88,3.0,3.0,16.0,16.0,57.0,57.0,139.0,137.0,62.0,62.0,119.0,0.9,8.24,36.7,15.239999999999998,210.0,14.0,12.0,sr90_plus_20,62,0.10415305721565106,nuclide_mode,1.0.0,env_plus_no_ratio,extra_trees,0,,
63,51.098,30.25237,271,2.94,3.0,3.0,13.0,14.0,61.0,61.0,137.0,136.0,61.0,61.0,116.0,14.4,5.72,43.1,17.52,180.0,25.0,11.0,sr90_plus_20,63,0.1060902036056074,nuclide_mode,1.0.0,env_plus_no_ratio,extra_trees,0,,
64,51.09788,30.26656,272,3.98,3.0,3.0,16.0,17.0,55.0,55.0,137.0,136.0,62.0,62.0,116.0,1.2,8.33,46.7,14.04,260.0,19.0,17.0,sr90_plus_20,64,0.10919984076826174,nuclide_mode,1.0.0,env_plus_no_ratio,extra_trees,0,,
65,51.0983,30.29691,274,4.22,5.0,4.0,16.0,17.0,56.0,56.0,125.0,124.0,60.0,61.0,119.0,2.3,7.12,69.1,19.68,170.0,14.0,9.0,sr90_plus_20,65,0.10769315208542031,nuclide_mode,1.0.0,env_plus_no_ratio,extra_trees,0,,
66,51.09198,29.75775,279,5.12,7.0,7.0,15.0,16.0,65.0,65.0,121.0,121.0,58.0,58.0,129.0,11.0,5.8,14.0,3.2880000000000003,96.0,8.0,6.0,sr90_plus_20,66,0.0975769210615023,nuclide_mode,1.0.0,env_plus_no_ratio,extra_trees,0,,
67,51.09238,30.03711,282,2.99,5.0,5.0,17.0,19.0,54.0,54.0,134.0,133.0,64.0,64.0,129.0,4.9,6.31,61.6,24.72,246.0,19.0,14.0,sr90_plus_20,67,0.1132715450236147,nuclide_mode,1.0.0,env_plus_no_ratio,extra_trees,0,,
68,51.09123,30.05345,285,6.5,5.0,5.0,14.0,15.0,65.0,65.0,130.0,130.0,58.0,58.0,131.0,19.5,4.81,44.7,8.256,116.0,8.0,7.0,sr90_plus_20,68,0.11330434459967746,nuclide_mode,1.0.0,env_plus_no_ratio,extra_trees,0,,
69,51.08926,30.33778,288,2.33,3.0,3.0,15.0,15.0,67.0,67.0,124.0,123.0,59.0,59.0,113.0,8.7,5.67,48.5,24.96,190.0,15.0,11.0,sr90_plus_20,69,0.10747755597192934,nuclide_mode,1.0.0,env_plus_no_ratio,extra_trees,0,,
70,51.08871,30.30723,290,3.48,3.0,3.0,16.0,16.0,58.0,58.0,135.0,140.0,70.0,70.0,115.0,3.3,6.4,43.7,15.12,100.0,6.0,6.0,sr90_plus_20,70,0.10670113934077399,nuclide_mode,1.0.0,env_plus_no_ratio,extra_trees,0,,
71,51.08875,30.2943,291,3.56,4.0,4.0,17.0,18.0,57.0,57.0,139.0,141.0,68.0,69.0,116.0,1.4,7.09,33.9,11.424,99.0,8.5,5.0,sr90_plus_20,71,0.10346696534959002,nuclide_mode,1.0.0,env_plus_no_ratio,extra_trees,0,,
72,51.08902,30.28173,292,3.59,3.0,3.0,17.0,18.0,55.0,55.0,139.0,137.0,68.0,68.0,116.0,0.4,8.75,37.5,12.6,131.0,10.0,7.0,sr90_plus_20,72,0.10586728338806865,nuclide_mode,1.0.0,env_plus_no_ratio,extra_trees,0,,
73,51.08904,30.25095,294,5.16,6.0,6.0,11.0,12.0,53.0,53.0,123.0,129.0,54.0,54.0,121.0,19.7,4.75,57.2,13.32,131.0,11.0,7.0,sr90_plus_20,73,0.14502729618778487,nuclide_mode,1.0.0,env_plus_no_ratio,extra_trees,0,,
74,51.08882,30.22364,296,3.06,4.0,4.0,15.0,16.0,60.0,60.0,128.0,127.0,60.0,60.0,117.0,3.3,6.84,53.1,20.76,290.0,20.0,16.0,sr90_plus_20,74,0.10732883721276361,nuclide_mode,1.0.0,env_plus_no_ratio,extra_trees,0,,
75,51.08949,30.0375,311,1.72,4.0,3.0,16.0,17.0,58.0,57.0,131.0,131.0,61.0,61.0,127.0,8.3,5.86,54.6,38.04,230.0,14.0,15.0,sr90_plus_20,75,0.10950717676507445,nuclide_mode,1.0.0,env_plus_no_ratio,extra_trees,0,,
76,51.08838,30.02322,314,2.24,4.0,4.0,16.0,18.0,57.0,57.0,134.0,135.0,64.0,64.0,125.0,6.4,6.64,54.7,29.28,290.0,24.0,21.0,sr90_plus_20,76,0.11147218382904858,nuclide_mode,1.0.0,env_plus_no_ratio,extra_trees,0,,
77,51.089414,30.009772,316,3.45,3.0,4.0,15.0,17.0,55.0,55.0,135.0,136.0,59.0,59.0,127.0,8.9,6.15,49.4,17.16,220.0,16.0,11.0,sr90_plus_20,77,0.10831892336068578,nuclide_mode,1.0.0,env_plus_no_ratio,extra_trees,0,,
78,51.08329,29.90467,340,2.72,5.0,4.0,14.0,15.0,57.0,56.0,127.0,127.0,58.0,58.0,132.0,5.3,5.82,27.8,12.239999999999998,133.0,12.0,8.0,sr90_plus_20,78,0.10328648216741106,nuclide_mode,1.0.0,env_plus_no_ratio,extra_trees,0,,
79,51.081516,29.99411,362,3.34,4.0,4.0,15.0,17.0,60.0,59.0,131.0,130.0,59.0,59.0,123.0,8.9,5.84,52.6,18.96,130.0,18.0,7.0,sr90_plus_20,79,0.10587444699590014,nuclide_mode,1.0.0,env_plus_no_ratio,extra_trees,0,,
80,51.079876,30.237963,379,2.72,4.0,4.0,15.0,17.0,48.0,48.0,131.0,129.0,64.0,64.0,114.0,3.2,7.21,72.1,31.8,360.0,23.0,22.0,sr90_plus_20,80,0.11314452284372072,nuclide_mode,1.0.0,env_plus_no_ratio,extra_trees,0,,
81,51.079876,30.252243,380,2.63,4.0,3.0,16.0,17.0,44.0,44.0,134.0,132.0,64.0,64.0,115.0,6.8,6.1,51.2,23.4,360.0,21.0,22.0,sr90_plus_20,81,0.11356687320074357,nuclide_mode,1.0.0,env_plus_no_ratio,extra_trees,0,,
82,51.07945,30.28069,382,2.44,3.0,3.0,17.0,18.0,52.0,51.0,138.0,139.0,64.0,64.0,113.0,7.6,5.58,60.0,29.52,340.0,24.0,22.0,sr90_plus_20,82,0.10943019199551507,nuclide_mode,1.0.0,env_plus_no_ratio,extra_trees,0,,
83,51.07985,30.29523,383,3.28,4.0,4.0,16.0,17.0,52.0,52.0,138.0,139.0,64.0,64.0,113.0,6.0,5.92,43.2,15.839999999999998,245.0,17.0,18.0,sr90_plus_20,83,0.10726239020296735,nuclide_mode,1.0.0,env_plus_no_ratio,extra_trees,0,,
84,51.079876,30.309361,384,8.3,4.0,4.0,17.0,18.0,58.0,58.0,133.0,138.0,65.0,65.0,111.0,10.2,5.49,39.9,5.76,90.0,7.0,5.0,sr90_plus_20,84,0.10304771024126494,nuclide_mode,1.0.0,env_plus_no_ratio,extra_trees,0,,
85,51.07903,30.33656,386,3.11,4.0,4.0,14.0,15.0,66.0,67.0,130.0,131.0,59.0,59.0,113.0,6.0,6.25,45.9,17.76,110.0,10.0,6.0,sr90_plus_20,85,0.10572846226276997,nuclide_mode,1.0.0,env_plus_no_ratio,extra_trees,0,,
86,51.0802,30.3521,389,2.92,4.0,4.0,16.0,17.0,60.0,60.0,131.0,133.0,61.0,61.0,111.0,5.8,6.13,12.5,5.124,150.0,14.0,20.0,sr90_plus_20,86,0.10047788900237362,nuclide_mode,1.0.0,env_plus_no_ratio,extra_trees,0,,
87,51.07991,30.38073,392,2.28,3.0,4.0,15.0,16.0,61.0,61.0,129.0,132.0,63.0,63.0,109.0,3.1,6.34,53.0,27.84,182.0,12.0,10.0,sr90_plus_20,87,0.10627681577447179,nuclide_mode,1.0.0,env_plus_no_ratio,extra_trees,0,,
88,51.07956,30.39463,394,2.39,4.0,4.0,16.0,17.0,55.0,54.0,127.0,128.0,62.0,62.0,104.0,10.1,6.09,51.9,26.04,195.0,17.0,12.0,sr90_plus_20,88,0.10790416444074874,nuclide_mode,1.0.0,env_plus_no_ratio,extra_trees,0,,
89,51.07692,29.99038,406,1.92,4.0,4.0,15.0,17.0,58.0,58.0,135.0,134.0,59.0,59.0,126.0,17.2,4.58,83.1,51.96,150.0,11.0,9.0,sr90_plus_20,89,0.11185986044664453,nuclide_mode,1.0.0,env_plus_no_ratio,extra_trees,0,,
90,51.07718,29.90931,413,2.39,4.0,4.0,16.0,18.0,59.0,59.0,134.0,134.0,58.0,58.0,132.0,7.4,5.77,42.2,21.24,78.0,6.0,6.0,sr90_plus_20,90,0.10695717379062714,nuclide_mode,1.0.0,env_plus_no_ratio,extra_trees,0,,
91,51.07401,29.9243,418,2.92,4.0,4.0,13.0,15.0,58.0,58.0,132.0,132.0,61.0,61.0,131.0,8.2,6.15,27.3,11.232,119.0,11.0,7.0,sr90_plus_20,91,0.1018403222518584,nuclide_mode,1.0.0,env_plus_no_ratio,extra_trees,0,,
92,51.07378,29.96635,419,2.45,5.0,5.0,17.0,18.0,48.0,48.0,135.0,134.0,67.0,67.0,126.0,2.6,6.74,39.9,19.56,270.0,19.0,20.0,sr90_plus_20,92,0.10772320245841492,nuclide_mode,1.0.0,env_plus_no_ratio,extra_trees,0,,
93,51.07352,29.98019,422,2.76,3.0,4.0,17.0,18.0,57.0,57.0,135.0,135.0,64.0,64.0,126.0,12.4,5.55,41.5,18.0,190.0,13.0,13.0,sr90_plus_20,93,0.10437457234245986,nuclide_mode,1.0.0,env_plus_no_ratio,extra_trees,0,,
94,51.070883,30.380797,438,2.46,4.0,5.0,16.0,16.0,55.0,55.0,130.0,132.0,68.0,68.0,109.0,3.6,6.36,28.9,14.04,170.0,13.0,11.0,sr90_plus_20,94,0.10476001278658546,nuclide_mode,1.0.0,env_plus_no_ratio,extra_trees,0,,
95,51.07149,30.35115,440,2.74,7.0,7.0,15.0,16.0,57.0,57.0,125.0,125.0,60.0,60.0,110.0,9.6,5.29,51.0,22.32,140.0,9.0,83.0,sr90_plus_20,95,0.10777058509018034,nuclide_mode,1.0.0,env_plus_no_ratio,extra_trees,0,,
96,51.0716,30.29536,444,1.64,3.0,3.0,16.0,17.0,49.0,49.0,135.0,134.0,64.0,64.0,105.0,15.1,5.53,73.2,53.4,100.0,20.0,7.0,sr90_plus_20,96,0.1109399288766821,nuclide_mode,1.0.0,env_plus_no_ratio,extra_trees,0,,
97,51.07112,30.28154,445,2.62,4.0,4.0,16.0,17.0,49.0,49.0,134.0,135.0,63.0,63.0,107.0,10.1,5.44,79.5,36.36,310.0,25.0,19.0,sr90_plus_20,97,0.11442962526043467,nuclide_mode,1.0.0,env_plus_no_ratio,extra_trees,0,,
98,51.07061,30.2655,448,2.54,3.0,4.0,15.0,16.0,51.0,50.0,136.0,137.0,62.0,62.0,112.0,4.4,6.74,61.1,28.92,400.0,26.0,25.0,sr90_plus_20,98,0.11096321424193079,nuclide_mode,1.0.0,env_plus_no_ratio,extra_trees,0,,
99,51.07076,30.25218,451,2.88,3.0,2.0,15.0,16.0,48.0,47.0,134.0,132.0,64.0,64.0,115.0,4.9,6.33,69.7,29.16,390.0,25.0,23.0,sr90_plus_20,99,0.11199970784256265,nuclide_mode,1.0.0,env_plus_no_ratio,extra_trees,0,,
100,51.07117,30.23779,452,3.13,3.0,3.0,16.0,17.0,53.0,53.0,134.0,136.0,65.0,65.0,114.0,5.3,5.91,61.8,23.64,365.0,25.0,20.0,sr90_plus_20,100,0.11134674540929353,nuclide_mode,1.0.0,env_plus_no_ratio,extra_trees,0,,
101,51.070892,30.209384,454,2.87,4.0,4.0,12.0,13.0,71.0,72.0,131.0,130.0,58.0,58.0,117.0,15.9,5.13,34.3,14.28,80.0,8.0,6.0,sr90_plus_20,101,0.10502641374619774,nuclide_mode,1.0.0,env_plus_no_ratio,extra_trees,0,,
102,51.07092,30.19519,455,23.2,5.0,5.0,12.0,13.0,71.0,71.0,125.0,127.0,57.0,57.0,118.0,22.8,4.76,66.7,3.456,120.0,9.0,7.0,sr90_plus_20,102,0.11396189260787226,nuclide_mode,1.0.0,env_plus_no_ratio,extra_trees,0,,
103,51.07084,30.1686,457,3.92,4.0,4.0,14.0,15.0,64.0,64.0,134.0,134.0,62.0,62.0,120.0,6.8,6.02,92.2,28.2,90.0,7.0,7.0,sr90_plus_20,103,0.1048591622255722,nuclide_mode,1.0.0,env_plus_no_ratio,extra_trees,0,,
104,51.07126,30.12382,460,8.3,6.0,7.0,11.0,12.0,73.0,74.0,129.0,129.0,55.0,55.0,136.0,22.7,4.48,84.7,12.239999999999998,83.0,9.0,4.5,sr90_plus_20,104,0.1495473021548812,nuclide_mode,1.0.0,env_plus_no_ratio,extra_trees,0,,
105,51.06958,30.08226,463,8.24,4.0,4.0,11.0,13.0,75.0,75.0,130.0,131.0,57.0,57.0,139.0,20.5,4.67,52.3,7.619999999999999,77.0,6.0,4.0,sr90_plus_20,105,0.11575581584606216,nuclide_mode,1.0.0,env_plus_no_ratio,extra_trees,0,,
106,51.07047,30.039138,466,22.3,3.0,4.0,15.0,16.0,68.0,67.0,126.0,126.0,60.0,60.0,120.0,3.2,7.01,51.4,2.76,80.0,7.0,5.0,sr90_plus_20,106,0.10556491182209074,nuclide_mode,1.0.0,env_plus_no_ratio,extra_trees,0,,
107,51.07107,29.99345,469,4.81,5.0,4.0,17.0,18.0,55.0,55.0,135.0,134.0,63.0,63.0,124.0,2.5,7.51,62.7,15.6,140.0,10.0,10.0,sr90_plus_20,107,0.10950033377072269,nuclide_mode,1.0.0,env_plus_no_ratio,extra_trees,0,,
108,51.071267,29.953709,472,3.4,4.0,4.0,17.0,19.0,52.0,52.0,134.0,133.0,67.0,66.0,127.0,7.2,6.29,47.4,16.68,220.0,12.0,9.0,sr90_plus_20,108,0.10940396111193898,nuclide_mode,1.0.0,env_plus_no_ratio,extra_trees,0,,
109,51.07154,29.90879,475,4.37,5.0,5.0,14.0,16.0,57.0,56.0,133.0,133.0,59.0,59.0,132.0,5.9,6.5,27.0,7.415999999999999,118.0,12.0,6.0,sr90_plus_20,109,0.10155340418376534,nuclide_mode,1.0.0,env_plus_no_ratio,extra_trees,0,,
110,51.069372,29.866127,479,9.13,5.0,6.0,14.0,15.0,70.0,70.0,131.0,131.0,56.0,56.0,144.0,14.0,5.85,34.2,4.488,35.0,13.0,12.0,sr90_plus_20,110,0.1032277053492051,nuclide_mode,1.0.0,env_plus_no_ratio,extra_trees,0,,
111,51.06997,29.82462,482,3.44,4.0,4.0,17.0,19.0,55.0,56.0,139.0,138.0,63.0,63.0,134.0,4.9,7.06,17.7,6.180000000000001,142.0,8.0,9.0,sr90_plus_20,111,0.10071112465991834,nuclide_mode,1.0.0,env_plus_no_ratio,extra_trees,0,,
112,51.07151,29.78159,487,9.71,5.0,5.0,11.0,12.0,67.0,67.0,123.0,127.0,51.0,51.0,158.0,17.2,4.79,17.2,2.124,65.0,4.0,4.0,sr90_plus_20,112,0.0958391484441927,nuclide_mode,1.0.0,env_plus_no_ratio,extra_trees,0,,
113,51.067894,29.804816,491,4.76,4.0,4.0,17.0,19.0,57.0,57.0,134.0,134.0,60.0,60.0,136.0,3.7,6.38,14.9,3.756,149.0,13.0,12.0,sr90_plus_20,113,0.09954057216161144,nuclide_mode,1.0.0,env_plus_no_ratio,extra_trees,0,,
114,51.067894,29.819094,494,3.02,4.0,4.0,16.0,18.0,58.0,58.0,139.0,139.0,60.0,60.0,136.0,4.7,6.85,17.4,6.924,121.0,9.0,7.0,sr90_plus_20,114,0.10089961293370463,nuclide_mode,1.0.0,env_plus_no_ratio,extra_trees,0,,
115,51.06536,30.26233,512,2.08,3.0,4.0,14.0,15.0,55.0,55.0,134.0,136.0,62.0,62.0,110.0,25.2,5.36,50.0,28.92,300.0,24.0,19.0,sr90_plus_20,115,0.11109170276860408,nuclide_mode,1.0.0,env_plus_no_ratio,extra_trees,0,,
116,51.06477,30.24661,515,3.4,5.0,4.0,16.0,17.0,57.0,57.0,137.0,135.0,63.0,63.0,114.0,11.4,5.55,46.8,16.56,215.0,20.0,15.0,sr90_plus_20,116,0.10679431056101692,nuclide_mode,1.0.0,env_plus_no_ratio,extra_trees,0,,
117,51.064896,30.047557,521,4.46,3.0,3.0,16.0,17.0,66.0,66.0,130.0,129.0,63.0,63.0,121.0,5.6,6.32,54.8,14.76,76.0,9.0,5.0,sr90_plus_20,117,0.10722490622725943,nuclide_mode,1.0.0,env_plus_no_ratio,extra_trees,0,,
118,51.061889,30.123726,558,5.11,4.0,4.0,14.0,15.0,68.0,68.0,133.0,131.0,65.0,65.0,120.0,7.0,6.06,135.0,31.8,123.0,11.0,7.0,sr90_plus_20,118,0.14900143510737612,nuclide_mode,1.0.0,env_plus_no_ratio,extra_trees,0,,
119,51.061004,30.195435,563,2.36,4.0,4.0,16.0,18.0,56.0,56.0,136.0,135.0,66.0,66.0,117.0,4.7,6.37,57.8,29.4,370.0,25.0,22.0,sr90_plus_20,119,0.10941655310335521,nuclide_mode,1.0.0,env_plus_no_ratio,extra_trees,0,,
120,51.061738,30.199676,564,2.34,3.0,3.0,16.0,17.0,59.0,58.0,137.0,135.0,63.0,63.0,116.0,9.0,5.94,52.1,26.64,400.0,26.0,25.0,sr90_plus_20,120,0.11015907587779111,nuclide_mode,1.0.0,env_plus_no_ratio,extra_trees,0,,
121,51.05862,29.71945,580,11.3,4.0,5.0,14.0,16.0,65.0,65.0,136.0,135.0,57.0,57.0,143.0,38.1,4.78,10.8,1.14,106.0,9.0,6.0,sr90_plus_20,121,0.09724562703943401,nuclide_mode,1.0.0,env_plus_no_ratio,extra_trees,0,,
122,51.0527,30.26792,595,9.66,4.0,5.0,13.0,14.0,66.0,66.0,133.0,133.0,59.0,59.0,115.0,7.6,6.46,45.2,5.616,60.0,7.0,4.0,sr90_plus_20,122,0.109263376213005,nuclide_mode,1.0.0,env_plus_no_ratio,extra_trees,0,,
123,51.05272,30.20061,600,2.79,4.0,5.0,16.0,16.0,55.0,53.0,137.0,136.0,62.0,62.0,108.0,10.0,6.43,47.5,20.4,280.0,17.0,14.0,sr90_plus_20,123,0.11033655736673026,nuclide_mode,1.0.0,env_plus_no_ratio,extra_trees,0,,
124,51.05289,30.13888,605,5.09,4.0,4.0,16.0,17.0,63.0,62.0,133.0,132.0,63.0,63.0,121.0,5.7,6.11,142.0,33.36,75.0,6.0,6.0,sr90_plus_20,124,0.13582225718481003,nuclide_mode,1.0.0,env_plus_no_ratio,extra_trees,0,,
125,51.05303,30.12438,608,4.22,3.0,3.0,15.0,16.0,63.0,63.0,138.0,137.0,64.0,64.0,116.0,3.2,6.86,52.2,14.88,110.0,11.0,11.0,sr90_plus_20,125,0.10649715205329258,nuclide_mode,1.0.0,env_plus_no_ratio,extra_trees,0,,
126,51.05195,29.78041,633,5.72,4.0,4.0,16.0,18.0,59.0,59.0,137.0,136.0,61.0,61.0,143.0,6.4,6.13,17.3,3.624,164.0,13.0,11.0,sr90_plus_20,126,0.09989502857390843,nuclide_mode,1.0.0,env_plus_no_ratio,extra_trees,0,,
127,51.05307,29.76716,636,6.15,5.0,4.0,15.0,17.0,56.0,56.0,135.0,136.0,60.0,60.0,144.0,4.8,6.44,14.6,2.844,340.0,22.0,23.0,sr90_plus_20,127,0.10927619801812277,nuclide_mode,1.0.0,env_plus_no_ratio,extra_trees,0,,
128,51.05312,29.75195,639,3.25,4.0,4.0,17.0,19.0,59.0,59.0,133.0,132.0,60.0,60.0,145.0,3.0,6.63,13.9,5.124,244.0,19.0,17.0,sr90_plus_20,128,0.10314388903551042,nuclide_mode,1.0.0,env_plus_no_ratio,extra_trees,0,,
129,51.05297,29.73811,642,8.1,5.0,5.0,16.0,18.0,60.0,60.0,135.0,135.0,59.0,59.0,147.0,6.8,5.79,16.9,2.496,176.0,14.0,11.0,sr90_plus_20,129,0.09952098181433935,nuclide_mode,1.0.0,env_plus_no_ratio,extra_trees,0,,
130,51.04988,29.79071,651,13.3,4.0,3.0,17.0,18.0,58.0,58.0,143.0,142.0,61.0,61.0,143.0,11.6,5.0,21.6,1.956,284.0,20.0,20.0,sr90_plus_20,130,0.10523299237663822,nuclide_mode,1.0.0,env_plus_no_ratio,extra_trees,0,,
131,51.04561,30.19134,661,1.65,4.0,4.0,15.0,16.0,48.0,48.0,138.0,136.0,63.0,63.0,120.0,29.9,4.83,53.0,38.52,215.0,14.0,13.0,sr90_plus_20,131,0.1088775895967029,nuclide_mode,1.0.0,env_plus_no_ratio,extra_trees,0,,
132,51.04714,30.14791,664,2.3,4.0,3.0,14.0,15.0,60.0,59.0,131.0,130.0,63.0,63.0,121.0,5.5,6.25,77.6,40.440000000000005,80.0,8.0,5.0,sr90_plus_20,132,0.10329348566034233,nuclide_mode,1.0.0,env_plus_no_ratio,extra_trees,0,,
133,51.046912,30.133231,667,3.73,4.0,4.0,15.0,16.0,56.0,56.0,134.0,135.0,64.0,64.0,113.0,3.3,6.8,104.0,33.48,180.0,16.0,12.0,sr90_plus_20,133,0.11490590335071502,nuclide_mode,1.0.0,env_plus_no_ratio,extra_trees,0,,
134,51.04704,30.1141,671,12.4,3.0,4.0,13.0,14.0,72.0,72.0,120.0,125.0,58.0,58.0,117.0,12.3,5.46,28.4,2.748,90.0,8.0,6.0,sr90_plus_20,134,0.10013640306369344,nuclide_mode,1.0.0,env_plus_no_ratio,extra_trees,0,,
135,51.04676,29.77086,676,5.17,3.0,4.0,17.0,18.0,56.0,55.0,137.0,136.0,60.0,60.0,152.0,9.6,5.4,15.4,3.576,234.0,13.0,15.0,sr90_plus_20,135,0.10235738842027693,nuclide_mode,1.0.0,env_plus_no_ratio,extra_trees,0,,
136,51.043838,29.694039,679,7.94,4.0,4.0,17.0,18.0,49.0,48.0,128.0,128.0,65.0,65.0,150.0,6.3,6.16,17.6,2.664,240.0,10.0,8.0,sr90_plus_20,136,0.10454871329086342,nuclide_mode,1.0.0,env_plus_no_ratio,extra_trees,0,,
137,51.044,29.73761,682,8.55,5.0,4.0,16.0,18.0,58.0,57.0,136.0,135.0,63.0,63.0,140.0,6.6,6.21,11.8,1.644,165.0,13.0,12.0,sr90_plus_20,137,0.09865237299934458,nuclide_mode,1.0.0,env_plus_no_ratio,extra_trees,0,,
138,51.044203,29.78018,685,6.29,3.0,4.0,17.0,19.0,56.0,56.0,139.0,140.0,59.0,59.0,139.0,3.0,7.34,15.9,3.048,139.0,8.0,7.0,sr90_plus_20,138,0.09859671302820329,nuclide_mode,1.0.0,env_plus_no_ratio,extra_trees,0,,
139,51.04325,29.82336,688,4.36,4.0,4.0,14.0,16.0,63.0,63.0,132.0,132.0,60.0,60.0,146.0,9.7,5.79,24.4,6.72,164.0,9.0,12.0,sr90_plus_20,139,0.10119214471115705,nuclide_mode,1.0.0,env_plus_no_ratio,extra_trees,0,,
140,51.04469,29.86551,691,5.47,5.0,5.0,14.0,16.0,67.0,67.0,121.0,122.0,56.0,56.0,150.0,22.4,4.4,34.4,7.56,68.0,5.0,5.0,sr90_plus_20,140,0.11102007991615209,nuclide_mode,1.0.0,env_plus_no_ratio,extra_trees,0,,
141,51.04398,29.90843,694,3.91,3.0,3.0,17.0,19.0,56.0,56.0,139.0,138.0,62.0,62.0,137.0,7.2,5.88,22.3,6.828,302.0,17.0,21.0,sr90_plus_20,141,0.10601401085558981,nuclide_mode,1.0.0,env_plus_no_ratio,extra_trees,0,,
142,51.044055,29.952572,697,3.85,5.0,4.0,16.0,18.0,55.0,55.0,135.0,134.0,58.0,58.0,134.0,20.0,4.97,31.2,9.72,140.0,13.0,14.0,sr90_plus_20,142,0.10515044619550205,nuclide_mode,1.0.0,env_plus_no_ratio,extra_trees,0,,
143,51.04321,30.03807,703,3.57,4.0,4.0,16.0,18.0,58.0,58.0,133.0,131.0,62.0,62.0,123.0,12.4,5.59,68.0,22.92,98.0,11.0,6.0,sr90_plus_20,143,0.1084856033916235,nuclide_mode,1.0.0,env_plus_no_ratio,extra_trees,0,,
144,51.04409,30.07969,706,4.05,4.0,4.0,14.0,15.0,71.0,72.0,138.0,136.0,61.0,60.0,110.0,6.5,5.81,71.6,21.24,95.0,9.0,6.0,sr90_plus_20,144,0.11088570687654618,nuclide_mode,1.0.0,env_plus_no_ratio,extra_trees,0,,
145,51.043903,30.123726,712,3.33,5.0,5.0,15.0,16.0,62.0,62.0,131.0,131.0,62.0,62.0,117.0,24.3,5.18,117.0,42.12,190.0,16.0,12.0,sr90_plus_20,145,0.1169039074361111,nuclide_mode,1.0.0,env_plus_no_ratio,extra_trees,0,,
146,51.04356,30.16552,716,2.97,5.0,5.0,14.0,15.0,59.0,59.0,130.0,130.0,60.0,60.0,116.0,45.0,3.38,65.7,26.52,170.0,11.0,12.0,sr90_plus_20,146,0.11136894451378085,nuclide_mode,1.0.0,env_plus_no_ratio,extra_trees,0,,
147,51.04325,30.18084,717,1.89,3.0,4.0,16.0,16.0,54.0,54.0,137.0,136.0,62.0,62.0,110.0,41.6,4.46,34.1,21.6,300.0,22.0,17.0,sr90_plus_20,147,0.10614202530233771,nuclide_mode,1.0.0,env_plus_no_ratio,extra_trees,0,,
148,51.044871,30.254171,723,2.38,6.0,6.0,15.0,17.0,53.0,53.0,131.0,131.0,63.0,63.0,105.0,12.7,5.26,62.3,31.44,225.0,33.0,26.0,sr90_plus_20,148,0.11342981586754952,nuclide_mode,1.0.0,env_plus_no_ratio,extra_trees,0,,
149,51.0379,29.91425,729,3.72,5.0,5.0,18.0,19.0,55.0,55.0,133.0,131.0,65.0,65.0,135.0,3.0,6.67,38.6,12.48,351.0,21.0,21.0,sr90_plus_20,149,0.10962919679595352,nuclide_mode,1.0.0,env_plus_no_ratio,extra_trees,0,,
150,51.0377,30.09093,732,3.28,5.0,5.0,16.0,17.0,59.0,59.0,133.0,132.0,66.0,66.0,110.0,9.5,5.41,68.3,25.08,82.0,8.0,7.0,sr90_plus_20,150,0.10792909057235332,nuclide_mode,1.0.0,env_plus_no_ratio,extra_trees,0,,
151,51.0352,30.08228,740,3.1,5.0,5.0,15.0,16.0,60.0,60.0,131.0,129.0,60.0,60.0,117.0,8.3,5.71,112.0,43.440000000000005,90.0,7.0,6.0,sr90_plus_20,151,0.1098133926225938,nuclide_mode,1.0.0,env_plus_no_ratio,extra_trees,0,,
152,51.02865,29.91425,785,4.32,4.0,4.0,16.0,18.0,60.0,60.0,134.0,133.0,64.0,64.0,135.0,3.7,6.53,32.4,9.012,266.0,19.5,14.0,sr90_plus_20,152,0.10418811862484749,nuclide_mode,1.0.0,env_plus_no_ratio,extra_trees,0,,
153,51.02773,29.90069,787,3.54,4.0,4.0,15.0,17.0,59.0,58.0,130.0,130.0,62.0,62.0,136.0,7.0,6.14,23.5,7.955999999999999,77.0,8.0,4.5,sr90_plus_20,153,0.10071107926291281,nuclide_mode,1.0.0,env_plus_no_ratio,extra_trees,0,,
154,51.02546,29.52588,792,27.0,5.0,5.0,17.0,19.0,55.0,55.0,139.0,138.0,63.0,63.0,172.0,4.9,6.83,18.1,0.8052,150.0,15.0,9.0,sr90_plus_20,154,0.09853343491745127,nuclide_mode,1.0.0,env_plus_no_ratio,extra_trees,0,,
155,51.02572,29.7098,804,10.2,3.0,4.0,17.0,19.0,54.0,53.0,136.0,133.0,63.0,63.0,159.0,9.8,5.55,13.2,1.56,148.0,11.0,11.0,sr90_plus_20,155,0.09817568398424777,nuclide_mode,1.0.0,env_plus_no_ratio,extra_trees,0,,
156,51.02575,30.06114,831,3.82,5.0,5.0,16.0,17.0,53.0,53.0,129.0,128.0,66.0,66.0,110.0,3.5,6.63,30.4,9.54,20.0,14.0,10.0,sr90_plus_20,156,0.10253736541393839,nuclide_mode,1.0.0,env_plus_no_ratio,extra_trees,0,,
157,51.02256,29.94257,844,3.75,4.0,4.0,18.0,20.0,53.0,52.0,131.0,132.0,62.0,62.0,126.0,14.8,5.51,36.4,11.664,180.0,11.0,8.0,sr90_plus_20,157,0.10369450931559793,nuclide_mode,1.0.0,env_plus_no_ratio,extra_trees,0,,
158,51.02296,29.49086,851,8.46,6.0,5.0,18.0,19.0,56.0,56.0,133.0,132.0,65.0,65.0,171.0,2.0,7.07,14.8,2.1,260.0,22.0,13.0,sr90_plus_20,158,0.1000538986625933,nuclide_mode,1.0.0,env_plus_no_ratio,extra_trees,0,,
159,51.02015,29.86218,864,3.98,4.0,4.0,15.0,17.0,57.0,57.0,134.0,133.0,63.0,63.0,144.0,8.7,5.57,24.8,7.476,195.0,15.0,12.0,sr90_plus_20,159,0.1017580832344301,nuclide_mode,1.0.0,env_plus_no_ratio,extra_trees,0,,
160,51.018467,30.082277,877,3.41,7.0,7.0,15.0,16.0,50.0,49.0,129.0,128.0,67.0,67.0,106.0,3.0,6.61,54.4,19.2,64.0,11.0,4.0,sr90_plus_20,160,0.10753375680370639,nuclide_mode,1.0.0,env_plus_no_ratio,extra_trees,0,,
161,51.01669,30.05093,879,3.15,5.0,5.0,17.0,18.0,43.0,43.0,134.0,133.0,68.0,68.0,106.0,15.3,5.82,48.4,18.48,123.0,12.0,11.0,sr90_plus_20,161,0.108883654021307,nuclide_mode,1.0.0,env_plus_no_ratio,extra_trees,0,,
162,51.01683,30.0377,881,2.02,3.0,3.0,18.0,20.0,52.0,52.0,133.0,131.0,66.0,66.0,122.0,16.4,5.23,43.9,26.16,240.0,14.0,14.0,sr90_plus_20,162,0.10868112043307342,nuclide_mode,1.0.0,env_plus_no_ratio,extra_trees,0,,
163,51.01689,30.02491,884,3.01,5.0,5.0,18.0,20.0,55.0,55.0,131.0,132.0,62.0,62.0,125.0,27.6,4.71,47.1,18.72,100.0,10.0,5.0,sr90_plus_20,163,0.10697148945455802,nuclide_mode,1.0.0,env_plus_no_ratio,extra_trees,0,,
164,51.01733,30.01091,887,4.17,4.0,4.0,17.0,18.0,58.0,59.0,132.0,130.0,60.0,60.0,125.0,9.2,5.6,36.8,10.584,100.0,8.0,5.0,sr90_plus_20,164,0.10347254252142905,nuclide_mode,1.0.0,env_plus_no_ratio,extra_trees,0,,
165,51.015104,29.995365,888,13.7,4.0,5.0,16.0,17.0,58.0,58.0,128.0,128.0,63.0,62.0,117.0,10.7,6.35,54.0,4.752,120.0,8.0,5.0,sr90_plus_20,165,0.10608422741805981,nuclide_mode,1.0.0,env_plus_no_ratio,extra_trees,0,,
166,51.01733,29.96693,890,2.82,5.0,4.0,18.0,20.0,52.0,52.0,133.0,134.0,66.0,66.0,120.0,29.3,5.15,54.5,23.16,180.0,12.0,11.0,sr90_plus_20,166,0.10954434019802026,nuclide_mode,1.0.0,env_plus_no_ratio,extra_trees,0,,
167,51.016923,29.952333,893,1.66,4.0,4.0,18.0,19.0,54.0,53.0,130.0,132.0,64.0,64.0,122.0,17.5,5.06,38.3,27.72,148.0,11.0,9.0,sr90_plus_20,167,0.10427707848635992,nuclide_mode,1.0.0,env_plus_no_ratio,extra_trees,0,,
168,51.016923,29.938092,896,5.18,4.0,4.0,18.0,20.0,56.0,56.0,134.0,133.0,64.0,64.0,130.0,13.5,5.21,33.5,7.763999999999999,200.0,13.0,10.0,sr90_plus_20,168,0.10293380618235752,nuclide_mode,1.0.0,env_plus_no_ratio,extra_trees,0,,
169,51.01651,29.9092,898,4.15,3.0,3.0,13.0,14.0,70.0,70.0,130.0,131.0,57.0,57.0,136.0,29.3,5.36,31.9,9.204,113.0,11.0,8.0,sr90_plus_20,169,0.10493805064950243,nuclide_mode,1.0.0,env_plus_no_ratio,extra_trees,0,,
170,51.01713,29.86675,901,4.88,3.0,3.0,17.0,19.0,59.0,59.0,136.0,135.0,64.0,64.0,140.0,5.1,6.9,27.4,6.732,145.0,10.0,12.0,sr90_plus_20,170,0.10125574954843594,nuclide_mode,1.0.0,env_plus_no_ratio,extra_trees,0,,
171,51.01694,29.85252,904,4.18,3.0,4.0,15.0,17.0,54.0,54.0,137.0,137.0,61.0,61.0,145.0,3.8,6.66,37.9,10.884,119.0,10.0,8.0,sr90_plus_20,171,0.10406432521588192,nuclide_mode,1.0.0,env_plus_no_ratio,extra_trees,0,,
172,51.01673,29.82278,906,16.4,4.0,4.0,13.0,15.0,69.0,69.0,129.0,130.0,60.0,59.0,153.0,5.0,6.71,16.2,1.1844,40.0,11.0,8.0,sr90_plus_20,172,0.09756186506601175,nuclide_mode,1.0.0,env_plus_no_ratio,extra_trees,0,,
173,51.01672,29.7806,909,3.8,5.0,5.0,14.0,15.0,69.0,69.0,129.0,130.0,63.0,63.0,132.0,10.1,6.81,14.7,4.62,81.0,12.0,10.0,sr90_plus_20,173,0.09898866915757272,nuclide_mode,1.0.0,env_plus_no_ratio,extra_trees,0,,
174,51.017546,29.740941,912,9.39,3.0,3.0,17.0,19.0,54.0,54.0,136.0,134.0,62.0,62.0,158.0,7.1,5.7,21.0,2.676,167.0,11.0,9.5,sr90_plus_20,174,0.09977765562678549,nuclide_mode,1.0.0,env_plus_no_ratio,extra_trees,0,,
175,51.01699,29.69527,916,6.37,3.0,3.0,16.0,17.0,57.0,57.0,137.0,135.0,61.0,61.0,165.0,3.8,6.6,10.8,2.028,277.0,23.0,15.0,sr90_plus_20,175,0.1065455184565759,nuclide_mode,1.0.0,env_plus_no_ratio,extra_trees,0,,
176,51.016936,29.652507,921,7.75,3.0,3.0,14.0,15.0,59.0,58.0,140.0,138.0,61.0,61.0,173.0,12.3,5.44,18.1,2.808,260.0,15.0,14.0,sr90_plus_20,176,0.10318951074318684,nuclide_mode,1.0.0,env_plus_no_ratio,extra_trees,0,,
177,51.016936,29.62395,924,5.76,4.0,4.0,16.0,17.0,56.0,56.0,135.0,133.0,61.0,61.0,172.0,13.1,5.89,13.9,2.892,273.0,14.0,16.0,sr90_plus_20,177,0.11036769983393063,nuclide_mode,1.0.0,env_plus_no_ratio,extra_trees,0,,
178,51.017298,29.610322,925,15.3,4.0,4.0,17.0,19.0,56.0,55.0,137.0,135.0,61.0,61.0,171.0,6.8,5.95,12.9,1.0068,221.0,15.0,13.0,sr90_plus_20,178,0.10213731995136836,nuclide_mode,1.0.0,env_plus_no_ratio,extra_trees,0,,
179,51.016936,29.566834,928,15.3,5.0,4.0,17.0,18.0,55.0,54.0,135.0,134.0,60.0,60.0,175.0,25.3,5.0,22.5,1.764,154.0,13.0,11.0,sr90_plus_20,179,0.09916731964215478,nuclide_mode,1.0.0,env_plus_no_ratio,extra_trees,0,,
180,51.01683,29.52235,932,10.9,4.0,4.0,16.0,18.0,54.0,54.0,133.0,133.0,61.0,61.0,167.0,8.5,5.51,40.7,4.464,272.0,17.0,19.0,sr90_plus_20,180,0.10719528322956597,nuclide_mode,1.0.0,env_plus_no_ratio,extra_trees,0,,
181,51.01756,29.5101,935,15.2,5.0,5.0,19.0,21.0,55.0,54.0,132.0,129.0,62.0,62.0,167.0,3.8,6.98,33.0,2.604,289.0,25.0,17.0,sr90_plus_20,181,0.10367915410079209,nuclide_mode,1.0.0,env_plus_no_ratio,extra_trees,0,,
182,51.016936,29.494968,936,24.4,7.0,6.0,19.0,21.0,55.0,55.0,133.0,134.0,66.0,66.0,166.0,0.8,8.05,12.8,0.6288,155.0,14.0,8.5,sr90_plus_20,182,0.09758703588721683,nuclide_mode,1.0.0,env_plus_no_ratio,extra_trees,0,,
183,51.016923,29.481023,938,6.19,4.0,5.0,19.0,21.0,53.0,52.0,132.0,130.0,64.0,64.0,173.0,4.5,6.15,15.1,2.916,129.0,17.0,9.0,sr90_plus_20,183,0.09886297439714613,nuclide_mode,1.0.0,env_plus_no_ratio,extra_trees,0,,
184,51.0116,30.02819,964,2.7,4.0,4.0,18.0,19.0,48.0,47.0,130.0,129.0,62.0,62.0,117.0,38.6,4.23,46.1,20.4,95.0,10.0,11.0,sr90_plus_20,184,0.10889823968434498,nuclide_mode,1.0.0,env_plus_no_ratio,extra_trees,0,,
185,51.01114,29.85768,969,3.68,4.0,4.0,16.0,18.0,55.0,55.0,136.0,135.0,62.0,62.0,144.0,9.3,6.37,35.2,11.472,205.0,14.0,13.0,sr90_plus_20,185,0.10468646772200631,nuclide_mode,1.0.0,env_plus_no_ratio,extra_trees,0,,
186,51.010941,29.695343,974,6.31,5.0,5.0,16.0,18.0,54.0,53.0,134.0,134.0,63.0,63.0,159.0,3.4,7.48,18.2,3.468,287.0,24.0,18.0,sr90_plus_20,186,0.10221120206877009,nuclide_mode,1.0.0,env_plus_no_ratio,extra_trees,0,,
187,51.010941,29.681065,977,9.5,4.0,4.0,18.0,20.0,54.0,54.0,139.0,138.0,63.0,62.0,173.0,13.9,5.35,9.19,1.1616,246.0,18.0,14.0,sr90_plus_20,187,0.10360549209494216,nuclide_mode,1.0.0,env_plus_no_ratio,extra_trees,0,,
188,51.011283,29.61909,978,7.59,4.0,4.0,16.0,17.0,65.0,65.0,135.0,134.0,61.0,61.0,169.0,3.6,6.3,12.0,1.896,345.0,28.0,21.0,sr90_plus_20,188,0.11063171502810756,nuclide_mode,1.0.0,env_plus_no_ratio,extra_trees,0,,
189,51.00804,29.52415,985,9.27,4.0,4.0,15.0,17.0,57.0,57.0,131.0,133.0,62.0,61.0,161.0,9.4,6.3,14.3,1.848,247.0,14.0,15.0,sr90_plus_20,189,0.10264781439318944,nuclide_mode,1.0.0,env_plus_no_ratio,extra_trees,0,,
190,51.008,29.77188,1005,5.27,4.0,4.0,17.0,19.0,64.0,63.0,136.0,135.0,64.0,64.0,140.0,7.5,6.37,14.8,3.372,127.0,15.0,8.0,sr90_plus_20,190,0.09828676225113002,nuclide_mode,1.0.0,env_plus_no_ratio,extra_trees,0,,
191,51.0079,29.86667,1015,3.6,4.0,3.0,15.0,17.0,59.0,58.0,135.0,136.0,63.0,63.0,145.0,5.3,6.17,25.5,8.472,161.0,21.0,9.0,sr90_plus_20,191,0.10184070425910188,nuclide_mode,1.0.0,env_plus_no_ratio,extra_trees,0,,
192,51.00832,29.95249,1022,6.63,4.0,4.0,18.0,19.0,54.0,53.0,135.0,136.0,70.0,71.0,137.0,2.5,6.67,39.6,7.164,270.0,15.0,16.0,sr90_plus_20,192,0.10834335698998204,nuclide_mode,1.0.0,env_plus_no_ratio,extra_trees,0,,
193,51.0072,30.01928,1028,1.96,5.0,5.0,19.0,20.0,43.0,43.0,131.0,130.0,63.0,63.0,130.0,14.0,5.13,51.6,31.56,207.0,12.0,12.0,sr90_plus_20,193,0.11058165200780683,nuclide_mode,1.0.0,env_plus_no_ratio,extra_trees,0,,
194,51.00467,30.00338,1034,3.34,4.0,4.0,20.0,21.0,50.0,49.0,133.0,132.0,61.0,61.0,132.0,4.5,5.93,65.5,23.52,237.0,16.0,14.0,sr90_plus_20,194,0.11214369946307741,nuclide_mode,1.0.0,env_plus_no_ratio,extra_trees,0,,
195,51.0051,29.79124,1038,5.47,5.0,5.0,16.0,17.0,60.0,60.0,134.0,133.0,64.0,64.0,130.0,23.8,4.56,19.6,4.284,135.0,11.0,11.0,sr90_plus_20,195,0.09955621935650165,nuclide_mode,1.0.0,env_plus_no_ratio,extra_trees,0,,
196,51.001948,29.695343,1049,10.8,3.0,4.0,16.0,18.0,59.0,58.0,138.0,137.0,62.0,62.0,163.0,8.3,6.2,21.1,2.352,259.0,15.0,15.0,sr90_plus_20,196,0.10248663251347495,nuclide_mode,1.0.0,env_plus_no_ratio,extra_trees,0,,
197,50.99842,29.76682,1075,6.7,3.0,3.0,16.0,18.0,57.0,56.0,137.0,135.0,64.0,64.0,146.0,10.9,5.68,19.9,3.576,289.0,21.0,20.0,sr90_plus_20,197,0.10581105966734575,nuclide_mode,1.0.0,env_plus_no_ratio,extra_trees,0,,
198,50.99902,29.52905,1093,9.9,4.0,4.0,16.0,17.0,68.0,68.0,135.0,136.0,62.0,62.0,160.0,22.5,4.89,14.5,1.752,125.0,15.0,8.0,sr90_plus_20,198,0.09778571710630311,nuclide_mode,1.0.0,env_plus_no_ratio,extra_trees,0,,
199,50.99581,29.92384,1106,2.48,4.0,4.0,18.0,20.0,50.0,49.0,133.0,131.0,62.0,62.0,138.0,5.1,6.57,9.96,4.823999999999999,195.0,13.0,12.0,sr90_plus_20,199,0.1030132580588605,nuclide_mode,1.0.0,env_plus_no_ratio,extra_trees,0,,
200,50.98989,29.52395,1120,22.0,4.0,4.0,18.0,20.0,60.0,60.0,132.0,134.0,65.0,65.0,157.0,4.5,6.58,19.0,1.0344,228.0,18.0,15.0,sr90_plus_20,200,0.10212614427894985,nuclide_mode,1.0.0,env_plus_no_ratio,extra_trees,0,,
201,50.99044,29.56701,1123,7.29,5.0,4.0,10.0,11.0,72.0,73.0,122.0,126.0,59.0,59.0,182.0,43.4,3.73,11.3,1.848,95.0,9.0,6.5,sr90_plus_20,201,0.09952875335493526,nuclide_mode,1.0.0,env_plus_no_ratio,extra_trees,0,,
202,50.99004,29.58575,1125,7.8,3.0,3.0,18.0,19.0,63.0,62.0,135.0,134.0,63.0,63.0,162.0,10.1,5.72,13.9,2.136,140.0,14.0,7.0,sr90_plus_20,202,0.09782705758532989,nuclide_mode,1.0.0,env_plus_no_ratio,extra_trees,0,,
203,50.98957,29.60909,1128,9.88,5.0,4.0,18.0,19.0,58.0,57.0,139.0,137.0,63.0,63.0,161.0,2.2,7.26,15.6,1.884,218.0,16.0,18.0,sr90_plus_20,203,0.10185872586370491,nuclide_mode,1.0.0,env_plus_no_ratio,extra_trees,0,,
204,50.989943,29.6525,1131,13.3,4.0,4.0,18.0,19.0,56.0,56.0,136.0,134.0,62.0,62.0,173.0,4.6,6.13,14.5,1.296,265.0,16.0,16.0,sr90_plus_20,204,0.10782386314052099,nuclide_mode,1.0.0,env_plus_no_ratio,extra_trees,0,,
205,50.989943,29.695338,1134,17.0,4.0,4.0,15.0,17.0,72.0,71.0,129.0,128.0,60.0,60.0,171.0,10.6,5.9,21.3,1.5,90.0,7.0,6.0,sr90_plus_20,205,0.09838359405293338,nuclide_mode,1.0.0,env_plus_no_ratio,extra_trees,0,,
206,50.98956,29.73812,1137,7.2,6.0,6.0,17.0,19.0,48.0,48.0,138.0,136.0,61.0,61.0,159.0,10.5,5.9,27.2,4.536,272.0,18.0,17.0,sr90_plus_20,206,0.10000705359944793,nuclide_mode,1.0.0,env_plus_no_ratio,extra_trees,0,,
207,50.98991,29.7527,1138,2.54,4.0,4.0,15.0,17.0,54.0,53.0,138.0,136.0,63.0,63.0,155.0,17.0,5.37,19.3,9.108,184.0,21.0,14.0,sr90_plus_20,207,0.10215945018727203,nuclide_mode,1.0.0,env_plus_no_ratio,extra_trees,0,,
208,50.99019,29.767031,1141,6.03,4.0,4.0,16.0,17.0,60.0,60.0,136.0,135.0,63.0,63.0,144.0,20.8,4.54,59.7,11.88,206.0,13.0,16.0,sr90_plus_20,208,0.110572277165147,nuclide_mode,1.0.0,env_plus_no_ratio,extra_trees,0,,
209,50.99056,29.78161,1144,7.88,3.0,3.0,18.0,20.0,53.0,53.0,133.0,133.0,64.0,64.0,152.0,4.8,6.03,23.0,3.504,215.0,15.0,13.0,sr90_plus_20,209,0.10187309797475635,nuclide_mode,1.0.0,env_plus_no_ratio,extra_trees,0,,
210,50.98869,29.82286,1147,11.8,4.0,4.0,20.0,21.0,60.0,61.0,137.0,139.0,66.0,66.0,126.0,12.4,5.51,16.7,1.692,80.0,5.0,5.0,sr90_plus_20,210,0.09768173977564762,nuclide_mode,1.0.0,env_plus_no_ratio,extra_trees,0,,
211,50.991258,29.865266,1150,16.8,4.0,4.0,13.0,14.0,66.0,66.0,131.0,131.0,61.0,61.0,157.0,16.2,5.25,38.5,2.748,69.0,7.0,4.0,sr90_plus_20,211,0.1026845810150415,nuclide_mode,1.0.0,env_plus_no_ratio,extra_trees,0,,
212,50.98952,29.90993,1153,4.31,4.0,4.0,17.0,18.0,49.0,49.0,132.0,132.0,64.0,64.0,141.0,7.1,5.69,35.5,9.888,212.0,15.0,14.0,sr90_plus_20,212,0.10491672989449592,nuclide_mode,1.0.0,env_plus_no_ratio,extra_trees,0,,
213,50.99009,29.95323,1157,5.67,4.0,4.0,19.0,20.0,50.0,50.0,138.0,138.0,63.0,63.0,136.0,3.1,7.19,52.2,11.052,264.0,18.0,18.0,sr90_plus_20,213,0.1121832354090134,nuclide_mode,1.0.0,env_plus_no_ratio,extra_trees,0,,
214,50.99025,29.99456,1162,2.15,7.0,7.0,20.0,21.0,47.0,48.0,134.0,132.0,64.0,64.0,108.0,1.2,8.2,38.5,21.48,110.0,15.0,8.0,sr90_plus_20,214,0.10579500204306672,nuclide_mode,1.0.0,env_plus_no_ratio,extra_trees,0,,
215,50.98754,29.98126,1168,19.9,5.0,5.0,19.0,20.0,49.0,49.0,134.0,134.0,62.0,62.0,117.0,11.1,5.24,51.0,3.072,211.0,20.0,14.0,sr90_plus_20,215,0.11164272690889886,nuclide_mode,1.0.0,env_plus_no_ratio,extra_trees,0,,
216,50.986961,29.966644,1171,3.58,5.0,5.0,17.0,19.0,50.0,50.0,133.0,132.0,60.0,60.0,135.0,13.6,5.32,70.3,23.52,260.0,18.0,17.0,sr90_plus_20,216,0.11346788524571337,nuclide_mode,1.0.0,env_plus_no_ratio,extra_trees,0,,
217,50.986,29.91985,1172,5.46,4.0,4.0,18.0,19.0,47.0,47.0,131.0,130.0,65.0,65.0,141.0,4.4,7.12,37.7,8.28,273.0,17.0,21.0,sr90_plus_20,217,0.10764866306506529,nuclide_mode,1.0.0,env_plus_no_ratio,extra_trees,0,,
218,50.983963,29.666786,1189,11.9,3.0,4.0,16.0,17.0,65.0,65.0,136.0,135.0,59.0,59.0,174.0,4.8,6.02,24.9,2.496,186.0,14.0,13.0,sr90_plus_20,218,0.10151808614821527,nuclide_mode,1.0.0,env_plus_no_ratio,extra_trees,0,,
219,50.980965,30.052317,1198,2.54,7.0,6.0,17.0,18.0,52.0,52.0,129.0,129.0,66.0,66.0,109.0,4.1,6.6,6.43,3.036,51.0,7.0,4.0,sr90_plus_20,219,0.09708934777687438,nuclide_mode,1.0.0,env_plus_no_ratio,extra_trees,0,,
220,50.98092,29.97109,1203,8.6,5.0,4.0,17.0,19.0,52.0,52.0,126.0,127.0,61.0,61.0,122.0,37.1,4.41,54.2,7.56,80.0,8.0,5.0,sr90_plus_20,220,0.10925963801143582,nuclide_mode,1.0.0,env_plus_no_ratio,extra_trees,0,,
221,50.980922,29.952048,1205,1.54,4.0,4.0,18.0,20.0,49.0,49.0,133.0,134.0,65.0,65.0,138.0,5.5,6.61,31.5,24.48,290.0,19.0,19.0,sr90_plus_20,221,0.108071075336395,nuclide_mode,1.0.0,env_plus_no_ratio,extra_trees,0,,
222,50.98036,29.78619,1218,7.37,3.0,3.0,17.0,18.0,55.0,55.0,136.0,135.0,63.0,64.0,154.0,12.6,5.59,23.9,3.9,200.0,13.0,13.0,sr90_plus_20,222,0.10151721102203021,nuclide_mode,1.0.0,env_plus_no_ratio,extra_trees,0,,
223,50.98055,29.7714,1221,4.98,4.0,4.0,17.0,18.0,59.0,58.0,136.0,137.0,63.0,63.0,139.0,19.2,5.48,24.3,5.867999999999999,158.0,13.0,11.0,sr90_plus_20,223,0.10198770326988306,nuclide_mode,1.0.0,env_plus_no_ratio,extra_trees,0,,
224,50.98108,29.75715,1223,6.64,3.0,3.0,16.0,18.0,54.0,54.0,134.0,132.0,64.0,64.0,157.0,5.3,6.08,38.5,6.948,263.0,16.0,14.0,sr90_plus_20,224,0.10535877074909611,nuclide_mode,1.0.0,env_plus_no_ratio,extra_trees,0,,
225,50.98098,29.60994,1236,11.9,3.0,4.0,15.0,17.0,66.0,66.0,136.0,135.0,63.0,63.0,166.0,11.2,5.39,19.0,1.932,115.0,15.0,7.0,sr90_plus_20,225,0.09810628690731957,nuclide_mode,1.0.0,env_plus_no_ratio,extra_trees,0,,
226,50.980348,29.595394,1239,6.2,4.0,4.0,17.0,18.0,69.0,68.0,138.0,137.0,61.0,61.0,158.0,9.4,5.58,10.8,2.088,165.0,10.0,11.0,sr90_plus_20,226,0.09911607489393695,nuclide_mode,1.0.0,env_plus_no_ratio,extra_trees,0,,
227,50.9809,29.58118,1242,10.5,4.0,4.0,16.0,17.0,64.0,64.0,134.0,134.0,60.0,60.0,152.0,20.9,5.35,22.1,2.508,177.0,27.0,12.0,sr90_plus_20,227,0.10057691817216102,nuclide_mode,1.0.0,env_plus_no_ratio,extra_trees,0,,
228,50.98112,29.43281,1252,38.3,4.0,4.0,17.0,18.0,58.0,58.0,135.0,134.0,60.0,60.0,170.0,1.9,7.13,26.1,0.8196,118.0,10.5,7.0,sr90_plus_20,228,0.09812360750414914,nuclide_mode,1.0.0,env_plus_no_ratio,extra_trees,0,,
229,50.977968,29.662026,1261,10.8,3.0,4.0,16.0,18.0,70.0,70.0,134.0,134.0,58.0,58.0,168.0,4.9,6.76,25.4,2.82,170.0,8.0,9.0,sr90_plus_20,229,0.1010807605013272,nuclide_mode,1.0.0,env_plus_no_ratio,extra_trees,0,,
230,50.97835,30.01494,1271,6.59,5.0,7.0,19.0,20.0,51.0,51.0,129.0,129.0,70.0,70.0,115.0,33.9,4.28,61.5,11.196,45.0,6.0,4.0,sr90_plus_20,230,0.11193077151387211,nuclide_mode,1.0.0,env_plus_no_ratio,extra_trees,0,,
231,50.97511,29.5334,1276,21.3,5.0,4.0,16.0,18.0,63.0,62.0,127.0,128.0,65.0,65.0,156.0,9.5,5.7,14.6,0.8196,171.0,14.0,9.0,sr90_plus_20,231,0.09988282030816449,nuclide_mode,1.0.0,env_plus_no_ratio,extra_trees,0,,
232,50.97487,29.52447,1278,8.93,3.0,3.0,16.0,19.0,60.0,60.0,138.0,136.0,62.0,62.0,159.0,4.3,6.42,8.96,1.2,163.0,12.0,10.0,sr90_plus_20,232,0.09900082465666363,nuclide_mode,1.0.0,env_plus_no_ratio,extra_trees,0,,
233,50.9752,29.51049,1281,15.0,3.0,3.0,18.0,19.0,62.0,61.0,136.0,134.0,63.0,63.0,159.0,15.6,5.54,23.7,1.896,74.0,11.0,5.0,sr90_plus_20,233,0.09768585550241998,nuclide_mode,1.0.0,env_plus_no_ratio,extra_trees,0,,
234,50.97223,29.77673,1311,6.27,4.0,4.0,17.0,18.0,55.0,54.0,136.0,135.0,61.0,61.0,147.0,23.1,4.83,29.0,5.556,380.0,25.0,26.0,sr90_plus_20,234,0.10548379296900418,nuclide_mode,1.0.0,env_plus_no_ratio,extra_trees,0,,
235,50.97124,29.92359,1321,5.41,3.0,3.0,17.0,18.0,57.0,56.0,139.0,138.0,63.0,63.0,142.0,11.3,5.27,27.4,6.071999999999999,240.0,14.0,16.0,sr90_plus_20,235,0.10277101299874247,nuclide_mode,1.0.0,env_plus_no_ratio,extra_trees,0,,
236,50.97261,30.00841,1326,2.48,5.0,5.0,15.0,16.0,49.0,49.0,127.0,126.0,67.0,67.0,110.0,6.6,6.21,73.2,35.4,53.0,6.0,5.0,sr90_plus_20,236,0.10929926158011649,nuclide_mode,1.0.0,env_plus_no_ratio,extra_trees,0,,
237,50.96872,29.948,1331,3.99,4.0,4.0,18.0,19.0,54.0,53.0,133.0,133.0,63.0,63.0,121.0,34.4,4.33,31.2,9.396,145.0,10.0,14.0,sr90_plus_20,237,0.10327044611937343,nuclide_mode,1.0.0,env_plus_no_ratio,extra_trees,0,,
238,50.96917,29.87584,1336,3.61,3.0,4.0,20.0,22.0,59.0,59.0,133.0,131.0,60.0,60.0,130.0,10.8,6.05,9.01,3.0,127.0,11.0,7.0,sr90_plus_20,238,0.099229253234217,nuclide_mode,1.0.0,env_plus_no_ratio,extra_trees,0,,
239,50.962413,29.996578,1357,7.75,10.0,10.0,14.0,16.0,58.0,58.0,119.0,122.0,58.0,58.0,127.0,14.9,5.59,58.2,9.012,56.0,8.0,5.0,sr90_plus_20,239,0.12611340415717928,nuclide_mode,1.0.0,env_plus_no_ratio,extra_trees,0,,
240,50.9628,29.93671,1360,5.05,3.0,4.0,18.0,19.0,55.0,55.0,135.0,136.0,65.0,65.0,132.0,30.5,4.83,57.5,13.68,180.0,12.0,15.0,sr90_plus_20,240,0.1132659730918386,nuclide_mode,1.0.0,env_plus_no_ratio,extra_trees,0,,
241,50.96273,29.92281,1363,7.41,3.0,4.0,16.0,17.0,63.0,63.0,136.0,135.0,63.0,63.0,139.0,9.6,5.64,26.7,4.32,80.0,6.0,5.0,sr90_plus_20,241,0.09954759976101603,nuclide_mode,1.0.0,env_plus_no_ratio,extra_trees,0,,
242,50.96457,29.91055,1364,3.98,4.0,5.0,15.0,16.0,60.0,60.0,126.0,126.0,60.0,60.0,145.0,15.8,5.55,7.72,2.328,80.0,6.0,6.0,sr90_plus_20,242,0.09737894170719387,nuclide_mode,1.0.0,env_plus_no_ratio,extra_trees,0,,
243,50.96309,29.88077,1366,7.86,3.0,3.0,18.0,20.0,57.0,58.0,137.0,138.0,64.0,64.0,126.0,12.3,5.71,51.0,7.788,88.0,8.0,7.0,sr90_plus_20,243,0.10657145418524866,nuclide_mode,1.0.0,env_plus_no_ratio,extra_trees,0,,
244,50.96238,29.86654,1368,6.56,5.0,5.0,16.0,17.0,57.0,57.0,131.0,129.0,60.0,59.0,119.0,20.3,5.51,32.8,6.0,135.0,15.0,15.0,sr90_plus_20,244,0.10380059648185329,nuclide_mode,1.0.0,env_plus_no_ratio,extra_trees,0,,
245,50.96257,29.82359,1371,22.9,5.0,5.0,12.0,13.0,68.0,67.0,131.0,132.0,58.0,58.0,158.0,23.9,4.96,29.8,1.56,75.0,66.0,49.0,sr90_plus_20,245,0.10325443552187204,nuclide_mode,1.0.0,env_plus_no_ratio,extra_trees,0,,
246,50.96294,29.7816,1374,4.27,4.0,4.0,13.0,15.0,66.0,65.0,131.0,131.0,56.0,56.0,153.0,18.8,5.39,29.9,8.4,372.0,24.0,25.0,sr90_plus_20,246,0.11119487700270196,nuclide_mode,1.0.0,env_plus_no_ratio,extra_trees,0,,
247,50.96336,29.75333,1378,7.59,4.0,4.0,16.0,17.0,57.0,57.0,137.0,136.0,65.0,65.0,148.0,11.2,5.79,19.6,3.084,214.0,13.0,15.0,sr90_plus_20,247,0.10156657810347625,nuclide_mode,1.0.0,env_plus_no_ratio,extra_trees,0,,
248,50.96312,29.73859,1379,9.78,4.0,5.0,17.0,18.0,61.0,61.0,138.0,139.0,62.0,62.0,158.0,9.9,5.76,25.2,3.084,180.0,9.5,10.0,sr90_plus_20,248,0.0998729261050475,nuclide_mode,1.0.0,env_plus_no_ratio,extra_trees,0,,
249,50.961887,29.695044,1382,26.4,8.0,7.0,14.0,15.0,69.0,68.0,128.0,128.0,58.0,58.0,174.0,8.6,5.85,25.5,1.158,80.0,9.0,5.0,sr90_plus_20,249,0.09925932074125622,nuclide_mode,1.0.0,env_plus_no_ratio,extra_trees,0,,
250,50.962583,29.651804,1385,10.2,5.0,5.0,12.0,13.0,75.0,75.0,129.0,129.0,56.0,56.0,161.0,19.7,5.61,24.9,2.928,98.0,16.0,11.0,sr90_plus_20,250,0.09938538201441598,nuclide_mode,1.0.0,env_plus_no_ratio,extra_trees,0,,
251,50.962043,29.609604,1388,31.3,6.0,5.0,12.0,13.0,78.0,79.0,124.0,129.0,56.0,56.0,157.0,15.4,5.77,22.0,0.8435999999999999,112.0,11.0,9.0,sr90_plus_20,251,0.09930508787066779,nuclide_mode,1.0.0,env_plus_no_ratio,extra_trees,0,,
252,50.963843,29.568409,1391,9.43,5.0,4.0,12.0,14.0,75.0,75.0,117.0,123.0,55.0,55.0,161.0,14.1,5.28,11.2,1.428,64.0,7.0,4.0,sr90_plus_20,252,0.0968832931991323,nuclide_mode,1.0.0,env_plus_no_ratio,extra_trees,0,,
253,50.962981,29.52422,1394,34.8,6.0,6.0,15.0,16.0,58.0,57.0,125.0,132.0,60.0,60.0,157.0,8.8,5.68,19.8,0.6803999999999999,112.0,12.0,7.0,sr90_plus_20,253,0.09839837992534214,nuclide_mode,1.0.0,env_plus_no_ratio,extra_trees,0,,
254,50.96309,29.48104,1396,15.3,9.0,8.0,15.0,17.0,61.0,62.0,125.0,133.0,60.0,60.0,177.0,10.6,5.46,16.0,1.248,77.0,10.0,5.0,sr90_plus_20,254,0.09859061924290435,nuclide_mode,1.0.0,env_plus_no_ratio,extra_trees,0,,
255,50.96295,29.43806,1399,72.7,4.0,4.0,11.0,12.0,71.0,71.0,129.0,131.0,58.0,58.0,180.0,13.6,4.81,32.7,0.54,162.0,15.0,10.0,sr90_plus_20,255,0.10325281184900444,nuclide_mode,1.0.0,env_plus_no_ratio,extra_trees,0,,
256,50.95675,29.88591,1417,7.14,5.0,5.0,16.0,18.0,60.0,61.0,130.0,131.0,62.0,62.0,117.0,20.5,5.73,31.5,5.303999999999999,193.0,25.0,10.0,sr90_plus_20,256,0.102724568052912,nuclide_mode,1.0.0,env_plus_no_ratio,extra_trees,0,,
257,50.956985,29.466881,1427,18.1,3.0,4.0,14.0,16.0,65.0,65.0,133.0,133.0,61.0,61.0,165.0,5.4,6.57,13.1,0.8687999999999999,45.0,9.0,7.0,sr90_plus_20,257,0.0978596107611635,nuclide_mode,1.0.0,env_plus_no_ratio,extra_trees,0,,
258,50.95397,29.481144,1433,18.7,3.0,3.0,17.0,18.0,62.0,61.0,134.0,134.0,62.0,62.0,162.0,5.7,6.91,19.3,1.248,180.0,9.0,8.0,sr90_plus_20,258,0.09926889086475524,nuclide_mode,1.0.0,env_plus_no_ratio,extra_trees,0,,
259,50.953985,29.495439,1436,5.2,3.0,3.0,18.0,20.0,60.0,60.0,134.0,133.0,63.0,63.0,166.0,13.3,5.4,19.2,4.428,170.0,11.0,10.0,sr90_plus_20,259,0.10142368839599543,nuclide_mode,1.0.0,env_plus_no_ratio,extra_trees,0,,
260,50.953985,29.566834,1443,13.3,4.0,4.0,17.0,18.0,58.0,58.0,131.0,130.0,65.0,65.0,150.0,18.4,5.37,20.5,1.86,139.0,13.0,9.0,sr90_plus_20,260,0.09817009322125685,nuclide_mode,1.0.0,env_plus_no_ratio,extra_trees,0,,
261,50.953985,29.576353,1444,11.0,6.0,5.0,15.0,17.0,61.0,61.0,127.0,131.0,60.0,60.0,149.0,44.5,3.77,17.5,1.908,115.0,7.0,8.0,sr90_plus_20,261,0.09883944068863373,nuclide_mode,1.0.0,env_plus_no_ratio,extra_trees,0,,
262,50.95394,29.75214,1460,9.59,3.0,3.0,15.0,17.0,65.0,65.0,135.0,135.0,60.0,60.0,157.0,3.5,6.35,41.0,5.124,286.0,21.0,16.0,sr90_plus_20,262,0.10606373570528563,nuclide_mode,1.0.0,env_plus_no_ratio,extra_trees,0,,
263,50.95425,29.7667,1463,8.93,4.0,4.0,11.0,12.0,71.0,71.0,124.0,126.0,55.0,55.0,163.0,34.0,3.8,39.6,5.316,222.0,13.5,15.0,sr90_plus_20,263,0.1087436747221796,nuclide_mode,1.0.0,env_plus_no_ratio,extra_trees,0,,
264,50.953443,29.927568,1475,13.5,4.0,4.0,17.0,19.0,51.0,51.0,126.0,127.0,65.0,65.0,131.0,44.8,3.81,73.8,6.552,60.0,5.0,12.0,sr90_plus_20,264,0.10918382811071821,nuclide_mode,1.0.0,env_plus_no_ratio,extra_trees,0,,
265,50.95103,29.67626,1490,11.0,4.0,3.0,16.0,18.0,61.0,61.0,137.0,135.0,62.0,62.0,158.0,11.1,5.69,27.8,3.048,106.0,11.0,7.0,sr90_plus_20,265,0.09837287046387172,nuclide_mode,1.0.0,env_plus_no_ratio,extra_trees,0,,
266,50.950989,29.581112,1491,9.52,4.0,4.0,14.0,15.0,61.0,60.0,133.0,132.0,63.0,63.0,140.0,21.8,4.56,17.3,2.184,71.0,8.0,5.0,sr90_plus_20,266,0.09746175400204207,nuclide_mode,1.0.0,env_plus_no_ratio,extra_trees,0,,
267,50.94813,29.45218,1499,10.5,5.0,4.0,19.0,20.0,58.0,58.0,132.0,131.0,65.0,65.0,169.0,5.5,6.19,23.3,2.664,278.0,18.0,15.0,sr90_plus_20,267,0.1046786637758119,nuclide_mode,1.0.0,env_plus_no_ratio,extra_trees,0,,
268,50.947991,29.7477,1502,7.78,5.0,4.0,15.0,16.0,68.0,68.0,127.0,128.0,59.0,59.0,156.0,5.5,6.34,31.1,4.8,224.0,17.0,14.0,sr90_plus_20,268,0.10452479436318454,nuclide_mode,1.0.0,env_plus_no_ratio,extra_trees,0,,
269,50.94781,29.89494,1505,4.22,4.0,4.0,16.0,18.0,53.0,53.0,126.0,127.0,65.0,65.0,137.0,28.0,4.72,62.8,17.88,148.0,18.0,22.0,sr90_plus_20,269,0.11848127981400862,nuclide_mode,1.0.0,env_plus_no_ratio,extra_trees,0,,
270,50.94806,29.90969,1508,9.72,5.0,5.0,19.0,20.0,55.0,55.0,132.0,133.0,59.0,60.0,117.0,19.7,4.55,63.1,7.788,190.0,16.0,18.0,sr90_plus_20,270,0.10954830122723226,nuclide_mode,1.0.0,env_plus_no_ratio,extra_trees,0,,
271,50.94785,29.98131,1510,3.94,4.0,4.0,18.0,19.0,60.0,62.0,124.0,124.0,64.0,64.0,112.0,5.1,7.07,72.4,22.08,78.0,13.0,7.0,sr90_plus_20,271,0.1072654175894424,nuclide_mode,1.0.0,env_plus_no_ratio,extra_trees,0,,
272,50.94508,29.90914,1525,5.04,4.0,4.0,20.0,21.0,49.0,51.0,129.0,127.0,65.0,65.0,128.0,12.0,5.53,47.0,11.196,117.0,11.0,9.0,sr90_plus_20,272,0.10991620667188412,nuclide_mode,1.0.0,env_plus_no_ratio,extra_trees,0,,
273,50.94423,29.89427,1528,8.23,5.0,4.0,16.0,17.0,49.0,49.0,125.0,124.0,68.0,69.0,140.0,9.4,5.57,57.7,8.411999999999999,129.0,11.0,9.0,sr90_plus_20,273,0.11003781641158066,nuclide_mode,1.0.0,env_plus_no_ratio,extra_trees,0,,
274,50.94487,29.8806,1531,3.58,4.0,4.0,17.0,18.0,52.0,52.0,130.0,130.0,64.0,64.0,148.0,8.2,5.93,25.3,8.508,132.0,10.0,9.0,sr90_plus_20,274,0.10136097460882615,nuclide_mode,1.0.0,env_plus_no_ratio,extra_trees,0,,
275,50.943449,29.876318,1566,6.48,3.0,3.0,17.0,19.0,55.0,55.0,131.0,130.0,64.0,64.0,146.0,9.2,5.46,63.8,11.808,40.0,14.0,9.0,sr90_plus_20,275,0.11369659335348622,nuclide_mode,1.0.0,env_plus_no_ratio,extra_trees,0,,
276,50.94224,29.97181,1575,14.5,7.0,6.0,18.0,20.0,51.0,52.0,123.0,124.0,67.0,67.0,111.0,1.6,8.1,65.2,5.4,52.0,8.0,5.0,sr90_plus_20,276,0.10698419994180676,nuclide_mode,1.0.0,env_plus_no_ratio,extra_trees,0,,
277,50.935984,29.481144,1586,30.5,4.0,4.0,19.0,20.0,57.0,57.0,133.0,132.0,63.0,63.0,166.0,5.6,5.97,25.1,0.99,190.0,13.0,11.0,sr90_plus_20,277,0.1006858683103989,nuclide_mode,1.0.0,env_plus_no_ratio,extra_trees,0,,
278,50.935984,29.523983,1589,14.0,4.0,4.0,18.0,20.0,60.0,60.0,136.0,135.0,63.0,63.0,162.0,3.8,6.89,20.7,1.776,220.0,16.0,16.0,sr90_plus_20,278,0.10191755806395811,nuclide_mode,1.0.0,env_plus_no_ratio,extra_trees,0,,
279,50.936001,29.566834,1592,13.8,4.0,4.0,18.0,20.0,64.0,65.0,138.0,137.0,64.0,64.0,160.0,6.3,6.12,17.4,1.512,270.0,16.0,17.0,sr90_plus_20,279,0.10509480781094291,nuclide_mode,1.0.0,env_plus_no_ratio,extra_trees,0,,
280,50.935984,29.609661,1595,16.0,4.0,5.0,13.0,14.0,68.0,68.0,127.0,129.0,62.0,62.0,159.0,14.9,5.15,28.1,2.1,43.0,6.0,4.0,sr90_plus_20,280,0.09884551630304657,nuclide_mode,1.0.0,env_plus_no_ratio,extra_trees,0,,
281,50.93602,29.65263,1599,13.5,6.0,6.0,16.0,18.0,58.0,59.0,122.0,129.0,64.0,64.0,152.0,7.8,6.07,17.2,1.524,46.0,6.0,4.0,sr90_plus_20,281,0.09774790510632463,nuclide_mode,1.0.0,env_plus_no_ratio,extra_trees,0,,
282,50.936559,29.695122,1602,12.5,6.0,5.0,13.0,15.0,75.0,76.0,124.0,126.0,60.0,60.0,167.0,22.5,5.0,27.2,2.604,60.0,7.0,5.0,sr90_plus_20,282,0.09960228297696863,nuclide_mode,1.0.0,env_plus_no_ratio,extra_trees,0,,
283,50.93682,29.73937,1605,14.0,10.0,9.0,11.0,13.0,73.0,74.0,111.0,120.0,54.0,54.0,157.0,29.5,4.56,19.6,1.68,107.0,22.0,8.0,sr90_plus_20,283,0.09878818403631848,nuclide_mode,1.0.0,env_plus_no_ratio,extra_trees,0,,
284,50.935877,29.780267,1608,6.03,11.0,11.0,13.0,14.0,65.0,65.0,117.0,120.0,55.0,55.0,161.0,29.0,5.39,25.8,5.136,150.0,8.0,6.0,sr90_plus_20,284,0.10995463736702563,nuclide_mode,1.0.0,env_plus_no_ratio,extra_trees,0,,
285,50.93575,29.82374,1611,13.0,4.0,5.0,11.0,12.0,67.0,67.0,132.0,132.0,58.0,58.0,157.0,18.8,5.06,29.1,2.688,50.0,9.0,4.5,sr90_plus_20,285,0.09997363106467093,nuclide_mode,1.0.0,env_plus_no_ratio,extra_trees,0,,
286,50.935984,29.866694,1614,5.81,4.0,5.0,20.0,21.0,54.0,53.0,129.0,128.0,65.0,65.0,147.0,6.0,5.91,33.1,6.828,140.0,8.0,8.0,sr90_plus_20,286,0.10273014905387154,nuclide_mode,1.0.0,env_plus_no_ratio,extra_trees,0,,
287,50.93631,29.88148,1615,6.39,4.0,4.0,17.0,18.0,52.0,52.0,129.0,128.0,67.0,67.0,142.0,10.7,5.28,40.8,7.656,240.0,17.0,24.0,sr90_plus_20,287,0.10885271143627902,nuclide_mode,1.0.0,env_plus_no_ratio,extra_trees,0,,
288,50.936001,29.895249,1618,7.02,4.0,4.0,17.0,19.0,45.0,45.0,124.0,123.0,69.0,69.0,136.0,11.4,5.84,48.5,8.292,202.0,15.0,17.0,sr90_plus_20,288,0.11044587678347055,nuclide_mode,1.0.0,env_plus_no_ratio,extra_trees,0,,
289,50.93622,29.90966,1621,3.84,5.0,4.0,18.0,19.0,46.0,46.0,126.0,126.0,70.0,70.0,114.0,25.9,5.39,23.2,7.247999999999999,198.0,16.0,15.0,sr90_plus_20,289,0.10388314061733302,nuclide_mode,1.0.0,env_plus_no_ratio,extra_trees,0,,
290,50.93609,29.95312,1624,2.48,8.0,7.0,19.0,20.0,47.0,46.0,127.0,126.0,66.0,66.0,110.0,1.3,7.61,52.0,25.2,96.0,13.0,16.0,sr90_plus_20,290,0.11086424154278202,nuclide_mode,1.0.0,env_plus_no_ratio,extra_trees,0,,
291,50.936169,29.997449,1627,17.8,6.0,6.0,14.0,15.0,72.0,72.0,112.0,117.0,54.0,54.0,140.0,16.0,5.03,58.1,3.912,50.0,8.0,4.0,sr90_plus_20,291,0.12121071566224645,nuclide_mode,1.0.0,env_plus_no_ratio,extra_trees,0,,
292,50.93582,30.03905,1630,4.86,6.0,5.0,11.0,12.0,76.0,76.0,116.0,124.0,52.0,53.0,126.0,38.1,4.19,67.6,16.68,50.0,9.0,4.0,sr90_plus_20,292,0.13652314107223446,nuclide_mode,1.0.0,env_plus_no_ratio,extra_trees,0,,
293,50.935984,30.080888,1633,4.06,4.0,4.0,14.0,15.0,58.0,58.0,129.0,129.0,62.0,62.0,114.0,4.0,6.62,116.0,34.44,71.0,14.0,8.0,sr90_plus_20,293,0.10383788743685059,nuclide_mode,1.0.0,env_plus_no_ratio,extra_trees,0,,
294,50.93321,29.63793,1641,4.68,4.0,5.0,16.0,18.0,56.0,55.0,131.0,129.0,65.0,66.0,135.0,6.6,6.52,19.2,4.908,65.0,12.0,8.0,sr90_plus_20,294,0.09966311901758065,nuclide_mode,1.0.0,env_plus_no_ratio,extra_trees,0,,
295,50.93013,29.96157,1647,2.78,5.0,5.0,19.0,21.0,50.0,49.0,126.0,124.0,66.0,66.0,117.0,14.9,5.23,38.6,16.68,60.0,6.0,5.0,sr90_plus_20,295,0.10477934213730018,nuclide_mode,1.0.0,env_plus_no_ratio,extra_trees,0,,
296,50.92674,29.89579,1663,4.55,4.0,4.0,19.0,21.0,46.0,46.0,128.0,127.0,66.0,66.0,139.0,10.0,5.78,16.1,4.236,223.0,14.0,13.0,sr90_plus_20,296,0.10228079005665519,nuclide_mode,1.0.0,env_plus_no_ratio,extra_trees,0,,
297,50.92687,29.49577,1698,15.6,5.0,5.0,19.0,20.0,60.0,60.0,132.0,130.0,65.0,65.0,161.0,7.3,6.9,18.1,1.392,239.0,18.0,18.0,sr90_plus_20,297,0.10207272890286956,nuclide_mode,1.0.0,env_plus_no_ratio,extra_trees,0,,
298,50.92461,29.51027,1705,8.48,5.0,5.0,17.0,19.0,58.0,58.0,135.0,133.0,65.0,65.0,163.0,4.6,7.17,25.0,3.54,113.0,9.0,8.0,sr90_plus_20,298,0.09917313288393977,nuclide_mode,1.0.0,env_plus_no_ratio,extra_trees,0,,
299,50.92474,29.523996,1708,18.6,5.0,5.0,18.0,19.0,64.0,63.0,136.0,134.0,63.0,63.0,155.0,15.4,6.22,27.7,1.776,171.0,12.0,9.0,sr90_plus_20,299,0.09933592964379245,nuclide_mode,1.0.0,env_plus_no_ratio,extra_trees,0,,
300,50.92395,29.65255,1711,6.5,5.0,5.0,17.0,19.0,56.0,56.0,134.0,132.0,65.0,65.0,135.0,14.2,5.55,23.3,4.296,80.0,11.0,6.0,sr90_plus_20,300,0.09982751611687163,nuclide_mode,1.0.0,env_plus_no_ratio,extra_trees,0,,
301,50.9239,29.70967,1715,11.4,4.0,4.0,14.0,16.0,68.0,68.0,136.0,135.0,59.0,59.0,145.0,26.9,4.79,23.5,2.472,120.0,13.0,8.0,sr90_plus_20,301,0.09862070753619205,nuclide_mode,1.0.0,env_plus_no_ratio,extra_trees,0,,
302,50.924011,29.723902,1718,5.74,4.0,4.0,14.0,16.0,68.0,68.0,137.0,137.0,59.0,59.0,146.0,9.5,5.86,14.9,3.108,131.0,12.0,9.0,sr90_plus_20,302,0.09861750452942156,nuclide_mode,1.0.0,env_plus_no_ratio,extra_trees,0,,
303,50.92377,29.85221,1723,3.74,5.0,5.0,19.0,21.0,49.0,49.0,128.0,127.0,67.0,67.0,143.0,3.6,6.74,17.7,5.688,240.0,22.0,19.0,sr90_plus_20,303,0.10314512194760445,nuclide_mode,1.0.0,env_plus_no_ratio,extra_trees,0,,
304,50.921013,29.571594,1735,1.95,4.0,4.0,16.0,18.0,66.0,66.0,135.0,135.0,61.0,61.0,156.0,7.9,5.88,15.6,9.624,159.0,12.0,11.0,sr90_plus_20,304,0.10064703353939843,nuclide_mode,1.0.0,env_plus_no_ratio,extra_trees,0,,
305,50.921013,29.538276,1737,11.1,4.0,4.0,17.0,18.0,70.0,70.0,131.0,131.0,62.0,62.0,155.0,10.5,5.62,15.4,1.656,159.0,13.0,11.0,sr90_plus_20,305,0.09854854642626085,nuclide_mode,1.0.0,env_plus_no_ratio,extra_trees,0,,
306,50.91805,29.63337,1753,9.27,4.0,4.0,14.0,16.0,63.0,63.0,136.0,136.0,64.0,64.0,139.0,8.9,6.66,8.17,1.0584,91.0,9.0,5.0,sr90_plus_20,306,0.09673611861551203,nuclide_mode,1.0.0,env_plus_no_ratio,extra_trees,0,,
307,50.91794,29.66702,1757,6.95,4.0,4.0,19.0,20.0,60.0,60.0,134.0,133.0,63.0,63.0,130.0,4.0,6.96,14.0,2.4119999999999995,60.0,13.0,11.0,sr90_plus_20,307,0.09766676083395995,nuclide_mode,1.0.0,env_plus_no_ratio,extra_trees,0,,
308,50.91771,29.83874,1769,7.14,2.0,3.0,16.0,18.0,61.0,60.0,133.0,132.0,64.0,64.0,145.0,4.8,6.79,25.6,4.296,230.0,12.0,13.0,sr90_plus_20,308,0.10131104333433909,nuclide_mode,1.0.0,env_plus_no_ratio,extra_trees,0,,
309,50.91783,29.8523,1772,3.35,3.0,3.0,18.0,19.0,59.0,58.0,133.0,132.0,64.0,64.0,140.0,9.9,5.26,8.57,3.072,130.0,18.0,10.0,sr90_plus_20,309,0.09807696034356503,nuclide_mode,1.0.0,env_plus_no_ratio,extra_trees,0,,
310,50.918015,29.952364,1782,3.33,8.0,10.0,17.0,19.0,41.0,41.0,131.0,131.0,69.0,69.0,115.0,5.7,6.55,46.0,16.56,545.0,6.0,4.5,sr90_plus_20,310,0.1155465588985448,nuclide_mode,1.0.0,env_plus_no_ratio,extra_trees,0,,
311,50.91496,29.96711,1793,3.33,5.0,4.0,17.0,19.0,59.0,59.0,134.0,132.0,65.0,65.0,116.0,2.4,6.81,56.1,20.28,53.0,5.5,5.3,sr90_plus_20,311,0.10624189694127387,nuclide_mode,1.0.0,env_plus_no_ratio,extra_trees,0,,
312,50.91552,29.93895,1799,6.64,5.0,4.0,17.0,19.0,51.0,51.0,133.0,131.0,66.0,66.0,116.0,2.0,7.65,51.3,9.288,53.0,6.0,5.0,sr90_plus_20,312,0.10905521987128233,nuclide_mode,1.0.0,env_plus_no_ratio,extra_trees,0,,
313,50.915,29.84282,1803,9.81,3.0,3.0,17.0,19.0,56.0,56.0,138.0,139.0,64.0,64.0,136.0,33.1,4.26,24.7,3.024,160.0,14.0,10.0,sr90_plus_20,313,0.09990546574630929,nuclide_mode,1.0.0,env_plus_no_ratio,extra_trees,0,,
314,50.91491,29.64777,1807,16.4,5.0,5.0,15.0,17.0,57.0,57.0,130.0,130.0,67.0,67.0,146.0,10.1,5.23,18.5,1.356,120.0,8.0,7.0,sr90_plus_20,314,0.09759321208472095,nuclide_mode,1.0.0,env_plus_no_ratio,extra_trees,0,,
315,50.91179,29.6682,1811,13.0,4.0,4.0,17.0,19.0,53.0,53.0,136.0,134.0,63.0,63.0,130.0,9.2,6.07,16.9,1.56,80.0,7.0,6.0,sr90_plus_20,315,0.09699137846524673,nuclide_mode,1.0.0,env_plus_no_ratio,extra_trees,0,,
316,50.908769,30.064622,1824,5.95,7.0,7.0,12.0,13.0,72.0,73.0,125.0,131.0,55.0,55.0,142.0,45.0,3.68,58.6,11.82,68.0,13.0,7.0,sr90_plus_20,316,0.13541440000037047,nuclide_mode,1.0.0,env_plus_no_ratio,extra_trees,0,,
317,50.908879,30.037079,1826,6.3,4.0,5.0,14.0,15.0,74.0,74.0,120.0,126.0,56.0,56.0,140.0,7.9,5.92,78.5,15.0,42.0,7.0,4.0,sr90_plus_20,317,0.1253457105729755,nuclide_mode,1.0.0,env_plus_no_ratio,extra_trees,0,,
318,50.909004,29.99518,1829,3.94,4.0,4.0,15.0,16.0,63.0,63.0,119.0,121.0,65.0,65.0,122.0,6.4,5.92,32.5,9.9,35.0,8.0,8.0,sr90_plus_20,318,0.10584820155583131,nuclide_mode,1.0.0,env_plus_no_ratio,extra_trees,0,,
319,50.908862,29.950215,1833,3.0,5.0,6.0,16.0,17.0,59.0,60.0,134.0,133.0,64.0,64.0,116.0,3.7,6.83,30.4,12.239999999999998,72.0,10.0,10.0,sr90_plus_20,319,0.10252095649113224,nuclide_mode,1.0.0,env_plus_no_ratio,extra_trees,0,,
320,50.91015,29.90946,1836,4.79,5.0,5.0,20.0,21.0,48.0,48.0,127.0,127.0,68.0,68.0,118.0,7.8,6.12,12.0,3.0,108.0,8.0,10.0,sr90_plus_20,320,0.10076128534008175,nuclide_mode,1.0.0,env_plus_no_ratio,extra_trees,0,,
321,50.910072,29.86494,1839,6.2,5.0,5.0,21.0,23.0,42.0,42.0,129.0,130.0,67.0,67.0,112.0,2.1,7.01,24.7,4.776,85.0,14.0,9.0,sr90_plus_20,321,0.09990300883059418,nuclide_mode,1.0.0,env_plus_no_ratio,extra_trees,0,,
322,50.909023,29.838133,1842,2.82,3.0,4.0,17.0,18.0,59.0,58.0,134.0,135.0,62.0,62.0,136.0,15.6,5.27,15.9,6.78,200.0,21.0,35.0,sr90_plus_20,322,0.10389495918484735,nuclide_mode,1.0.0,env_plus_no_ratio,extra_trees,0,,
323,50.909004,29.823855,1843,7.96,4.0,4.0,11.0,13.0,73.0,73.0,129.0,133.0,61.0,61.0,153.0,11.2,5.44,18.4,2.772,84.0,11.0,6.0,sr90_plus_20,323,0.09851362380462018,nuclide_mode,1.0.0,env_plus_no_ratio,extra_trees,0,,
324,50.9085,29.780774,1846,8.14,8.0,10.0,13.0,14.0,72.0,71.0,116.0,120.0,55.0,55.0,162.0,19.0,5.16,16.9,2.4839999999999995,40.0,6.0,4.0,sr90_plus_20,324,0.10246799142861512,nuclide_mode,1.0.0,env_plus_no_ratio,extra_trees,0,,
325,50.908987,29.736924,1849,12.4,10.0,9.0,12.0,14.0,74.0,73.0,115.0,121.0,55.0,55.0,176.0,17.8,4.72,19.6,1.896,36.0,8.0,7.0,sr90_plus_20,325,0.10087503333662813,nuclide_mode,1.0.0,env_plus_no_ratio,extra_trees,0,,
326,50.908891,29.695276,1852,9.5,6.0,5.0,14.0,16.0,75.0,75.0,121.0,127.0,54.0,54.0,148.0,18.5,5.04,11.7,1.476,35.0,8.0,4.0,sr90_plus_20,326,0.09723693711364022,nuclide_mode,1.0.0,env_plus_no_ratio,extra_trees,0,,
327,50.90976,29.6514,1857,10.5,4.0,3.0,15.0,16.0,57.0,58.0,136.0,134.0,63.0,63.0,150.0,6.6,6.08,13.5,1.56,80.0,6.0,5.0,sr90_plus_20,327,0.09644327047465534,nuclide_mode,1.0.0,env_plus_no_ratio,extra_trees,0,,
328,50.909185,29.610752,1860,9.05,4.0,4.0,18.0,20.0,65.0,65.0,135.0,134.0,66.0,66.0,154.0,10.9,5.18,13.0,1.728,259.0,19.0,15.0,sr90_plus_20,328,0.10157465783478922,nuclide_mode,1.0.0,env_plus_no_ratio,extra_trees,0,,
329,50.909004,29.566716,1864,13.1,4.0,4.0,14.0,15.0,59.0,60.0,130.0,129.0,66.0,66.0,156.0,2.5,7.05,14.6,1.332,132.0,14.0,12.0,sr90_plus_20,329,0.0974645850606957,nuclide_mode,1.0.0,env_plus_no_ratio,extra_trees,0,,
330,50.90913,29.52413,1867,35.5,4.0,4.0,16.0,18.0,60.0,60.0,134.0,132.0,66.0,66.0,162.0,9.5,5.47,14.3,0.4836,110.0,12.0,6.0,sr90_plus_20,330,0.0971793683154859,nuclide_mode,1.0.0,env_plus_no_ratio,extra_trees,0,,
331,50.909023,29.48116,1870,17.4,4.0,4.0,19.0,21.0,59.0,59.0,134.0,133.0,63.0,63.0,172.0,0.9,8.13,23.3,1.608,260.0,18.0,22.0,sr90_plus_20,331,0.1040137103498377,nuclide_mode,1.0.0,env_plus_no_ratio,extra_trees,0,,
332,50.90598,29.6809,1873,7.05,5.0,5.0,14.0,16.0,60.0,60.0,137.0,135.0,63.0,63.0,136.0,39.2,4.72,16.8,2.856,131.0,9.0,8.0,sr90_plus_20,332,0.09780771831431236,nuclide_mode,1.0.0,env_plus_no_ratio,extra_trees,0,,
333,50.9006,29.61066,1890,19.4,3.0,4.0,17.0,19.0,64.0,64.0,142.0,140.0,61.0,61.0,148.0,14.3,4.96,37.0,2.292,116.0,12.0,6.0,sr90_plus_20,333,0.10109698491999373,nuclide_mode,1.0.0,env_plus_no_ratio,extra_trees,0,,
334,50.900031,29.995201,1918,2.48,6.0,5.0,14.0,16.0,70.0,70.0,114.0,123.0,59.0,59.0,141.0,45.0,3.63,31.2,15.12,20.0,4.0,3.0,sr90_plus_20,334,0.1239114187062327,nuclide_mode,1.0.0,env_plus_no_ratio,extra_trees,0,,
335,50.897033,29.502,1928,7.95,3.0,3.0,18.0,19.0,70.0,70.0,138.0,136.0,60.0,60.0,171.0,3.4,6.59,20.2,3.048,195.0,15.0,13.0,sr90_plus_20,335,0.1020128430231769,nuclide_mode,1.0.0,env_plus_no_ratio,extra_trees,0,,
336,50.8945,29.7048,1933,13.3,5.0,4.0,14.0,16.0,70.0,70.0,134.0,135.0,60.0,61.0,125.0,17.4,5.06,19.5,1.764,84.0,7.0,5.0,sr90_plus_20,336,0.09735654678678608,nuclide_mode,1.0.0,env_plus_no_ratio,extra_trees,0,,
337,50.89129,29.61509,1969,9.01,4.0,4.0,14.0,16.0,70.0,70.0,134.0,134.0,62.0,62.0,144.0,14.3,5.35,27.4,3.648,89.5,9.0,6.0,sr90_plus_20,337,0.09928737038226232,nuclide_mode,1.0.0,env_plus_no_ratio,extra_trees,0,,
338,50.885522,29.986943,1985,3.54,4.0,4.0,15.0,17.0,66.0,66.0,128.0,128.0,64.0,64.0,121.0,13.2,5.38,55.9,18.96,70.0,9.0,6.0,sr90_plus_20,338,0.10777062894819299,nuclide_mode,1.0.0,env_plus_no_ratio,extra_trees,0,,
339,50.885042,29.885729,1988,6.57,5.0,5.0,20.0,21.0,65.0,65.0,135.0,133.0,64.0,64.0,123.0,19.5,5.25,44.2,8.076,80.0,7.0,4.5,sr90_plus_20,339,0.10496399684736997,nuclide_mode,1.0.0,env_plus_no_ratio,extra_trees,0,,
340,50.88525,29.71897,1989,31.7,5.0,5.0,17.0,19.0,63.0,63.0,138.0,137.0,62.0,62.0,125.0,8.3,5.6,26.2,0.9936,80.0,9.0,5.0,sr90_plus_20,340,0.09775389637641987,nuclide_mode,1.0.0,env_plus_no_ratio,extra_trees,0,,
341,50.88231,29.5246,1995,19.5,5.0,5.0,12.0,14.0,75.0,75.0,127.0,128.0,58.0,58.0,163.0,6.8,6.46,14.0,0.864,93.0,9.0,5.0,sr90_plus_20,341,0.09737076262520451,nuclide_mode,1.0.0,env_plus_no_ratio,extra_trees,0,,
342,50.88234,29.53874,1996,19.2,4.0,4.0,16.0,18.0,76.0,76.0,136.0,135.0,59.0,59.0,157.0,16.0,4.77,14.3,0.8964,124.0,11.0,7.5,sr90_plus_20,342,0.09780091909425602,nuclide_mode,1.0.0,env_plus_no_ratio,extra_trees,0,,
343,50.88215,29.55243,1999,12.6,4.0,4.0,16.0,17.0,66.0,66.0,136.0,136.0,62.0,62.0,150.0,16.1,5.46,8.76,0.8375999999999999,106.0,16.0,7.0,sr90_plus_20,343,0.09715932250825991,nuclide_mode,1.0.0,env_plus_no_ratio,extra_trees,0,,
344,50.88246,29.56604,2001,14.1,4.0,5.0,14.0,15.0,75.0,75.0,126.0,128.0,57.0,57.0,146.0,17.6,5.94,19.8,1.692,126.0,13.5,10.0,sr90_plus_20,344,0.09819065227720158,nuclide_mode,1.0.0,env_plus_no_ratio,extra_trees,0,,
345,50.882024,29.609562,2004,12.4,5.0,5.0,11.0,12.0,74.0,74.0,122.0,129.0,56.0,56.0,146.0,15.1,5.57,17.5,1.68,61.0,8.0,3.0,sr90_plus_20,345,0.09740228689419635,nuclide_mode,1.0.0,env_plus_no_ratio,extra_trees,0,,
346,50.881535,29.653384,2007,2.08,6.0,5.0,11.0,12.0,74.0,75.0,119.0,124.0,57.0,57.0,149.0,45.0,4.31,15.0,8.64,661.0,6.0,4.0,sr90_plus_20,346,0.11702160712767785,nuclide_mode,1.0.0,env_plus_no_ratio,extra_trees,0,,
347,50.88203,29.69548,2010,12.7,5.0,5.0,13.0,15.0,76.0,76.0,130.0,130.0,54.0,54.0,131.0,44.6,4.31,19.8,1.872,71.0,7.0,5.0,sr90_plus_20,347,0.09719080529731608,nuclide_mode,1.0.0,env_plus_no_ratio,extra_trees,0,,
348,50.88208,29.73746,2014,12.5,5.0,4.0,16.0,18.0,74.0,74.0,126.0,131.0,57.0,57.0,146.0,29.8,4.76,34.2,3.3,84.0,10.0,8.0,sr90_plus_20,348,0.10147134108979163,nuclide_mode,1.0.0,env_plus_no_ratio,extra_trees,0,,
349,50.882024,29.781016,2017,16.3,5.0,5.0,15.0,15.0,74.0,74.0,124.0,126.0,56.0,56.0,157.0,15.6,4.82,32.1,2.364,60.0,4.0,3.4,sr90_plus_20,349,0.10064496494938674,nuclide_mode,1.0.0,env_plus_no_ratio,extra_trees,0,,
350,50.882024,29.823794,2020,15.0,8.0,8.0,12.0,13.0,74.0,75.0,115.0,123.0,54.0,54.0,140.0,26.2,4.53,26.9,2.148,83.0,8.5,6.0,sr90_plus_20,350,0.09920144612951472,nuclide_mode,1.0.0,env_plus_no_ratio,extra_trees,0,,
351,50.882024,29.866694,2023,9.24,5.0,7.0,20.0,21.0,53.0,53.0,130.0,129.0,65.0,65.0,114.0,6.2,5.63,31.7,4.116,53.0,11.0,4.5,sr90_plus_20,351,0.10092074366543977,nuclide_mode,1.0.0,env_plus_no_ratio,extra_trees,0,,
352,50.882044,29.909528,2028,5.53,5.0,5.0,13.0,14.0,79.0,79.0,118.0,125.0,55.0,55.0,154.0,33.9,4.51,36.2,7.859999999999999,71.0,13.0,5.0,sr90_plus_20,352,0.11324350716608717,nuclide_mode,1.0.0,env_plus_no_ratio,extra_trees,0,,
353,50.882024,29.952371,2031,4.58,7.0,7.0,13.0,14.0,75.0,75.0,119.0,124.0,56.0,56.0,141.0,8.8,5.37,32.8,8.592,40.0,6.0,5.0,sr90_plus_20,353,0.11051027046042282,nuclide_mode,1.0.0,env_plus_no_ratio,extra_trees,0,,
354,50.882044,29.995201,2035,6.6,6.0,6.0,14.0,16.0,74.0,75.0,125.0,131.0,60.0,60.0,139.0,27.1,4.41,29.7,5.4,54.0,5.0,4.0,sr90_plus_20,354,0.102773304346632,nuclide_mode,1.0.0,env_plus_no_ratio,extra_trees,0,,
355,50.882024,30.080888,2041,4.99,5.0,5.0,13.0,14.0,73.0,73.0,121.0,127.0,57.0,57.0,136.0,27.5,4.7,33.0,7.932,40.0,10.0,4.0,sr90_plus_20,355,0.10988961312732035,nuclide_mode,1.0.0,env_plus_no_ratio,extra_trees,0,,
356,50.879047,29.87621,2044,2.67,5.0,5.0,20.0,21.0,56.0,56.0,130.0,129.0,64.0,64.0,126.0,20.0,5.18,27.9,12.48,118.0,8.0,9.0,sr90_plus_20,356,0.10133291652281683,nuclide_mode,1.0.0,env_plus_no_ratio,extra_trees,0,,
357,50.879047,29.847653,2046,5.33,5.0,5.0,17.0,19.0,64.0,64.0,129.0,129.0,63.0,63.0,115.0,4.8,6.5,31.5,7.08,78.0,16.0,5.0,sr90_plus_20,357,0.10212749475890151,nuclide_mode,1.0.0,env_plus_no_ratio,extra_trees,0,,
358,50.873052,29.838133,2075,4.82,5.0,5.0,18.0,19.0,56.0,56.0,125.0,125.0,64.0,64.0,118.0,10.0,5.51,11.5,2.856,52.0,8.0,4.5,sr90_plus_20,358,0.0971920805204914,nuclide_mode,1.0.0,env_plus_no_ratio,extra_trees,0,,
359,50.87312,29.54792,2096,11.7,4.0,4.0,15.0,17.0,77.0,78.0,133.0,134.0,59.0,59.0,173.0,31.5,4.19,17.5,1.7999999999999998,57.0,12.0,5.0,sr90_plus_20,359,0.09950676467459538,nuclide_mode,1.0.0,env_plus_no_ratio,extra_trees,0,,
360,50.870054,29.86669,2102,8.86,3.0,4.0,17.0,18.0,47.0,47.0,122.0,126.0,61.0,61.0,134.0,12.4,5.8,36.4,4.932,100.0,22.0,7.0,sr90_plus_20,360,0.10408791760817684,nuclide_mode,1.0.0,env_plus_no_ratio,extra_trees,0,,
361,50.87019,29.99148,2104,3.41,5.0,5.0,15.0,16.0,74.0,74.0,128.0,129.0,58.0,58.0,127.0,27.1,4.77,27.7,9.756,60.0,7.0,5.0,sr90_plus_20,361,0.10371912379512957,nuclide_mode,1.0.0,env_plus_no_ratio,extra_trees,0,,
362,50.86394,29.73887,2127,3.16,5.0,5.0,20.0,21.0,57.0,57.0,132.0,132.0,65.0,65.0,118.0,4.5,6.62,34.3,13.08,116.0,17.0,13.0,sr90_plus_20,362,0.10260771523428802,nuclide_mode,1.0.0,env_plus_no_ratio,extra_trees,0,,
363,50.86406,29.852412,2135,12.5,4.0,4.0,17.0,18.0,61.0,62.0,128.0,129.0,63.0,63.0,117.0,19.4,4.7,28.1,2.7,84.0,16.0,6.0,sr90_plus_20,363,0.09839128156803288,nuclide_mode,1.0.0,env_plus_no_ratio,extra_trees,0,,
364,50.86422,29.995201,2145,3.03,5.0,5.0,14.0,16.0,73.0,74.0,131.0,131.0,61.0,61.0,127.0,26.5,5.33,44.2,17.52,76.0,7.0,6.0,sr90_plus_20,364,0.1071642209317456,nuclide_mode,1.0.0,env_plus_no_ratio,extra_trees,0,,
365,50.86163,30.05635,2153,4.56,4.0,4.0,17.0,19.0,59.0,58.0,133.0,131.0,65.0,65.0,126.0,5.2,6.17,52.7,13.92,65.0,8.0,6.0,sr90_plus_20,365,0.10642072870561364,nuclide_mode,1.0.0,env_plus_no_ratio,extra_trees,0,,
366,50.86114,29.55719,2160,12.1,4.0,4.0,16.0,17.0,63.0,63.0,133.0,132.0,64.0,64.0,163.0,17.0,5.01,22.8,2.256,136.0,13.0,9.0,sr90_plus_20,366,0.09858145178782406,nuclide_mode,1.0.0,env_plus_no_ratio,extra_trees,0,,
367,50.855044,30.066608,2176,3.4,5.0,5.0,17.0,17.0,51.0,51.0,131.0,131.0,68.0,68.0,125.0,6.2,6.68,24.9,8.819999999999999,90.0,9.0,5.0,sr90_plus_20,367,0.10207821830957234,nuclide_mode,1.0.0,env_plus_no_ratio,extra_trees,0,,
368,50.85485,30.03866,2179,11.2,6.0,5.0,15.0,17.0,65.0,65.0,122.0,127.0,61.0,61.0,135.0,11.9,5.72,42.2,4.536,70.0,6.0,5.0,sr90_plus_20,368,0.10551483590863482,nuclide_mode,1.0.0,env_plus_no_ratio,extra_trees,0,,
369,50.85492,29.99515,2182,4.26,4.0,4.0,15.0,17.0,65.0,65.0,131.0,128.0,65.0,65.0,132.0,12.3,5.45,64.8,18.24,150.0,13.0,10.0,sr90_plus_20,369,0.11269617131025493,nuclide_mode,1.0.0,env_plus_no_ratio,extra_trees,0,,
370,50.85538,29.98096,2185,7.39,4.0,4.0,18.0,20.0,64.0,63.0,132.0,130.0,65.0,65.0,126.0,14.7,5.6,46.7,7.596,120.0,11.0,8.0,sr90_plus_20,370,0.1062320163252697,nuclide_mode,1.0.0,env_plus_no_ratio,extra_trees,0,,
371,50.85519,29.96151,2187,17.9,4.0,4.0,19.0,21.0,59.0,59.0,135.0,134.0,66.0,66.0,129.0,11.5,5.86,76.0,5.1,120.0,9.0,9.0,sr90_plus_20,371,0.1067498827082289,nuclide_mode,1.0.0,env_plus_no_ratio,extra_trees,0,,
372,50.85513,29.9514,2188,6.17,4.0,4.0,18.0,19.0,57.0,57.0,130.0,130.0,67.0,67.0,134.0,1.6,7.18,41.6,8.1,170.0,11.0,10.0,sr90_plus_20,372,0.1055850974195833,nuclide_mode,1.0.0,env_plus_no_ratio,extra_trees,0,,
373,50.855044,29.909532,2191,3.84,4.0,4.0,17.0,18.0,64.0,64.0,129.0,128.0,62.0,63.0,145.0,16.8,5.89,27.3,8.52,160.0,11.0,10.0,sr90_plus_20,373,0.10176205007303968,nuclide_mode,1.0.0,env_plus_no_ratio,extra_trees,0,,
374,50.855067,29.86669,2194,16.7,6.0,6.0,10.0,11.0,77.0,78.0,115.0,123.0,54.0,54.0,163.0,11.4,5.87,25.2,1.812,45.0,7.0,5.0,sr90_plus_20,374,0.09976401297971423,nuclide_mode,1.0.0,env_plus_no_ratio,extra_trees,0,,
375,50.85502,29.824691,2197,5.53,7.0,7.0,18.0,20.0,47.0,47.0,129.0,130.0,65.0,65.0,114.0,3.8,6.57,34.9,7.571999999999999,38.0,8.0,4.0,sr90_plus_20,375,0.10339780870659646,nuclide_mode,1.0.0,env_plus_no_ratio,extra_trees,0,,
376,50.8553,29.78149,2200,9.44,8.0,8.0,16.0,18.0,64.0,64.0,116.0,122.0,55.0,55.0,138.0,26.6,5.03,20.4,2.592,55.0,7.0,5.0,sr90_plus_20,376,0.09840695806559094,nuclide_mode,1.0.0,env_plus_no_ratio,extra_trees,0,,
377,50.85599,29.73814,2203,6.87,6.0,5.0,20.0,21.0,48.0,48.0,132.0,131.0,67.0,67.0,118.0,6.3,5.89,20.2,3.54,70.0,9.0,6.0,sr90_plus_20,377,0.09876659500907815,nuclide_mode,1.0.0,env_plus_no_ratio,extra_trees,0,,
378,50.85507,29.72476,2206,5.5,5.0,5.0,19.0,21.0,56.0,56.0,129.0,128.0,67.0,67.0,116.0,7.4,6.53,20.5,4.476,96.0,15.0,6.0,sr90_plus_20,378,0.09969558738169282,nuclide_mode,1.0.0,env_plus_no_ratio,extra_trees,0,,
379,50.85513,29.70952,2209,9.19,4.0,4.0,18.0,19.0,58.0,58.0,131.0,131.0,63.0,63.0,127.0,20.6,5.25,22.5,2.928,80.0,6.0,4.0,sr90_plus_20,379,0.09820435176998349,nuclide_mode,1.0.0,env_plus_no_ratio,extra_trees,0,,
380,50.85502,29.69525,2210,10.1,5.0,5.0,14.0,15.0,71.0,70.0,117.0,123.0,57.0,58.0,169.0,38.7,3.92,18.7,2.22,67.0,7.0,4.0,sr90_plus_20,380,0.09834770133323509,nuclide_mode,1.0.0,env_plus_no_ratio,extra_trees,0,,
381,50.855044,29.652408,2213,22.8,7.0,7.0,12.0,13.0,74.0,74.0,117.0,123.0,54.0,54.0,159.0,42.3,3.81,22.7,1.1976,60.0,8.0,4.0,sr90_plus_20,381,0.09833767903529575,nuclide_mode,1.0.0,env_plus_no_ratio,extra_trees,0,,
382,50.855067,29.60967,2216,28.7,7.0,7.0,11.0,12.0,76.0,75.0,123.0,128.0,55.0,55.0,175.0,25.8,4.26,15.7,0.6564,50.0,7.0,6.0,sr90_plus_20,382,0.09757582443058978,nuclide_mode,1.0.0,env_plus_no_ratio,extra_trees,0,,
383,50.855485,29.566641,2219,2.83,4.0,4.0,13.0,14.0,68.0,67.0,133.0,134.0,57.0,57.0,165.0,45.0,4.11,17.6,7.452,192.0,19.0,9.0,sr90_plus_20,383,0.11703863128162721,nuclide_mode,1.0.0,env_plus_no_ratio,extra_trees,0,,
384,50.854414,29.524199,2222,25.8,4.0,4.0,19.0,21.0,52.0,52.0,134.0,133.0,65.0,65.0,167.0,1.8,7.44,17.8,0.8244,230.0,15.0,15.0,sr90_plus_20,384,0.10226453640343497,nuclide_mode,1.0.0,env_plus_no_ratio,extra_trees,0,,
385,50.84633,29.72407,2266,8.06,8.0,8.0,20.0,22.0,48.0,48.0,126.0,125.0,69.0,69.0,119.0,23.0,4.71,26.1,3.888,108.0,18.0,7.0,sr90_plus_20,385,0.10000861420563131,nuclide_mode,1.0.0,env_plus_no_ratio,extra_trees,0,,
386,50.8461,29.7384,2269,6.66,6.0,6.0,18.0,19.0,47.0,47.0,126.0,115.0,69.0,69.0,120.0,13.7,5.18,21.1,3.804,88.0,7.0,6.0,sr90_plus_20,386,0.09903300759636138,nuclide_mode,1.0.0,env_plus_no_ratio,extra_trees,0,,
387,50.846,29.9565,2286,6.36,4.0,4.0,18.0,19.0,60.0,60.0,137.0,135.0,65.0,65.0,129.0,6.6,5.58,44.7,8.424,170.0,14.0,10.0,sr90_plus_20,387,0.1057419763596832,nuclide_mode,1.0.0,env_plus_no_ratio,extra_trees,0,,
388,50.84558,29.98077,2289,3.33,3.0,4.0,18.0,19.0,61.0,61.0,133.0,131.0,65.0,65.0,131.0,3.6,6.56,42.2,15.239999999999998,151.0,12.0,11.0,sr90_plus_20,388,0.10447134636380898,nuclide_mode,1.0.0,env_plus_no_ratio,extra_trees,0,,
389,50.84552,30.06597,2297,2.59,4.0,4.0,15.0,16.0,49.0,49.0,131.0,130.0,67.0,67.0,126.0,13.2,5.78,25.8,11.94,120.0,10.0,7.0,sr90_plus_20,389,0.1018601069400464,nuclide_mode,1.0.0,env_plus_no_ratio,extra_trees,0,,
390,50.84613,30.08079,2300,4.14,5.0,4.0,15.0,15.0,45.0,46.0,132.0,132.0,68.0,68.0,123.0,10.4,5.27,25.8,7.5,150.0,13.0,10.0,sr90_plus_20,390,0.1010103354495607,nuclide_mode,1.0.0,env_plus_no_ratio,extra_trees,0,,
391,50.84361,29.8196,2309,5.84,7.0,7.0,16.0,18.0,57.0,58.0,125.0,126.0,61.0,61.0,122.0,39.5,4.49,21.9,4.512,50.0,7.0,4.0,sr90_plus_20,391,0.10076429555823928,nuclide_mode,1.0.0,env_plus_no_ratio,extra_trees,0,,
392,50.84024,29.53695,2316,16.6,4.0,4.0,17.0,19.0,58.0,57.0,133.0,132.0,63.0,63.0,158.0,11.5,5.64,21.7,1.572,207.0,19.0,11.0,sr90_plus_20,392,0.101445865783866,nuclide_mode,1.0.0,env_plus_no_ratio,extra_trees,0,,
393,50.8405,29.54701,2318,13.0,4.0,4.0,17.0,19.0,60.0,60.0,135.0,134.0,63.0,63.0,158.0,6.6,5.51,24.7,2.28,156.0,15.0,8.0,sr90_plus_20,393,0.09905942699106403,nuclide_mode,1.0.0,env_plus_no_ratio,extra_trees,0,,
394,50.84052,29.67177,2324,1.98,4.0,4.0,19.0,20.0,56.0,56.0,131.0,129.0,65.0,65.0,140.0,16.9,4.68,23.1,14.04,233.0,14.0,13.0,sr90_plus_20,394,0.10317355061667886,nuclide_mode,1.0.0,env_plus_no_ratio,extra_trees,0,,
395,50.84004,29.94798,2330,4.37,3.0,3.0,16.0,17.0,63.0,63.0,133.0,132.0,62.0,62.0,127.0,13.4,5.94,49.2,13.56,190.0,13.0,12.0,sr90_plus_20,395,0.10684007327723455,nuclide_mode,1.0.0,env_plus_no_ratio,extra_trees,0,,
396,50.83739,30.07978,2333,3.49,5.0,4.0,15.0,16.0,53.0,54.0,135.0,135.0,68.0,68.0,122.0,15.5,5.47,27.1,9.324,250.0,25.0,19.0,sr90_plus_20,396,0.10103352995493688,nuclide_mode,1.0.0,env_plus_no_ratio,extra_trees,0,,
397,50.837058,30.052328,2335,16.5,6.0,6.0,16.0,16.0,54.0,54.0,131.0,129.0,63.0,63.0,129.0,20.4,4.93,38.8,2.82,99.0,11.0,6.0,sr90_plus_20,397,0.10186756082855371,nuclide_mode,1.0.0,env_plus_no_ratio,extra_trees,0,,
398,50.83717,29.80961,2353,10.3,5.0,5.0,19.0,20.0,61.0,61.0,129.0,126.0,65.0,66.0,126.0,15.7,5.59,30.4,3.54,140.0,7.0,8.0,sr90_plus_20,398,0.10004906299198602,nuclide_mode,1.0.0,env_plus_no_ratio,extra_trees,0,,
399,50.83714,29.66121,2368,12.2,3.0,3.0,19.0,20.0,56.0,56.0,134.0,132.0,66.0,66.0,143.0,7.3,5.89,28.1,2.772,70.0,8.5,5.0,sr90_plus_20,399,0.09811708625609739,nuclide_mode,1.0.0,env_plus_no_ratio,extra_trees,0,,
400,50.83716,29.64882,2371,8.19,3.0,3.0,19.0,20.0,54.0,55.0,135.0,134.0,63.0,63.0,143.0,6.3,6.27,24.2,3.552,129.0,15.0,8.0,sr90_plus_20,400,0.0995184827281704,nuclide_mode,1.0.0,env_plus_no_ratio,extra_trees,0,,
401,50.83403,29.52908,2386,18.0,4.0,4.0,16.0,17.0,59.0,59.0,131.0,131.0,62.0,62.0,161.0,4.7,6.48,31.7,2.112,271.0,20.0,18.0,sr90_plus_20,401,0.10393557406913219,nuclide_mode,1.0.0,env_plus_no_ratio,extra_trees,0,,
402,50.83419,29.55745,2388,13.5,4.0,4.0,17.0,19.0,56.0,57.0,137.0,136.0,63.0,63.0,155.0,8.0,5.84,23.9,2.124,196.0,18.0,12.0,sr90_plus_20,402,0.10108478270109705,nuclide_mode,1.0.0,env_plus_no_ratio,extra_trees,0,,
403,50.83407,29.79894,2396,7.53,5.0,5.0,18.0,20.0,55.0,55.0,126.0,128.0,70.0,70.0,122.0,4.9,6.79,42.2,6.732,74.0,5.0,5.0,sr90_plus_20,403,0.10546282452012269,nuclide_mode,1.0.0,env_plus_no_ratio,extra_trees,0,,
404,50.833328,29.937748,2398,4.18,4.0,4.0,12.0,14.0,76.0,78.0,131.0,132.0,58.0,58.0,145.0,15.3,5.38,40.9,11.76,60.0,7.0,5.0,sr90_plus_20,404,0.10719644695057116,nuclide_mode,1.0.0,env_plus_no_ratio,extra_trees,0,,
405,50.83024,29.78474,2406,10.3,7.0,7.0,17.0,19.0,60.0,60.0,117.0,120.0,65.0,65.0,123.0,15.5,4.87,26.8,3.132,44.0,6.0,4.0,sr90_plus_20,405,0.09874852957227115,nuclide_mode,1.0.0,env_plus_no_ratio,extra_trees,0,,
406,50.831086,29.771498,2409,14.9,8.0,9.0,15.0,16.0,61.0,61.0,128.0,128.0,63.0,63.0,122.0,16.6,5.36,25.5,2.052,50.0,5.0,4.0,sr90_plus_20,406,0.09828480607048784,nuclide_mode,1.0.0,env_plus_no_ratio,extra_trees,0,,
407,50.83147,29.519772,2413,17.8,4.0,4.0,16.0,18.0,62.0,62.0,132.0,132.0,60.0,60.0,160.0,21.4,4.99,29.4,1.992,164.0,15.0,10.0,sr90_plus_20,407,0.10018021635938615,nuclide_mode,1.0.0,env_plus_no_ratio,extra_trees,0,,
408,50.82844,29.523211,2414,14.6,3.0,4.0,14.0,16.0,66.0,66.0,132.0,132.0,61.0,61.0,161.0,9.2,5.8,19.3,1.584,117.0,11.0,7.0,sr90_plus_20,408,0.09789131802352828,nuclide_mode,1.0.0,env_plus_no_ratio,extra_trees,0,,
409,50.82792,29.56786,2416,34.9,3.0,3.0,17.0,19.0,55.0,54.0,137.0,136.0,61.0,61.0,153.0,3.3,6.44,24.2,0.8303999999999999,141.0,12.0,8.0,sr90_plus_20,409,0.0981400939103732,nuclide_mode,1.0.0,env_plus_no_ratio,extra_trees,0,,
410,50.828065,29.595381,2418,30.8,3.0,3.0,15.0,16.0,67.0,67.0,135.0,134.0,64.0,63.0,132.0,18.8,5.31,18.2,0.7091999999999999,140.0,8.0,8.0,sr90_plus_20,410,0.09714250397772653,nuclide_mode,1.0.0,env_plus_no_ratio,extra_trees,0,,
411,50.82841,29.6095,2421,11.5,4.0,3.0,17.0,18.0,65.0,65.0,132.0,133.0,64.0,64.0,145.0,8.8,5.95,20.8,2.16,70.0,9.0,5.0,sr90_plus_20,411,0.09731382377480206,nuclide_mode,1.0.0,env_plus_no_ratio,extra_trees,0,,
412,50.8291,29.65034,2424,13.3,4.0,5.0,20.0,21.0,55.0,54.0,131.0,129.0,67.0,67.0,118.0,18.3,5.64,19.9,1.7999999999999998,102.0,19.0,13.0,sr90_plus_20,412,0.09785567715705776,nuclide_mode,1.0.0,env_plus_no_ratio,extra_trees,0,,
413,50.828443,29.697905,2427,7.43,7.0,7.0,18.0,19.0,50.0,50.0,126.0,128.0,66.0,66.0,118.0,6.6,5.83,14.0,2.268,88.0,12.0,13.0,sr90_plus_20,413,0.09710775042970433,nuclide_mode,1.0.0,env_plus_no_ratio,extra_trees,0,,
414,50.82842,29.7381,2430,6.14,7.0,7.0,13.0,15.0,65.0,65.0,115.0,118.0,58.0,58.0,122.0,6.0,7.01,22.7,4.452,60.0,5.0,5.0,sr90_plus_20,414,0.10104765627976542,nuclide_mode,1.0.0,env_plus_no_ratio,extra_trees,0,,
415,50.8279,29.78119,2433,9.11,10.0,7.0,13.0,15.0,68.0,68.0,118.0,122.0,60.0,59.0,133.0,4.6,7.36,14.0,1.848,50.0,5.0,4.0,sr90_plus_20,415,0.09742780466847861,nuclide_mode,1.0.0,env_plus_no_ratio,extra_trees,0,,
416,50.828089,29.795297,2435,7.12,4.0,4.0,16.0,18.0,60.0,60.0,119.0,122.0,66.0,66.0,131.0,23.7,4.56,77.0,12.96,60.0,6.0,4.0,sr90_plus_20,416,0.10872600242957418,nuclide_mode,1.0.0,env_plus_no_ratio,extra_trees,0,,
417,50.82773,29.82307,2438,7.28,8.0,7.0,11.0,12.0,68.0,68.0,118.0,124.0,58.0,58.0,142.0,16.1,5.51,28.3,4.656,57.0,8.0,5.0,sr90_plus_20,417,0.10334836552371472,nuclide_mode,1.0.0,env_plus_no_ratio,extra_trees,0,,
418,50.828065,29.866694,2441,8.76,11.0,10.0,10.0,11.0,70.0,70.0,106.0,114.0,53.0,53.0,160.0,23.2,4.62,20.4,2.796,50.0,5.0,4.0,sr90_plus_20,418,0.10259060921422701,nuclide_mode,1.0.0,env_plus_no_ratio,extra_trees,0,,
419,50.82973,29.90933,2444,4.17,6.0,5.0,11.0,13.0,70.0,70.0,123.0,125.0,56.0,56.0,133.0,10.9,5.71,29.2,8.388,80.0,7.0,6.0,sr90_plus_20,419,0.10693511988631577,nuclide_mode,1.0.0,env_plus_no_ratio,extra_trees,0,,
420,50.828089,29.952364,2447,9.94,6.0,6.0,12.0,13.0,77.0,78.0,120.0,125.0,55.0,56.0,139.0,14.3,5.53,38.8,4.68,57.0,8.0,5.0,sr90_plus_20,420,0.10964867435504604,nuclide_mode,1.0.0,env_plus_no_ratio,extra_trees,0,,
421,50.828065,29.99521,2450,4.04,4.0,4.0,11.0,12.0,74.0,74.0,131.0,133.0,56.0,56.0,136.0,8.3,5.91,46.7,13.8,199.0,21.0,13.0,sr90_plus_20,421,0.11404662297329791,nuclide_mode,1.0.0,env_plus_no_ratio,extra_trees,0,,
422,50.828089,30.038037,2453,4.3,3.0,3.0,14.0,15.0,73.0,73.0,127.0,131.0,58.0,58.0,134.0,6.3,6.54,24.4,6.803999999999999,252.0,17.0,16.0,sr90_plus_20,422,0.1058948933130821,nuclide_mode,1.0.0,env_plus_no_ratio,extra_trees,0,,
423,50.827524,30.081477,2456,6.71,4.0,4.0,16.0,17.0,56.0,56.0,130.0,129.0,66.0,66.0,125.0,2.8,6.56,25.2,4.512,140.0,10.0,8.0,sr90_plus_20,423,0.0999532577910881,nuclide_mode,1.0.0,env_plus_no_ratio,extra_trees,0,,
424,50.8251,30.09468,2460,2.37,7.0,7.0,15.0,16.0,57.0,57.0,128.0,127.0,66.0,66.0,128.0,5.6,6.67,26.9,13.68,90.0,10.0,6.0,sr90_plus_20,424,0.10227677211870365,nuclide_mode,1.0.0,env_plus_no_ratio,extra_trees,0,,
425,50.81948,29.89986,2487,5.05,4.0,4.0,18.0,19.0,62.0,62.0,136.0,134.0,64.0,64.0,132.0,12.7,5.12,37.9,9.024,90.0,9.0,6.0,sr90_plus_20,425,0.1030257333522235,nuclide_mode,1.0.0,env_plus_no_ratio,extra_trees,0,,
426,50.81923,29.59508,2510,11.2,3.0,3.0,18.0,20.0,59.0,59.0,131.0,130.0,65.0,65.0,145.0,3.3,6.94,23.9,2.556,170.0,12.0,11.0,sr90_plus_20,426,0.10010246503249687,nuclide_mode,1.0.0,env_plus_no_ratio,extra_trees,0,,
427,50.81824,29.58169,2513,12.4,3.0,3.0,15.0,18.0,63.0,62.0,135.0,134.0,64.0,64.0,137.0,41.1,4.64,22.0,2.112,190.0,14.0,13.0,sr90_plus_20,427,0.10130022616730569,nuclide_mode,1.0.0,env_plus_no_ratio,extra_trees,0,,
428,50.816099,29.638228,2524,9.04,5.0,5.0,16.0,17.0,55.0,55.0,126.0,125.0,68.0,68.0,122.0,5.5,6.52,30.8,4.092,70.0,6.0,5.0,sr90_plus_20,428,0.1005914057123405,nuclide_mode,1.0.0,env_plus_no_ratio,extra_trees,0,,
429,50.810078,29.581102,2544,12.7,4.0,4.0,17.0,18.0,60.0,60.0,132.0,131.0,66.0,66.0,146.0,18.0,4.93,26.8,2.544,80.0,7.0,6.0,sr90_plus_20,429,0.09817104798664608,nuclide_mode,1.0.0,env_plus_no_ratio,extra_trees,0,,
430,50.81033,29.91423,2570,4.17,5.0,5.0,16.0,17.0,59.0,59.0,130.0,131.0,64.0,64.0,134.0,22.7,4.87,43.8,12.6,96.0,11.0,8.0,sr90_plus_20,430,0.10595374600321562,nuclide_mode,1.0.0,env_plus_no_ratio,extra_trees,0,,
431,50.800511,30.08088,2591,3.63,5.0,5.0,14.0,16.0,53.0,53.0,124.0,125.0,65.0,65.0,123.0,8.9,6.39,33.1,10.932,50.0,11.0,9.0,sr90_plus_20,431,0.10376200275770815,nuclide_mode,1.0.0,env_plus_no_ratio,extra_trees,0,,
432,50.80111,30.038037,2595,6.05,5.0,5.0,15.0,16.0,63.0,63.0,129.0,128.0,66.0,66.0,133.0,12.0,5.22,40.1,7.944,50.0,8.0,4.0,sr90_plus_20,432,0.10379232974877947,nuclide_mode,1.0.0,env_plus_no_ratio,extra_trees,0,,
433,50.801379,30.008669,2597,3.23,4.0,4.0,13.0,15.0,59.0,59.0,131.0,130.0,61.0,61.0,136.0,4.2,6.4,33.7,12.48,120.0,8.0,7.0,sr90_plus_20,433,0.10387046467225006,nuclide_mode,1.0.0,env_plus_no_ratio,extra_trees,0,,
434,50.801488,29.995708,2600,5.12,5.0,5.0,14.0,15.0,62.0,63.0,132.0,134.0,63.0,63.0,138.0,10.2,5.39,51.8,12.12,100.0,8.0,7.0,sr90_plus_20,434,0.10720402091472465,nuclide_mode,1.0.0,env_plus_no_ratio,extra_trees,0,,
435,50.800727,29.951162,2603,2.98,7.0,6.0,11.0,12.0,76.0,76.0,113.0,122.0,51.0,52.0,152.0,18.3,5.24,34.7,14.04,50.0,8.0,6.0,sr90_plus_20,435,0.11651735769424905,nuclide_mode,1.0.0,env_plus_no_ratio,extra_trees,0,,
436,50.80116,29.91087,2606,3.63,5.0,5.0,15.0,17.0,63.0,63.0,132.0,134.0,62.0,62.0,134.0,7.9,5.43,39.4,12.96,76.0,7.0,5.0,sr90_plus_20,436,0.10398380664967537,nuclide_mode,1.0.0,env_plus_no_ratio,extra_trees,0,,
437,50.801085,29.86691,2609,7.11,4.0,4.0,14.0,15.0,65.0,65.0,132.0,132.0,58.0,58.0,131.0,5.7,6.38,20.7,3.492,80.0,8.0,7.0,sr90_plus_20,437,0.09892880384717377,nuclide_mode,1.0.0,env_plus_no_ratio,extra_trees,0,,
438,50.80162,29.82391,2612,11.4,11.0,10.0,13.0,13.0,73.0,73.0,115.0,124.0,54.0,54.0,155.0,2.6,7.53,21.3,2.244,48.0,5.0,3.0,sr90_plus_20,438,0.1019265666237175,nuclide_mode,1.0.0,env_plus_no_ratio,extra_trees,0,,
439,50.80108,29.737545,2618,10.5,11.0,11.0,11.0,12.0,64.0,64.0,112.0,118.0,51.0,52.0,150.0,20.0,5.46,13.2,1.5,60.0,6.0,4.0,sr90_plus_20,439,0.09388517177273425,nuclide_mode,1.0.0,env_plus_no_ratio,extra_trees,0,,
440,50.800773,29.695775,2621,7.85,8.0,8.0,14.0,15.0,65.0,65.0,115.0,122.0,56.0,56.0,155.0,25.1,4.38,15.1,2.304,50.0,6.0,4.0,sr90_plus_20,440,0.09718689238449477,nuclide_mode,1.0.0,env_plus_no_ratio,extra_trees,0,,
441,50.800875,29.652148,2624,12.7,8.0,7.0,14.0,16.0,69.0,70.0,111.0,120.0,60.0,60.0,144.0,20.9,4.57,25.4,2.4,44.0,7.0,5.0,sr90_plus_20,441,0.0986089728232004,nuclide_mode,1.0.0,env_plus_no_ratio,extra_trees,0,,
442,50.80111,29.60967,2627,9.2,7.0,7.0,16.0,17.0,60.0,60.0,128.0,127.0,64.0,64.0,129.0,24.3,4.81,16.5,2.148,50.0,4.0,4.0,sr90_plus_20,442,0.0976518180453507,nuclide_mode,1.0.0,env_plus_no_ratio,extra_trees,0,,
443,50.80115,29.52336,2633,11.6,4.0,4.0,18.0,19.0,58.0,58.0,136.0,135.0,63.0,63.0,149.0,6.0,6.72,19.8,2.04,220.0,14.0,17.0,sr90_plus_20,443,0.10201277078181706,nuclide_mode,1.0.0,env_plus_no_ratio,extra_trees,0,,
444,50.79814,29.5096,2638,12.1,3.0,3.0,15.0,17.0,67.0,67.0,133.0,134.0,62.0,62.0,154.0,6.0,6.06,27.2,2.7,100.0,9.0,6.0,sr90_plus_20,444,0.09810014292005488,nuclide_mode,1.0.0,env_plus_no_ratio,extra_trees,0,,
445,50.795115,30.052317,2644,5.57,4.0,4.0,20.0,21.0,50.0,50.0,135.0,133.0,68.0,68.0,130.0,10.3,5.11,32.3,6.96,45.0,7.0,5.0,sr90_plus_20,445,0.10270657381010045,nuclide_mode,1.0.0,env_plus_no_ratio,extra_trees,0,,
446,50.795115,30.033279,2648,6.27,5.0,5.0,18.0,19.0,56.0,56.0,129.0,128.0,67.0,67.0,137.0,9.7,5.93,28.4,5.448,188.0,15.0,12.0,sr90_plus_20,446,0.10202216840805411,nuclide_mode,1.0.0,env_plus_no_ratio,extra_trees,0,,
447,50.79279,29.52362,2653,11.5,4.0,4.0,15.0,17.0,67.0,67.0,134.0,136.0,63.0,63.0,150.0,3.0,6.59,25.5,2.664,100.0,7.0,7.0,sr90_plus_20,447,0.09823463805993837,nuclide_mode,1.0.0,env_plus_no_ratio,extra_trees,0,,
448,50.78891,29.55187,2695,13.5,4.0,4.0,20.0,21.0,57.0,57.0,131.0,131.0,65.0,65.0,140.0,31.6,4.56,28.2,2.508,134.0,14.0,9.0,sr90_plus_20,448,0.09822391874829686,nuclide_mode,1.0.0,env_plus_no_ratio,extra_trees,0,,
449,50.78651,29.53798,2709,9.68,4.0,4.0,19.0,21.0,61.0,60.0,134.0,133.0,58.0,59.0,137.0,29.7,4.8,21.1,2.616,220.0,17.0,14.0,sr90_plus_20,449,0.10103080713329736,nuclide_mode,1.0.0,env_plus_no_ratio,extra_trees,0,,
450,50.78292,29.52433,2750,8.7,4.0,4.0,16.0,18.0,69.0,69.0,132.0,130.0,58.0,58.0,144.0,14.7,5.1,25.7,3.552,80.0,10.0,5.0,sr90_plus_20,450,0.09961359742401672,nuclide_mode,1.0.0,env_plus_no_ratio,extra_trees,0,,
451,50.78271,29.51032,2753,13.3,3.0,3.0,14.0,15.0,70.0,71.0,132.0,133.0,58.0,57.0,143.0,30.7,5.01,22.6,2.04,70.0,8.0,7.0,sr90_plus_20,451,0.09712096455498867,nuclide_mode,1.0.0,env_plus_no_ratio,extra_trees,0,,
452,50.774105,29.481023,2761,17.2,4.0,5.0,17.0,18.0,60.0,59.0,118.0,125.0,62.0,62.0,148.0,25.4,5.04,21.1,1.476,55.0,8.0,4.0,sr90_plus_20,452,0.09845964330775975,nuclide_mode,1.0.0,env_plus_no_ratio,extra_trees,0,,
453,50.77541,29.52476,2763,20.4,6.0,6.0,17.0,18.0,48.0,48.0,122.0,124.0,60.0,60.0,123.0,4.9,6.72,20.5,1.2,210.0,22.0,26.0,sr90_plus_20,453,0.09834431687020172,nuclide_mode,1.0.0,env_plus_no_ratio,extra_trees,0,,
454,50.772658,29.565394,2765,13.0,5.0,5.0,19.0,21.0,50.0,50.0,132.0,131.0,65.0,65.0,122.0,1.6,7.72,17.9,1.644,266.0,42.0,31.0,sr90_plus_20,454,0.10636439655368363,nuclide_mode,1.0.0,env_plus_no_ratio,extra_trees,0,,
455,50.774105,29.652408,2768,9.07,6.0,5.0,13.0,14.0,77.0,77.0,121.0,127.0,55.0,55.0,152.0,24.9,4.56,16.6,2.196,51.0,6.0,4.0,sr90_plus_20,455,0.09756581042887805,nuclide_mode,1.0.0,env_plus_no_ratio,extra_trees,0,,
456,50.774132,29.695343,2771,10.1,5.0,4.0,11.0,12.0,72.0,73.0,104.0,109.0,55.0,55.0,158.0,41.4,4.4,16.3,1.956,70.0,10.0,5.0,sr90_plus_20,456,0.09690627241543942,nuclide_mode,1.0.0,env_plus_no_ratio,extra_trees,0,,
457,50.774132,29.738181,2774,5.36,9.0,9.0,10.0,11.0,72.0,72.0,117.0,124.0,54.0,54.0,152.0,9.8,5.52,12.4,2.772,60.0,8.0,4.0,sr90_plus_20,457,0.09913643599942579,nuclide_mode,1.0.0,env_plus_no_ratio,extra_trees,0,,
458,50.774105,29.780948,2777,5.83,7.0,6.0,13.0,14.0,67.0,67.0,128.0,130.0,62.0,62.0,139.0,5.9,6.63,21.8,4.488,55.0,10.0,5.0,sr90_plus_20,458,0.10021986232579709,nuclide_mode,1.0.0,env_plus_no_ratio,extra_trees,0,,
459,50.774105,29.952371,2781,4.59,6.0,5.0,10.0,12.0,74.0,73.0,121.0,129.0,52.0,52.0,158.0,12.5,5.28,25.8,6.732,30.0,6.0,4.0,sr90_plus_20,459,0.10493936526215136,nuclide_mode,1.0.0,env_plus_no_ratio,extra_trees,0,,
460,50.774105,29.99521,2784,4.36,5.0,5.0,11.0,12.0,77.0,78.0,116.0,124.0,52.0,53.0,142.0,8.1,5.69,31.6,8.7,84.0,11.0,6.0,sr90_plus_20,460,0.11519382022620002,nuclide_mode,1.0.0,env_plus_no_ratio,extra_trees,0,,
461,50.774132,30.038037,2787,5.7,7.0,8.0,14.0,15.0,64.0,64.0,122.0,127.0,60.0,60.0,143.0,7.7,5.55,22.7,4.788,96.0,8.0,5.5,sr90_plus_20,461,0.10124101760888181,nuclide_mode,1.0.0,env_plus_no_ratio,extra_trees,0,,
462,51.151822,29.823855,2802,10.7,5.0,5.0,17.0,18.0,53.0,53.0,138.0,136.0,60.0,59.0,136.0,5.5,5.91,26.0,2.904,40.0,8.0,7.0,sr90_plus_20,462,0.09847533138183864,nuclide_mode,1.0.0,env_plus_no_ratio,extra_trees,0,,
463,51.123834,29.781093,2811,3.55,6.0,5.0,16.0,18.0,60.0,60.0,133.0,132.0,61.0,61.0,128.0,13.3,5.48,7.7,2.604,40.0,8.0,7.0,sr90_plus_20,463,0.09712592775077622,nuclide_mode,1.0.0,env_plus_no_ratio,extra_trees,0,,
464,51.152105,29.778549,2817,5.0,5.0,5.0,11.0,12.0,76.0,76.0,129.0,129.0,54.0,54.0,139.0,24.0,4.56,22.0,5.268,54.0,5.0,3.0,sr90_plus_20,464,0.10345178084092244,nuclide_mode,1.0.0,env_plus_no_ratio,extra_trees,0,,
465,51.12511,29.73936,2818,5.97,8.0,8.0,10.0,11.0,67.0,68.0,120.0,125.0,57.0,57.0,144.0,30.3,4.61,7.25,1.452,48.0,4.0,3.3,sr90_plus_20,465,0.09700490124125533,nuclide_mode,1.0.0,env_plus_no_ratio,extra_trees,0,,
466,51.152375,29.739076,2819,7.93,3.0,3.0,15.0,16.0,66.0,66.0,133.0,131.0,62.0,62.0,144.0,8.3,5.53,10.3,1.56,110.0,11.0,9.0,sr90_plus_20,466,0.09699224360070578,nuclide_mode,1.0.0,env_plus_no_ratio,extra_trees,0,,
467,51.151822,29.695338,2820,7.57,7.0,6.0,9.0,11.0,78.0,79.0,119.0,126.0,53.0,53.0,163.0,27.4,4.96,14.5,2.292,90.0,13.0,6.0,sr90_plus_20,467,0.0981358406890688,nuclide_mode,1.0.0,env_plus_no_ratio,extra_trees,0,,
468,51.12492,29.696735,2821,17.9,6.0,5.0,11.0,12.0,74.0,74.0,121.0,127.0,58.0,58.0,157.0,30.4,4.2,11.6,0.7728,50.0,7.0,5.0,sr90_plus_20,468,0.09728534067306632,nuclide_mode,1.0.0,env_plus_no_ratio,extra_trees,0,,
469,51.125291,29.656334,2822,7.59,4.0,4.0,16.0,17.0,58.0,57.0,136.0,135.0,63.0,63.0,143.0,6.7,6.28,13.6,2.148,156.0,26.0,22.0,sr90_plus_20,469,0.10028227202552016,nuclide_mode,1.0.0,env_plus_no_ratio,extra_trees,0,,
470,51.097862,29.695255,2823,4.51,5.0,4.0,15.0,17.0,70.0,70.0,125.0,126.0,61.0,61.0,141.0,26.8,4.73,8.62,2.292,90.0,11.0,10.0,sr90_plus_20,470,0.097892982623131,nuclide_mode,1.0.0,env_plus_no_ratio,extra_trees,0,,
471,51.070635,29.735813,2824,12.7,9.0,8.0,11.0,12.0,69.0,68.0,122.0,128.0,54.0,54.0,152.0,14.5,5.26,12.5,1.1832,120.0,8.0,8.0,sr90_plus_20,471,0.09781578342274626,nuclide_mode,1.0.0,env_plus_no_ratio,extra_trees,0,,
472,51.072272,29.694579,2825,1.29,4.0,5.0,15.0,17.0,57.0,57.0,138.0,139.0,64.0,64.0,138.0,9.3,5.62,9.01,8.363999999999999,143.0,14.0,8.0,sr90_plus_20,472,0.09938498326076182,nuclide_mode,1.0.0,env_plus_no_ratio,extra_trees,0,,
473,51.0435,29.65191,2826,4.85,3.0,4.0,17.0,18.0,52.0,52.0,135.0,136.0,65.0,65.0,159.0,4.5,6.17,13.1,3.252,317.0,27.0,19.0,sr90_plus_20,473,0.11729802190994046,nuclide_mode,1.0.0,env_plus_no_ratio,extra_trees,0,,
474,51.043935,29.607021,2827,14.0,3.0,3.0,18.0,19.0,54.0,54.0,135.0,133.0,63.0,63.0,166.0,4.3,6.95,16.1,1.38,221.0,18.0,14.0,sr90_plus_20,474,0.1017418537086333,nuclide_mode,1.0.0,env_plus_no_ratio,extra_trees,0,,
475,51.043315,29.566834,2828,12.5,4.0,4.0,17.0,18.0,60.0,60.0,131.0,131.0,61.0,61.0,180.0,28.9,4.29,21.1,2.028,218.0,18.0,13.0,sr90_plus_20,475,0.10175485504177398,nuclide_mode,1.0.0,env_plus_no_ratio,extra_trees,0,,
476,51.043903,29.523869,2829,26.8,4.0,4.0,17.0,18.0,63.0,62.0,131.0,132.0,59.0,59.0,182.0,12.0,5.39,12.5,0.5604,262.0,14.0,15.0,sr90_plus_20,476,0.10335807540924251,nuclide_mode,1.0.0,env_plus_no_ratio,extra_trees,0,,
477,51.070883,29.523869,2830,2.1,4.0,4.0,18.0,20.0,59.0,59.0,138.0,136.0,62.0,62.0,182.0,13.5,5.2,8.85,5.04,250.0,15.0,15.0,sr90_plus_20,477,0.103026581874772,nuclide_mode,1.0.0,env_plus_no_ratio,extra_trees,0,,
478,51.070892,29.480208,2831,23.8,3.0,3.0,17.0,19.0,65.0,65.0,137.0,136.0,63.0,63.0,182.0,9.7,5.46,35.7,1.7999999999999998,200.0,10.0,11.0,sr90_plus_20,478,0.10169003627708513,nuclide_mode,1.0.0,env_plus_no_ratio,extra_trees,0,,
479,51.043914,29.48116,2832,49.0,9.0,9.0,12.0,14.0,73.0,73.0,125.0,129.0,56.0,56.0,192.0,16.0,5.66,17.6,0.432,100.0,6.0,5.0,sr90_plus_20,479,0.10162319081581564,nuclide_mode,1.0.0,env_plus_no_ratio,extra_trees,0,,
480,51.043903,29.438176,2833,63.9,5.0,5.0,18.0,19.0,56.0,56.0,133.0,131.0,64.0,63.0,175.0,4.3,6.27,66.1,1.236,70.0,9.0,7.0,sr90_plus_20,480,0.11018475350076698,nuclide_mode,1.0.0,env_plus_no_ratio,extra_trees,0,,
481,51.016936,29.438323,2834,28.8,4.0,4.0,17.0,19.0,61.0,61.0,140.0,139.0,62.0,62.0,173.0,7.0,6.05,39.2,1.632,297.0,15.0,17.0,sr90_plus_20,481,0.10861327070221169,nuclide_mode,1.0.0,env_plus_no_ratio,extra_trees,0,,
482,50.988598,29.438219,2835,36.9,4.0,4.0,17.0,18.0,56.0,55.0,132.0,131.0,61.0,61.0,161.0,6.2,6.86,23.7,0.7692,118.0,20.0,9.0,sr90_plus_20,482,0.098855182729486,nuclide_mode,1.0.0,env_plus_no_ratio,extra_trees,0,,
483,50.989943,29.39533,2836,36.4,5.0,5.0,11.0,12.0,68.0,68.0,123.0,124.0,62.0,62.0,183.0,21.0,4.97,31.5,1.0392,100.0,9.0,6.0,sr90_plus_20,483,0.10324295270671653,nuclide_mode,1.0.0,env_plus_no_ratio,extra_trees,0,,
484,50.962981,29.395487,2837,34.2,3.0,3.0,13.0,14.0,68.0,68.0,130.0,131.0,61.0,61.0,178.0,5.0,6.47,25.1,0.8832,140.0,9.0,9.0,sr90_plus_20,484,0.0983281841337185,nuclide_mode,1.0.0,env_plus_no_ratio,extra_trees,0,,
485,50.93645,29.438323,2838,17.8,3.0,3.0,19.0,20.0,56.0,56.0,137.0,138.0,63.0,63.0,173.0,7.3,5.67,29.4,1.98,235.0,22.0,13.0,sr90_plus_20,485,0.10278029150661434,nuclide_mode,1.0.0,env_plus_no_ratio,extra_trees,0,,
486,50.90868,29.4383,2839,28.3,4.0,5.0,12.0,14.0,68.0,69.0,127.0,128.0,56.0,56.0,190.0,14.7,5.43,21.4,0.9072,106.0,14.0,7.0,sr90_plus_20,486,0.0987591404280701,nuclide_mode,1.0.0,env_plus_no_ratio,extra_trees,0,,
487,50.882024,29.481023,2840,15.5,4.0,3.0,15.0,16.0,69.0,70.0,130.0,131.0,60.0,60.0,176.0,5.9,5.84,17.4,1.356,90.0,9.0,8.0,sr90_plus_20,487,0.09728385923227038,nuclide_mode,1.0.0,env_plus_no_ratio,extra_trees,0,,
488,50.855044,29.481023,2841,20.2,4.0,4.0,19.0,20.0,58.0,58.0,134.0,132.0,63.0,63.0,174.0,2.2,7.56,17.1,1.0152,55.0,8.0,4.0,sr90_plus_20,488,0.09694757926247162,nuclide_mode,1.0.0,env_plus_no_ratio,extra_trees,0,,
489,50.827867,29.478841,2842,21.2,6.0,5.0,13.0,14.0,62.0,62.0,128.0,129.0,58.0,58.0,178.0,22.1,4.79,23.5,1.332,122.0,15.0,8.0,sr90_plus_20,489,0.09906013814820946,nuclide_mode,1.0.0,env_plus_no_ratio,extra_trees,0,,
490,50.800762,29.479558,2843,16.1,5.0,6.0,13.0,15.0,73.0,73.0,131.0,132.0,57.0,57.0,168.0,27.4,4.36,19.2,1.428,64.0,8.0,5.0,sr90_plus_20,490,0.09812148651138829,nuclide_mode,1.0.0,env_plus_no_ratio,extra_trees,0,,
491,50.773533,29.438323,2844,21.6,4.0,4.0,16.0,18.0,48.0,48.0,131.0,133.0,66.0,66.0,150.0,4.6,5.98,16.8,0.93,83.0,13.0,5.0,sr90_plus_20,491,0.09723133728168024,nuclide_mode,1.0.0,env_plus_no_ratio,extra_trees,0,,
492,50.7463,29.47899,2845,18.3,5.0,5.0,10.0,12.0,75.0,75.0,119.0,125.0,55.0,55.0,133.0,27.7,4.74,16.8,1.1028,54.0,7.0,3.0,sr90_plus_20,492,0.09674630208594093,nuclide_mode,1.0.0,env_plus_no_ratio,extra_trees,0,,
493,50.747125,29.523869,2846,3.55,8.0,8.0,13.0,14.0,75.0,75.0,113.0,120.0,51.0,51.0,143.0,36.4,4.77,9.96,3.36,48.0,6.0,4.0,sr90_plus_20,493,0.09807203034103701,nuclide_mode,1.0.0,env_plus_no_ratio,extra_trees,0,,
494,50.747125,29.566822,2847,13.6,5.0,6.0,13.0,14.0,71.0,71.0,115.0,123.0,56.0,56.0,143.0,42.6,3.97,11.8,1.0476,45.0,10.0,4.0,sr90_plus_20,494,0.09711423369431203,nuclide_mode,1.0.0,env_plus_no_ratio,extra_trees,0,,
495,50.774105,29.609562,2848,6.08,9.0,10.0,13.0,14.0,64.0,65.0,111.0,115.0,64.0,64.0,129.0,4.6,6.87,12.0,2.364,42.0,11.0,7.0,sr90_plus_20,495,0.09819025274253543,nuclide_mode,1.0.0,env_plus_no_ratio,extra_trees,0,,
496,50.747154,29.60967,2849,6.58,5.0,5.0,12.0,13.0,73.0,73.0,121.0,127.0,57.0,57.0,159.0,45.0,3.69,18.6,3.396,50.0,7.0,6.0,sr90_plus_20,496,0.10070099208832413,nuclide_mode,1.0.0,env_plus_no_ratio,extra_trees,0,,
497,50.747154,29.652507,2850,7.97,6.0,5.0,12.0,13.0,71.0,71.0,112.0,119.0,53.0,53.0,156.0,45.0,3.44,16.7,2.508,60.0,4.0,3.0,sr90_plus_20,497,0.09732501924766546,nuclide_mode,1.0.0,env_plus_no_ratio,extra_trees,0,,
498,50.747753,29.695343,2851,3.99,7.0,7.0,10.0,11.0,80.0,80.0,114.0,123.0,52.0,52.0,166.0,15.8,5.08,21.4,6.419999999999999,56.0,9.0,5.0,sr90_plus_20,498,0.10553767325376483,nuclide_mode,1.0.0,env_plus_no_ratio,extra_trees,0,,
499,50.747125,29.738101,2852,7.05,6.0,7.0,14.0,15.0,66.0,67.0,116.0,118.0,58.0,58.0,157.0,45.0,4.45,20.1,3.42,50.0,8.0,9.0,sr90_plus_20,499,0.09962106982258397,nuclide_mode,1.0.0,env_plus_no_ratio,extra_trees,0,,
500,50.747125,29.780948,2853,7.26,7.0,7.0,12.0,13.0,70.0,70.0,121.0,122.0,57.0,57.0,156.0,17.6,4.95,13.8,2.292,30.0,9.0,5.0,sr90_plus_20,500,0.0978226301367019,nuclide_mode,1.0.0,env_plus_no_ratio,extra_trees,0,,
501,50.774132,29.823854,2854,8.25,5.0,5.0,15.0,16.0,63.0,63.0,133.0,133.0,59.0,59.0,135.0,3.2,6.46,19.3,2.808,67.0,8.0,5.0,sr90_plus_20,501,0.0977587623445108,nuclide_mode,1.0.0,env_plus_no_ratio,extra_trees,0,,
502,50.747154,29.823854,2855,4.82,5.0,7.0,13.0,14.0,70.0,70.0,117.0,123.0,51.0,51.0,154.0,40.0,4.7,14.3,3.564,40.0,3.0,3.0,sr90_plus_20,502,0.0980372432061173,nuclide_mode,1.0.0,env_plus_no_ratio,extra_trees,0,,
503,50.77465,29.86633,2856,3.67,8.0,8.0,13.0,14.0,69.0,70.0,119.0,122.0,55.0,55.0,141.0,12.1,5.83,27.3,8.915999999999999,40.0,5.0,4.0,sr90_plus_20,503,0.1056826832705709,nuclide_mode,1.0.0,env_plus_no_ratio,extra_trees,0,,
504,50.747154,29.86669,2857,5.15,6.0,5.0,11.0,13.0,71.0,71.0,120.0,126.0,57.0,57.0,166.0,23.6,4.44,27.5,6.419999999999999,48.0,5.0,3.0,sr90_plus_20,504,0.10756300734931841,nuclide_mode,1.0.0,env_plus_no_ratio,extra_trees,0,,
505,50.747503,29.909794,2858,8.5,6.0,6.0,13.0,14.0,76.0,76.0,118.0,126.0,54.0,54.0,167.0,43.5,3.95,14.4,2.04,50.0,6.0,3.0,sr90_plus_20,505,0.09801994904818218,nuclide_mode,1.0.0,env_plus_no_ratio,extra_trees,0,,
506,50.774105,29.909532,2859,6.29,5.0,5.0,14.0,15.0,64.0,64.0,128.0,130.0,63.0,63.0,140.0,7.0,5.67,34.3,6.54,58.0,9.0,4.0,sr90_plus_20,506,0.1020996363635613,nuclide_mode,1.0.0,env_plus_no_ratio,extra_trees,0,,
507,50.74714,29.95358,2860,2.98,6.0,5.0,13.0,14.0,67.0,66.0,127.0,129.0,61.0,61.0,148.0,13.7,6.14,23.0,9.3,43.0,4.0,4.0,sr90_plus_20,507,0.10258415845867097,nuclide_mode,1.0.0,env_plus_no_ratio,extra_trees,0,,
508,50.747665,29.994827,2861,6.19,7.0,7.0,12.0,13.0,74.0,75.0,119.0,127.0,52.0,52.0,162.0,4.6,6.37,37.2,7.199999999999999,30.0,6.0,5.0,sr90_plus_20,508,0.11580465990834952,nuclide_mode,1.0.0,env_plus_no_ratio,extra_trees,0,,
509,50.747154,30.03899,2862,7.88,5.0,6.0,18.0,19.0,47.0,46.0,136.0,135.0,66.0,66.0,128.0,5.5,6.15,18.3,2.796,45.0,8.0,5.0,sr90_plus_20,509,0.09755649248133257,nuclide_mode,1.0.0,env_plus_no_ratio,extra_trees,0,,
510,50.747296,30.080938,2863,14.8,5.0,5.0,17.0,18.0,53.0,52.0,131.0,132.0,69.0,69.0,131.0,12.2,5.5,15.5,1.248,40.0,6.0,4.0,sr90_plus_20,510,0.09689518435890625,nuclide_mode,1.0.0,env_plus_no_ratio,extra_trees,0,,
511,50.774132,30.079923,2864,3.95,6.0,5.0,15.0,16.0,55.0,56.0,128.0,127.0,65.0,65.0,125.0,3.8,7.04,27.0,8.219999999999999,70.0,7.0,4.0,sr90_plus_20,511,0.10074751346428637,nuclide_mode,1.0.0,env_plus_no_ratio,extra_trees,0,,
512,50.774162,30.121927,2865,5.11,6.0,7.0,11.0,12.0,77.0,77.0,113.0,122.0,54.0,54.0,153.0,25.6,4.87,24.1,5.664,40.0,9.0,5.0,sr90_plus_20,512,0.10494608510682506,nuclide_mode,1.0.0,env_plus_no_ratio,extra_trees,0,,
513,50.801309,30.123328,2866,5.39,4.0,4.0,14.0,15.0,59.0,59.0,136.0,137.0,66.0,66.0,140.0,5.4,5.84,19.7,4.392,250.0,16.0,14.0,sr90_plus_20,513,0.10222039727326998,nuclide_mode,1.0.0,env_plus_no_ratio,extra_trees,0,,
514,50.829576,30.122386,2867,8.54,7.0,7.0,9.0,11.0,70.0,70.0,120.0,121.0,57.0,57.0,138.0,34.9,4.79,25.7,3.612,69.0,8.0,5.0,sr90_plus_20,514,0.10045706248767258,nuclide_mode,1.0.0,env_plus_no_ratio,extra_trees,0,,
515,50.85554,30.123768,2868,7.04,5.0,6.0,11.0,12.0,79.0,79.0,118.0,126.0,52.0,52.0,154.0,11.1,5.25,34.3,5.844,30.0,6.0,4.0,sr90_plus_20,515,0.11181833088106091,nuclide_mode,1.0.0,env_plus_no_ratio,extra_trees,0,,
516,50.854993,30.080178,2869,3.01,6.0,6.0,13.0,14.0,52.0,52.0,133.0,134.0,66.0,66.0,120.0,13.6,5.74,25.8,10.284,100.0,11.0,6.0,sr90_plus_20,516,0.10145614691539395,nuclide_mode,1.0.0,env_plus_no_ratio,extra_trees,0,,
517,50.882024,30.123719,2870,32.3,6.0,6.0,13.0,14.0,63.0,63.0,127.0,128.0,62.0,62.0,131.0,16.7,5.96,52.0,1.932,99.0,14.0,7.0,sr90_plus_20,517,0.10658649365492122,nuclide_mode,1.0.0,env_plus_no_ratio,extra_trees,0,,
518,50.908554,30.122395,2871,6.7,5.0,5.0,12.0,13.0,83.0,83.0,121.0,126.0,56.0,56.0,142.0,25.2,4.62,36.0,6.456,38.0,7.0,3.0,sr90_plus_20,518,0.11111185965470495,nuclide_mode,1.0.0,env_plus_no_ratio,extra_trees,0,,
519,50.935336,30.122566,2872,5.23,9.0,7.0,11.0,12.0,73.0,73.0,116.0,123.0,52.0,52.0,145.0,23.4,5.34,42.9,9.852,59.0,8.0,3.0,sr90_plus_20,519,0.12025465322630978,nuclide_mode,1.0.0,env_plus_no_ratio,extra_trees,0,,
520,50.963576,30.078535,2873,2.45,5.0,5.0,12.0,13.0,69.0,69.0,125.0,128.0,59.0,59.0,131.0,17.3,4.86,41.5,20.4,46.0,10.0,3.0,sr90_plus_20,520,0.10809098415727822,nuclide_mode,1.0.0,env_plus_no_ratio,extra_trees,0,,
521,50.990691,30.081797,2874,4.37,8.0,8.0,13.0,14.0,61.0,62.0,121.0,122.0,64.0,64.0,112.0,1.2,8.26,58.6,16.08,53.0,9.0,3.0,sr90_plus_20,521,0.10583327740917077,nuclide_mode,1.0.0,env_plus_no_ratio,extra_trees,0,,
522,51.01667,30.166168,2875,4.75,7.0,7.0,11.0,12.0,68.0,69.0,112.0,110.0,56.0,55.0,126.0,15.7,4.85,48.0,12.12,70.0,13.0,6.0,sr90_plus_20,522,0.12017249822761446,nuclide_mode,1.0.0,env_plus_no_ratio,extra_trees,0,,
523,51.017658,30.211893,2876,2.98,5.0,7.0,13.0,14.0,69.0,70.0,120.0,123.0,55.0,55.0,116.0,8.5,5.47,30.8,12.36,43.0,8.0,4.0,sr90_plus_20,523,0.11280888871312378,nuclide_mode,1.0.0,env_plus_no_ratio,extra_trees,0,,
524,51.016184,30.252025,2877,2.94,6.0,6.0,15.0,16.0,71.0,71.0,114.0,120.0,55.0,55.0,113.0,8.3,6.49,45.5,18.6,65.0,10.0,6.0,sr90_plus_20,524,0.10867092622442266,nuclide_mode,1.0.0,env_plus_no_ratio,extra_trees,0,,
525,51.018467,30.338781,2879,6.46,10.0,11.0,13.0,14.0,71.0,71.0,107.0,116.0,53.0,53.0,118.0,22.1,4.4,39.5,7.332,54.0,5.0,3.0,sr90_plus_20,525,0.12723469958610575,nuclide_mode,1.0.0,env_plus_no_ratio,extra_trees,0,,
526,51.017858,30.380573,2880,10.8,20.0,20.0,13.0,14.0,61.0,60.0,97.0,114.0,54.0,54.0,112.0,5.4,6.31,55.1,6.119999999999999,52.0,13.0,6.0,sr90_plus_20,526,0.13474309395963716,nuclide_mode,1.0.0,env_plus_no_ratio,extra_trees,0,,
527,51.178653,29.864102,2895,7.06,6.0,5.0,11.0,12.0,73.0,73.0,114.0,119.0,49.0,49.0,153.0,4.7,6.54,14.8,2.508,45.0,10.0,8.0,sr90_plus_20,527,0.09481779534170869,nuclide_mode,1.0.0,env_plus_no_ratio,extra_trees,0,,
528,51.178802,29.823794,2896,15.3,5.0,6.0,10.0,12.0,77.0,77.0,126.0,126.0,52.0,52.0,151.0,10.2,5.26,23.3,1.836,40.0,8.0,6.0,sr90_plus_20,528,0.09761058745277056,nuclide_mode,1.0.0,env_plus_no_ratio,extra_trees,0,,
529,50.818897,29.452915,2975,30.6,6.0,5.0,14.0,15.0,72.0,72.0,127.0,129.0,58.0,58.0,167.0,22.0,4.91,21.1,0.8291999999999999,217.0,16.0,11.0,sr90_plus_20,529,0.10467277047683587,nuclide_mode,1.0.0,env_plus_no_ratio,extra_trees,0,,
530,50.989958,30.123711,3208,3.39,4.0,5.0,11.0,12.0,77.0,76.0,112.0,118.0,52.0,52.0,136.0,45.0,4.1,44.1,15.6,46.0,9.0,4.0,sr90_plus_20,530,0.11994558391607771,nuclide_mode,1.0.0,env_plus_no_ratio,extra_trees,0,,
531,51.07074,29.65233,3454,5.42,5.0,5.0,16.0,18.0,50.0,50.0,133.0,131.0,66.0,66.0,141.0,4.6,7.23,9.2,2.04,295.0,26.0,20.0,sr90_plus_20,531,0.11274257860877647,nuclide_mode,1.0.0,env_plus_no_ratio,extra_trees,0,,
532,50.951421,29.872403,6000,21.1,3.0,4.0,15.0,17.0,58.0,58.0,123.0,123.0,62.0,62.0,144.0,22.7,4.95,47.9,2.724,40.0,12.0,12.0,sr90_plus_20,532,0.10878764710812272,nuclide_mode,1.0.0,env_plus_no_ratio,extra_trees,0,,
533,50.94914,29.87865,6001,35.8,6.0,5.0,13.0,15.0,61.0,60.0,127.0,129.0,60.0,60.0,142.0,16.2,5.54,76.6,2.568,80.0,10.0,10.0,sr90_plus_20,533,0.12139194784589386,nuclide_mode,1.0.0,env_plus_no_ratio,extra_trees,0,,
534,50.94783,29.86594,6002,11.0,4.0,4.0,18.0,20.0,54.0,54.0,134.0,132.0,62.0,62.0,153.0,6.0,6.08,29.1,3.156,60.0,10.0,8.0,sr90_plus_20,534,0.0991334245359101,nuclide_mode,1.0.0,env_plus_no_ratio,extra_trees,0,,
535,50.944693,29.866018,6003,8.82,3.0,3.0,17.0,18.0,54.0,54.0,134.0,132.0,65.0,65.0,151.0,8.0,5.44,23.8,3.228,85.0,13.0,7.0,sr90_plus_20,535,0.09848852530800217,nuclide_mode,1.0.0,env_plus_no_ratio,extra_trees,0,,
536,50.938095,29.86207,6004,7.82,4.0,4.0,19.0,20.0,55.0,55.0,135.0,136.0,65.0,65.0,147.0,10.5,5.12,24.5,3.756,86.0,11.0,8.0,sr90_plus_20,536,0.09922925988887366,nuclide_mode,1.0.0,env_plus_no_ratio,extra_trees,0,,
537,50.93631,29.85117,6005,20.2,5.0,5.0,13.0,15.0,56.0,55.0,129.0,129.0,64.0,64.0,150.0,13.7,4.89,38.0,2.256,45.0,8.0,9.0,sr90_plus_20,537,0.10112995134579336,nuclide_mode,1.0.0,env_plus_no_ratio,extra_trees,0,,
538,50.933984,29.862585,6006,9.21,3.0,4.0,18.0,20.0,50.0,52.0,128.0,128.0,65.0,65.0,147.0,6.3,6.38,24.1,3.144,200.0,13.0,10.0,sr90_plus_20,538,0.10289916761791823,nuclide_mode,1.0.0,env_plus_no_ratio,extra_trees,0,,
539,50.93393,29.86825,6007,7.0,3.0,3.0,19.0,20.0,51.0,51.0,130.0,129.0,65.0,65.0,147.0,13.4,5.01,23.8,4.08,120.0,8.0,8.0,sr90_plus_20,539,0.10054431650922802,nuclide_mode,1.0.0,env_plus_no_ratio,extra_trees,0,,
540,50.932329,29.878773,6008,10.6,4.0,5.0,19.0,21.0,53.0,53.0,130.0,129.0,67.0,67.0,144.0,10.4,5.82,25.2,2.844,160.0,9.0,7.0,sr90_plus_20,540,0.0998397389108854,nuclide_mode,1.0.0,env_plus_no_ratio,extra_trees,0,,
541,51.0759,30.2851,7000,1.8,4.0,4.0,17.0,18.0,53.0,53.0,136.0,138.0,64.0,64.0,112.0,4.3,6.26,49.5,33.0,380.0,27.0,24.0,sr90_plus_20,541,0.10925621859804327,nuclide_mode,1.0.0,env_plus_no_ratio,extra_trees,0,,
542,51.075759,30.285121,7000,1.8,4.0,4.0,17.0,18.0,53.0,53.0,136.0,138.0,64.0,64.0,112.0,4.3,6.26,49.5,33.0,380.0,27.0,24.0,sr90_plus_20,542,0.10925621859804327,nuclide_mode,1.0.0,env_plus_no_ratio,extra_trees,0,,
543,51.021745,30.04811,7001,2.42,5.0,5.0,18.0,19.0,54.0,54.0,132.0,131.0,67.0,67.0,114.0,12.8,5.38,32.0,15.839999999999998,210.0,16.0,12.0,sr90_plus_20,543,0.10380838725559483,nuclide_mode,1.0.0,env_plus_no_ratio,extra_trees,0,,
544,51.022164,30.04918,7002,5.23,5.0,5.0,17.0,19.0,53.0,53.0,128.0,127.0,66.0,66.0,112.0,14.3,5.51,55.4,12.72,180.0,14.0,11.0,sr90_plus_20,544,0.10833344442065988,nuclide_mode,1.0.0,env_plus_no_ratio,extra_trees,0,,
