point_id,latitude,longitude,Code,ratio_cs_sr,organic_carbon_b0,organic_carbon_b10,clay_fraction_0_30,clay_fraction_30_60,sand_fraction_b0,sand_fraction_b10,bulk_density_b0,bulk_density_b10,soil_pH_b0,soil_pH_b10,elevation_m,slope_deg_final,twi_scaled,cs137_kBq_m2,sr90_kBq_m2,k40_Bq_kg,ra226_Bq_kg,th232_Bq_kg,scenario_name,source_row_index,predicted_target_dose_rate,model_mode,model_version,feature_set,model_name,warning_count,warning_columns,warning_types
0,51.151183,29.86728,4,4.53,5.0,5.0,13.0,15.0,61.0,61.0,128.0,130.0,58.0,58.0,136.0,12.5,5.29,17.919999999999998,4.8025,110.0,7.0,10.0,remediation_light,0,0.10072770812515106,nuclide_mode,1.0.0,env_plus_no_ratio,extra_trees,0,,
1,51.14306,29.85566,7,5.48,5.0,5.0,13.0,15.0,62.0,62.0,130.0,131.0,60.0,60.0,134.0,22.5,5.11,10.85,2.4055,127.0,9.0,7.0,remediation_light,1,0.09764478595862724,nuclide_mode,1.0.0,env_plus_no_ratio,extra_trees,0,,
2,51.13967,29.86646,12,4.38,5.0,4.0,14.0,16.0,62.0,62.0,133.0,132.0,59.0,59.0,129.0,17.9,5.54,26.39,7.318499999999999,124.0,10.0,7.0,remediation_light,2,0.10181010599498905,nuclide_mode,1.0.0,env_plus_no_ratio,extra_trees,0,,
3,51.133835,29.88057,21,3.53,4.0,4.0,15.0,17.0,57.0,56.0,133.0,132.0,64.0,65.0,125.0,16.4,5.21,22.75,7.8115,118.0,10.0,6.0,remediation_light,3,0.10061467523806356,nuclide_mode,1.0.0,env_plus_no_ratio,extra_trees,0,,
4,51.125783,30.037053,39,2.37,5.0,5.0,14.0,16.0,50.0,49.0,131.0,130.0,64.0,64.0,117.0,1.6,8.15,77.69999999999999,39.95,150.0,19.0,12.0,remediation_light,4,0.10865694427747369,nuclide_mode,1.0.0,env_plus_no_ratio,extra_trees,0,,
5,51.12493,29.95222,45,4.44,5.0,4.0,17.0,18.0,54.0,55.0,133.0,133.0,64.0,64.0,121.0,33.4,4.53,19.25,5.2785,154.0,14.0,9.0,remediation_light,5,0.10200322737619281,nuclide_mode,1.0.0,env_plus_no_ratio,extra_trees,0,,
6,51.12447,29.93698,48,2.85,4.0,4.0,14.0,15.0,53.0,52.0,133.0,131.0,65.0,65.0,121.0,6.6,5.8,9.66,4.131,125.0,9.0,9.0,remediation_light,6,0.09940676142205626,nuclide_mode,1.0.0,env_plus_no_ratio,extra_trees,0,,
7,51.1256,29.92359,51,2.89,5.0,5.0,15.0,16.0,52.0,52.0,134.0,132.0,66.0,66.0,122.0,17.7,5.13,25.34,10.625,233.0,13.0,14.0,remediation_light,7,0.10287822117785071,nuclide_mode,1.0.0,env_plus_no_ratio,extra_trees,0,,
8,51.12606,29.90969,54,2.0,4.0,4.0,15.0,17.0,57.0,57.0,134.0,132.0,64.0,64.0,120.0,6.9,6.05,26.11,15.895,207.0,15.0,12.0,remediation_light,8,0.10324917806874055,nuclide_mode,1.0.0,env_plus_no_ratio,extra_trees,0,,
9,51.12501,29.86512,57,1.97,4.0,4.0,15.0,17.0,53.0,53.0,132.0,131.0,64.0,64.0,119.0,4.6,6.57,1.519,0.935,3.2,12.0,14.0,remediation_light,9,0.09757989022334757,nuclide_mode,1.0.0,env_plus_no_ratio,extra_trees,1,cs137_kBq_m2,below_train_range:cs137_kBq_m2
10,51.12458,29.82432,61,3.53,4.0,4.0,16.0,18.0,57.0,57.0,139.0,138.0,60.0,61.0,129.0,6.6,6.09,11.48,3.9525,110.0,85.0,6.6,remediation_light,10,0.10207544002586659,nuclide_mode,1.0.0,env_plus_no_ratio,extra_trees,0,,
11,51.12767,29.83336,62,5.93,4.0,4.0,15.0,17.0,57.0,57.0,133.0,132.0,59.0,59.0,126.0,16.2,5.21,25.83,5.2785,178.0,14.0,11.0,remediation_light,11,0.10207084143039427,nuclide_mode,1.0.0,env_plus_no_ratio,extra_trees,0,,
12,51.12198,29.86163,68,3.56,4.0,4.0,17.0,18.0,55.0,55.0,134.0,132.0,65.0,65.0,121.0,9.6,5.47,20.16,6.867999999999999,135.0,13.0,8.0,remediation_light,12,0.1007916536643632,nuclide_mode,1.0.0,env_plus_no_ratio,extra_trees,0,,
13,51.121852,30.019,69,1.9,5.0,5.0,16.0,17.0,56.0,56.0,133.0,132.0,64.0,64.0,119.0,2.9,6.48,79.1,50.745000000000005,220.0,20.0,12.0,remediation_light,13,0.1136954008220616,nuclide_mode,1.0.0,env_plus_no_ratio,extra_trees,0,,
14,51.11882,29.85284,76,3.07,3.0,3.0,17.0,19.0,60.0,60.0,134.0,132.0,63.0,63.0,129.0,8.5,5.89,18.27,7.233499999999999,263.0,15.0,15.0,remediation_light,14,0.10377850846397275,nuclide_mode,1.0.0,env_plus_no_ratio,extra_trees,0,,
15,51.11565,29.8666,92,1.82,4.0,4.0,15.0,17.0,55.0,55.0,137.0,135.0,64.0,64.0,124.0,2.6,6.53,20.79,13.855,182.0,9.5,11.0,remediation_light,15,0.1034615325354993,nuclide_mode,1.0.0,env_plus_no_ratio,extra_trees,0,,
16,51.11545,29.88094,95,3.45,5.0,5.0,15.0,17.0,57.0,57.0,133.0,131.0,63.0,63.0,128.0,6.8,5.93,22.12,7.7775,131.0,11.0,9.0,remediation_light,16,0.10058471112570022,nuclide_mode,1.0.0,env_plus_no_ratio,extra_trees,0,,
17,51.116417,30.02203,106,2.22,5.0,4.0,15.0,16.0,54.0,54.0,126.0,124.0,64.0,64.0,121.0,27.6,4.78,59.35999999999999,32.47,150.0,10.0,9.0,remediation_light,17,0.11417395849895763,nuclide_mode,1.0.0,env_plus_no_ratio,extra_trees,0,,
18,51.115856,30.080875,111,2.63,4.0,4.0,17.0,18.0,49.0,49.0,134.0,136.0,65.0,65.0,126.0,13.3,5.43,43.47,20.06,150.0,13.0,10.0,remediation_light,18,0.10732677783103604,nuclide_mode,1.0.0,env_plus_no_ratio,extra_trees,0,,
19,51.115856,30.109432,113,13.9,5.0,5.0,17.0,18.0,52.0,52.0,141.0,141.0,69.0,69.0,126.0,6.1,6.89,43.68,3.8165,156.0,12.0,9.0,remediation_light,19,0.10638580426135698,nuclide_mode,1.0.0,env_plus_no_ratio,extra_trees,0,,
20,51.11586,30.13847,115,8.11,8.0,8.0,12.0,13.0,65.0,65.0,126.0,125.0,58.0,58.0,142.0,18.6,5.38,58.94,8.84,110.0,7.0,5.0,remediation_light,20,0.1272181381276615,nuclide_mode,1.0.0,env_plus_no_ratio,extra_trees,0,,
21,51.115849,30.209404,116,3.44,5.0,4.0,16.0,17.0,69.0,70.0,124.0,128.0,57.0,57.0,122.0,1.2,7.47,32.48,11.475,215.0,12.0,11.0,remediation_light,21,0.10655018670498405,nuclide_mode,1.0.0,env_plus_no_ratio,extra_trees,0,,
22,51.11654,30.28486,119,2.64,5.0,5.0,15.0,16.0,59.0,58.0,124.0,127.0,59.0,59.0,120.0,3.7,6.75,48.85999999999999,22.44,80.0,9.0,5.0,remediation_light,22,0.1052504004682695,nuclide_mode,1.0.0,env_plus_no_ratio,extra_trees,0,,
23,51.11642,30.30774,121,3.0,7.0,7.0,13.0,14.0,58.0,58.0,126.0,129.0,64.0,64.0,115.0,1.8,7.68,35.349999999999994,14.28,80.0,6.0,5.0,remediation_light,23,0.1038182675994192,nuclide_mode,1.0.0,env_plus_no_ratio,extra_trees,0,,
24,51.11399,30.14742,127,2.59,5.0,5.0,15.0,16.0,62.0,61.0,122.0,121.0,56.0,56.0,129.0,10.0,5.49,18.27,8.584999999999999,100.0,10.0,6.0,remediation_light,24,0.1040360685372132,nuclide_mode,1.0.0,env_plus_no_ratio,extra_trees,0,,
25,51.11288,30.01851,131,2.24,4.0,4.0,15.0,16.0,66.0,67.0,135.0,134.0,62.0,62.0,124.0,24.4,4.7,45.43,24.565,90.0,6.0,5.0,remediation_light,25,0.11001841377384967,nuclide_mode,1.0.0,env_plus_no_ratio,extra_trees,0,,
26,51.112858,29.738181,135,10.4,4.0,4.0,13.0,15.0,72.0,72.0,126.0,128.0,60.0,60.0,134.0,18.5,4.73,8.75,1.02,64.0,7.0,6.0,remediation_light,26,0.09719857774598566,nuclide_mode,1.0.0,env_plus_no_ratio,extra_trees,0,,
27,51.11255,29.72871,137,3.38,5.0,5.0,15.0,17.0,67.0,67.0,129.0,129.0,62.0,62.0,134.0,16.0,5.4,5.761,2.074,98.0,12.0,7.0,remediation_light,27,0.09704759986793104,nuclide_mode,1.0.0,env_plus_no_ratio,extra_trees,0,,
28,51.10995,29.74291,141,6.54,5.0,5.0,12.0,14.0,73.0,73.0,131.0,133.0,60.0,60.0,138.0,8.4,6.33,9.66,1.7935,99.0,13.0,8.5,remediation_light,28,0.09754019748867127,nuclide_mode,1.0.0,env_plus_no_ratio,extra_trees,0,,
29,51.10971,30.27507,151,4.28,5.0,5.0,15.0,16.0,62.0,62.0,132.0,130.0,62.0,62.0,120.0,3.4,6.45,23.1,6.5535,130.0,15.0,7.0,remediation_light,29,0.10072024849530577,nuclide_mode,1.0.0,env_plus_no_ratio,extra_trees,0,,
30,51.10977,30.28535,153,3.66,4.0,4.0,15.0,16.0,59.0,59.0,132.0,131.0,61.0,61.0,119.0,2.8,6.87,39.34,13.09,180.0,15.0,12.0,remediation_light,30,0.10425688570773223,nuclide_mode,1.0.0,env_plus_no_ratio,extra_trees,0,,
31,51.10672,30.30873,155,4.77,5.0,5.0,14.0,15.0,57.0,57.0,115.0,120.0,62.0,62.0,115.0,4.4,6.95,36.12,9.18,230.0,18.0,13.0,remediation_light,31,0.10607566341842163,nuclide_mode,1.0.0,env_plus_no_ratio,extra_trees,0,,
32,51.107,30.29606,156,2.81,4.0,4.0,16.0,16.0,59.0,59.0,137.0,138.0,62.0,62.0,118.0,2.2,8.16,29.89,12.92,220.0,13.0,12.0,remediation_light,32,0.10395869292982964,nuclide_mode,1.0.0,env_plus_no_ratio,extra_trees,0,,
33,51.10643,30.2664,158,3.22,4.0,4.0,14.0,15.0,59.0,59.0,133.0,134.0,60.0,60.0,120.0,5.9,6.06,33.879999999999995,12.75,190.0,15.0,9.0,remediation_light,33,0.10391785353974901,nuclide_mode,1.0.0,env_plus_no_ratio,extra_trees,0,,
34,51.10683,30.25109,159,3.38,4.0,4.0,15.0,16.0,55.0,54.0,134.0,132.0,62.0,62.0,119.0,4.6,6.45,36.89,13.26,300.0,17.0,15.0,remediation_light,34,0.10633883832101274,nuclide_mode,1.0.0,env_plus_no_ratio,extra_trees,0,,
35,51.10669,30.22462,161,3.31,5.0,5.0,16.0,17.0,55.0,54.0,138.0,137.0,68.0,68.0,119.0,7.8,5.56,42.7,15.64,350.0,21.0,20.0,remediation_light,35,0.1082399728084918,nuclide_mode,1.0.0,env_plus_no_ratio,extra_trees,0,,
36,51.1069,30.21022,162,4.75,4.0,4.0,16.0,17.0,60.0,59.0,138.0,136.0,59.0,59.0,120.0,4.8,6.79,36.54,9.35,180.0,11.0,9.0,remediation_light,36,0.10391297756771373,nuclide_mode,1.0.0,env_plus_no_ratio,extra_trees,0,,
37,51.10735,30.16653,166,2.1,5.0,4.0,14.0,15.0,62.0,62.0,135.0,133.0,62.0,62.0,122.0,7.7,5.68,52.64,30.43,210.0,13.0,13.0,remediation_light,37,0.10625890924912379,nuclide_mode,1.0.0,env_plus_no_ratio,extra_trees,0,,
38,51.1073,30.152575,169,1.88,3.0,3.0,15.0,16.0,57.0,57.0,133.0,132.0,62.0,62.0,122.0,20.9,4.71,37.94,24.48,210.0,13.0,10.0,remediation_light,38,0.10442379473255013,nuclide_mode,1.0.0,env_plus_no_ratio,extra_trees,0,,
39,51.10651,30.13886,172,1.76,4.0,5.0,15.0,15.0,53.0,53.0,135.0,133.0,62.0,62.0,122.0,13.4,5.29,43.19,29.75,127.0,8.0,7.0,remediation_light,39,0.10826743477290016,nuclide_mode,1.0.0,env_plus_no_ratio,extra_trees,0,,
40,51.10657,30.12264,175,2.2,4.0,4.0,15.0,16.0,55.0,55.0,133.0,131.0,64.0,64.0,124.0,9.1,6.47,49.77,27.455,270.0,22.0,18.0,remediation_light,40,0.1105715727333455,nuclide_mode,1.0.0,env_plus_no_ratio,extra_trees,0,,
41,51.106865,30.109789,176,4.08,5.0,5.0,16.0,17.0,55.0,55.0,134.0,132.0,68.0,68.0,128.0,7.1,6.27,45.08,13.43,300.0,17.0,16.0,remediation_light,41,0.11121445867760169,nuclide_mode,1.0.0,env_plus_no_ratio,extra_trees,0,,
42,51.107079,30.095488,177,2.67,3.0,4.0,16.0,17.0,52.0,52.0,132.0,131.0,62.0,62.0,137.0,3.7,6.2,37.66,17.085,290.0,20.0,16.0,remediation_light,42,0.10792652788970593,nuclide_mode,1.0.0,env_plus_no_ratio,extra_trees,0,,
43,51.106864,30.080875,178,6.35,4.0,4.0,16.0,18.0,54.0,53.0,133.0,132.0,62.0,62.0,134.0,17.5,5.28,39.97,7.649999999999999,290.0,16.0,15.0,remediation_light,43,0.10761478153177224,nuclide_mode,1.0.0,env_plus_no_ratio,extra_trees,0,,
44,51.10712,29.98087,185,2.11,5.0,5.0,16.0,17.0,63.0,62.0,136.0,137.0,62.0,63.0,129.0,3.8,6.13,34.37,19.805,258.0,9.0,12.0,remediation_light,44,0.10766028659776587,nuclide_mode,1.0.0,env_plus_no_ratio,extra_trees,0,,
45,51.10735,29.96643,188,2.33,3.0,3.0,17.0,18.0,62.0,62.0,141.0,139.0,63.0,63.0,124.0,8.8,6.14,34.3,17.849999999999998,166.0,15.0,10.0,remediation_light,45,0.10373653775923727,nuclide_mode,1.0.0,env_plus_no_ratio,extra_trees,0,,
46,51.107076,29.955287,189,3.43,4.0,4.0,15.0,17.0,65.0,65.0,139.0,137.0,62.0,62.0,125.0,2.2,7.22,24.99,8.84,92.0,10.0,6.0,remediation_light,46,0.10108441585595351,nuclide_mode,1.0.0,env_plus_no_ratio,extra_trees,0,,
47,51.10574,29.90955,192,5.31,6.0,7.0,10.0,12.0,73.0,73.0,124.0,128.0,53.0,53.0,145.0,8.9,5.61,25.13,5.7375,67.0,9.0,5.0,remediation_light,47,0.10308307152742877,nuclide_mode,1.0.0,env_plus_no_ratio,extra_trees,0,,
48,51.10689,29.77648,202,4.21,4.0,4.0,14.0,16.0,58.0,57.0,136.0,135.0,58.0,58.0,128.0,4.7,7.13,8.819999999999999,2.55,145.0,10.0,9.0,remediation_light,48,0.09838916370367305,nuclide_mode,1.0.0,env_plus_no_ratio,extra_trees,0,,
49,51.10423,29.76188,211,4.39,5.0,4.0,16.0,17.0,65.0,64.0,127.0,126.0,58.0,58.0,129.0,20.0,4.68,7.21,1.989,108.0,6.0,6.0,remediation_light,49,0.09699716183836098,nuclide_mode,1.0.0,env_plus_no_ratio,extra_trees,0,,
50,51.097862,29.738101,233,8.75,5.0,5.0,12.0,13.0,73.0,73.0,117.0,122.0,56.0,56.0,144.0,22.1,4.83,10.36,1.4365,30.0,8.0,6.0,remediation_light,50,0.09660427654436289,nuclide_mode,1.0.0,env_plus_no_ratio,extra_trees,0,,
51,51.09808,29.76195,236,5.48,4.0,4.0,16.0,18.0,62.0,62.0,135.0,134.0,59.0,59.0,130.0,7.1,5.86,9.52,2.1165000000000003,147.0,11.0,10.0,remediation_light,51,0.098250503212865,nuclide_mode,1.0.0,env_plus_no_ratio,extra_trees,0,,
52,51.098832,29.779019,238,6.28,4.0,4.0,17.0,19.0,60.0,60.0,138.0,140.0,56.0,56.0,131.0,2.8,6.82,9.239999999999998,1.7935,129.0,10.0,8.0,remediation_light,52,0.09699798201335208,nuclide_mode,1.0.0,env_plus_no_ratio,extra_trees,0,,
53,51.098953,29.825965,241,8.65,6.0,6.0,12.0,14.0,65.0,65.0,117.0,122.0,56.0,56.0,127.0,21.7,5.26,9.52,1.3345,100.0,7.0,6.0,remediation_light,53,0.09601667765598176,nuclide_mode,1.0.0,env_plus_no_ratio,extra_trees,0,,
54,51.097862,29.866694,244,13.8,5.0,5.0,11.0,12.0,72.0,72.0,122.0,129.0,55.0,55.0,143.0,15.5,5.17,19.81,1.7424999999999995,111.0,8.0,7.0,remediation_light,54,0.09785038591211466,nuclide_mode,1.0.0,env_plus_no_ratio,extra_trees,0,,
55,51.09713,29.95382,250,1.55,9.0,8.0,12.0,13.0,73.0,74.0,119.0,124.0,50.0,50.0,145.0,24.7,4.49,20.23,15.895,53.0,7.0,5.0,remediation_light,55,0.10584817126691648,nuclide_mode,1.0.0,env_plus_no_ratio,extra_trees,0,,
56,51.09827,29.99426,253,4.98,8.0,7.0,11.0,12.0,71.0,71.0,116.0,120.0,53.0,53.0,150.0,7.3,6.63,38.92,9.52,226.0,14.0,13.0,remediation_light,56,0.120920348374985,nuclide_mode,1.0.0,env_plus_no_ratio,extra_trees,0,,
57,51.097862,30.023769,255,2.92,4.0,4.0,16.0,17.0,58.0,58.0,133.0,135.0,60.0,60.0,133.0,10.3,5.65,55.02,22.865,249.0,19.0,15.0,remediation_light,57,0.11151843750472391,nuclide_mode,1.0.0,env_plus_no_ratio,extra_trees,0,,
58,51.09832,30.07888,259,14.6,4.0,4.0,16.0,17.0,59.0,59.0,130.0,131.0,57.0,57.0,127.0,8.4,6.07,45.15,3.757,300.0,19.0,20.0,remediation_light,58,0.10946460490554633,nuclide_mode,1.0.0,env_plus_no_ratio,extra_trees,0,,
59,51.09823,30.12301,262,2.65,5.0,5.0,16.0,17.0,50.0,49.0,125.0,124.0,63.0,63.0,126.0,5.3,6.51,40.81,18.7,280.0,18.0,15.0,remediation_light,59,0.10898284431886883,nuclide_mode,1.0.0,env_plus_no_ratio,extra_trees,0,,
60,51.09777,30.16727,265,3.8,5.0,5.0,14.0,14.0,63.0,63.0,132.0,132.0,60.0,60.0,121.0,17.0,5.05,42.35,13.515,160.0,12.0,9.0,remediation_light,60,0.10578858749378153,nuclide_mode,1.0.0,env_plus_no_ratio,extra_trees,0,,
61,51.09787,30.20979,268,3.18,4.0,4.0,12.0,13.0,70.0,70.0,133.0,138.0,56.0,56.0,119.0,9.5,6.71,31.22,11.9,140.0,13.0,7.0,remediation_light,61,0.1059213177134626,nuclide_mode,1.0.0,env_plus_no_ratio,extra_trees,0,,
62,51.09777,30.22431,269,2.88,3.0,3.0,16.0,16.0,57.0,57.0,139.0,137.0,62.0,62.0,119.0,0.9,8.24,25.69,10.795,210.0,14.0,12.0,remediation_light,62,0.10252538604899734,nuclide_mode,1.0.0,env_plus_no_ratio,extra_trees,0,,
63,51.098,30.25237,271,2.94,3.0,3.0,13.0,14.0,61.0,61.0,137.0,136.0,61.0,61.0,116.0,14.4,5.72,30.17,12.41,180.0,25.0,11.0,remediation_light,63,0.10437706992432075,nuclide_mode,1.0.0,env_plus_no_ratio,extra_trees,0,,
64,51.09788,30.26656,272,3.98,3.0,3.0,16.0,17.0,55.0,55.0,137.0,136.0,62.0,62.0,116.0,1.2,8.33,32.69,9.945,260.0,19.0,17.0,remediation_light,64,0.10489688099313202,nuclide_mode,1.0.0,env_plus_no_ratio,extra_trees,0,,
65,51.0983,30.29691,274,4.22,5.0,4.0,16.0,17.0,56.0,56.0,125.0,124.0,60.0,61.0,119.0,2.3,7.12,48.36999999999999,13.939999999999998,170.0,14.0,9.0,remediation_light,65,0.10639133606078467,nuclide_mode,1.0.0,env_plus_no_ratio,extra_trees,0,,
66,51.09198,29.75775,279,5.12,7.0,7.0,15.0,16.0,65.0,65.0,121.0,121.0,58.0,58.0,129.0,11.0,5.8,9.8,2.329,96.0,8.0,6.0,remediation_light,66,0.09688505173843569,nuclide_mode,1.0.0,env_plus_no_ratio,extra_trees,0,,
67,51.09238,30.03711,282,2.99,5.0,5.0,17.0,19.0,54.0,54.0,134.0,133.0,64.0,64.0,129.0,4.9,6.31,43.12,17.51,246.0,19.0,14.0,remediation_light,67,0.10825121809776635,nuclide_mode,1.0.0,env_plus_no_ratio,extra_trees,0,,
68,51.09123,30.05345,285,6.5,5.0,5.0,14.0,15.0,65.0,65.0,130.0,130.0,58.0,58.0,131.0,19.5,4.81,31.29,5.848,116.0,8.0,7.0,remediation_light,68,0.10532702667479682,nuclide_mode,1.0.0,env_plus_no_ratio,extra_trees,0,,
69,51.08926,30.33778,288,2.33,3.0,3.0,15.0,15.0,67.0,67.0,124.0,123.0,59.0,59.0,113.0,8.7,5.67,33.95,17.68,190.0,15.0,11.0,remediation_light,69,0.106081230689956,nuclide_mode,1.0.0,env_plus_no_ratio,extra_trees,0,,
70,51.08871,30.30723,290,3.48,3.0,3.0,16.0,16.0,58.0,58.0,135.0,140.0,70.0,70.0,115.0,3.3,6.4,30.59,10.71,100.0,6.0,6.0,remediation_light,70,0.10351122789503531,nuclide_mode,1.0.0,env_plus_no_ratio,extra_trees,0,,
71,51.08875,30.2943,291,3.56,4.0,4.0,17.0,18.0,57.0,57.0,139.0,141.0,68.0,69.0,116.0,1.4,7.09,23.73,8.091999999999999,99.0,8.5,5.0,remediation_light,71,0.10147457965604963,nuclide_mode,1.0.0,env_plus_no_ratio,extra_trees,0,,
72,51.08902,30.28173,292,3.59,3.0,3.0,17.0,18.0,55.0,55.0,139.0,137.0,68.0,68.0,116.0,0.4,8.75,26.25,8.924999999999999,131.0,10.0,7.0,remediation_light,72,0.1022078585614881,nuclide_mode,1.0.0,env_plus_no_ratio,extra_trees,0,,
73,51.08904,30.25095,294,5.16,6.0,6.0,11.0,12.0,53.0,53.0,123.0,129.0,54.0,54.0,121.0,19.7,4.75,40.04,9.435,131.0,11.0,7.0,remediation_light,73,0.11938358671905344,nuclide_mode,1.0.0,env_plus_no_ratio,extra_trees,0,,
74,51.08882,30.22364,296,3.06,4.0,4.0,15.0,16.0,60.0,60.0,128.0,127.0,60.0,60.0,117.0,3.3,6.84,37.17,14.705,290.0,20.0,16.0,remediation_light,74,0.10557156809438582,nuclide_mode,1.0.0,env_plus_no_ratio,extra_trees,0,,
75,51.08949,30.0375,311,1.72,4.0,3.0,16.0,17.0,58.0,57.0,131.0,131.0,61.0,61.0,127.0,8.3,5.86,38.22,26.945,230.0,14.0,15.0,remediation_light,75,0.10619343394484652,nuclide_mode,1.0.0,env_plus_no_ratio,extra_trees,0,,
76,51.08838,30.02322,314,2.24,4.0,4.0,16.0,18.0,57.0,57.0,134.0,135.0,64.0,64.0,125.0,6.4,6.64,38.29,20.74,290.0,24.0,21.0,remediation_light,76,0.10790420720512578,nuclide_mode,1.0.0,env_plus_no_ratio,extra_trees,0,,
77,51.089414,30.009772,316,3.45,3.0,4.0,15.0,17.0,55.0,55.0,135.0,136.0,59.0,59.0,127.0,8.9,6.15,34.58,12.155,220.0,16.0,11.0,remediation_light,77,0.10494380752302876,nuclide_mode,1.0.0,env_plus_no_ratio,extra_trees,0,,
78,51.08329,29.90467,340,2.72,5.0,4.0,14.0,15.0,57.0,56.0,127.0,127.0,58.0,58.0,132.0,5.3,5.82,19.46,8.67,133.0,12.0,8.0,remediation_light,78,0.10209771630494201,nuclide_mode,1.0.0,env_plus_no_ratio,extra_trees,0,,
79,51.081516,29.99411,362,3.34,4.0,4.0,15.0,17.0,60.0,59.0,131.0,130.0,59.0,59.0,123.0,8.9,5.84,36.82,13.43,130.0,18.0,7.0,remediation_light,79,0.104037032732501,nuclide_mode,1.0.0,env_plus_no_ratio,extra_trees,0,,
80,51.079876,30.237963,379,2.72,4.0,4.0,15.0,17.0,48.0,48.0,131.0,129.0,64.0,64.0,114.0,3.2,7.21,50.46999999999999,22.525,360.0,23.0,22.0,remediation_light,80,0.11237142550455587,nuclide_mode,1.0.0,env_plus_no_ratio,extra_trees,0,,
81,51.079876,30.252243,380,2.63,4.0,3.0,16.0,17.0,44.0,44.0,134.0,132.0,64.0,64.0,115.0,6.8,6.1,35.84,16.575,360.0,21.0,22.0,remediation_light,81,0.11002090744914635,nuclide_mode,1.0.0,env_plus_no_ratio,extra_trees,0,,
82,51.07945,30.28069,382,2.44,3.0,3.0,17.0,18.0,52.0,51.0,138.0,139.0,64.0,64.0,113.0,7.6,5.58,42.0,20.91,340.0,24.0,22.0,remediation_light,82,0.10828171987095367,nuclide_mode,1.0.0,env_plus_no_ratio,extra_trees,0,,
83,51.07985,30.29523,383,3.28,4.0,4.0,16.0,17.0,52.0,52.0,138.0,139.0,64.0,64.0,113.0,6.0,5.92,30.24,11.22,245.0,17.0,18.0,remediation_light,83,0.1043599181579478,nuclide_mode,1.0.0,env_plus_no_ratio,extra_trees,0,,
84,51.079876,30.309361,384,8.3,4.0,4.0,17.0,18.0,58.0,58.0,133.0,138.0,65.0,65.0,111.0,10.2,5.49,27.93,4.08,90.0,7.0,5.0,remediation_light,84,0.09943872475317676,nuclide_mode,1.0.0,env_plus_no_ratio,extra_trees,0,,
85,51.07903,30.33656,386,3.11,4.0,4.0,14.0,15.0,66.0,67.0,130.0,131.0,59.0,59.0,113.0,6.0,6.25,32.129999999999995,12.58,110.0,10.0,6.0,remediation_light,85,0.10418573871978491,nuclide_mode,1.0.0,env_plus_no_ratio,extra_trees,0,,
86,51.0802,30.3521,389,2.92,4.0,4.0,16.0,17.0,60.0,60.0,131.0,133.0,61.0,61.0,111.0,5.8,6.13,8.75,3.6295,150.0,14.0,20.0,remediation_light,86,0.09925312873059912,nuclide_mode,1.0.0,env_plus_no_ratio,extra_trees,0,,
87,51.07991,30.38073,392,2.28,3.0,4.0,15.0,16.0,61.0,61.0,129.0,132.0,63.0,63.0,109.0,3.1,6.34,37.1,19.72,182.0,12.0,10.0,remediation_light,87,0.10399911419104556,nuclide_mode,1.0.0,env_plus_no_ratio,extra_trees,0,,
88,51.07956,30.39463,394,2.39,4.0,4.0,16.0,17.0,55.0,54.0,127.0,128.0,62.0,62.0,104.0,10.1,6.09,36.33,18.445,195.0,17.0,12.0,remediation_light,88,0.10488831983706884,nuclide_mode,1.0.0,env_plus_no_ratio,extra_trees,0,,
89,51.07692,29.99038,406,1.92,4.0,4.0,15.0,17.0,58.0,58.0,135.0,134.0,59.0,59.0,126.0,17.2,4.58,58.17,36.805,150.0,11.0,9.0,remediation_light,89,0.11037172434740929,nuclide_mode,1.0.0,env_plus_no_ratio,extra_trees,0,,
90,51.07718,29.90931,413,2.39,4.0,4.0,16.0,18.0,59.0,59.0,134.0,134.0,58.0,58.0,132.0,7.4,5.77,29.54,15.044999999999998,78.0,6.0,6.0,remediation_light,90,0.10431911783477497,nuclide_mode,1.0.0,env_plus_no_ratio,extra_trees,0,,
91,51.07401,29.9243,418,2.92,4.0,4.0,13.0,15.0,58.0,58.0,132.0,132.0,61.0,61.0,131.0,8.2,6.15,19.11,7.955999999999999,119.0,11.0,7.0,remediation_light,91,0.10080858954468465,nuclide_mode,1.0.0,env_plus_no_ratio,extra_trees,0,,
92,51.07378,29.96635,419,2.45,5.0,5.0,17.0,18.0,48.0,48.0,135.0,134.0,67.0,67.0,126.0,2.6,6.74,27.93,13.855,270.0,19.0,20.0,remediation_light,92,0.10451928203403717,nuclide_mode,1.0.0,env_plus_no_ratio,extra_trees,0,,
93,51.07352,29.98019,422,2.76,3.0,4.0,17.0,18.0,57.0,57.0,135.0,135.0,64.0,64.0,126.0,12.4,5.55,29.05,12.75,190.0,13.0,13.0,remediation_light,93,0.10310652765803668,nuclide_mode,1.0.0,env_plus_no_ratio,extra_trees,0,,
94,51.070883,30.380797,438,2.46,4.0,5.0,16.0,16.0,55.0,55.0,130.0,132.0,68.0,68.0,109.0,3.6,6.36,20.23,9.945,170.0,13.0,11.0,remediation_light,94,0.10234206523282888,nuclide_mode,1.0.0,env_plus_no_ratio,extra_trees,0,,
95,51.07149,30.35115,440,2.74,7.0,7.0,15.0,16.0,57.0,57.0,125.0,125.0,60.0,60.0,110.0,9.6,5.29,35.7,15.81,140.0,9.0,83.0,remediation_light,95,0.10501640892082593,nuclide_mode,1.0.0,env_plus_no_ratio,extra_trees,0,,
96,51.0716,30.29536,444,1.64,3.0,3.0,16.0,17.0,49.0,49.0,135.0,134.0,64.0,64.0,105.0,15.1,5.53,51.24,37.825,100.0,20.0,7.0,remediation_light,96,0.10948226109732065,nuclide_mode,1.0.0,env_plus_no_ratio,extra_trees,0,,
97,51.07112,30.28154,445,2.62,4.0,4.0,16.0,17.0,49.0,49.0,134.0,135.0,63.0,63.0,107.0,10.1,5.44,55.65,25.755,310.0,25.0,19.0,remediation_light,97,0.11236196660659957,nuclide_mode,1.0.0,env_plus_no_ratio,extra_trees,0,,
98,51.07061,30.2655,448,2.54,3.0,4.0,15.0,16.0,51.0,50.0,136.0,137.0,62.0,62.0,112.0,4.4,6.74,42.77,20.485,400.0,26.0,25.0,remediation_light,98,0.10939800868907931,nuclide_mode,1.0.0,env_plus_no_ratio,extra_trees,0,,
99,51.07076,30.25218,451,2.88,3.0,2.0,15.0,16.0,48.0,47.0,134.0,132.0,64.0,64.0,115.0,4.9,6.33,48.79,20.655,390.0,25.0,23.0,remediation_light,99,0.11175716112246124,nuclide_mode,1.0.0,env_plus_no_ratio,extra_trees,0,,
100,51.07117,30.23779,452,3.13,3.0,3.0,16.0,17.0,53.0,53.0,134.0,136.0,65.0,65.0,114.0,5.3,5.91,43.26,16.744999999999997,365.0,25.0,20.0,remediation_light,100,0.10953290896474993,nuclide_mode,1.0.0,env_plus_no_ratio,extra_trees,0,,
101,51.070892,30.209384,454,2.87,4.0,4.0,12.0,13.0,71.0,72.0,131.0,130.0,58.0,58.0,117.0,15.9,5.13,24.01,10.115,80.0,8.0,6.0,remediation_light,101,0.10314529912704053,nuclide_mode,1.0.0,env_plus_no_ratio,extra_trees,0,,
102,51.07092,30.19519,455,23.2,5.0,5.0,12.0,13.0,71.0,71.0,125.0,127.0,57.0,57.0,118.0,22.8,4.76,46.69,2.448,120.0,9.0,7.0,remediation_light,102,0.10913980987043455,nuclide_mode,1.0.0,env_plus_no_ratio,extra_trees,0,,
103,51.07084,30.1686,457,3.92,4.0,4.0,14.0,15.0,64.0,64.0,134.0,134.0,62.0,62.0,120.0,6.8,6.02,64.53999999999999,19.975,90.0,7.0,7.0,remediation_light,103,0.10711353354346291,nuclide_mode,1.0.0,env_plus_no_ratio,extra_trees,0,,
104,51.07126,30.12382,460,8.3,6.0,7.0,11.0,12.0,73.0,74.0,129.0,129.0,55.0,55.0,136.0,22.7,4.48,59.29,8.67,83.0,9.0,4.5,remediation_light,104,0.13925907469171223,nuclide_mode,1.0.0,env_plus_no_ratio,extra_trees,0,,
105,51.06958,30.08226,463,8.24,4.0,4.0,11.0,13.0,75.0,75.0,130.0,131.0,57.0,57.0,139.0,20.5,4.67,36.60999999999999,5.3975,77.0,6.0,4.0,remediation_light,105,0.10685213938284893,nuclide_mode,1.0.0,env_plus_no_ratio,extra_trees,0,,
106,51.07047,30.039138,466,22.3,3.0,4.0,15.0,16.0,68.0,67.0,126.0,126.0,60.0,60.0,120.0,3.2,7.01,35.98,1.955,80.0,7.0,5.0,remediation_light,106,0.10103346240295949,nuclide_mode,1.0.0,env_plus_no_ratio,extra_trees,0,,
107,51.07107,29.99345,469,4.81,5.0,4.0,17.0,18.0,55.0,55.0,135.0,134.0,63.0,63.0,124.0,2.5,7.51,43.89,11.05,140.0,10.0,10.0,remediation_light,107,0.1060410389168998,nuclide_mode,1.0.0,env_plus_no_ratio,extra_trees,0,,
108,51.071267,29.953709,472,3.4,4.0,4.0,17.0,19.0,52.0,52.0,134.0,133.0,67.0,66.0,127.0,7.2,6.29,33.18,11.815,220.0,12.0,9.0,remediation_light,108,0.10453081411062194,nuclide_mode,1.0.0,env_plus_no_ratio,extra_trees,0,,
109,51.07154,29.90879,475,4.37,5.0,5.0,14.0,16.0,57.0,56.0,133.0,133.0,59.0,59.0,132.0,5.9,6.5,18.9,5.252999999999999,118.0,12.0,6.0,remediation_light,109,0.10063344189012977,nuclide_mode,1.0.0,env_plus_no_ratio,extra_trees,0,,
110,51.069372,29.866127,479,9.13,5.0,6.0,14.0,15.0,70.0,70.0,131.0,131.0,56.0,56.0,144.0,14.0,5.85,23.94,3.1790000000000003,35.0,13.0,12.0,remediation_light,110,0.09909975221294898,nuclide_mode,1.0.0,env_plus_no_ratio,extra_trees,0,,
111,51.06997,29.82462,482,3.44,4.0,4.0,17.0,19.0,55.0,56.0,139.0,138.0,63.0,63.0,134.0,4.9,7.06,12.39,4.3775,142.0,8.0,9.0,remediation_light,111,0.09969065322195018,nuclide_mode,1.0.0,env_plus_no_ratio,extra_trees,0,,
112,51.07151,29.78159,487,9.71,5.0,5.0,11.0,12.0,67.0,67.0,123.0,127.0,51.0,51.0,158.0,17.2,4.79,12.04,1.5045,65.0,4.0,4.0,remediation_light,112,0.09510944597009316,nuclide_mode,1.0.0,env_plus_no_ratio,extra_trees,0,,
113,51.067894,29.804816,491,4.76,4.0,4.0,17.0,19.0,57.0,57.0,134.0,134.0,60.0,60.0,136.0,3.7,6.38,10.43,2.6605,149.0,13.0,12.0,remediation_light,113,0.09879266678263655,nuclide_mode,1.0.0,env_plus_no_ratio,extra_trees,0,,
114,51.067894,29.819094,494,3.02,4.0,4.0,16.0,18.0,58.0,58.0,139.0,139.0,60.0,60.0,136.0,4.7,6.85,12.179999999999998,4.9045,121.0,9.0,7.0,remediation_light,114,0.10049496970199792,nuclide_mode,1.0.0,env_plus_no_ratio,extra_trees,0,,
115,51.06536,30.26233,512,2.08,3.0,4.0,14.0,15.0,55.0,55.0,134.0,136.0,62.0,62.0,110.0,25.2,5.36,35.0,20.485,300.0,24.0,19.0,remediation_light,115,0.1078305571633447,nuclide_mode,1.0.0,env_plus_no_ratio,extra_trees,0,,
116,51.06477,30.24661,515,3.4,5.0,4.0,16.0,17.0,57.0,57.0,137.0,135.0,63.0,63.0,114.0,11.4,5.55,32.76,11.73,215.0,20.0,15.0,remediation_light,116,0.10350302565286093,nuclide_mode,1.0.0,env_plus_no_ratio,extra_trees,0,,
117,51.064896,30.047557,521,4.46,3.0,3.0,16.0,17.0,66.0,66.0,130.0,129.0,63.0,63.0,121.0,5.6,6.32,38.35999999999999,10.455,76.0,9.0,5.0,remediation_light,117,0.10395092699004509,nuclide_mode,1.0.0,env_plus_no_ratio,extra_trees,0,,
118,51.061889,30.123726,558,5.11,4.0,4.0,14.0,15.0,68.0,68.0,133.0,131.0,65.0,65.0,120.0,7.0,6.06,94.5,22.525,123.0,11.0,7.0,remediation_light,118,0.12073326103537928,nuclide_mode,1.0.0,env_plus_no_ratio,extra_trees,0,,
119,51.061004,30.195435,563,2.36,4.0,4.0,16.0,18.0,56.0,56.0,136.0,135.0,66.0,66.0,117.0,4.7,6.37,40.46,20.825,370.0,25.0,22.0,remediation_light,119,0.10822812969110152,nuclide_mode,1.0.0,env_plus_no_ratio,extra_trees,0,,
120,51.061738,30.199676,564,2.34,3.0,3.0,16.0,17.0,59.0,58.0,137.0,135.0,63.0,63.0,116.0,9.0,5.94,36.47,18.87,400.0,26.0,25.0,remediation_light,120,0.10826686228088996,nuclide_mode,1.0.0,env_plus_no_ratio,extra_trees,0,,
121,51.05862,29.71945,580,11.3,4.0,5.0,14.0,16.0,65.0,65.0,136.0,135.0,57.0,57.0,143.0,38.1,4.78,7.56,0.8075,106.0,9.0,6.0,remediation_light,121,0.09718822102485543,nuclide_mode,1.0.0,env_plus_no_ratio,extra_trees,0,,
122,51.0527,30.26792,595,9.66,4.0,5.0,13.0,14.0,66.0,66.0,133.0,133.0,59.0,59.0,115.0,7.6,6.46,31.64,3.978,60.0,7.0,4.0,remediation_light,122,0.10275441906093558,nuclide_mode,1.0.0,env_plus_no_ratio,extra_trees,0,,
123,51.05272,30.20061,600,2.79,4.0,5.0,16.0,16.0,55.0,53.0,137.0,136.0,62.0,62.0,108.0,10.0,6.43,33.25,14.45,280.0,17.0,14.0,remediation_light,123,0.10555657780481251,nuclide_mode,1.0.0,env_plus_no_ratio,extra_trees,0,,
124,51.05289,30.13888,605,5.09,4.0,4.0,16.0,17.0,63.0,62.0,133.0,132.0,63.0,63.0,121.0,5.7,6.11,99.4,23.63,75.0,6.0,6.0,remediation_light,124,0.1118796069324365,nuclide_mode,1.0.0,env_plus_no_ratio,extra_trees,0,,
125,51.05303,30.12438,608,4.22,3.0,3.0,15.0,16.0,63.0,63.0,138.0,137.0,64.0,64.0,116.0,3.2,6.86,36.54,10.54,110.0,11.0,11.0,remediation_light,125,0.10349959838654652,nuclide_mode,1.0.0,env_plus_no_ratio,extra_trees,0,,
126,51.05195,29.78041,633,5.72,4.0,4.0,16.0,18.0,59.0,59.0,137.0,136.0,61.0,61.0,143.0,6.4,6.13,12.11,2.567,164.0,13.0,11.0,remediation_light,126,0.09920521372839658,nuclide_mode,1.0.0,env_plus_no_ratio,extra_trees,0,,
127,51.05307,29.76716,636,6.15,5.0,4.0,15.0,17.0,56.0,56.0,135.0,136.0,60.0,60.0,144.0,4.8,6.44,10.22,2.0145,340.0,22.0,23.0,remediation_light,127,0.10993230282813302,nuclide_mode,1.0.0,env_plus_no_ratio,extra_trees,0,,
128,51.05312,29.75195,639,3.25,4.0,4.0,17.0,19.0,59.0,59.0,133.0,132.0,60.0,60.0,145.0,3.0,6.63,9.73,3.6295,244.0,19.0,17.0,remediation_light,128,0.1028421828554514,nuclide_mode,1.0.0,env_plus_no_ratio,extra_trees,0,,
129,51.05297,29.73811,642,8.1,5.0,5.0,16.0,18.0,60.0,60.0,135.0,135.0,59.0,59.0,147.0,6.8,5.79,11.829999999999998,1.768,176.0,14.0,11.0,remediation_light,129,0.09908362724315053,nuclide_mode,1.0.0,env_plus_no_ratio,extra_trees,0,,
130,51.04988,29.79071,651,13.3,4.0,3.0,17.0,18.0,58.0,58.0,143.0,142.0,61.0,61.0,143.0,11.6,5.0,15.12,1.3855,284.0,20.0,20.0,remediation_light,130,0.10699753706134238,nuclide_mode,1.0.0,env_plus_no_ratio,extra_trees,0,,
131,51.04561,30.19134,661,1.65,4.0,4.0,15.0,16.0,48.0,48.0,138.0,136.0,63.0,63.0,120.0,29.9,4.83,37.1,27.285,215.0,14.0,13.0,remediation_light,131,0.10545283420779598,nuclide_mode,1.0.0,env_plus_no_ratio,extra_trees,0,,
132,51.04714,30.14791,664,2.3,4.0,3.0,14.0,15.0,60.0,59.0,131.0,130.0,63.0,63.0,121.0,5.5,6.25,54.31999999999999,28.645000000000003,80.0,8.0,5.0,remediation_light,132,0.10500908081595943,nuclide_mode,1.0.0,env_plus_no_ratio,extra_trees,0,,
133,51.046912,30.133231,667,3.73,4.0,4.0,15.0,16.0,56.0,56.0,134.0,135.0,64.0,64.0,113.0,3.3,6.8,72.8,23.715,180.0,16.0,12.0,remediation_light,133,0.10999238284467358,nuclide_mode,1.0.0,env_plus_no_ratio,extra_trees,0,,
134,51.04704,30.1141,671,12.4,3.0,4.0,13.0,14.0,72.0,72.0,120.0,125.0,58.0,58.0,117.0,12.3,5.46,19.88,1.9465,90.0,8.0,6.0,remediation_light,134,0.09779438726755832,nuclide_mode,1.0.0,env_plus_no_ratio,extra_trees,0,,
135,51.04676,29.77086,676,5.17,3.0,4.0,17.0,18.0,56.0,55.0,137.0,136.0,60.0,60.0,152.0,9.6,5.4,10.78,2.533,234.0,13.0,15.0,remediation_light,135,0.10258993601309957,nuclide_mode,1.0.0,env_plus_no_ratio,extra_trees,0,,
136,51.043838,29.694039,679,7.94,4.0,4.0,17.0,18.0,49.0,48.0,128.0,128.0,65.0,65.0,150.0,6.3,6.16,12.32,1.887,240.0,10.0,8.0,remediation_light,136,0.10464020457734867,nuclide_mode,1.0.0,env_plus_no_ratio,extra_trees,0,,
137,51.044,29.73761,682,8.55,5.0,4.0,16.0,18.0,58.0,57.0,136.0,135.0,63.0,63.0,140.0,6.6,6.21,8.26,1.1645,165.0,13.0,12.0,remediation_light,137,0.09862650978306887,nuclide_mode,1.0.0,env_plus_no_ratio,extra_trees,0,,
138,51.044203,29.78018,685,6.29,3.0,4.0,17.0,19.0,56.0,56.0,139.0,140.0,59.0,59.0,139.0,3.0,7.34,11.13,2.159,139.0,8.0,7.0,remediation_light,138,0.0979305367147305,nuclide_mode,1.0.0,env_plus_no_ratio,extra_trees,0,,
139,51.04325,29.82336,688,4.36,4.0,4.0,14.0,16.0,63.0,63.0,132.0,132.0,60.0,60.0,146.0,9.7,5.79,17.08,4.76,164.0,9.0,12.0,remediation_light,139,0.10090808415392856,nuclide_mode,1.0.0,env_plus_no_ratio,extra_trees,0,,
140,51.04469,29.86551,691,5.47,5.0,5.0,14.0,16.0,67.0,67.0,121.0,122.0,56.0,56.0,150.0,22.4,4.4,24.08,5.355,68.0,5.0,5.0,remediation_light,140,0.10439530043455712,nuclide_mode,1.0.0,env_plus_no_ratio,extra_trees,0,,
141,51.04398,29.90843,694,3.91,3.0,3.0,17.0,19.0,56.0,56.0,139.0,138.0,62.0,62.0,137.0,7.2,5.88,15.61,4.8365,302.0,17.0,21.0,remediation_light,141,0.10766581290335382,nuclide_mode,1.0.0,env_plus_no_ratio,extra_trees,0,,
142,51.044055,29.952572,697,3.85,5.0,4.0,16.0,18.0,55.0,55.0,135.0,134.0,58.0,58.0,134.0,20.0,4.97,21.84,6.885,140.0,13.0,14.0,remediation_light,142,0.10348486895894575,nuclide_mode,1.0.0,env_plus_no_ratio,extra_trees,0,,
143,51.04321,30.03807,703,3.57,4.0,4.0,16.0,18.0,58.0,58.0,133.0,131.0,62.0,62.0,123.0,12.4,5.59,47.6,16.235,98.0,11.0,6.0,remediation_light,143,0.10596531676871988,nuclide_mode,1.0.0,env_plus_no_ratio,extra_trees,0,,
144,51.04409,30.07969,706,4.05,4.0,4.0,14.0,15.0,71.0,72.0,138.0,136.0,61.0,60.0,110.0,6.5,5.81,50.11999999999999,15.044999999999998,95.0,9.0,6.0,remediation_light,144,0.10695734967372399,nuclide_mode,1.0.0,env_plus_no_ratio,extra_trees,0,,
145,51.043903,30.123726,712,3.33,5.0,5.0,15.0,16.0,62.0,62.0,131.0,131.0,62.0,62.0,117.0,24.3,5.18,81.89999999999999,29.835,190.0,16.0,12.0,remediation_light,145,0.11405245355796809,nuclide_mode,1.0.0,env_plus_no_ratio,extra_trees,0,,
146,51.04356,30.16552,716,2.97,5.0,5.0,14.0,15.0,59.0,59.0,130.0,130.0,60.0,60.0,116.0,45.0,3.38,45.99,18.785,170.0,11.0,12.0,remediation_light,146,0.10880834474986274,nuclide_mode,1.0.0,env_plus_no_ratio,extra_trees,0,,
147,51.04325,30.18084,717,1.89,3.0,4.0,16.0,16.0,54.0,54.0,137.0,136.0,62.0,62.0,110.0,41.6,4.46,23.87,15.3,300.0,22.0,17.0,remediation_light,147,0.10609426668025432,nuclide_mode,1.0.0,env_plus_no_ratio,extra_trees,0,,
148,51.044871,30.254171,723,2.38,6.0,6.0,15.0,17.0,53.0,53.0,131.0,131.0,63.0,63.0,105.0,12.7,5.26,43.60999999999999,22.27,225.0,33.0,26.0,remediation_light,148,0.10918818653968228,nuclide_mode,1.0.0,env_plus_no_ratio,extra_trees,0,,
149,51.0379,29.91425,729,3.72,5.0,5.0,18.0,19.0,55.0,55.0,133.0,131.0,65.0,65.0,135.0,3.0,6.67,27.02,8.84,351.0,21.0,21.0,remediation_light,149,0.10715671811448936,nuclide_mode,1.0.0,env_plus_no_ratio,extra_trees,0,,
150,51.0377,30.09093,732,3.28,5.0,5.0,16.0,17.0,59.0,59.0,133.0,132.0,66.0,66.0,110.0,9.5,5.41,47.81,17.764999999999997,82.0,8.0,7.0,remediation_light,150,0.10608718122363181,nuclide_mode,1.0.0,env_plus_no_ratio,extra_trees,0,,
151,51.0352,30.08228,740,3.1,5.0,5.0,15.0,16.0,60.0,60.0,131.0,129.0,60.0,60.0,117.0,8.3,5.71,78.39999999999999,30.770000000000003,90.0,7.0,6.0,remediation_light,151,0.10839092815789343,nuclide_mode,1.0.0,env_plus_no_ratio,extra_trees,0,,
152,51.02865,29.91425,785,4.32,4.0,4.0,16.0,18.0,60.0,60.0,134.0,133.0,64.0,64.0,135.0,3.7,6.53,22.68,6.3835,266.0,19.5,14.0,remediation_light,152,0.10334290738820828,nuclide_mode,1.0.0,env_plus_no_ratio,extra_trees,0,,
153,51.02773,29.90069,787,3.54,4.0,4.0,15.0,17.0,59.0,58.0,130.0,130.0,62.0,62.0,136.0,7.0,6.14,16.45,5.6355,77.0,8.0,4.5,remediation_light,153,0.09982709462063882,nuclide_mode,1.0.0,env_plus_no_ratio,extra_trees,0,,
154,51.02546,29.52588,792,27.0,5.0,5.0,17.0,19.0,55.0,55.0,139.0,138.0,63.0,63.0,172.0,4.9,6.83,12.67,0.57035,150.0,15.0,9.0,remediation_light,154,0.09835236367383346,nuclide_mode,1.0.0,env_plus_no_ratio,extra_trees,0,,
155,51.02572,29.7098,804,10.2,3.0,4.0,17.0,19.0,54.0,53.0,136.0,133.0,63.0,63.0,159.0,9.8,5.55,9.239999999999998,1.105,148.0,11.0,11.0,remediation_light,155,0.09808974656892341,nuclide_mode,1.0.0,env_plus_no_ratio,extra_trees,0,,
156,51.02575,30.06114,831,3.82,5.0,5.0,16.0,17.0,53.0,53.0,129.0,128.0,66.0,66.0,110.0,3.5,6.63,21.28,6.7575,20.0,14.0,10.0,remediation_light,156,0.10092198245965914,nuclide_mode,1.0.0,env_plus_no_ratio,extra_trees,0,,
157,51.02256,29.94257,844,3.75,4.0,4.0,18.0,20.0,53.0,52.0,131.0,132.0,62.0,62.0,126.0,14.8,5.51,25.48,8.262,180.0,11.0,8.0,remediation_light,157,0.10174881910670822,nuclide_mode,1.0.0,env_plus_no_ratio,extra_trees,0,,
158,51.02296,29.49086,851,8.46,6.0,5.0,18.0,19.0,56.0,56.0,133.0,132.0,65.0,65.0,171.0,2.0,7.07,10.36,1.4875,260.0,22.0,13.0,remediation_light,158,0.10038364525485019,nuclide_mode,1.0.0,env_plus_no_ratio,extra_trees,0,,
159,51.02015,29.86218,864,3.98,4.0,4.0,15.0,17.0,57.0,57.0,134.0,133.0,63.0,63.0,144.0,8.7,5.57,17.36,5.2955000000000005,195.0,15.0,12.0,remediation_light,159,0.1018550737924365,nuclide_mode,1.0.0,env_plus_no_ratio,extra_trees,0,,
160,51.018467,30.082277,877,3.41,7.0,7.0,15.0,16.0,50.0,49.0,129.0,128.0,67.0,67.0,106.0,3.0,6.61,38.08,13.6,64.0,11.0,4.0,remediation_light,160,0.10464716843703875,nuclide_mode,1.0.0,env_plus_no_ratio,extra_trees,0,,
161,51.01669,30.05093,879,3.15,5.0,5.0,17.0,18.0,43.0,43.0,134.0,133.0,68.0,68.0,106.0,15.3,5.82,33.879999999999995,13.09,123.0,12.0,11.0,remediation_light,161,0.10438765525358226,nuclide_mode,1.0.0,env_plus_no_ratio,extra_trees,0,,
162,51.01683,30.0377,881,2.02,3.0,3.0,18.0,20.0,52.0,52.0,133.0,131.0,66.0,66.0,122.0,16.4,5.23,30.73,18.53,240.0,14.0,14.0,remediation_light,162,0.10497071757364093,nuclide_mode,1.0.0,env_plus_no_ratio,extra_trees,0,,
163,51.01689,30.02491,884,3.01,5.0,5.0,18.0,20.0,55.0,55.0,131.0,132.0,62.0,62.0,125.0,27.6,4.71,32.97,13.26,100.0,10.0,5.0,remediation_light,163,0.10302719838203901,nuclide_mode,1.0.0,env_plus_no_ratio,extra_trees,0,,
164,51.01733,30.01091,887,4.17,4.0,4.0,17.0,18.0,58.0,59.0,132.0,130.0,60.0,60.0,125.0,9.2,5.6,25.76,7.497,100.0,8.0,5.0,remediation_light,164,0.1011621944390567,nuclide_mode,1.0.0,env_plus_no_ratio,extra_trees,0,,
165,51.015104,29.995365,888,13.7,4.0,5.0,16.0,17.0,58.0,58.0,128.0,128.0,63.0,62.0,117.0,10.7,6.35,37.8,3.366,120.0,8.0,5.0,remediation_light,165,0.10200682205965991,nuclide_mode,1.0.0,env_plus_no_ratio,extra_trees,0,,
166,51.01733,29.96693,890,2.82,5.0,4.0,18.0,20.0,52.0,52.0,133.0,134.0,66.0,66.0,120.0,29.3,5.15,38.15,16.405,180.0,12.0,11.0,remediation_light,166,0.10500465621849024,nuclide_mode,1.0.0,env_plus_no_ratio,extra_trees,0,,
167,51.016923,29.952333,893,1.66,4.0,4.0,18.0,19.0,54.0,53.0,130.0,132.0,64.0,64.0,122.0,17.5,5.06,26.809999999999995,19.635,148.0,11.0,9.0,remediation_light,167,0.10258082609145625,nuclide_mode,1.0.0,env_plus_no_ratio,extra_trees,0,,
168,51.016923,29.938092,896,5.18,4.0,4.0,18.0,20.0,56.0,56.0,134.0,133.0,64.0,64.0,130.0,13.5,5.21,23.45,5.499499999999999,200.0,13.0,10.0,remediation_light,168,0.102148379729686,nuclide_mode,1.0.0,env_plus_no_ratio,extra_trees,0,,
169,51.01651,29.9092,898,4.15,3.0,3.0,13.0,14.0,70.0,70.0,130.0,131.0,57.0,57.0,136.0,29.3,5.36,22.33,6.5195,113.0,11.0,8.0,remediation_light,169,0.10366676447235289,nuclide_mode,1.0.0,env_plus_no_ratio,extra_trees,0,,
170,51.01713,29.86675,901,4.88,3.0,3.0,17.0,19.0,59.0,59.0,136.0,135.0,64.0,64.0,140.0,5.1,6.9,19.18,4.7685,145.0,10.0,12.0,remediation_light,170,0.10052514504566265,nuclide_mode,1.0.0,env_plus_no_ratio,extra_trees,0,,
171,51.01694,29.85252,904,4.18,3.0,4.0,15.0,17.0,54.0,54.0,137.0,137.0,61.0,61.0,145.0,3.8,6.66,26.53,7.7095,119.0,10.0,8.0,remediation_light,171,0.10103472209104179,nuclide_mode,1.0.0,env_plus_no_ratio,extra_trees,0,,
172,51.01673,29.82278,906,16.4,4.0,4.0,13.0,15.0,69.0,69.0,129.0,130.0,60.0,59.0,153.0,5.0,6.71,11.339999999999998,0.83895,40.0,11.0,8.0,remediation_light,172,0.09745752138687733,nuclide_mode,1.0.0,env_plus_no_ratio,extra_trees,0,,
173,51.01672,29.7806,909,3.8,5.0,5.0,14.0,15.0,69.0,69.0,129.0,130.0,63.0,63.0,132.0,10.1,6.81,10.29,3.2725,81.0,12.0,10.0,remediation_light,173,0.09775052476449253,nuclide_mode,1.0.0,env_plus_no_ratio,extra_trees,0,,
174,51.017546,29.740941,912,9.39,3.0,3.0,17.0,19.0,54.0,54.0,136.0,134.0,62.0,62.0,158.0,7.1,5.7,14.7,1.8955,167.0,11.0,9.5,remediation_light,174,0.09934612775572635,nuclide_mode,1.0.0,env_plus_no_ratio,extra_trees,0,,
175,51.01699,29.69527,916,6.37,3.0,3.0,16.0,17.0,57.0,57.0,137.0,135.0,61.0,61.0,165.0,3.8,6.6,7.56,1.4365,277.0,23.0,15.0,remediation_light,175,0.10637854294983128,nuclide_mode,1.0.0,env_plus_no_ratio,extra_trees,0,,
176,51.016936,29.652507,921,7.75,3.0,3.0,14.0,15.0,59.0,58.0,140.0,138.0,61.0,61.0,173.0,12.3,5.44,12.67,1.989,260.0,15.0,14.0,remediation_light,176,0.10364261396084057,nuclide_mode,1.0.0,env_plus_no_ratio,extra_trees,0,,
177,51.016936,29.62395,924,5.76,4.0,4.0,16.0,17.0,56.0,56.0,135.0,133.0,61.0,61.0,172.0,13.1,5.89,9.73,2.0485,273.0,14.0,16.0,remediation_light,177,0.1105569539668788,nuclide_mode,1.0.0,env_plus_no_ratio,extra_trees,0,,
178,51.017298,29.610322,925,15.3,4.0,4.0,17.0,19.0,56.0,55.0,137.0,135.0,61.0,61.0,171.0,6.8,5.95,9.03,0.71315,221.0,15.0,13.0,remediation_light,178,0.10220340928043324,nuclide_mode,1.0.0,env_plus_no_ratio,extra_trees,0,,
179,51.016936,29.566834,928,15.3,5.0,4.0,17.0,18.0,55.0,54.0,135.0,134.0,60.0,60.0,175.0,25.3,5.0,15.749999999999998,1.2495,154.0,13.0,11.0,remediation_light,179,0.09885547292276921,nuclide_mode,1.0.0,env_plus_no_ratio,extra_trees,0,,
180,51.01683,29.52235,932,10.9,4.0,4.0,16.0,18.0,54.0,54.0,133.0,133.0,61.0,61.0,167.0,8.5,5.51,28.49,3.162,272.0,17.0,19.0,remediation_light,180,0.10463249432432846,nuclide_mode,1.0.0,env_plus_no_ratio,extra_trees,0,,
181,51.01756,29.5101,935,15.2,5.0,5.0,19.0,21.0,55.0,54.0,132.0,129.0,62.0,62.0,167.0,3.8,6.98,23.1,1.8445,289.0,25.0,17.0,remediation_light,181,0.10334852835381475,nuclide_mode,1.0.0,env_plus_no_ratio,extra_trees,0,,
182,51.016936,29.494968,936,24.4,7.0,6.0,19.0,21.0,55.0,55.0,133.0,134.0,66.0,66.0,166.0,0.8,8.05,8.959999999999999,0.4454,155.0,14.0,8.5,remediation_light,182,0.09753061755970567,nuclide_mode,1.0.0,env_plus_no_ratio,extra_trees,0,,
183,51.016923,29.481023,938,6.19,4.0,5.0,19.0,21.0,53.0,52.0,132.0,130.0,64.0,64.0,173.0,4.5,6.15,10.57,2.0655,129.0,17.0,9.0,remediation_light,183,0.098497377485099,nuclide_mode,1.0.0,env_plus_no_ratio,extra_trees,0,,
184,51.0116,30.02819,964,2.7,4.0,4.0,18.0,19.0,48.0,47.0,130.0,129.0,62.0,62.0,117.0,38.6,4.23,32.27,14.45,95.0,10.0,11.0,remediation_light,184,0.10470838664303558,nuclide_mode,1.0.0,env_plus_no_ratio,extra_trees,0,,
185,51.01114,29.85768,969,3.68,4.0,4.0,16.0,18.0,55.0,55.0,136.0,135.0,62.0,62.0,144.0,9.3,6.37,24.64,8.126,205.0,14.0,13.0,remediation_light,185,0.1023714679160512,nuclide_mode,1.0.0,env_plus_no_ratio,extra_trees,0,,
186,51.010941,29.695343,974,6.31,5.0,5.0,16.0,18.0,54.0,53.0,134.0,134.0,63.0,63.0,159.0,3.4,7.48,12.739999999999998,2.4565,287.0,24.0,18.0,remediation_light,186,0.10525360968636198,nuclide_mode,1.0.0,env_plus_no_ratio,extra_trees,0,,
187,51.010941,29.681065,977,9.5,4.0,4.0,18.0,20.0,54.0,54.0,139.0,138.0,63.0,62.0,173.0,13.9,5.35,6.432999999999999,0.8228,246.0,18.0,14.0,remediation_light,187,0.10351297143426152,nuclide_mode,1.0.0,env_plus_no_ratio,extra_trees,0,,
188,51.011283,29.61909,978,7.59,4.0,4.0,16.0,17.0,65.0,65.0,135.0,134.0,61.0,61.0,169.0,3.6,6.3,8.399999999999999,1.343,345.0,28.0,21.0,remediation_light,188,0.11052455755542148,nuclide_mode,1.0.0,env_plus_no_ratio,extra_trees,0,,
189,51.00804,29.52415,985,9.27,4.0,4.0,15.0,17.0,57.0,57.0,131.0,133.0,62.0,61.0,161.0,9.4,6.3,10.01,1.309,247.0,14.0,15.0,remediation_light,189,0.10270245732889605,nuclide_mode,1.0.0,env_plus_no_ratio,extra_trees,0,,
190,51.008,29.77188,1005,5.27,4.0,4.0,17.0,19.0,64.0,63.0,136.0,135.0,64.0,64.0,140.0,7.5,6.37,10.36,2.3885,127.0,15.0,8.0,remediation_light,190,0.09740816894652284,nuclide_mode,1.0.0,env_plus_no_ratio,extra_trees,0,,
191,51.0079,29.86667,1015,3.6,4.0,3.0,15.0,17.0,59.0,58.0,135.0,136.0,63.0,63.0,145.0,5.3,6.17,17.849999999999998,6.001,161.0,21.0,9.0,remediation_light,191,0.10141689763499312,nuclide_mode,1.0.0,env_plus_no_ratio,extra_trees,0,,
192,51.00832,29.95249,1022,6.63,4.0,4.0,18.0,19.0,54.0,53.0,135.0,136.0,70.0,71.0,137.0,2.5,6.67,27.72,5.0745,270.0,15.0,16.0,remediation_light,192,0.10440715485116502,nuclide_mode,1.0.0,env_plus_no_ratio,extra_trees,0,,
193,51.0072,30.01928,1028,1.96,5.0,5.0,19.0,20.0,43.0,43.0,131.0,130.0,63.0,63.0,130.0,14.0,5.13,36.12,22.355,207.0,12.0,12.0,remediation_light,193,0.10550422192412062,nuclide_mode,1.0.0,env_plus_no_ratio,extra_trees,0,,
194,51.00467,30.00338,1034,3.34,4.0,4.0,20.0,21.0,50.0,49.0,133.0,132.0,61.0,61.0,132.0,4.5,5.93,45.85,16.66,237.0,16.0,14.0,remediation_light,194,0.10992365533166533,nuclide_mode,1.0.0,env_plus_no_ratio,extra_trees,0,,
195,51.0051,29.79124,1038,5.47,5.0,5.0,16.0,17.0,60.0,60.0,134.0,133.0,64.0,64.0,130.0,23.8,4.56,13.72,3.0345,135.0,11.0,11.0,remediation_light,195,0.09799895073570845,nuclide_mode,1.0.0,env_plus_no_ratio,extra_trees,0,,
196,51.001948,29.695343,1049,10.8,3.0,4.0,16.0,18.0,59.0,58.0,138.0,137.0,62.0,62.0,163.0,8.3,6.2,14.77,1.666,259.0,15.0,15.0,remediation_light,196,0.10274546539602751,nuclide_mode,1.0.0,env_plus_no_ratio,extra_trees,0,,
197,50.99842,29.76682,1075,6.7,3.0,3.0,16.0,18.0,57.0,56.0,137.0,135.0,64.0,64.0,146.0,10.9,5.68,13.929999999999998,2.533,289.0,21.0,20.0,remediation_light,197,0.10855857467848352,nuclide_mode,1.0.0,env_plus_no_ratio,extra_trees,0,,
198,50.99902,29.52905,1093,9.9,4.0,4.0,16.0,17.0,68.0,68.0,135.0,136.0,62.0,62.0,160.0,22.5,4.89,10.15,1.241,125.0,15.0,8.0,remediation_light,198,0.09771845575623671,nuclide_mode,1.0.0,env_plus_no_ratio,extra_trees,0,,
199,50.99581,29.92384,1106,2.48,4.0,4.0,18.0,20.0,50.0,49.0,133.0,131.0,62.0,62.0,138.0,5.1,6.57,6.972,3.417,195.0,13.0,12.0,remediation_light,199,0.10232367344272544,nuclide_mode,1.0.0,env_plus_no_ratio,extra_trees,0,,
200,50.98989,29.52395,1120,22.0,4.0,4.0,18.0,20.0,60.0,60.0,132.0,134.0,65.0,65.0,157.0,4.5,6.58,13.3,0.7327,228.0,18.0,15.0,remediation_light,200,0.10179428645682431,nuclide_mode,1.0.0,env_plus_no_ratio,extra_trees,0,,
201,50.99044,29.56701,1123,7.29,5.0,4.0,10.0,11.0,72.0,73.0,122.0,126.0,59.0,59.0,182.0,43.4,3.73,7.91,1.309,95.0,9.0,6.5,remediation_light,201,0.09937447519718347,nuclide_mode,1.0.0,env_plus_no_ratio,extra_trees,0,,
202,50.99004,29.58575,1125,7.8,3.0,3.0,18.0,19.0,63.0,62.0,135.0,134.0,63.0,63.0,162.0,10.1,5.72,9.73,1.513,140.0,14.0,7.0,remediation_light,202,0.09761767361813756,nuclide_mode,1.0.0,env_plus_no_ratio,extra_trees,0,,
203,50.98957,29.60909,1128,9.88,5.0,4.0,18.0,19.0,58.0,57.0,139.0,137.0,63.0,63.0,161.0,2.2,7.26,10.92,1.3345,218.0,16.0,18.0,remediation_light,203,0.10216394744905055,nuclide_mode,1.0.0,env_plus_no_ratio,extra_trees,0,,
204,50.989943,29.6525,1131,13.3,4.0,4.0,18.0,19.0,56.0,56.0,136.0,134.0,62.0,62.0,173.0,4.6,6.13,10.15,0.918,265.0,16.0,16.0,remediation_light,204,0.10789196408902238,nuclide_mode,1.0.0,env_plus_no_ratio,extra_trees,0,,
205,50.989943,29.695338,1134,17.0,4.0,4.0,15.0,17.0,72.0,71.0,129.0,128.0,60.0,60.0,171.0,10.6,5.9,14.91,1.0625,90.0,7.0,6.0,remediation_light,205,0.09786030684978336,nuclide_mode,1.0.0,env_plus_no_ratio,extra_trees,0,,
206,50.98956,29.73812,1137,7.2,6.0,6.0,17.0,19.0,48.0,48.0,138.0,136.0,61.0,61.0,159.0,10.5,5.9,19.04,3.213,272.0,18.0,17.0,remediation_light,206,0.10054612093938599,nuclide_mode,1.0.0,env_plus_no_ratio,extra_trees,0,,
207,50.98991,29.7527,1138,2.54,4.0,4.0,15.0,17.0,54.0,53.0,138.0,136.0,63.0,63.0,155.0,17.0,5.37,13.51,6.451499999999999,184.0,21.0,14.0,remediation_light,207,0.10247537906919954,nuclide_mode,1.0.0,env_plus_no_ratio,extra_trees,0,,
208,50.99019,29.767031,1141,6.03,4.0,4.0,16.0,17.0,60.0,60.0,136.0,135.0,63.0,63.0,144.0,20.8,4.54,41.79,8.415000000000001,206.0,13.0,16.0,remediation_light,208,0.10538860711186276,nuclide_mode,1.0.0,env_plus_no_ratio,extra_trees,0,,
209,50.99056,29.78161,1144,7.88,3.0,3.0,18.0,20.0,53.0,53.0,133.0,133.0,64.0,64.0,152.0,4.8,6.03,16.099999999999998,2.482,215.0,15.0,13.0,remediation_light,209,0.10175966809031588,nuclide_mode,1.0.0,env_plus_no_ratio,extra_trees,0,,
210,50.98869,29.82286,1147,11.8,4.0,4.0,20.0,21.0,60.0,61.0,137.0,139.0,66.0,66.0,126.0,12.4,5.51,11.69,1.1985,80.0,5.0,5.0,remediation_light,210,0.09757971866427953,nuclide_mode,1.0.0,env_plus_no_ratio,extra_trees,0,,
211,50.991258,29.865266,1150,16.8,4.0,4.0,13.0,14.0,66.0,66.0,131.0,131.0,61.0,61.0,157.0,16.2,5.25,26.95,1.9465,69.0,7.0,4.0,remediation_light,211,0.09850473212028524,nuclide_mode,1.0.0,env_plus_no_ratio,extra_trees,0,,
212,50.98952,29.90993,1153,4.31,4.0,4.0,17.0,18.0,49.0,49.0,132.0,132.0,64.0,64.0,141.0,7.1,5.69,24.85,7.004,212.0,15.0,14.0,remediation_light,212,0.10275179679432977,nuclide_mode,1.0.0,env_plus_no_ratio,extra_trees,0,,
213,50.99009,29.95323,1157,5.67,4.0,4.0,19.0,20.0,50.0,50.0,138.0,138.0,63.0,63.0,136.0,3.1,7.19,36.54,7.828500000000001,264.0,18.0,18.0,remediation_light,213,0.10638825767275092,nuclide_mode,1.0.0,env_plus_no_ratio,extra_trees,0,,
214,50.99025,29.99456,1162,2.15,7.0,7.0,20.0,21.0,47.0,48.0,134.0,132.0,64.0,64.0,108.0,1.2,8.2,26.95,15.214999999999998,110.0,15.0,8.0,remediation_light,214,0.10279946020523632,nuclide_mode,1.0.0,env_plus_no_ratio,extra_trees,0,,
215,50.98754,29.98126,1168,19.9,5.0,5.0,19.0,20.0,49.0,49.0,134.0,134.0,62.0,62.0,117.0,11.1,5.24,35.7,2.176,211.0,20.0,14.0,remediation_light,215,0.10441462727550266,nuclide_mode,1.0.0,env_plus_no_ratio,extra_trees,0,,
216,50.986961,29.966644,1171,3.58,5.0,5.0,17.0,19.0,50.0,50.0,133.0,132.0,60.0,60.0,135.0,13.6,5.32,49.21,16.66,260.0,18.0,17.0,remediation_light,216,0.11177989185810445,nuclide_mode,1.0.0,env_plus_no_ratio,extra_trees,0,,
217,50.986,29.91985,1172,5.46,4.0,4.0,18.0,19.0,47.0,47.0,131.0,130.0,65.0,65.0,141.0,4.4,7.12,26.39,5.865,273.0,17.0,21.0,remediation_light,217,0.10494137048368382,nuclide_mode,1.0.0,env_plus_no_ratio,extra_trees,0,,
218,50.983963,29.666786,1189,11.9,3.0,4.0,16.0,17.0,65.0,65.0,136.0,135.0,59.0,59.0,174.0,4.8,6.02,17.429999999999996,1.768,186.0,14.0,13.0,remediation_light,218,0.10103415835456439,nuclide_mode,1.0.0,env_plus_no_ratio,extra_trees,0,,
219,50.980965,30.052317,1198,2.54,7.0,6.0,17.0,18.0,52.0,52.0,129.0,129.0,66.0,66.0,109.0,4.1,6.6,4.501,2.1505,51.0,7.0,4.0,remediation_light,219,0.09667959905876007,nuclide_mode,1.0.0,env_plus_no_ratio,extra_trees,0,,
220,50.98092,29.97109,1203,8.6,5.0,4.0,17.0,19.0,52.0,52.0,126.0,127.0,61.0,61.0,122.0,37.1,4.41,37.94,5.355,80.0,8.0,5.0,remediation_light,220,0.10411759298193067,nuclide_mode,1.0.0,env_plus_no_ratio,extra_trees,0,,
221,50.980922,29.952048,1205,1.54,4.0,4.0,18.0,20.0,49.0,49.0,133.0,134.0,65.0,65.0,138.0,5.5,6.61,22.05,17.34,290.0,19.0,19.0,remediation_light,221,0.10733728909977067,nuclide_mode,1.0.0,env_plus_no_ratio,extra_trees,0,,
222,50.98036,29.78619,1218,7.37,3.0,3.0,17.0,18.0,55.0,55.0,136.0,135.0,63.0,64.0,154.0,12.6,5.59,16.729999999999997,2.7625,200.0,13.0,13.0,remediation_light,222,0.10131043459508444,nuclide_mode,1.0.0,env_plus_no_ratio,extra_trees,0,,
223,50.98055,29.7714,1221,4.98,4.0,4.0,17.0,18.0,59.0,58.0,136.0,137.0,63.0,63.0,139.0,19.2,5.48,17.009999999999998,4.156499999999999,158.0,13.0,11.0,remediation_light,223,0.10054645590378716,nuclide_mode,1.0.0,env_plus_no_ratio,extra_trees,0,,
224,50.98108,29.75715,1223,6.64,3.0,3.0,16.0,18.0,54.0,54.0,134.0,132.0,64.0,64.0,157.0,5.3,6.08,26.95,4.9215,263.0,16.0,14.0,remediation_light,224,0.10294001226447749,nuclide_mode,1.0.0,env_plus_no_ratio,extra_trees,0,,
225,50.98098,29.60994,1236,11.9,3.0,4.0,15.0,17.0,66.0,66.0,136.0,135.0,63.0,63.0,166.0,11.2,5.39,13.3,1.3685,115.0,15.0,7.0,remediation_light,225,0.09772120737690312,nuclide_mode,1.0.0,env_plus_no_ratio,extra_trees,0,,
226,50.980348,29.595394,1239,6.2,4.0,4.0,17.0,18.0,69.0,68.0,138.0,137.0,61.0,61.0,158.0,9.4,5.58,7.56,1.479,165.0,10.0,11.0,remediation_light,226,0.09894667141103004,nuclide_mode,1.0.0,env_plus_no_ratio,extra_trees,0,,
227,50.9809,29.58118,1242,10.5,4.0,4.0,16.0,17.0,64.0,64.0,134.0,134.0,60.0,60.0,152.0,20.9,5.35,15.47,1.7764999999999995,177.0,27.0,12.0,remediation_light,227,0.10064987071624866,nuclide_mode,1.0.0,env_plus_no_ratio,extra_trees,0,,
228,50.98112,29.43281,1252,38.3,4.0,4.0,17.0,18.0,58.0,58.0,135.0,134.0,60.0,60.0,170.0,1.9,7.13,18.27,0.58055,118.0,10.5,7.0,remediation_light,228,0.09774676928046934,nuclide_mode,1.0.0,env_plus_no_ratio,extra_trees,0,,
229,50.977968,29.662026,1261,10.8,3.0,4.0,16.0,18.0,70.0,70.0,134.0,134.0,58.0,58.0,168.0,4.9,6.76,17.779999999999998,1.9975,170.0,8.0,9.0,remediation_light,229,0.10045344767493158,nuclide_mode,1.0.0,env_plus_no_ratio,extra_trees,0,,
230,50.97835,30.01494,1271,6.59,5.0,7.0,19.0,20.0,51.0,51.0,129.0,129.0,70.0,70.0,115.0,33.9,4.28,43.05,7.930499999999999,45.0,6.0,4.0,remediation_light,230,0.10768241893790106,nuclide_mode,1.0.0,env_plus_no_ratio,extra_trees,0,,
231,50.97511,29.5334,1276,21.3,5.0,4.0,16.0,18.0,63.0,62.0,127.0,128.0,65.0,65.0,156.0,9.5,5.7,10.22,0.58055,171.0,14.0,9.0,remediation_light,231,0.09985401049035313,nuclide_mode,1.0.0,env_plus_no_ratio,extra_trees,0,,
232,50.97487,29.52447,1278,8.93,3.0,3.0,16.0,19.0,60.0,60.0,138.0,136.0,62.0,62.0,159.0,4.3,6.42,6.272,0.85,163.0,12.0,10.0,remediation_light,232,0.09894696440901936,nuclide_mode,1.0.0,env_plus_no_ratio,extra_trees,0,,
233,50.9752,29.51049,1281,15.0,3.0,3.0,18.0,19.0,62.0,61.0,136.0,134.0,63.0,63.0,159.0,15.6,5.54,16.59,1.343,74.0,11.0,5.0,remediation_light,233,0.0969691465548751,nuclide_mode,1.0.0,env_plus_no_ratio,extra_trees,0,,
234,50.97223,29.77673,1311,6.27,4.0,4.0,17.0,18.0,55.0,54.0,136.0,135.0,61.0,61.0,147.0,23.1,4.83,20.3,3.9355,380.0,25.0,26.0,remediation_light,234,0.1064181281005609,nuclide_mode,1.0.0,env_plus_no_ratio,extra_trees,0,,
235,50.97124,29.92359,1321,5.41,3.0,3.0,17.0,18.0,57.0,56.0,139.0,138.0,63.0,63.0,142.0,11.3,5.27,19.18,4.300999999999999,240.0,14.0,16.0,remediation_light,235,0.10280848823405085,nuclide_mode,1.0.0,env_plus_no_ratio,extra_trees,0,,
236,50.97261,30.00841,1326,2.48,5.0,5.0,15.0,16.0,49.0,49.0,127.0,126.0,67.0,67.0,110.0,6.6,6.21,51.24,25.075,53.0,6.0,5.0,remediation_light,236,0.1088349501725872,nuclide_mode,1.0.0,env_plus_no_ratio,extra_trees,0,,
237,50.96872,29.948,1331,3.99,4.0,4.0,18.0,19.0,54.0,53.0,133.0,133.0,63.0,63.0,121.0,34.4,4.33,21.84,6.6555,145.0,10.0,14.0,remediation_light,237,0.10224756402865057,nuclide_mode,1.0.0,env_plus_no_ratio,extra_trees,0,,
238,50.96917,29.87584,1336,3.61,3.0,4.0,20.0,22.0,59.0,59.0,133.0,131.0,60.0,60.0,130.0,10.8,6.05,6.307,2.125,127.0,11.0,7.0,remediation_light,238,0.09854902299111501,nuclide_mode,1.0.0,env_plus_no_ratio,extra_trees,0,,
239,50.962413,29.996578,1357,7.75,10.0,10.0,14.0,16.0,58.0,58.0,119.0,122.0,58.0,58.0,127.0,14.9,5.59,40.74,6.3835,56.0,8.0,5.0,remediation_light,239,0.1181635094585701,nuclide_mode,1.0.0,env_plus_no_ratio,extra_trees,0,,
240,50.9628,29.93671,1360,5.05,3.0,4.0,18.0,19.0,55.0,55.0,135.0,136.0,65.0,65.0,132.0,30.5,4.83,40.25,9.69,180.0,12.0,15.0,remediation_light,240,0.10586900174137583,nuclide_mode,1.0.0,env_plus_no_ratio,extra_trees,0,,
241,50.96273,29.92281,1363,7.41,3.0,4.0,16.0,17.0,63.0,63.0,136.0,135.0,63.0,63.0,139.0,9.6,5.64,18.69,3.06,80.0,6.0,5.0,remediation_light,241,0.09786013240429786,nuclide_mode,1.0.0,env_plus_no_ratio,extra_trees,0,,
242,50.96457,29.91055,1364,3.98,4.0,5.0,15.0,16.0,60.0,60.0,126.0,126.0,60.0,60.0,145.0,15.8,5.55,5.404,1.649,80.0,6.0,6.0,remediation_light,242,0.09725000853597605,nuclide_mode,1.0.0,env_plus_no_ratio,extra_trees,0,,
243,50.96309,29.88077,1366,7.86,3.0,3.0,18.0,20.0,57.0,58.0,137.0,138.0,64.0,64.0,126.0,12.3,5.71,35.7,5.5165,88.0,8.0,7.0,remediation_light,243,0.10232567742853348,nuclide_mode,1.0.0,env_plus_no_ratio,extra_trees,0,,
244,50.96238,29.86654,1368,6.56,5.0,5.0,16.0,17.0,57.0,57.0,131.0,129.0,60.0,59.0,119.0,20.3,5.51,22.96,4.25,135.0,15.0,15.0,remediation_light,244,0.10082603459806926,nuclide_mode,1.0.0,env_plus_no_ratio,extra_trees,0,,
245,50.96257,29.82359,1371,22.9,5.0,5.0,12.0,13.0,68.0,67.0,131.0,132.0,58.0,58.0,158.0,23.9,4.96,20.86,1.105,75.0,66.0,49.0,remediation_light,245,0.10163484454624339,nuclide_mode,1.0.0,env_plus_no_ratio,extra_trees,0,,
246,50.96294,29.7816,1374,4.27,4.0,4.0,13.0,15.0,66.0,65.0,131.0,131.0,56.0,56.0,153.0,18.8,5.39,20.93,5.95,372.0,24.0,25.0,remediation_light,246,0.11135157949340922,nuclide_mode,1.0.0,env_plus_no_ratio,extra_trees,0,,
247,50.96336,29.75333,1378,7.59,4.0,4.0,16.0,17.0,57.0,57.0,137.0,136.0,65.0,65.0,148.0,11.2,5.79,13.72,2.1845,214.0,13.0,15.0,remediation_light,247,0.10180687421805526,nuclide_mode,1.0.0,env_plus_no_ratio,extra_trees,0,,
248,50.96312,29.73859,1379,9.78,4.0,5.0,17.0,18.0,61.0,61.0,138.0,139.0,62.0,62.0,158.0,9.9,5.76,17.639999999999997,2.1845,180.0,9.5,10.0,remediation_light,248,0.09959211044326562,nuclide_mode,1.0.0,env_plus_no_ratio,extra_trees,0,,
249,50.961887,29.695044,1382,26.4,8.0,7.0,14.0,15.0,69.0,68.0,128.0,128.0,58.0,58.0,174.0,8.6,5.85,17.849999999999998,0.8202499999999999,80.0,9.0,5.0,remediation_light,249,0.09867805198294524,nuclide_mode,1.0.0,env_plus_no_ratio,extra_trees,0,,
250,50.962583,29.651804,1385,10.2,5.0,5.0,12.0,13.0,75.0,75.0,129.0,129.0,56.0,56.0,161.0,19.7,5.61,17.429999999999996,2.074,98.0,16.0,11.0,remediation_light,250,0.09801255116507682,nuclide_mode,1.0.0,env_plus_no_ratio,extra_trees,0,,
251,50.962043,29.609604,1388,31.3,6.0,5.0,12.0,13.0,78.0,79.0,124.0,129.0,56.0,56.0,157.0,15.4,5.77,15.4,0.5975499999999999,112.0,11.0,9.0,remediation_light,251,0.09821347450645665,nuclide_mode,1.0.0,env_plus_no_ratio,extra_trees,0,,
252,50.963843,29.568409,1391,9.43,5.0,4.0,12.0,14.0,75.0,75.0,117.0,123.0,55.0,55.0,161.0,14.1,5.28,7.839999999999999,1.0114999999999998,64.0,7.0,4.0,remediation_light,252,0.09677165345973607,nuclide_mode,1.0.0,env_plus_no_ratio,extra_trees,0,,
253,50.962981,29.52422,1394,34.8,6.0,6.0,15.0,16.0,58.0,57.0,125.0,132.0,60.0,60.0,157.0,8.8,5.68,13.86,0.4819499999999999,112.0,12.0,7.0,remediation_light,253,0.09794499549282655,nuclide_mode,1.0.0,env_plus_no_ratio,extra_trees,0,,
254,50.96309,29.48104,1396,15.3,9.0,8.0,15.0,17.0,61.0,62.0,125.0,133.0,60.0,60.0,177.0,10.6,5.46,11.2,0.884,77.0,10.0,5.0,remediation_light,254,0.09826667378378597,nuclide_mode,1.0.0,env_plus_no_ratio,extra_trees,0,,
255,50.96295,29.43806,1399,72.7,4.0,4.0,11.0,12.0,71.0,71.0,129.0,131.0,58.0,58.0,180.0,13.6,4.81,22.89,0.3825,162.0,15.0,10.0,remediation_light,255,0.10124099670312527,nuclide_mode,1.0.0,env_plus_no_ratio,extra_trees,0,,
256,50.95675,29.88591,1417,7.14,5.0,5.0,16.0,18.0,60.0,61.0,130.0,131.0,62.0,62.0,117.0,20.5,5.73,22.05,3.757,193.0,25.0,10.0,remediation_light,256,0.1011469028851736,nuclide_mode,1.0.0,env_plus_no_ratio,extra_trees,0,,
257,50.956985,29.466881,1427,18.1,3.0,4.0,14.0,16.0,65.0,65.0,133.0,133.0,61.0,61.0,165.0,5.4,6.57,9.17,0.6154,45.0,9.0,7.0,remediation_light,257,0.0977902860297115,nuclide_mode,1.0.0,env_plus_no_ratio,extra_trees,0,,
258,50.95397,29.481144,1433,18.7,3.0,3.0,17.0,18.0,62.0,61.0,134.0,134.0,62.0,62.0,162.0,5.7,6.91,13.51,0.884,180.0,9.0,8.0,remediation_light,258,0.09913289539925811,nuclide_mode,1.0.0,env_plus_no_ratio,extra_trees,0,,
259,50.953985,29.495439,1436,5.2,3.0,3.0,18.0,20.0,60.0,60.0,134.0,133.0,63.0,63.0,166.0,13.3,5.4,13.44,3.1365,170.0,11.0,10.0,remediation_light,259,0.10025938577348197,nuclide_mode,1.0.0,env_plus_no_ratio,extra_trees,0,,
260,50.953985,29.566834,1443,13.3,4.0,4.0,17.0,18.0,58.0,58.0,131.0,130.0,65.0,65.0,150.0,18.4,5.37,14.35,1.3175,139.0,13.0,9.0,remediation_light,260,0.09773918272225068,nuclide_mode,1.0.0,env_plus_no_ratio,extra_trees,0,,
261,50.953985,29.576353,1444,11.0,6.0,5.0,15.0,17.0,61.0,61.0,127.0,131.0,60.0,60.0,149.0,44.5,3.77,12.25,1.3515,115.0,7.0,8.0,remediation_light,261,0.09856520357084482,nuclide_mode,1.0.0,env_plus_no_ratio,extra_trees,0,,
262,50.95394,29.75214,1460,9.59,3.0,3.0,15.0,17.0,65.0,65.0,135.0,135.0,60.0,60.0,157.0,3.5,6.35,28.7,3.6295,286.0,21.0,16.0,remediation_light,262,0.10424286823338197,nuclide_mode,1.0.0,env_plus_no_ratio,extra_trees,0,,
263,50.95425,29.7667,1463,8.93,4.0,4.0,11.0,12.0,71.0,71.0,124.0,126.0,55.0,55.0,163.0,34.0,3.8,27.72,3.7655,222.0,13.5,15.0,remediation_light,263,0.10590963111660025,nuclide_mode,1.0.0,env_plus_no_ratio,extra_trees,0,,
264,50.953443,29.927568,1475,13.5,4.0,4.0,17.0,19.0,51.0,51.0,126.0,127.0,65.0,65.0,131.0,44.8,3.81,51.66,4.641,60.0,5.0,12.0,remediation_light,264,0.10896434952381648,nuclide_mode,1.0.0,env_plus_no_ratio,extra_trees,0,,
265,50.95103,29.67626,1490,11.0,4.0,3.0,16.0,18.0,61.0,61.0,137.0,135.0,62.0,62.0,158.0,11.1,5.69,19.46,2.159,106.0,11.0,7.0,remediation_light,265,0.09744072647383245,nuclide_mode,1.0.0,env_plus_no_ratio,extra_trees,0,,
266,50.950989,29.581112,1491,9.52,4.0,4.0,14.0,15.0,61.0,60.0,133.0,132.0,63.0,63.0,140.0,21.8,4.56,12.11,1.547,71.0,8.0,5.0,remediation_light,266,0.09697526152065308,nuclide_mode,1.0.0,env_plus_no_ratio,extra_trees,0,,
267,50.94813,29.45218,1499,10.5,5.0,4.0,19.0,20.0,58.0,58.0,132.0,131.0,65.0,65.0,169.0,5.5,6.19,16.31,1.887,278.0,18.0,15.0,remediation_light,267,0.10519979034770933,nuclide_mode,1.0.0,env_plus_no_ratio,extra_trees,0,,
268,50.947991,29.7477,1502,7.78,5.0,4.0,15.0,16.0,68.0,68.0,127.0,128.0,59.0,59.0,156.0,5.5,6.34,21.77,3.4,224.0,17.0,14.0,remediation_light,268,0.10297729970721725,nuclide_mode,1.0.0,env_plus_no_ratio,extra_trees,0,,
269,50.94781,29.89494,1505,4.22,4.0,4.0,16.0,18.0,53.0,53.0,126.0,127.0,65.0,65.0,137.0,28.0,4.72,43.96,12.665,148.0,18.0,22.0,remediation_light,269,0.11048883376392861,nuclide_mode,1.0.0,env_plus_no_ratio,extra_trees,0,,
270,50.94806,29.90969,1508,9.72,5.0,5.0,19.0,20.0,55.0,55.0,132.0,133.0,59.0,60.0,117.0,19.7,4.55,44.17,5.5165,190.0,16.0,18.0,remediation_light,270,0.10729847484660072,nuclide_mode,1.0.0,env_plus_no_ratio,extra_trees,0,,
271,50.94785,29.98131,1510,3.94,4.0,4.0,18.0,19.0,60.0,62.0,124.0,124.0,64.0,64.0,112.0,5.1,7.07,50.68,15.64,78.0,13.0,7.0,remediation_light,271,0.1057702397932544,nuclide_mode,1.0.0,env_plus_no_ratio,extra_trees,0,,
272,50.94508,29.90914,1525,5.04,4.0,4.0,20.0,21.0,49.0,51.0,129.0,127.0,65.0,65.0,128.0,12.0,5.53,32.9,7.930499999999999,117.0,11.0,9.0,remediation_light,272,0.1032488804187634,nuclide_mode,1.0.0,env_plus_no_ratio,extra_trees,0,,
273,50.94423,29.89427,1528,8.23,5.0,4.0,16.0,17.0,49.0,49.0,125.0,124.0,68.0,69.0,140.0,9.4,5.57,40.39,5.9585,129.0,11.0,9.0,remediation_light,273,0.10576266782415274,nuclide_mode,1.0.0,env_plus_no_ratio,extra_trees,0,,
274,50.94487,29.8806,1531,3.58,4.0,4.0,17.0,18.0,52.0,52.0,130.0,130.0,64.0,64.0,148.0,8.2,5.93,17.71,6.0265,132.0,10.0,9.0,remediation_light,274,0.1009850888807975,nuclide_mode,1.0.0,env_plus_no_ratio,extra_trees,0,,
275,50.943449,29.876318,1566,6.48,3.0,3.0,17.0,19.0,55.0,55.0,131.0,130.0,64.0,64.0,146.0,9.2,5.46,44.66,8.363999999999999,40.0,14.0,9.0,remediation_light,275,0.10747712816557514,nuclide_mode,1.0.0,env_plus_no_ratio,extra_trees,0,,
276,50.94224,29.97181,1575,14.5,7.0,6.0,18.0,20.0,51.0,52.0,123.0,124.0,67.0,67.0,111.0,1.6,8.1,45.64,3.825,52.0,8.0,5.0,remediation_light,276,0.10668207796745562,nuclide_mode,1.0.0,env_plus_no_ratio,extra_trees,0,,
277,50.935984,29.481144,1586,30.5,4.0,4.0,19.0,20.0,57.0,57.0,133.0,132.0,63.0,63.0,166.0,5.6,5.97,17.57,0.7012499999999999,190.0,13.0,11.0,remediation_light,277,0.10062691939749753,nuclide_mode,1.0.0,env_plus_no_ratio,extra_trees,0,,
278,50.935984,29.523983,1589,14.0,4.0,4.0,18.0,20.0,60.0,60.0,136.0,135.0,63.0,63.0,162.0,3.8,6.89,14.489999999999998,1.258,220.0,16.0,16.0,remediation_light,278,0.10227855241318505,nuclide_mode,1.0.0,env_plus_no_ratio,extra_trees,0,,
279,50.936001,29.566834,1592,13.8,4.0,4.0,18.0,20.0,64.0,65.0,138.0,137.0,64.0,64.0,160.0,6.3,6.12,12.179999999999998,1.071,270.0,16.0,17.0,remediation_light,279,0.10556463697000944,nuclide_mode,1.0.0,env_plus_no_ratio,extra_trees,0,,
280,50.935984,29.609661,1595,16.0,4.0,5.0,13.0,14.0,68.0,68.0,127.0,129.0,62.0,62.0,159.0,14.9,5.15,19.67,1.4875,43.0,6.0,4.0,remediation_light,280,0.09801112056659816,nuclide_mode,1.0.0,env_plus_no_ratio,extra_trees,0,,
281,50.93602,29.65263,1599,13.5,6.0,6.0,16.0,18.0,58.0,59.0,122.0,129.0,64.0,64.0,152.0,7.8,6.07,12.04,1.0795,46.0,6.0,4.0,remediation_light,281,0.09722484923733654,nuclide_mode,1.0.0,env_plus_no_ratio,extra_trees,0,,
282,50.936559,29.695122,1602,12.5,6.0,5.0,13.0,15.0,75.0,76.0,124.0,126.0,60.0,60.0,167.0,22.5,5.0,19.04,1.8445,60.0,7.0,5.0,remediation_light,282,0.09850462679646543,nuclide_mode,1.0.0,env_plus_no_ratio,extra_trees,0,,
283,50.93682,29.73937,1605,14.0,10.0,9.0,11.0,13.0,73.0,74.0,111.0,120.0,54.0,54.0,157.0,29.5,4.56,13.72,1.19,107.0,22.0,8.0,remediation_light,283,0.09807090020895398,nuclide_mode,1.0.0,env_plus_no_ratio,extra_trees,0,,
284,50.935877,29.780267,1608,6.03,11.0,11.0,13.0,14.0,65.0,65.0,117.0,120.0,55.0,55.0,161.0,29.0,5.39,18.06,3.638,150.0,8.0,6.0,remediation_light,284,0.10531635845024398,nuclide_mode,1.0.0,env_plus_no_ratio,extra_trees,0,,
285,50.93575,29.82374,1611,13.0,4.0,5.0,11.0,12.0,67.0,67.0,132.0,132.0,58.0,58.0,157.0,18.8,5.06,20.37,1.904,50.0,9.0,4.5,remediation_light,285,0.09802197304666274,nuclide_mode,1.0.0,env_plus_no_ratio,extra_trees,0,,
286,50.935984,29.866694,1614,5.81,4.0,5.0,20.0,21.0,54.0,53.0,129.0,128.0,65.0,65.0,147.0,6.0,5.91,23.17,4.8365,140.0,8.0,8.0,remediation_light,286,0.10069330607457526,nuclide_mode,1.0.0,env_plus_no_ratio,extra_trees,0,,
287,50.93631,29.88148,1615,6.39,4.0,4.0,17.0,18.0,52.0,52.0,129.0,128.0,67.0,67.0,142.0,10.7,5.28,28.559999999999995,5.423,240.0,17.0,24.0,remediation_light,287,0.10421786983103727,nuclide_mode,1.0.0,env_plus_no_ratio,extra_trees,0,,
288,50.936001,29.895249,1618,7.02,4.0,4.0,17.0,19.0,45.0,45.0,124.0,123.0,69.0,69.0,136.0,11.4,5.84,33.95,5.8735,202.0,15.0,17.0,remediation_light,288,0.10555258122850002,nuclide_mode,1.0.0,env_plus_no_ratio,extra_trees,0,,
289,50.93622,29.90966,1621,3.84,5.0,4.0,18.0,19.0,46.0,46.0,126.0,126.0,70.0,70.0,114.0,25.9,5.39,16.24,5.134,198.0,16.0,15.0,remediation_light,289,0.10391062978492731,nuclide_mode,1.0.0,env_plus_no_ratio,extra_trees,0,,
290,50.93609,29.95312,1624,2.48,8.0,7.0,19.0,20.0,47.0,46.0,127.0,126.0,66.0,66.0,110.0,1.3,7.61,36.4,17.849999999999998,96.0,13.0,16.0,remediation_light,290,0.10622757497822148,nuclide_mode,1.0.0,env_plus_no_ratio,extra_trees,0,,
291,50.936169,29.997449,1627,17.8,6.0,6.0,14.0,15.0,72.0,72.0,112.0,117.0,54.0,54.0,140.0,16.0,5.03,40.67,2.771,50.0,8.0,4.0,remediation_light,291,0.11072236540513995,nuclide_mode,1.0.0,env_plus_no_ratio,extra_trees,0,,
292,50.93582,30.03905,1630,4.86,6.0,5.0,11.0,12.0,76.0,76.0,116.0,124.0,52.0,53.0,126.0,38.1,4.19,47.31999999999999,11.815,50.0,9.0,4.0,remediation_light,292,0.12434668372847515,nuclide_mode,1.0.0,env_plus_no_ratio,extra_trees,0,,
293,50.935984,30.080888,1633,4.06,4.0,4.0,14.0,15.0,58.0,58.0,129.0,129.0,62.0,62.0,114.0,4.0,6.62,81.19999999999999,24.395,71.0,14.0,8.0,remediation_light,293,0.10458836061386673,nuclide_mode,1.0.0,env_plus_no_ratio,extra_trees,0,,
294,50.93321,29.63793,1641,4.68,4.0,5.0,16.0,18.0,56.0,55.0,131.0,129.0,65.0,66.0,135.0,6.6,6.52,13.44,3.4765,65.0,12.0,8.0,remediation_light,294,0.09784146588786397,nuclide_mode,1.0.0,env_plus_no_ratio,extra_trees,0,,
295,50.93013,29.96157,1647,2.78,5.0,5.0,19.0,21.0,50.0,49.0,126.0,124.0,66.0,66.0,117.0,14.9,5.23,27.02,11.815,60.0,6.0,5.0,remediation_light,295,0.10259205838876362,nuclide_mode,1.0.0,env_plus_no_ratio,extra_trees,0,,
296,50.92674,29.89579,1663,4.55,4.0,4.0,19.0,21.0,46.0,46.0,128.0,127.0,66.0,66.0,139.0,10.0,5.78,11.27,3.0005,223.0,14.0,13.0,remediation_light,296,0.10277735595690773,nuclide_mode,1.0.0,env_plus_no_ratio,extra_trees,0,,
297,50.92687,29.49577,1698,15.6,5.0,5.0,19.0,20.0,60.0,60.0,132.0,130.0,65.0,65.0,161.0,7.3,6.9,12.67,0.986,239.0,18.0,18.0,remediation_light,297,0.10213336761156093,nuclide_mode,1.0.0,env_plus_no_ratio,extra_trees,0,,
298,50.92461,29.51027,1705,8.48,5.0,5.0,17.0,19.0,58.0,58.0,135.0,133.0,65.0,65.0,163.0,4.6,7.17,17.5,2.5075000000000003,113.0,9.0,8.0,remediation_light,298,0.09790815101956003,nuclide_mode,1.0.0,env_plus_no_ratio,extra_trees,0,,
299,50.92474,29.523996,1708,18.6,5.0,5.0,18.0,19.0,64.0,63.0,136.0,134.0,63.0,63.0,155.0,15.4,6.22,19.39,1.258,171.0,12.0,9.0,remediation_light,299,0.09927925477746771,nuclide_mode,1.0.0,env_plus_no_ratio,extra_trees,0,,
300,50.92395,29.65255,1711,6.5,5.0,5.0,17.0,19.0,56.0,56.0,134.0,132.0,65.0,65.0,135.0,14.2,5.55,16.31,3.043,80.0,11.0,6.0,remediation_light,300,0.09768201920221735,nuclide_mode,1.0.0,env_plus_no_ratio,extra_trees,0,,
301,50.9239,29.70967,1715,11.4,4.0,4.0,14.0,16.0,68.0,68.0,136.0,135.0,59.0,59.0,145.0,26.9,4.79,16.45,1.751,120.0,13.0,8.0,remediation_light,301,0.09776541950902207,nuclide_mode,1.0.0,env_plus_no_ratio,extra_trees,0,,
302,50.924011,29.723902,1718,5.74,4.0,4.0,14.0,16.0,68.0,68.0,137.0,137.0,59.0,59.0,146.0,9.5,5.86,10.43,2.2015,131.0,12.0,9.0,remediation_light,302,0.09799786727563754,nuclide_mode,1.0.0,env_plus_no_ratio,extra_trees,0,,
303,50.92377,29.85221,1723,3.74,5.0,5.0,19.0,21.0,49.0,49.0,128.0,127.0,67.0,67.0,143.0,3.6,6.74,12.39,4.029,240.0,22.0,19.0,remediation_light,303,0.10354826404689858,nuclide_mode,1.0.0,env_plus_no_ratio,extra_trees,0,,
304,50.921013,29.571594,1735,1.95,4.0,4.0,16.0,18.0,66.0,66.0,135.0,135.0,61.0,61.0,156.0,7.9,5.88,10.92,6.816999999999999,159.0,12.0,11.0,remediation_light,304,0.10041471870532673,nuclide_mode,1.0.0,env_plus_no_ratio,extra_trees,0,,
305,50.921013,29.538276,1737,11.1,4.0,4.0,17.0,18.0,70.0,70.0,131.0,131.0,62.0,62.0,155.0,10.5,5.62,10.78,1.1729999999999998,159.0,13.0,11.0,remediation_light,305,0.09851575842632242,nuclide_mode,1.0.0,env_plus_no_ratio,extra_trees,0,,
306,50.91805,29.63337,1753,9.27,4.0,4.0,14.0,16.0,63.0,63.0,136.0,136.0,64.0,64.0,139.0,8.9,6.66,5.718999999999999,0.7497,91.0,9.0,5.0,remediation_light,306,0.096756118615512,nuclide_mode,1.0.0,env_plus_no_ratio,extra_trees,0,,
307,50.91794,29.66702,1757,6.95,4.0,4.0,19.0,20.0,60.0,60.0,134.0,133.0,63.0,63.0,130.0,4.0,6.96,9.8,1.7084999999999997,60.0,13.0,11.0,remediation_light,307,0.09748562828408786,nuclide_mode,1.0.0,env_plus_no_ratio,extra_trees,0,,
308,50.91771,29.83874,1769,7.14,2.0,3.0,16.0,18.0,61.0,60.0,133.0,132.0,64.0,64.0,145.0,4.8,6.79,17.919999999999998,3.043,230.0,12.0,13.0,remediation_light,308,0.10136097276403576,nuclide_mode,1.0.0,env_plus_no_ratio,extra_trees,0,,
309,50.91783,29.8523,1772,3.35,3.0,3.0,18.0,19.0,59.0,58.0,133.0,132.0,64.0,64.0,140.0,9.9,5.26,5.999,2.176,130.0,18.0,10.0,remediation_light,309,0.09757406116182571,nuclide_mode,1.0.0,env_plus_no_ratio,extra_trees,0,,
310,50.918015,29.952364,1782,3.33,8.0,10.0,17.0,19.0,41.0,41.0,131.0,131.0,69.0,69.0,115.0,5.7,6.55,32.2,11.73,545.0,6.0,4.5,remediation_light,310,0.11093349003314848,nuclide_mode,1.0.0,env_plus_no_ratio,extra_trees,0,,
311,50.91496,29.96711,1793,3.33,5.0,4.0,17.0,19.0,59.0,59.0,134.0,132.0,65.0,65.0,116.0,2.4,6.81,39.27,14.364999999999998,53.0,5.5,5.3,remediation_light,311,0.10360775849214096,nuclide_mode,1.0.0,env_plus_no_ratio,extra_trees,0,,
312,50.91552,29.93895,1799,6.64,5.0,4.0,17.0,19.0,51.0,51.0,133.0,131.0,66.0,66.0,116.0,2.0,7.65,35.91,6.579,53.0,6.0,5.0,remediation_light,312,0.10369031638164158,nuclide_mode,1.0.0,env_plus_no_ratio,extra_trees,0,,
313,50.915,29.84282,1803,9.81,3.0,3.0,17.0,19.0,56.0,56.0,138.0,139.0,64.0,64.0,136.0,33.1,4.26,17.29,2.142,160.0,14.0,10.0,remediation_light,313,0.09926839568923215,nuclide_mode,1.0.0,env_plus_no_ratio,extra_trees,0,,
314,50.91491,29.64777,1807,16.4,5.0,5.0,15.0,17.0,57.0,57.0,130.0,130.0,67.0,67.0,146.0,10.1,5.23,12.95,0.9605,120.0,8.0,7.0,remediation_light,314,0.097117063781059,nuclide_mode,1.0.0,env_plus_no_ratio,extra_trees,0,,
315,50.91179,29.6682,1811,13.0,4.0,4.0,17.0,19.0,53.0,53.0,136.0,134.0,63.0,63.0,130.0,9.2,6.07,11.829999999999998,1.105,80.0,7.0,6.0,remediation_light,315,0.0966372680659026,nuclide_mode,1.0.0,env_plus_no_ratio,extra_trees,0,,
316,50.908769,30.064622,1824,5.95,7.0,7.0,12.0,13.0,72.0,73.0,125.0,131.0,55.0,55.0,142.0,45.0,3.68,41.02,8.372499999999999,68.0,13.0,7.0,remediation_light,316,0.11718042069747199,nuclide_mode,1.0.0,env_plus_no_ratio,extra_trees,0,,
317,50.908879,30.037079,1826,6.3,4.0,5.0,14.0,15.0,74.0,74.0,120.0,126.0,56.0,56.0,140.0,7.9,5.92,54.95,10.625,42.0,7.0,4.0,remediation_light,317,0.11810706414905235,nuclide_mode,1.0.0,env_plus_no_ratio,extra_trees,0,,
318,50.909004,29.99518,1829,3.94,4.0,4.0,15.0,16.0,63.0,63.0,119.0,121.0,65.0,65.0,122.0,6.4,5.92,22.75,7.0125,35.0,8.0,8.0,remediation_light,318,0.10208996164593137,nuclide_mode,1.0.0,env_plus_no_ratio,extra_trees,0,,
319,50.908862,29.950215,1833,3.0,5.0,6.0,16.0,17.0,59.0,60.0,134.0,133.0,64.0,64.0,116.0,3.7,6.83,21.28,8.67,72.0,10.0,10.0,remediation_light,319,0.10052970483028385,nuclide_mode,1.0.0,env_plus_no_ratio,extra_trees,0,,
320,50.91015,29.90946,1836,4.79,5.0,5.0,20.0,21.0,48.0,48.0,127.0,127.0,68.0,68.0,118.0,7.8,6.12,8.399999999999999,2.125,108.0,8.0,10.0,remediation_light,320,0.10030294784640684,nuclide_mode,1.0.0,env_plus_no_ratio,extra_trees,0,,
321,50.910072,29.86494,1839,6.2,5.0,5.0,21.0,23.0,42.0,42.0,129.0,130.0,67.0,67.0,112.0,2.1,7.01,17.29,3.383,85.0,14.0,9.0,remediation_light,321,0.0986753878828602,nuclide_mode,1.0.0,env_plus_no_ratio,extra_trees,0,,
322,50.909023,29.838133,1842,2.82,3.0,4.0,17.0,18.0,59.0,58.0,134.0,135.0,62.0,62.0,136.0,15.6,5.27,11.13,4.8025,200.0,21.0,35.0,remediation_light,322,0.10371787672035132,nuclide_mode,1.0.0,env_plus_no_ratio,extra_trees,0,,
323,50.909004,29.823855,1843,7.96,4.0,4.0,11.0,13.0,73.0,73.0,129.0,133.0,61.0,61.0,153.0,11.2,5.44,12.88,1.9635,84.0,11.0,6.0,remediation_light,323,0.09770125864685256,nuclide_mode,1.0.0,env_plus_no_ratio,extra_trees,0,,
324,50.9085,29.780774,1846,8.14,8.0,10.0,13.0,14.0,72.0,71.0,116.0,120.0,55.0,55.0,162.0,19.0,5.16,11.829999999999998,1.7594999999999998,40.0,6.0,4.0,remediation_light,324,0.10041076984268901,nuclide_mode,1.0.0,env_plus_no_ratio,extra_trees,0,,
325,50.908987,29.736924,1849,12.4,10.0,9.0,12.0,14.0,74.0,73.0,115.0,121.0,55.0,55.0,176.0,17.8,4.72,13.72,1.343,36.0,8.0,7.0,remediation_light,325,0.09988373280040383,nuclide_mode,1.0.0,env_plus_no_ratio,extra_trees,0,,
326,50.908891,29.695276,1852,9.5,6.0,5.0,14.0,16.0,75.0,75.0,121.0,127.0,54.0,54.0,148.0,18.5,5.04,8.19,1.0455,35.0,8.0,4.0,remediation_light,326,0.09711289791405504,nuclide_mode,1.0.0,env_plus_no_ratio,extra_trees,0,,
327,50.90976,29.6514,1857,10.5,4.0,3.0,15.0,16.0,57.0,58.0,136.0,134.0,63.0,63.0,150.0,6.6,6.08,9.45,1.105,80.0,6.0,5.0,remediation_light,327,0.09635239132491359,nuclide_mode,1.0.0,env_plus_no_ratio,extra_trees,0,,
328,50.909185,29.610752,1860,9.05,4.0,4.0,18.0,20.0,65.0,65.0,135.0,134.0,66.0,66.0,154.0,10.9,5.18,9.1,1.224,259.0,19.0,15.0,remediation_light,328,0.10164018678519092,nuclide_mode,1.0.0,env_plus_no_ratio,extra_trees,0,,
329,50.909004,29.566716,1864,13.1,4.0,4.0,14.0,15.0,59.0,60.0,130.0,129.0,66.0,66.0,156.0,2.5,7.05,10.22,0.9435,132.0,14.0,12.0,remediation_light,329,0.0974087836943457,nuclide_mode,1.0.0,env_plus_no_ratio,extra_trees,0,,
330,50.90913,29.52413,1867,35.5,4.0,4.0,16.0,18.0,60.0,60.0,134.0,132.0,66.0,66.0,162.0,9.5,5.47,10.01,0.34255,110.0,12.0,6.0,remediation_light,330,0.09713147608919219,nuclide_mode,1.0.0,env_plus_no_ratio,extra_trees,1,sr90_kBq_m2,below_train_range:sr90_kBq_m2
331,50.909023,29.48116,1870,17.4,4.0,4.0,19.0,21.0,59.0,59.0,134.0,133.0,63.0,63.0,172.0,0.9,8.13,16.31,1.139,260.0,18.0,22.0,remediation_light,331,0.10439860867444307,nuclide_mode,1.0.0,env_plus_no_ratio,extra_trees,0,,
332,50.90598,29.6809,1873,7.05,5.0,5.0,14.0,16.0,60.0,60.0,137.0,135.0,63.0,63.0,136.0,39.2,4.72,11.76,2.023,131.0,9.0,8.0,remediation_light,332,0.09735183031129352,nuclide_mode,1.0.0,env_plus_no_ratio,extra_trees,0,,
333,50.9006,29.61066,1890,19.4,3.0,4.0,17.0,19.0,64.0,64.0,142.0,140.0,61.0,61.0,148.0,14.3,4.96,25.9,1.6235,116.0,12.0,6.0,remediation_light,333,0.09825288896833827,nuclide_mode,1.0.0,env_plus_no_ratio,extra_trees,0,,
334,50.900031,29.995201,1918,2.48,6.0,5.0,14.0,16.0,70.0,70.0,114.0,123.0,59.0,59.0,141.0,45.0,3.63,21.84,10.71,20.0,4.0,3.0,remediation_light,334,0.11577940004100863,nuclide_mode,1.0.0,env_plus_no_ratio,extra_trees,0,,
335,50.897033,29.502,1928,7.95,3.0,3.0,18.0,19.0,70.0,70.0,138.0,136.0,60.0,60.0,171.0,3.4,6.59,14.14,2.159,195.0,15.0,13.0,remediation_light,335,0.10176079255484309,nuclide_mode,1.0.0,env_plus_no_ratio,extra_trees,0,,
336,50.8945,29.7048,1933,13.3,5.0,4.0,14.0,16.0,70.0,70.0,134.0,135.0,60.0,61.0,125.0,17.4,5.06,13.65,1.2495,84.0,7.0,5.0,remediation_light,336,0.09695526779343824,nuclide_mode,1.0.0,env_plus_no_ratio,extra_trees,0,,
337,50.89129,29.61509,1969,9.01,4.0,4.0,14.0,16.0,70.0,70.0,134.0,134.0,62.0,62.0,144.0,14.3,5.35,19.18,2.584,89.5,9.0,6.0,remediation_light,337,0.09779841904976772,nuclide_mode,1.0.0,env_plus_no_ratio,extra_trees,0,,
338,50.885522,29.986943,1985,3.54,4.0,4.0,15.0,17.0,66.0,66.0,128.0,128.0,64.0,64.0,121.0,13.2,5.38,39.13,13.43,70.0,9.0,6.0,remediation_light,338,0.1039024135753256,nuclide_mode,1.0.0,env_plus_no_ratio,extra_trees,0,,
339,50.885042,29.885729,1988,6.57,5.0,5.0,20.0,21.0,65.0,65.0,135.0,133.0,64.0,64.0,123.0,19.5,5.25,30.94,5.7205,80.0,7.0,4.5,remediation_light,339,0.10154630825382059,nuclide_mode,1.0.0,env_plus_no_ratio,extra_trees,0,,
340,50.88525,29.71897,1989,31.7,5.0,5.0,17.0,19.0,63.0,63.0,138.0,137.0,62.0,62.0,125.0,8.3,5.6,18.34,0.7038,80.0,9.0,5.0,remediation_light,340,0.09733571084253796,nuclide_mode,1.0.0,env_plus_no_ratio,extra_trees,0,,
341,50.88231,29.5246,1995,19.5,5.0,5.0,12.0,14.0,75.0,75.0,127.0,128.0,58.0,58.0,163.0,6.8,6.46,9.8,0.612,93.0,9.0,5.0,remediation_light,341,0.0973731068257361,nuclide_mode,1.0.0,env_plus_no_ratio,extra_trees,0,,
342,50.88234,29.53874,1996,19.2,4.0,4.0,16.0,18.0,76.0,76.0,136.0,135.0,59.0,59.0,157.0,16.0,4.77,10.01,0.63495,124.0,11.0,7.5,remediation_light,342,0.09780236020129561,nuclide_mode,1.0.0,env_plus_no_ratio,extra_trees,0,,
343,50.88215,29.55243,1999,12.6,4.0,4.0,16.0,17.0,66.0,66.0,136.0,136.0,62.0,62.0,150.0,16.1,5.46,6.132,0.5932999999999999,106.0,16.0,7.0,remediation_light,343,0.09712668314664784,nuclide_mode,1.0.0,env_plus_no_ratio,extra_trees,0,,
344,50.88246,29.56604,2001,14.1,4.0,5.0,14.0,15.0,75.0,75.0,126.0,128.0,57.0,57.0,146.0,17.6,5.94,13.86,1.1985,126.0,13.5,10.0,remediation_light,344,0.09775884839040291,nuclide_mode,1.0.0,env_plus_no_ratio,extra_trees,0,,
345,50.882024,29.609562,2004,12.4,5.0,5.0,11.0,12.0,74.0,74.0,122.0,129.0,56.0,56.0,146.0,15.1,5.57,12.25,1.19,61.0,8.0,3.0,remediation_light,345,0.09672516370760012,nuclide_mode,1.0.0,env_plus_no_ratio,extra_trees,0,,
346,50.881535,29.653384,2007,2.08,6.0,5.0,11.0,12.0,74.0,75.0,119.0,124.0,57.0,57.0,149.0,45.0,4.31,10.5,6.12,661.0,6.0,4.0,remediation_light,346,0.11568837090501795,nuclide_mode,1.0.0,env_plus_no_ratio,extra_trees,0,,
347,50.88203,29.69548,2010,12.7,5.0,5.0,13.0,15.0,76.0,76.0,130.0,130.0,54.0,54.0,131.0,44.6,4.31,13.86,1.326,71.0,7.0,5.0,remediation_light,347,0.0968139365396352,nuclide_mode,1.0.0,env_plus_no_ratio,extra_trees,0,,
348,50.88208,29.73746,2014,12.5,5.0,4.0,16.0,18.0,74.0,74.0,126.0,131.0,57.0,57.0,146.0,29.8,4.76,23.94,2.3375,84.0,10.0,8.0,remediation_light,348,0.09818356408215978,nuclide_mode,1.0.0,env_plus_no_ratio,extra_trees,0,,
349,50.882024,29.781016,2017,16.3,5.0,5.0,15.0,15.0,74.0,74.0,124.0,126.0,56.0,56.0,157.0,15.6,4.82,22.47,1.6745,60.0,4.0,3.4,remediation_light,349,0.09825961611517142,nuclide_mode,1.0.0,env_plus_no_ratio,extra_trees,0,,
350,50.882024,29.823794,2020,15.0,8.0,8.0,12.0,13.0,74.0,75.0,115.0,123.0,54.0,54.0,140.0,26.2,4.53,18.83,1.5215,83.0,8.5,6.0,remediation_light,350,0.09798165151191505,nuclide_mode,1.0.0,env_plus_no_ratio,extra_trees,0,,
351,50.882024,29.866694,2023,9.24,5.0,7.0,20.0,21.0,53.0,53.0,130.0,129.0,65.0,65.0,114.0,6.2,5.63,22.19,2.9155,53.0,11.0,4.5,remediation_light,351,0.09843495476398068,nuclide_mode,1.0.0,env_plus_no_ratio,extra_trees,0,,
352,50.882044,29.909528,2028,5.53,5.0,5.0,13.0,14.0,79.0,79.0,118.0,125.0,55.0,55.0,154.0,33.9,4.51,25.34,5.5675,71.0,13.0,5.0,remediation_light,352,0.1060112903908349,nuclide_mode,1.0.0,env_plus_no_ratio,extra_trees,0,,
353,50.882024,29.952371,2031,4.58,7.0,7.0,13.0,14.0,75.0,75.0,119.0,124.0,56.0,56.0,141.0,8.8,5.37,22.96,6.086,40.0,6.0,5.0,remediation_light,353,0.10468329354224046,nuclide_mode,1.0.0,env_plus_no_ratio,extra_trees,0,,
354,50.882044,29.995201,2035,6.6,6.0,6.0,14.0,16.0,74.0,75.0,125.0,131.0,60.0,60.0,139.0,27.1,4.41,20.79,3.825,54.0,5.0,4.0,remediation_light,354,0.09951071613303532,nuclide_mode,1.0.0,env_plus_no_ratio,extra_trees,0,,
355,50.882024,30.080888,2041,4.99,5.0,5.0,13.0,14.0,73.0,73.0,121.0,127.0,57.0,57.0,136.0,27.5,4.7,23.1,5.6185,40.0,10.0,4.0,remediation_light,355,0.10434144644757445,nuclide_mode,1.0.0,env_plus_no_ratio,extra_trees,0,,
356,50.879047,29.87621,2044,2.67,5.0,5.0,20.0,21.0,56.0,56.0,130.0,129.0,64.0,64.0,126.0,20.0,5.18,19.53,8.84,118.0,8.0,9.0,remediation_light,356,0.10093208408482494,nuclide_mode,1.0.0,env_plus_no_ratio,extra_trees,0,,
357,50.879047,29.847653,2046,5.33,5.0,5.0,17.0,19.0,64.0,64.0,129.0,129.0,63.0,63.0,115.0,4.8,6.5,22.05,5.015000000000001,78.0,16.0,5.0,remediation_light,357,0.10036349708727127,nuclide_mode,1.0.0,env_plus_no_ratio,extra_trees,0,,
358,50.873052,29.838133,2075,4.82,5.0,5.0,18.0,19.0,56.0,56.0,125.0,125.0,64.0,64.0,118.0,10.0,5.51,8.049999999999999,2.023,52.0,8.0,4.5,remediation_light,358,0.09675907536421027,nuclide_mode,1.0.0,env_plus_no_ratio,extra_trees,0,,
359,50.87312,29.54792,2096,11.7,4.0,4.0,15.0,17.0,77.0,78.0,133.0,134.0,59.0,59.0,173.0,31.5,4.19,12.25,1.275,57.0,12.0,5.0,remediation_light,359,0.09922471119166887,nuclide_mode,1.0.0,env_plus_no_ratio,extra_trees,0,,
360,50.870054,29.86669,2102,8.86,3.0,4.0,17.0,18.0,47.0,47.0,122.0,126.0,61.0,61.0,134.0,12.4,5.8,25.48,3.4935,100.0,22.0,7.0,remediation_light,360,0.09990242258432126,nuclide_mode,1.0.0,env_plus_no_ratio,extra_trees,0,,
361,50.87019,29.99148,2104,3.41,5.0,5.0,15.0,16.0,74.0,74.0,128.0,129.0,58.0,58.0,127.0,27.1,4.77,19.39,6.910500000000001,60.0,7.0,5.0,remediation_light,361,0.10329257461349685,nuclide_mode,1.0.0,env_plus_no_ratio,extra_trees,0,,
362,50.86394,29.73887,2127,3.16,5.0,5.0,20.0,21.0,57.0,57.0,132.0,132.0,65.0,65.0,118.0,4.5,6.62,24.01,9.265,116.0,17.0,13.0,remediation_light,362,0.10117178949491018,nuclide_mode,1.0.0,env_plus_no_ratio,extra_trees,0,,
363,50.86406,29.852412,2135,12.5,4.0,4.0,17.0,18.0,61.0,62.0,128.0,129.0,63.0,63.0,117.0,19.4,4.7,19.67,1.9125,84.0,16.0,6.0,remediation_light,363,0.0975491565800163,nuclide_mode,1.0.0,env_plus_no_ratio,extra_trees,0,,
364,50.86422,29.995201,2145,3.03,5.0,5.0,14.0,16.0,73.0,74.0,131.0,131.0,61.0,61.0,127.0,26.5,5.33,30.94,12.41,76.0,7.0,6.0,remediation_light,364,0.10430083105718979,nuclide_mode,1.0.0,env_plus_no_ratio,extra_trees,0,,
365,50.86163,30.05635,2153,4.56,4.0,4.0,17.0,19.0,59.0,58.0,133.0,131.0,65.0,65.0,126.0,5.2,6.17,36.89,9.86,65.0,8.0,6.0,remediation_light,365,0.10308649969492403,nuclide_mode,1.0.0,env_plus_no_ratio,extra_trees,0,,
366,50.86114,29.55719,2160,12.1,4.0,4.0,16.0,17.0,63.0,63.0,133.0,132.0,64.0,64.0,163.0,17.0,5.01,15.96,1.598,136.0,13.0,9.0,remediation_light,366,0.0979264833879298,nuclide_mode,1.0.0,env_plus_no_ratio,extra_trees,0,,
367,50.855044,30.066608,2176,3.4,5.0,5.0,17.0,17.0,51.0,51.0,131.0,131.0,68.0,68.0,125.0,6.2,6.68,17.429999999999996,6.2475,90.0,9.0,5.0,remediation_light,367,0.10097111541157473,nuclide_mode,1.0.0,env_plus_no_ratio,extra_trees,0,,
368,50.85485,30.03866,2179,11.2,6.0,5.0,15.0,17.0,65.0,65.0,122.0,127.0,61.0,61.0,135.0,11.9,5.72,29.54,3.213,70.0,6.0,5.0,remediation_light,368,0.10037658103830756,nuclide_mode,1.0.0,env_plus_no_ratio,extra_trees,0,,
369,50.85492,29.99515,2182,4.26,4.0,4.0,15.0,17.0,65.0,65.0,131.0,128.0,65.0,65.0,132.0,12.3,5.45,45.35999999999999,12.92,150.0,13.0,10.0,remediation_light,369,0.10707166266997048,nuclide_mode,1.0.0,env_plus_no_ratio,extra_trees,0,,
370,50.85538,29.98096,2185,7.39,4.0,4.0,18.0,20.0,64.0,63.0,132.0,130.0,65.0,65.0,126.0,14.7,5.6,32.69,5.3805,120.0,11.0,8.0,remediation_light,370,0.1018007530924196,nuclide_mode,1.0.0,env_plus_no_ratio,extra_trees,0,,
371,50.85519,29.96151,2187,17.9,4.0,4.0,19.0,21.0,59.0,59.0,135.0,134.0,66.0,66.0,129.0,11.5,5.86,53.2,3.6125,120.0,9.0,9.0,remediation_light,371,0.10648179479360077,nuclide_mode,1.0.0,env_plus_no_ratio,extra_trees,0,,
372,50.85513,29.9514,2188,6.17,4.0,4.0,18.0,19.0,57.0,57.0,130.0,130.0,67.0,67.0,134.0,1.6,7.18,29.12,5.7375,170.0,11.0,10.0,remediation_light,372,0.10213278843509474,nuclide_mode,1.0.0,env_plus_no_ratio,extra_trees,0,,
373,50.855044,29.909532,2191,3.84,4.0,4.0,17.0,18.0,64.0,64.0,129.0,128.0,62.0,63.0,145.0,16.8,5.89,19.11,6.034999999999999,160.0,11.0,10.0,remediation_light,373,0.10155512807519625,nuclide_mode,1.0.0,env_plus_no_ratio,extra_trees,0,,
374,50.855067,29.86669,2194,16.7,6.0,6.0,10.0,11.0,77.0,78.0,115.0,123.0,54.0,54.0,163.0,11.4,5.87,17.639999999999997,1.2835,45.0,7.0,5.0,remediation_light,374,0.0987403472061595,nuclide_mode,1.0.0,env_plus_no_ratio,extra_trees,0,,
375,50.85502,29.824691,2197,5.53,7.0,7.0,18.0,20.0,47.0,47.0,129.0,130.0,65.0,65.0,114.0,3.8,6.57,24.43,5.363499999999999,38.0,8.0,4.0,remediation_light,375,0.10033696118424544,nuclide_mode,1.0.0,env_plus_no_ratio,extra_trees,0,,
376,50.8553,29.78149,2200,9.44,8.0,8.0,16.0,18.0,64.0,64.0,116.0,122.0,55.0,55.0,138.0,26.6,5.03,14.279999999999998,1.836,55.0,7.0,5.0,remediation_light,376,0.09702297679876348,nuclide_mode,1.0.0,env_plus_no_ratio,extra_trees,0,,
377,50.85599,29.73814,2203,6.87,6.0,5.0,20.0,21.0,48.0,48.0,132.0,131.0,67.0,67.0,118.0,6.3,5.89,14.14,2.5075000000000003,70.0,9.0,6.0,remediation_light,377,0.09856861383659761,nuclide_mode,1.0.0,env_plus_no_ratio,extra_trees,0,,
378,50.85507,29.72476,2206,5.5,5.0,5.0,19.0,21.0,56.0,56.0,129.0,128.0,67.0,67.0,116.0,7.4,6.53,14.35,3.1705,96.0,15.0,6.0,remediation_light,378,0.09789342978283148,nuclide_mode,1.0.0,env_plus_no_ratio,extra_trees,0,,
379,50.85513,29.70952,2209,9.19,4.0,4.0,18.0,19.0,58.0,58.0,131.0,131.0,63.0,63.0,127.0,20.6,5.25,15.749999999999998,2.074,80.0,6.0,4.0,remediation_light,379,0.09706351326668008,nuclide_mode,1.0.0,env_plus_no_ratio,extra_trees,0,,
380,50.85502,29.69525,2210,10.1,5.0,5.0,14.0,15.0,71.0,70.0,117.0,123.0,57.0,58.0,169.0,38.7,3.92,13.089999999999998,1.5725,67.0,7.0,4.0,remediation_light,380,0.09790899493619042,nuclide_mode,1.0.0,env_plus_no_ratio,extra_trees,0,,
381,50.855044,29.652408,2213,22.8,7.0,7.0,12.0,13.0,74.0,74.0,117.0,123.0,54.0,54.0,159.0,42.3,3.81,15.89,0.8482999999999999,60.0,8.0,4.0,remediation_light,381,0.09731251232765137,nuclide_mode,1.0.0,env_plus_no_ratio,extra_trees,0,,
382,50.855067,29.60967,2216,28.7,7.0,7.0,11.0,12.0,76.0,75.0,123.0,128.0,55.0,55.0,175.0,25.8,4.26,10.989999999999998,0.46495,50.0,7.0,6.0,remediation_light,382,0.09749179585722911,nuclide_mode,1.0.0,env_plus_no_ratio,extra_trees,0,,
383,50.855485,29.566641,2219,2.83,4.0,4.0,13.0,14.0,68.0,67.0,133.0,134.0,57.0,57.0,165.0,45.0,4.11,12.32,5.2785,192.0,19.0,9.0,remediation_light,383,0.11347130550669325,nuclide_mode,1.0.0,env_plus_no_ratio,extra_trees,0,,
384,50.854414,29.524199,2222,25.8,4.0,4.0,19.0,21.0,52.0,52.0,134.0,133.0,65.0,65.0,167.0,1.8,7.44,12.46,0.5839500000000001,230.0,15.0,15.0,remediation_light,384,0.10261754777277486,nuclide_mode,1.0.0,env_plus_no_ratio,extra_trees,0,,
385,50.84633,29.72407,2266,8.06,8.0,8.0,20.0,22.0,48.0,48.0,126.0,125.0,69.0,69.0,119.0,23.0,4.71,18.27,2.754,108.0,18.0,7.0,remediation_light,385,0.09899138864784471,nuclide_mode,1.0.0,env_plus_no_ratio,extra_trees,0,,
386,50.8461,29.7384,2269,6.66,6.0,6.0,18.0,19.0,47.0,47.0,126.0,115.0,69.0,69.0,120.0,13.7,5.18,14.77,2.6945,88.0,7.0,6.0,remediation_light,386,0.09769452036342849,nuclide_mode,1.0.0,env_plus_no_ratio,extra_trees,0,,
387,50.846,29.9565,2286,6.36,4.0,4.0,18.0,19.0,60.0,60.0,137.0,135.0,65.0,65.0,129.0,6.6,5.58,31.29,5.967,170.0,14.0,10.0,remediation_light,387,0.10248758145544336,nuclide_mode,1.0.0,env_plus_no_ratio,extra_trees,0,,
388,50.84558,29.98077,2289,3.33,3.0,4.0,18.0,19.0,61.0,61.0,133.0,131.0,65.0,65.0,131.0,3.6,6.56,29.54,10.795,151.0,12.0,11.0,remediation_light,388,0.1026221637438078,nuclide_mode,1.0.0,env_plus_no_ratio,extra_trees,0,,
389,50.84552,30.06597,2297,2.59,4.0,4.0,15.0,16.0,49.0,49.0,131.0,130.0,67.0,67.0,126.0,13.2,5.78,18.06,8.4575,120.0,10.0,7.0,remediation_light,389,0.10068660153090228,nuclide_mode,1.0.0,env_plus_no_ratio,extra_trees,0,,
390,50.84613,30.08079,2300,4.14,5.0,4.0,15.0,15.0,45.0,46.0,132.0,132.0,68.0,68.0,123.0,10.4,5.27,18.06,5.3125,150.0,13.0,10.0,remediation_light,390,0.10052052328564645,nuclide_mode,1.0.0,env_plus_no_ratio,extra_trees,0,,
391,50.84361,29.8196,2309,5.84,7.0,7.0,16.0,18.0,57.0,58.0,125.0,126.0,61.0,61.0,122.0,39.5,4.49,15.329999999999998,3.196,50.0,7.0,4.0,remediation_light,391,0.09799220986676334,nuclide_mode,1.0.0,env_plus_no_ratio,extra_trees,0,,
392,50.84024,29.53695,2316,16.6,4.0,4.0,17.0,19.0,58.0,57.0,133.0,132.0,63.0,63.0,158.0,11.5,5.64,15.189999999999998,1.1135,207.0,19.0,11.0,remediation_light,392,0.10144050935290862,nuclide_mode,1.0.0,env_plus_no_ratio,extra_trees,0,,
393,50.8405,29.54701,2318,13.0,4.0,4.0,17.0,19.0,60.0,60.0,135.0,134.0,63.0,63.0,158.0,6.6,5.51,17.29,1.615,156.0,15.0,8.0,remediation_light,393,0.09838192896368235,nuclide_mode,1.0.0,env_plus_no_ratio,extra_trees,0,,
394,50.84052,29.67177,2324,1.98,4.0,4.0,19.0,20.0,56.0,56.0,131.0,129.0,65.0,65.0,140.0,16.9,4.68,16.17,9.945,233.0,14.0,13.0,remediation_light,394,0.10269221014689767,nuclide_mode,1.0.0,env_plus_no_ratio,extra_trees,0,,
395,50.84004,29.94798,2330,4.37,3.0,3.0,16.0,17.0,63.0,63.0,133.0,132.0,62.0,62.0,127.0,13.4,5.94,34.44,9.605,190.0,13.0,12.0,remediation_light,395,0.10305443170557967,nuclide_mode,1.0.0,env_plus_no_ratio,extra_trees,0,,
396,50.83739,30.07978,2333,3.49,5.0,4.0,15.0,16.0,53.0,54.0,135.0,135.0,68.0,68.0,122.0,15.5,5.47,18.97,6.6045,250.0,25.0,19.0,remediation_light,396,0.1017203043530333,nuclide_mode,1.0.0,env_plus_no_ratio,extra_trees,0,,
397,50.837058,30.052328,2335,16.5,6.0,6.0,16.0,16.0,54.0,54.0,131.0,129.0,63.0,63.0,129.0,20.4,4.93,27.16,1.9975,99.0,11.0,6.0,remediation_light,397,0.09809362536688995,nuclide_mode,1.0.0,env_plus_no_ratio,extra_trees,0,,
398,50.83717,29.80961,2353,10.3,5.0,5.0,19.0,20.0,61.0,61.0,129.0,126.0,65.0,66.0,126.0,15.7,5.59,21.28,2.5075000000000003,140.0,7.0,8.0,remediation_light,398,0.09830936592822516,nuclide_mode,1.0.0,env_plus_no_ratio,extra_trees,0,,
399,50.83714,29.66121,2368,12.2,3.0,3.0,19.0,20.0,56.0,56.0,134.0,132.0,66.0,66.0,143.0,7.3,5.89,19.67,1.9635,70.0,8.5,5.0,remediation_light,399,0.09724048874262467,nuclide_mode,1.0.0,env_plus_no_ratio,extra_trees,0,,
400,50.83716,29.64882,2371,8.19,3.0,3.0,19.0,20.0,54.0,55.0,135.0,134.0,63.0,63.0,143.0,6.3,6.27,16.939999999999998,2.516,129.0,15.0,8.0,remediation_light,400,0.09807110736258692,nuclide_mode,1.0.0,env_plus_no_ratio,extra_trees,0,,
401,50.83403,29.52908,2386,18.0,4.0,4.0,16.0,17.0,59.0,59.0,131.0,131.0,62.0,62.0,161.0,4.7,6.48,22.19,1.496,271.0,20.0,18.0,remediation_light,401,0.10425855450115411,nuclide_mode,1.0.0,env_plus_no_ratio,extra_trees,0,,
402,50.83419,29.55745,2388,13.5,4.0,4.0,17.0,19.0,56.0,57.0,137.0,136.0,63.0,63.0,155.0,8.0,5.84,16.729999999999997,1.5045,196.0,18.0,12.0,remediation_light,402,0.1007997819581888,nuclide_mode,1.0.0,env_plus_no_ratio,extra_trees,0,,
403,50.83407,29.79894,2396,7.53,5.0,5.0,18.0,20.0,55.0,55.0,126.0,128.0,70.0,70.0,122.0,4.9,6.79,29.54,4.7685,74.0,5.0,5.0,remediation_light,403,0.10092775431204191,nuclide_mode,1.0.0,env_plus_no_ratio,extra_trees,0,,
404,50.833328,29.937748,2398,4.18,4.0,4.0,12.0,14.0,76.0,78.0,131.0,132.0,58.0,58.0,145.0,15.3,5.38,28.629999999999995,8.33,60.0,7.0,5.0,remediation_light,404,0.10359777999553803,nuclide_mode,1.0.0,env_plus_no_ratio,extra_trees,0,,
405,50.83024,29.78474,2406,10.3,7.0,7.0,17.0,19.0,60.0,60.0,117.0,120.0,65.0,65.0,123.0,15.5,4.87,18.76,2.2185,44.0,6.0,4.0,remediation_light,405,0.09752880412927162,nuclide_mode,1.0.0,env_plus_no_ratio,extra_trees,0,,
406,50.831086,29.771498,2409,14.9,8.0,9.0,15.0,16.0,61.0,61.0,128.0,128.0,63.0,63.0,122.0,16.6,5.36,17.849999999999998,1.4535,50.0,5.0,4.0,remediation_light,406,0.09812473521784805,nuclide_mode,1.0.0,env_plus_no_ratio,extra_trees,0,,
407,50.83147,29.519772,2413,17.8,4.0,4.0,16.0,18.0,62.0,62.0,132.0,132.0,60.0,60.0,160.0,21.4,4.99,20.58,1.4109999999999998,164.0,15.0,10.0,remediation_light,407,0.09940162317298419,nuclide_mode,1.0.0,env_plus_no_ratio,extra_trees,0,,
408,50.82844,29.523211,2414,14.6,3.0,4.0,14.0,16.0,66.0,66.0,132.0,132.0,61.0,61.0,161.0,9.2,5.8,13.51,1.122,117.0,11.0,7.0,remediation_light,408,0.09761879061798415,nuclide_mode,1.0.0,env_plus_no_ratio,extra_trees,0,,
409,50.82792,29.56786,2416,34.9,3.0,3.0,17.0,19.0,55.0,54.0,137.0,136.0,61.0,61.0,153.0,3.3,6.44,16.939999999999998,0.5882,141.0,12.0,8.0,remediation_light,409,0.09768115747190104,nuclide_mode,1.0.0,env_plus_no_ratio,extra_trees,0,,
410,50.828065,29.595381,2418,30.8,3.0,3.0,15.0,16.0,67.0,67.0,135.0,134.0,64.0,63.0,132.0,18.8,5.31,12.739999999999998,0.50235,140.0,8.0,8.0,remediation_light,410,0.09696497108937717,nuclide_mode,1.0.0,env_plus_no_ratio,extra_trees,0,,
411,50.82841,29.6095,2421,11.5,4.0,3.0,17.0,18.0,65.0,65.0,132.0,133.0,64.0,64.0,145.0,8.8,5.95,14.56,1.53,70.0,9.0,5.0,remediation_light,411,0.09656832860203658,nuclide_mode,1.0.0,env_plus_no_ratio,extra_trees,0,,
412,50.8291,29.65034,2424,13.3,4.0,5.0,20.0,21.0,55.0,54.0,131.0,129.0,67.0,67.0,118.0,18.3,5.64,13.929999999999998,1.275,102.0,19.0,13.0,remediation_light,412,0.09800415506655559,nuclide_mode,1.0.0,env_plus_no_ratio,extra_trees,0,,
413,50.828443,29.697905,2427,7.43,7.0,7.0,18.0,19.0,50.0,50.0,126.0,128.0,66.0,66.0,118.0,6.6,5.83,9.8,1.6064999999999998,88.0,12.0,13.0,remediation_light,413,0.0968974567946185,nuclide_mode,1.0.0,env_plus_no_ratio,extra_trees,0,,
414,50.82842,29.7381,2430,6.14,7.0,7.0,13.0,15.0,65.0,65.0,115.0,118.0,58.0,58.0,122.0,6.0,7.01,15.89,3.1535,60.0,5.0,5.0,remediation_light,414,0.09746749858405397,nuclide_mode,1.0.0,env_plus_no_ratio,extra_trees,0,,
415,50.8279,29.78119,2433,9.11,10.0,7.0,13.0,15.0,68.0,68.0,118.0,122.0,60.0,59.0,133.0,4.6,7.36,9.8,1.309,50.0,5.0,4.0,remediation_light,415,0.09730681127789295,nuclide_mode,1.0.0,env_plus_no_ratio,extra_trees,0,,
416,50.828089,29.795297,2435,7.12,4.0,4.0,16.0,18.0,60.0,60.0,119.0,122.0,66.0,66.0,131.0,23.7,4.56,53.9,9.18,60.0,6.0,4.0,remediation_light,416,0.10880504730061703,nuclide_mode,1.0.0,env_plus_no_ratio,extra_trees,0,,
417,50.82773,29.82307,2438,7.28,8.0,7.0,11.0,12.0,68.0,68.0,118.0,124.0,58.0,58.0,142.0,16.1,5.51,19.81,3.298,57.0,8.0,5.0,remediation_light,417,0.09942939465972889,nuclide_mode,1.0.0,env_plus_no_ratio,extra_trees,0,,
418,50.828065,29.866694,2441,8.76,11.0,10.0,10.0,11.0,70.0,70.0,106.0,114.0,53.0,53.0,160.0,23.2,4.62,14.279999999999998,1.9805,50.0,5.0,4.0,remediation_light,418,0.09923686839342563,nuclide_mode,1.0.0,env_plus_no_ratio,extra_trees,0,,
419,50.82973,29.90933,2444,4.17,6.0,5.0,11.0,13.0,70.0,70.0,123.0,125.0,56.0,56.0,133.0,10.9,5.71,20.44,5.9415,80.0,7.0,6.0,remediation_light,419,0.10377344032051455,nuclide_mode,1.0.0,env_plus_no_ratio,extra_trees,0,,
420,50.828089,29.952364,2447,9.94,6.0,6.0,12.0,13.0,77.0,78.0,120.0,125.0,55.0,56.0,139.0,14.3,5.53,27.16,3.315,57.0,8.0,5.0,remediation_light,420,0.10110371259225039,nuclide_mode,1.0.0,env_plus_no_ratio,extra_trees,0,,
421,50.828065,29.99521,2450,4.04,4.0,4.0,11.0,12.0,74.0,74.0,131.0,133.0,56.0,56.0,136.0,8.3,5.91,32.69,9.775,199.0,21.0,13.0,remediation_light,421,0.10975139952740348,nuclide_mode,1.0.0,env_plus_no_ratio,extra_trees,0,,
422,50.828089,30.038037,2453,4.3,3.0,3.0,14.0,15.0,73.0,73.0,127.0,131.0,58.0,58.0,134.0,6.3,6.54,17.08,4.8195,252.0,17.0,16.0,remediation_light,422,0.10524501298794828,nuclide_mode,1.0.0,env_plus_no_ratio,extra_trees,0,,
423,50.827524,30.081477,2456,6.71,4.0,4.0,16.0,17.0,56.0,56.0,130.0,129.0,66.0,66.0,125.0,2.8,6.56,17.639999999999997,3.196,140.0,10.0,8.0,remediation_light,423,0.09835544550363576,nuclide_mode,1.0.0,env_plus_no_ratio,extra_trees,0,,
424,50.8251,30.09468,2460,2.37,7.0,7.0,15.0,16.0,57.0,57.0,128.0,127.0,66.0,66.0,128.0,5.6,6.67,18.83,9.69,90.0,10.0,6.0,remediation_light,424,0.10050745208575453,nuclide_mode,1.0.0,env_plus_no_ratio,extra_trees,0,,
425,50.81948,29.89986,2487,5.05,4.0,4.0,18.0,19.0,62.0,62.0,136.0,134.0,64.0,64.0,132.0,12.7,5.12,26.53,6.392,90.0,9.0,6.0,remediation_light,425,0.10077941111689949,nuclide_mode,1.0.0,env_plus_no_ratio,extra_trees,0,,
426,50.81923,29.59508,2510,11.2,3.0,3.0,18.0,20.0,59.0,59.0,131.0,130.0,65.0,65.0,145.0,3.3,6.94,16.729999999999997,1.8105,170.0,12.0,11.0,remediation_light,426,0.09949871104785013,nuclide_mode,1.0.0,env_plus_no_ratio,extra_trees,0,,
427,50.81824,29.58169,2513,12.4,3.0,3.0,15.0,18.0,63.0,62.0,135.0,134.0,64.0,64.0,137.0,41.1,4.64,15.4,1.496,190.0,14.0,13.0,remediation_light,427,0.10145230767626676,nuclide_mode,1.0.0,env_plus_no_ratio,extra_trees,0,,
428,50.816099,29.638228,2524,9.04,5.0,5.0,16.0,17.0,55.0,55.0,126.0,125.0,68.0,68.0,122.0,5.5,6.52,21.56,2.8985,70.0,6.0,5.0,remediation_light,428,0.09837365372798267,nuclide_mode,1.0.0,env_plus_no_ratio,extra_trees,0,,
429,50.810078,29.581102,2544,12.7,4.0,4.0,17.0,18.0,60.0,60.0,132.0,131.0,66.0,66.0,146.0,18.0,4.93,18.76,1.802,80.0,7.0,6.0,remediation_light,429,0.09753555171483912,nuclide_mode,1.0.0,env_plus_no_ratio,extra_trees,0,,
430,50.81033,29.91423,2570,4.17,5.0,5.0,16.0,17.0,59.0,59.0,130.0,131.0,64.0,64.0,134.0,22.7,4.87,30.66,8.924999999999999,96.0,11.0,8.0,remediation_light,430,0.10197716816783217,nuclide_mode,1.0.0,env_plus_no_ratio,extra_trees,0,,
431,50.800511,30.08088,2591,3.63,5.0,5.0,14.0,16.0,53.0,53.0,124.0,125.0,65.0,65.0,123.0,8.9,6.39,23.17,7.743499999999999,50.0,11.0,9.0,remediation_light,431,0.10128908743783502,nuclide_mode,1.0.0,env_plus_no_ratio,extra_trees,0,,
432,50.80111,30.038037,2595,6.05,5.0,5.0,15.0,16.0,63.0,63.0,129.0,128.0,66.0,66.0,133.0,12.0,5.22,28.07,5.627,50.0,8.0,4.0,remediation_light,432,0.10032537455833017,nuclide_mode,1.0.0,env_plus_no_ratio,extra_trees,0,,
433,50.801379,30.008669,2597,3.23,4.0,4.0,13.0,15.0,59.0,59.0,131.0,130.0,61.0,61.0,136.0,4.2,6.4,23.59,8.84,120.0,8.0,7.0,remediation_light,433,0.10110620910483371,nuclide_mode,1.0.0,env_plus_no_ratio,extra_trees,0,,
434,50.801488,29.995708,2600,5.12,5.0,5.0,14.0,15.0,62.0,63.0,132.0,134.0,63.0,63.0,138.0,10.2,5.39,36.26,8.584999999999999,100.0,8.0,7.0,remediation_light,434,0.10266774480981408,nuclide_mode,1.0.0,env_plus_no_ratio,extra_trees,0,,
435,50.800727,29.951162,2603,2.98,7.0,6.0,11.0,12.0,76.0,76.0,113.0,122.0,51.0,52.0,152.0,18.3,5.24,24.29,9.945,50.0,8.0,6.0,remediation_light,435,0.10841720592813722,nuclide_mode,1.0.0,env_plus_no_ratio,extra_trees,0,,
436,50.80116,29.91087,2606,3.63,5.0,5.0,15.0,17.0,63.0,63.0,132.0,134.0,62.0,62.0,134.0,7.9,5.43,27.58,9.18,76.0,7.0,5.0,remediation_light,436,0.10085978141107821,nuclide_mode,1.0.0,env_plus_no_ratio,extra_trees,0,,
437,50.801085,29.86691,2609,7.11,4.0,4.0,14.0,15.0,65.0,65.0,132.0,132.0,58.0,58.0,131.0,5.7,6.38,14.489999999999998,2.4735,80.0,8.0,7.0,remediation_light,437,0.09720738867001495,nuclide_mode,1.0.0,env_plus_no_ratio,extra_trees,0,,
438,50.80162,29.82391,2612,11.4,11.0,10.0,13.0,13.0,73.0,73.0,115.0,124.0,54.0,54.0,155.0,2.6,7.53,14.91,1.5895,48.0,5.0,3.0,remediation_light,438,0.09950717908596497,nuclide_mode,1.0.0,env_plus_no_ratio,extra_trees,0,,
439,50.80108,29.737545,2618,10.5,11.0,11.0,11.0,12.0,64.0,64.0,112.0,118.0,51.0,52.0,150.0,20.0,5.46,9.239999999999998,1.0625,60.0,6.0,4.0,remediation_light,439,0.09386230965878997,nuclide_mode,1.0.0,env_plus_no_ratio,extra_trees,0,,
440,50.800773,29.695775,2621,7.85,8.0,8.0,14.0,15.0,65.0,65.0,115.0,122.0,56.0,56.0,155.0,25.1,4.38,10.57,1.632,50.0,6.0,4.0,remediation_light,440,0.09700886428499951,nuclide_mode,1.0.0,env_plus_no_ratio,extra_trees,0,,
441,50.800875,29.652148,2624,12.7,8.0,7.0,14.0,16.0,69.0,70.0,111.0,120.0,60.0,60.0,144.0,20.9,4.57,17.779999999999998,1.7,44.0,7.0,5.0,remediation_light,441,0.0979611185015284,nuclide_mode,1.0.0,env_plus_no_ratio,extra_trees,0,,
442,50.80111,29.60967,2627,9.2,7.0,7.0,16.0,17.0,60.0,60.0,128.0,127.0,64.0,64.0,129.0,24.3,4.81,11.55,1.5215,50.0,4.0,4.0,remediation_light,442,0.09706447063109272,nuclide_mode,1.0.0,env_plus_no_ratio,extra_trees,0,,
443,50.80115,29.52336,2633,11.6,4.0,4.0,18.0,19.0,58.0,58.0,136.0,135.0,63.0,63.0,149.0,6.0,6.72,13.86,1.4449999999999998,220.0,14.0,17.0,remediation_light,443,0.10218132562483648,nuclide_mode,1.0.0,env_plus_no_ratio,extra_trees,0,,
444,50.79814,29.5096,2638,12.1,3.0,3.0,15.0,17.0,67.0,67.0,133.0,134.0,62.0,62.0,154.0,6.0,6.06,19.04,1.9125,100.0,9.0,6.0,remediation_light,444,0.09720590569353768,nuclide_mode,1.0.0,env_plus_no_ratio,extra_trees,0,,
445,50.795115,30.052317,2644,5.57,4.0,4.0,20.0,21.0,50.0,50.0,135.0,133.0,68.0,68.0,130.0,10.3,5.11,22.61,4.93,45.0,7.0,5.0,remediation_light,445,0.10053075502385171,nuclide_mode,1.0.0,env_plus_no_ratio,extra_trees,0,,
446,50.795115,30.033279,2648,6.27,5.0,5.0,18.0,19.0,56.0,56.0,129.0,128.0,67.0,67.0,137.0,9.7,5.93,19.88,3.859,188.0,15.0,12.0,remediation_light,446,0.10108945754237174,nuclide_mode,1.0.0,env_plus_no_ratio,extra_trees,0,,
447,50.79279,29.52362,2653,11.5,4.0,4.0,15.0,17.0,67.0,67.0,134.0,136.0,63.0,63.0,150.0,3.0,6.59,17.849999999999998,1.887,100.0,7.0,7.0,remediation_light,447,0.09745057644423381,nuclide_mode,1.0.0,env_plus_no_ratio,extra_trees,0,,
448,50.78891,29.55187,2695,13.5,4.0,4.0,20.0,21.0,57.0,57.0,131.0,131.0,65.0,65.0,140.0,31.6,4.56,19.74,1.7764999999999995,134.0,14.0,9.0,remediation_light,448,0.09795694586499247,nuclide_mode,1.0.0,env_plus_no_ratio,extra_trees,0,,
449,50.78651,29.53798,2709,9.68,4.0,4.0,19.0,21.0,61.0,60.0,134.0,133.0,58.0,59.0,137.0,29.7,4.8,14.77,1.853,220.0,17.0,14.0,remediation_light,449,0.10111098560635776,nuclide_mode,1.0.0,env_plus_no_ratio,extra_trees,0,,
450,50.78292,29.52433,2750,8.7,4.0,4.0,16.0,18.0,69.0,69.0,132.0,130.0,58.0,58.0,144.0,14.7,5.1,17.99,2.516,80.0,10.0,5.0,remediation_light,450,0.09793726259425087,nuclide_mode,1.0.0,env_plus_no_ratio,extra_trees,0,,
451,50.78271,29.51032,2753,13.3,3.0,3.0,14.0,15.0,70.0,71.0,132.0,133.0,58.0,57.0,143.0,30.7,5.01,15.82,1.4449999999999998,70.0,8.0,7.0,remediation_light,451,0.0964869993264603,nuclide_mode,1.0.0,env_plus_no_ratio,extra_trees,0,,
452,50.774105,29.481023,2761,17.2,4.0,5.0,17.0,18.0,60.0,59.0,118.0,125.0,62.0,62.0,148.0,25.4,5.04,14.77,1.0455,55.0,8.0,4.0,remediation_light,452,0.09750443021519858,nuclide_mode,1.0.0,env_plus_no_ratio,extra_trees,0,,
453,50.77541,29.52476,2763,20.4,6.0,6.0,17.0,18.0,48.0,48.0,122.0,124.0,60.0,60.0,123.0,4.9,6.72,14.35,0.85,210.0,22.0,26.0,remediation_light,453,0.09931826580452535,nuclide_mode,1.0.0,env_plus_no_ratio,extra_trees,0,,
454,50.772658,29.565394,2765,13.0,5.0,5.0,19.0,21.0,50.0,50.0,132.0,131.0,65.0,65.0,122.0,1.6,7.72,12.529999999999998,1.1645,266.0,42.0,31.0,remediation_light,454,0.10774805381393347,nuclide_mode,1.0.0,env_plus_no_ratio,extra_trees,0,,
455,50.774105,29.652408,2768,9.07,6.0,5.0,13.0,14.0,77.0,77.0,121.0,127.0,55.0,55.0,152.0,24.9,4.56,11.62,1.5555,51.0,6.0,4.0,remediation_light,455,0.09716716421104911,nuclide_mode,1.0.0,env_plus_no_ratio,extra_trees,0,,
456,50.774132,29.695343,2771,10.1,5.0,4.0,11.0,12.0,72.0,73.0,104.0,109.0,55.0,55.0,158.0,41.4,4.4,11.41,1.3855,70.0,10.0,5.0,remediation_light,456,0.09662440361147463,nuclide_mode,1.0.0,env_plus_no_ratio,extra_trees,0,,
457,50.774132,29.738181,2774,5.36,9.0,9.0,10.0,11.0,72.0,72.0,117.0,124.0,54.0,54.0,152.0,9.8,5.52,8.68,1.9635,60.0,8.0,4.0,remediation_light,457,0.09864240858814806,nuclide_mode,1.0.0,env_plus_no_ratio,extra_trees,0,,
458,50.774105,29.780948,2777,5.83,7.0,6.0,13.0,14.0,67.0,67.0,128.0,130.0,62.0,62.0,139.0,5.9,6.63,15.26,3.1790000000000003,55.0,10.0,5.0,remediation_light,458,0.09794282034335902,nuclide_mode,1.0.0,env_plus_no_ratio,extra_trees,0,,
459,50.774105,29.952371,2781,4.59,6.0,5.0,10.0,12.0,74.0,73.0,121.0,129.0,52.0,52.0,158.0,12.5,5.28,18.06,4.7685,30.0,6.0,4.0,remediation_light,459,0.10167145004795207,nuclide_mode,1.0.0,env_plus_no_ratio,extra_trees,0,,
460,50.774105,29.99521,2784,4.36,5.0,5.0,11.0,12.0,77.0,78.0,116.0,124.0,52.0,53.0,142.0,8.1,5.69,22.12,6.1625,84.0,11.0,6.0,remediation_light,460,0.10686555616389336,nuclide_mode,1.0.0,env_plus_no_ratio,extra_trees,0,,
461,50.774132,30.038037,2787,5.7,7.0,8.0,14.0,15.0,64.0,64.0,122.0,127.0,60.0,60.0,143.0,7.7,5.55,15.89,3.3915,96.0,8.0,5.5,remediation_light,461,0.09881409337683603,nuclide_mode,1.0.0,env_plus_no_ratio,extra_trees,0,,
462,51.151822,29.823855,2802,10.7,5.0,5.0,17.0,18.0,53.0,53.0,138.0,136.0,60.0,59.0,136.0,5.5,5.91,18.2,2.057,40.0,8.0,7.0,remediation_light,462,0.09746765120469586,nuclide_mode,1.0.0,env_plus_no_ratio,extra_trees,0,,
463,51.123834,29.781093,2811,3.55,6.0,5.0,16.0,18.0,60.0,60.0,133.0,132.0,61.0,61.0,128.0,13.3,5.48,5.39,1.8445,40.0,8.0,7.0,remediation_light,463,0.09692619976760206,nuclide_mode,1.0.0,env_plus_no_ratio,extra_trees,0,,
464,51.152105,29.778549,2817,5.0,5.0,5.0,11.0,12.0,76.0,76.0,129.0,129.0,54.0,54.0,139.0,24.0,4.56,15.4,3.7315,54.0,5.0,3.0,remediation_light,464,0.09897880236269785,nuclide_mode,1.0.0,env_plus_no_ratio,extra_trees,0,,
465,51.12511,29.73936,2818,5.97,8.0,8.0,10.0,11.0,67.0,68.0,120.0,125.0,57.0,57.0,144.0,30.3,4.61,5.074999999999999,1.0285,48.0,4.0,3.3,remediation_light,465,0.09696248198659695,nuclide_mode,1.0.0,env_plus_no_ratio,extra_trees,0,,
466,51.152375,29.739076,2819,7.93,3.0,3.0,15.0,16.0,66.0,66.0,133.0,131.0,62.0,62.0,144.0,8.3,5.53,7.21,1.105,110.0,11.0,9.0,remediation_light,466,0.09691982879835875,nuclide_mode,1.0.0,env_plus_no_ratio,extra_trees,0,,
467,51.151822,29.695338,2820,7.57,7.0,6.0,9.0,11.0,78.0,79.0,119.0,126.0,53.0,53.0,163.0,27.4,4.96,10.15,1.6235,90.0,13.0,6.0,remediation_light,467,0.09792768844882953,nuclide_mode,1.0.0,env_plus_no_ratio,extra_trees,0,,
468,51.12492,29.696735,2821,17.9,6.0,5.0,11.0,12.0,74.0,74.0,121.0,127.0,58.0,58.0,157.0,30.4,4.2,8.12,0.5474,50.0,7.0,5.0,remediation_light,468,0.09715793465848782,nuclide_mode,1.0.0,env_plus_no_ratio,extra_trees,0,,
469,51.125291,29.656334,2822,7.59,4.0,4.0,16.0,17.0,58.0,57.0,136.0,135.0,63.0,63.0,143.0,6.7,6.28,9.52,1.5215,156.0,26.0,22.0,remediation_light,469,0.1001843545854854,nuclide_mode,1.0.0,env_plus_no_ratio,extra_trees,0,,
470,51.097862,29.695255,2823,4.51,5.0,4.0,15.0,17.0,70.0,70.0,125.0,126.0,61.0,61.0,141.0,26.8,4.73,6.033999999999999,1.6235,90.0,11.0,10.0,remediation_light,470,0.09765207962185869,nuclide_mode,1.0.0,env_plus_no_ratio,extra_trees,0,,
471,51.070635,29.735813,2824,12.7,9.0,8.0,11.0,12.0,69.0,68.0,122.0,128.0,54.0,54.0,152.0,14.5,5.26,8.75,0.8381,120.0,8.0,8.0,remediation_light,471,0.09778602335854042,nuclide_mode,1.0.0,env_plus_no_ratio,extra_trees,0,,
472,51.072272,29.694579,2825,1.29,4.0,5.0,15.0,17.0,57.0,57.0,138.0,139.0,64.0,64.0,138.0,9.3,5.62,6.307,5.924499999999999,143.0,14.0,8.0,remediation_light,472,0.09934372139361365,nuclide_mode,1.0.0,env_plus_no_ratio,extra_trees,0,,
473,51.0435,29.65191,2826,4.85,3.0,4.0,17.0,18.0,52.0,52.0,135.0,136.0,65.0,65.0,159.0,4.5,6.17,9.17,2.3035,317.0,27.0,19.0,remediation_light,473,0.11780915664458246,nuclide_mode,1.0.0,env_plus_no_ratio,extra_trees,0,,
474,51.043935,29.607021,2827,14.0,3.0,3.0,18.0,19.0,54.0,54.0,135.0,133.0,63.0,63.0,166.0,4.3,6.95,11.27,0.9775,221.0,18.0,14.0,remediation_light,474,0.10199253962564708,nuclide_mode,1.0.0,env_plus_no_ratio,extra_trees,0,,
475,51.043315,29.566834,2828,12.5,4.0,4.0,17.0,18.0,60.0,60.0,131.0,131.0,61.0,61.0,180.0,28.9,4.29,14.77,1.4365,218.0,18.0,13.0,remediation_light,475,0.10215281860249871,nuclide_mode,1.0.0,env_plus_no_ratio,extra_trees,0,,
476,51.043903,29.523869,2829,26.8,4.0,4.0,17.0,18.0,63.0,62.0,131.0,132.0,59.0,59.0,182.0,12.0,5.39,8.75,0.39695,262.0,14.0,15.0,remediation_light,476,0.1034142192932748,nuclide_mode,1.0.0,env_plus_no_ratio,extra_trees,0,,
477,51.070883,29.523869,2830,2.1,4.0,4.0,18.0,20.0,59.0,59.0,138.0,136.0,62.0,62.0,182.0,13.5,5.2,6.194999999999999,3.57,250.0,15.0,15.0,remediation_light,477,0.1026803802653085,nuclide_mode,1.0.0,env_plus_no_ratio,extra_trees,0,,
478,51.070892,29.480208,2831,23.8,3.0,3.0,17.0,19.0,65.0,65.0,137.0,136.0,63.0,63.0,182.0,9.7,5.46,24.99,1.275,200.0,10.0,11.0,remediation_light,478,0.10092000165854703,nuclide_mode,1.0.0,env_plus_no_ratio,extra_trees,0,,
479,51.043914,29.48116,2832,49.0,9.0,9.0,12.0,14.0,73.0,73.0,125.0,129.0,56.0,56.0,192.0,16.0,5.66,12.32,0.306,100.0,6.0,5.0,remediation_light,479,0.10045111136974635,nuclide_mode,1.0.0,env_plus_no_ratio,extra_trees,1,sr90_kBq_m2,below_train_range:sr90_kBq_m2
480,51.043903,29.438176,2833,63.9,5.0,5.0,18.0,19.0,56.0,56.0,133.0,131.0,64.0,63.0,175.0,4.3,6.27,46.27,0.8755,70.0,9.0,7.0,remediation_light,480,0.10572206254408165,nuclide_mode,1.0.0,env_plus_no_ratio,extra_trees,0,,
481,51.016936,29.438323,2834,28.8,4.0,4.0,17.0,19.0,61.0,61.0,140.0,139.0,62.0,62.0,173.0,7.0,6.05,27.44,1.156,297.0,15.0,17.0,remediation_light,481,0.10655324490696469,nuclide_mode,1.0.0,env_plus_no_ratio,extra_trees,0,,
482,50.988598,29.438219,2835,36.9,4.0,4.0,17.0,18.0,56.0,55.0,132.0,131.0,61.0,61.0,161.0,6.2,6.86,16.59,0.54485,118.0,20.0,9.0,remediation_light,482,0.09850178629053467,nuclide_mode,1.0.0,env_plus_no_ratio,extra_trees,0,,
483,50.989943,29.39533,2836,36.4,5.0,5.0,11.0,12.0,68.0,68.0,123.0,124.0,62.0,62.0,183.0,21.0,4.97,22.05,0.7361,100.0,9.0,6.0,remediation_light,483,0.09943794894424583,nuclide_mode,1.0.0,env_plus_no_ratio,extra_trees,0,,
484,50.962981,29.395487,2837,34.2,3.0,3.0,13.0,14.0,68.0,68.0,130.0,131.0,61.0,61.0,178.0,5.0,6.47,17.57,0.6255999999999999,140.0,9.0,9.0,remediation_light,484,0.09793610897360994,nuclide_mode,1.0.0,env_plus_no_ratio,extra_trees,0,,
485,50.93645,29.438323,2838,17.8,3.0,3.0,19.0,20.0,56.0,56.0,137.0,138.0,63.0,63.0,173.0,7.3,5.67,20.58,1.4025,235.0,22.0,13.0,remediation_light,485,0.10254035584056685,nuclide_mode,1.0.0,env_plus_no_ratio,extra_trees,0,,
486,50.90868,29.4383,2839,28.3,4.0,5.0,12.0,14.0,68.0,69.0,127.0,128.0,56.0,56.0,190.0,14.7,5.43,14.98,0.6426,106.0,14.0,7.0,remediation_light,486,0.09786613026198282,nuclide_mode,1.0.0,env_plus_no_ratio,extra_trees,0,,
487,50.882024,29.481023,2840,15.5,4.0,3.0,15.0,16.0,69.0,70.0,130.0,131.0,60.0,60.0,176.0,5.9,5.84,12.179999999999998,0.9605,90.0,9.0,8.0,remediation_light,487,0.09710511591482433,nuclide_mode,1.0.0,env_plus_no_ratio,extra_trees,0,,
488,50.855044,29.481023,2841,20.2,4.0,4.0,19.0,20.0,58.0,58.0,134.0,132.0,63.0,63.0,174.0,2.2,7.56,11.97,0.7191,55.0,8.0,4.0,remediation_light,488,0.09665523197419515,nuclide_mode,1.0.0,env_plus_no_ratio,extra_trees,0,,
489,50.827867,29.478841,2842,21.2,6.0,5.0,13.0,14.0,62.0,62.0,128.0,129.0,58.0,58.0,178.0,22.1,4.79,16.45,0.9435,122.0,15.0,8.0,remediation_light,489,0.09835128027481473,nuclide_mode,1.0.0,env_plus_no_ratio,extra_trees,0,,
490,50.800762,29.479558,2843,16.1,5.0,6.0,13.0,15.0,73.0,73.0,131.0,132.0,57.0,57.0,168.0,27.4,4.36,13.44,1.0114999999999998,64.0,8.0,5.0,remediation_light,490,0.09778065916453069,nuclide_mode,1.0.0,env_plus_no_ratio,extra_trees,0,,
491,50.773533,29.438323,2844,21.6,4.0,4.0,16.0,18.0,48.0,48.0,131.0,133.0,66.0,66.0,150.0,4.6,5.98,11.76,0.65875,83.0,13.0,5.0,remediation_light,491,0.09735733200207018,nuclide_mode,1.0.0,env_plus_no_ratio,extra_trees,0,,
492,50.7463,29.47899,2845,18.3,5.0,5.0,10.0,12.0,75.0,75.0,119.0,125.0,55.0,55.0,133.0,27.7,4.74,11.76,0.78115,54.0,7.0,3.0,remediation_light,492,0.0964192376234151,nuclide_mode,1.0.0,env_plus_no_ratio,extra_trees,0,,
493,50.747125,29.523869,2846,3.55,8.0,8.0,13.0,14.0,75.0,75.0,113.0,120.0,51.0,51.0,143.0,36.4,4.77,6.972,2.38,48.0,6.0,4.0,remediation_light,493,0.09636157909920352,nuclide_mode,1.0.0,env_plus_no_ratio,extra_trees,0,,
494,50.747125,29.566822,2847,13.6,5.0,6.0,13.0,14.0,71.0,71.0,115.0,123.0,56.0,56.0,143.0,42.6,3.97,8.26,0.74205,45.0,10.0,4.0,remediation_light,494,0.09707314831159719,nuclide_mode,1.0.0,env_plus_no_ratio,extra_trees,0,,
495,50.774105,29.609562,2848,6.08,9.0,10.0,13.0,14.0,64.0,65.0,111.0,115.0,64.0,64.0,129.0,4.6,6.87,8.399999999999999,1.6745,42.0,11.0,7.0,remediation_light,495,0.09776944073618046,nuclide_mode,1.0.0,env_plus_no_ratio,extra_trees,0,,
496,50.747154,29.60967,2849,6.58,5.0,5.0,12.0,13.0,73.0,73.0,121.0,127.0,57.0,57.0,159.0,45.0,3.69,13.02,2.4055,50.0,7.0,6.0,remediation_light,496,0.0982727038767414,nuclide_mode,1.0.0,env_plus_no_ratio,extra_trees,0,,
497,50.747154,29.652507,2850,7.97,6.0,5.0,12.0,13.0,71.0,71.0,112.0,119.0,53.0,53.0,156.0,45.0,3.44,11.69,1.7764999999999995,60.0,4.0,3.0,remediation_light,497,0.09660097349193297,nuclide_mode,1.0.0,env_plus_no_ratio,extra_trees,0,,
498,50.747753,29.695343,2851,3.99,7.0,7.0,10.0,11.0,80.0,80.0,114.0,123.0,52.0,52.0,166.0,15.8,5.08,14.98,4.547499999999999,56.0,9.0,5.0,remediation_light,498,0.1010693760237907,nuclide_mode,1.0.0,env_plus_no_ratio,extra_trees,0,,
499,50.747125,29.738101,2852,7.05,6.0,7.0,14.0,15.0,66.0,67.0,116.0,118.0,58.0,58.0,157.0,45.0,4.45,14.07,2.4225,50.0,8.0,9.0,remediation_light,499,0.09738379408816412,nuclide_mode,1.0.0,env_plus_no_ratio,extra_trees,0,,
500,50.747125,29.780948,2853,7.26,7.0,7.0,12.0,13.0,70.0,70.0,121.0,122.0,57.0,57.0,156.0,17.6,4.95,9.66,1.6235,30.0,9.0,5.0,remediation_light,500,0.09755138854037754,nuclide_mode,1.0.0,env_plus_no_ratio,extra_trees,0,,
501,50.774132,29.823854,2854,8.25,5.0,5.0,15.0,16.0,63.0,63.0,133.0,133.0,59.0,59.0,135.0,3.2,6.46,13.51,1.989,67.0,8.0,5.0,remediation_light,501,0.0970062875206451,nuclide_mode,1.0.0,env_plus_no_ratio,extra_trees,0,,
502,50.747154,29.823854,2855,4.82,5.0,7.0,13.0,14.0,70.0,70.0,117.0,123.0,51.0,51.0,154.0,40.0,4.7,10.01,2.5245,40.0,3.0,3.0,remediation_light,502,0.09631445438053515,nuclide_mode,1.0.0,env_plus_no_ratio,extra_trees,0,,
503,50.77465,29.86633,2856,3.67,8.0,8.0,13.0,14.0,69.0,70.0,119.0,122.0,55.0,55.0,141.0,12.1,5.83,19.11,6.315499999999999,40.0,5.0,4.0,remediation_light,503,0.10436287979207778,nuclide_mode,1.0.0,env_plus_no_ratio,extra_trees,0,,
504,50.747154,29.86669,2857,5.15,6.0,5.0,11.0,13.0,71.0,71.0,120.0,126.0,57.0,57.0,166.0,23.6,4.44,19.25,4.547499999999999,48.0,5.0,3.0,remediation_light,504,0.10294335991123807,nuclide_mode,1.0.0,env_plus_no_ratio,extra_trees,0,,
505,50.747503,29.909794,2858,8.5,6.0,6.0,13.0,14.0,76.0,76.0,118.0,126.0,54.0,54.0,167.0,43.5,3.95,10.08,1.4449999999999998,50.0,6.0,3.0,remediation_light,505,0.09801087832836046,nuclide_mode,1.0.0,env_plus_no_ratio,extra_trees,0,,
506,50.774105,29.909532,2859,6.29,5.0,5.0,14.0,15.0,64.0,64.0,128.0,130.0,63.0,63.0,140.0,7.0,5.67,24.01,4.6325,58.0,9.0,4.0,remediation_light,506,0.0998736075303534,nuclide_mode,1.0.0,env_plus_no_ratio,extra_trees,0,,
507,50.74714,29.95358,2860,2.98,6.0,5.0,13.0,14.0,67.0,66.0,127.0,129.0,61.0,61.0,148.0,13.7,6.14,16.099999999999998,6.5875,43.0,4.0,4.0,remediation_light,507,0.10092270311850413,nuclide_mode,1.0.0,env_plus_no_ratio,extra_trees,0,,
508,50.747665,29.994827,2861,6.19,7.0,7.0,12.0,13.0,74.0,75.0,119.0,127.0,52.0,52.0,162.0,4.6,6.37,26.04,5.1,30.0,6.0,5.0,remediation_light,508,0.1043519316873698,nuclide_mode,1.0.0,env_plus_no_ratio,extra_trees,0,,
509,50.747154,30.03899,2862,7.88,5.0,6.0,18.0,19.0,47.0,46.0,136.0,135.0,66.0,66.0,128.0,5.5,6.15,12.81,1.9805,45.0,8.0,5.0,remediation_light,509,0.09721306206348385,nuclide_mode,1.0.0,env_plus_no_ratio,extra_trees,0,,
510,50.747296,30.080938,2863,14.8,5.0,5.0,17.0,18.0,53.0,52.0,131.0,132.0,69.0,69.0,131.0,12.2,5.5,10.85,0.884,40.0,6.0,4.0,remediation_light,510,0.09684627258928101,nuclide_mode,1.0.0,env_plus_no_ratio,extra_trees,0,,
511,50.774132,30.079923,2864,3.95,6.0,5.0,15.0,16.0,55.0,56.0,128.0,127.0,65.0,65.0,125.0,3.8,7.04,18.9,5.8225,70.0,7.0,4.0,remediation_light,511,0.09957751739197028,nuclide_mode,1.0.0,env_plus_no_ratio,extra_trees,0,,
512,50.774162,30.121927,2865,5.11,6.0,7.0,11.0,12.0,77.0,77.0,113.0,122.0,54.0,54.0,153.0,25.6,4.87,16.87,4.012,40.0,9.0,5.0,remediation_light,512,0.1003392337295771,nuclide_mode,1.0.0,env_plus_no_ratio,extra_trees,0,,
513,50.801309,30.123328,2866,5.39,4.0,4.0,14.0,15.0,59.0,59.0,136.0,137.0,66.0,66.0,140.0,5.4,5.84,13.79,3.111,250.0,16.0,14.0,remediation_light,513,0.10215321211107996,nuclide_mode,1.0.0,env_plus_no_ratio,extra_trees,0,,
514,50.829576,30.122386,2867,8.54,7.0,7.0,9.0,11.0,70.0,70.0,120.0,121.0,57.0,57.0,138.0,34.9,4.79,17.99,2.5585,69.0,8.0,5.0,remediation_light,514,0.09810000563597743,nuclide_mode,1.0.0,env_plus_no_ratio,extra_trees,0,,
515,50.85554,30.123768,2868,7.04,5.0,6.0,11.0,12.0,79.0,79.0,118.0,126.0,52.0,52.0,154.0,11.1,5.25,24.01,4.1395,30.0,6.0,4.0,remediation_light,515,0.10214737194685536,nuclide_mode,1.0.0,env_plus_no_ratio,extra_trees,0,,
516,50.854993,30.080178,2869,3.01,6.0,6.0,13.0,14.0,52.0,52.0,133.0,134.0,66.0,66.0,120.0,13.6,5.74,18.06,7.2845,100.0,11.0,6.0,remediation_light,516,0.10062829987062094,nuclide_mode,1.0.0,env_plus_no_ratio,extra_trees,0,,
517,50.882024,30.123719,2870,32.3,6.0,6.0,13.0,14.0,63.0,63.0,127.0,128.0,62.0,62.0,131.0,16.7,5.96,36.4,1.3685,99.0,14.0,7.0,remediation_light,517,0.10171633359972795,nuclide_mode,1.0.0,env_plus_no_ratio,extra_trees,0,,
518,50.908554,30.122395,2871,6.7,5.0,5.0,12.0,13.0,83.0,83.0,121.0,126.0,56.0,56.0,142.0,25.2,4.62,25.2,4.573,38.0,7.0,3.0,remediation_light,518,0.10315022042088212,nuclide_mode,1.0.0,env_plus_no_ratio,extra_trees,0,,
519,50.935336,30.122566,2872,5.23,9.0,7.0,11.0,12.0,73.0,73.0,116.0,123.0,52.0,52.0,145.0,23.4,5.34,30.03,6.9785,59.0,8.0,3.0,remediation_light,519,0.11176120541445889,nuclide_mode,1.0.0,env_plus_no_ratio,extra_trees,0,,
520,50.963576,30.078535,2873,2.45,5.0,5.0,12.0,13.0,69.0,69.0,125.0,128.0,59.0,59.0,131.0,17.3,4.86,29.05,14.45,46.0,10.0,3.0,remediation_light,520,0.10588363211507201,nuclide_mode,1.0.0,env_plus_no_ratio,extra_trees,0,,
521,50.990691,30.081797,2874,4.37,8.0,8.0,13.0,14.0,61.0,62.0,121.0,122.0,64.0,64.0,112.0,1.2,8.26,41.02,11.39,53.0,9.0,3.0,remediation_light,521,0.10700398149881478,nuclide_mode,1.0.0,env_plus_no_ratio,extra_trees,0,,
522,51.01667,30.166168,2875,4.75,7.0,7.0,11.0,12.0,68.0,69.0,112.0,110.0,56.0,55.0,126.0,15.7,4.85,33.599999999999994,8.584999999999999,70.0,13.0,6.0,remediation_light,522,0.11440244260731176,nuclide_mode,1.0.0,env_plus_no_ratio,extra_trees,0,,
523,51.017658,30.211893,2876,2.98,5.0,7.0,13.0,14.0,69.0,70.0,120.0,123.0,55.0,55.0,116.0,8.5,5.47,21.56,8.755,43.0,8.0,4.0,remediation_light,523,0.10636010698664863,nuclide_mode,1.0.0,env_plus_no_ratio,extra_trees,0,,
524,51.016184,30.252025,2877,2.94,6.0,6.0,15.0,16.0,71.0,71.0,114.0,120.0,55.0,55.0,113.0,8.3,6.49,31.85,13.175,65.0,10.0,6.0,remediation_light,524,0.11204776410322025,nuclide_mode,1.0.0,env_plus_no_ratio,extra_trees,0,,
525,51.018467,30.338781,2879,6.46,10.0,11.0,13.0,14.0,71.0,71.0,107.0,116.0,53.0,53.0,118.0,22.1,4.4,27.65,5.1935,54.0,5.0,3.0,remediation_light,525,0.11258517730396124,nuclide_mode,1.0.0,env_plus_no_ratio,extra_trees,0,,
526,51.017858,30.380573,2880,10.8,20.0,20.0,13.0,14.0,61.0,60.0,97.0,114.0,54.0,54.0,112.0,5.4,6.31,38.57,4.335,52.0,13.0,6.0,remediation_light,526,0.12112444942825527,nuclide_mode,1.0.0,env_plus_no_ratio,extra_trees,0,,
527,51.178653,29.864102,2895,7.06,6.0,5.0,11.0,12.0,73.0,73.0,114.0,119.0,49.0,49.0,153.0,4.7,6.54,10.36,1.7764999999999995,45.0,10.0,8.0,remediation_light,527,0.09398793114081846,nuclide_mode,1.0.0,env_plus_no_ratio,extra_trees,0,,
528,51.178802,29.823794,2896,15.3,5.0,6.0,10.0,12.0,77.0,77.0,126.0,126.0,52.0,52.0,151.0,10.2,5.26,16.31,1.3005,40.0,8.0,6.0,remediation_light,528,0.09589993580178774,nuclide_mode,1.0.0,env_plus_no_ratio,extra_trees,0,,
529,50.818897,29.452915,2975,30.6,6.0,5.0,14.0,15.0,72.0,72.0,127.0,129.0,58.0,58.0,167.0,22.0,4.91,14.77,0.5873499999999999,217.0,16.0,11.0,remediation_light,529,0.10450026485558186,nuclide_mode,1.0.0,env_plus_no_ratio,extra_trees,0,,
530,50.989958,30.123711,3208,3.39,4.0,5.0,11.0,12.0,77.0,76.0,112.0,118.0,52.0,52.0,136.0,45.0,4.1,30.87,11.05,46.0,9.0,4.0,remediation_light,530,0.11881401263441094,nuclide_mode,1.0.0,env_plus_no_ratio,extra_trees,0,,
531,51.07074,29.65233,3454,5.42,5.0,5.0,16.0,18.0,50.0,50.0,133.0,131.0,66.0,66.0,141.0,4.6,7.23,6.44,1.4449999999999998,295.0,26.0,20.0,remediation_light,531,0.11257759009308457,nuclide_mode,1.0.0,env_plus_no_ratio,extra_trees,0,,
532,50.951421,29.872403,6000,21.1,3.0,4.0,15.0,17.0,58.0,58.0,123.0,123.0,62.0,62.0,144.0,22.7,4.95,33.529999999999994,1.9295,40.0,12.0,12.0,remediation_light,532,0.10173487757020548,nuclide_mode,1.0.0,env_plus_no_ratio,extra_trees,0,,
533,50.94914,29.87865,6001,35.8,6.0,5.0,13.0,15.0,61.0,60.0,127.0,129.0,60.0,60.0,142.0,16.2,5.54,53.61999999999999,1.819,80.0,10.0,10.0,remediation_light,533,0.11152054393456137,nuclide_mode,1.0.0,env_plus_no_ratio,extra_trees,0,,
534,50.94783,29.86594,6002,11.0,4.0,4.0,18.0,20.0,54.0,54.0,134.0,132.0,62.0,62.0,153.0,6.0,6.08,20.37,2.2355,60.0,10.0,8.0,remediation_light,534,0.09780832085821604,nuclide_mode,1.0.0,env_plus_no_ratio,extra_trees,0,,
535,50.944693,29.866018,6003,8.82,3.0,3.0,17.0,18.0,54.0,54.0,134.0,132.0,65.0,65.0,151.0,8.0,5.44,16.66,2.2865,85.0,13.0,7.0,remediation_light,535,0.09699492127751196,nuclide_mode,1.0.0,env_plus_no_ratio,extra_trees,0,,
536,50.938095,29.86207,6004,7.82,4.0,4.0,19.0,20.0,55.0,55.0,135.0,136.0,65.0,65.0,147.0,10.5,5.12,17.15,2.6605,86.0,11.0,8.0,remediation_light,536,0.09779674863039492,nuclide_mode,1.0.0,env_plus_no_ratio,extra_trees,0,,
537,50.93631,29.85117,6005,20.2,5.0,5.0,13.0,15.0,56.0,55.0,129.0,129.0,64.0,64.0,150.0,13.7,4.89,26.6,1.598,45.0,8.0,9.0,remediation_light,537,0.09826975856643932,nuclide_mode,1.0.0,env_plus_no_ratio,extra_trees,0,,
538,50.933984,29.862585,6006,9.21,3.0,4.0,18.0,20.0,50.0,52.0,128.0,128.0,65.0,65.0,147.0,6.3,6.38,16.87,2.227,200.0,13.0,10.0,remediation_light,538,0.10279316887399736,nuclide_mode,1.0.0,env_plus_no_ratio,extra_trees,0,,
539,50.93393,29.86825,6007,7.0,3.0,3.0,19.0,20.0,51.0,51.0,130.0,129.0,65.0,65.0,147.0,13.4,5.01,16.66,2.89,120.0,8.0,8.0,remediation_light,539,0.09885525306499375,nuclide_mode,1.0.0,env_plus_no_ratio,extra_trees,0,,
540,50.932329,29.878773,6008,10.6,4.0,5.0,19.0,21.0,53.0,53.0,130.0,129.0,67.0,67.0,144.0,10.4,5.82,17.639999999999997,2.0145,160.0,9.0,7.0,remediation_light,540,0.0992211807631284,nuclide_mode,1.0.0,env_plus_no_ratio,extra_trees,0,,
541,51.0759,30.2851,7000,1.8,4.0,4.0,17.0,18.0,53.0,53.0,136.0,138.0,64.0,64.0,112.0,4.3,6.26,34.65,23.375,380.0,27.0,24.0,remediation_light,541,0.10770126731546531,nuclide_mode,1.0.0,env_plus_no_ratio,extra_trees,0,,
542,51.075759,30.285121,7000,1.8,4.0,4.0,17.0,18.0,53.0,53.0,136.0,138.0,64.0,64.0,112.0,4.3,6.26,34.65,23.375,380.0,27.0,24.0,remediation_light,542,0.10770126731546531,nuclide_mode,1.0.0,env_plus_no_ratio,extra_trees,0,,
543,51.021745,30.04811,7001,2.42,5.0,5.0,18.0,19.0,54.0,54.0,132.0,131.0,67.0,67.0,114.0,12.8,5.38,22.4,11.22,210.0,16.0,12.0,remediation_light,543,0.10258106650493455,nuclide_mode,1.0.0,env_plus_no_ratio,extra_trees,0,,
544,51.022164,30.04918,7002,5.23,5.0,5.0,17.0,19.0,53.0,53.0,128.0,127.0,66.0,66.0,112.0,14.3,5.51,38.78,9.01,180.0,14.0,11.0,remediation_light,544,0.10467277217087313,nuclide_mode,1.0.0,env_plus_no_ratio,extra_trees,0,,
