point_id,latitude,longitude,Code,ratio_cs_sr,organic_carbon_b0,organic_carbon_b10,clay_fraction_0_30,clay_fraction_30_60,sand_fraction_b0,sand_fraction_b10,bulk_density_b0,bulk_density_b10,soil_pH_b0,soil_pH_b10,elevation_m,slope_deg_final,twi_scaled,cs137_kBq_m2,sr90_kBq_m2,k40_Bq_kg,ra226_Bq_kg,th232_Bq_kg,scenario_name,source_row_index,predicted_target_dose_rate,model_mode,model_version,feature_set,model_name,warning_count,warning_columns,warning_types
0,51.151183,29.86728,4,4.53,5.0,5.0,13.0,15.0,61.0,61.0,128.0,130.0,58.0,58.0,136.0,12.5,5.29,25.6,5.65,110.0,7.0,10.0,baseline,0,0.1012497106603482,nuclide_mode,1.0.0,env_plus_no_ratio,extra_trees,0,,
1,51.14306,29.85566,7,5.48,5.0,5.0,13.0,15.0,62.0,62.0,130.0,131.0,60.0,60.0,134.0,22.5,5.11,15.5,2.83,127.0,9.0,7.0,baseline,1,0.09795476126708447,nuclide_mode,1.0.0,env_plus_no_ratio,extra_trees,0,,
2,51.13967,29.86646,12,4.38,5.0,4.0,14.0,16.0,62.0,62.0,133.0,132.0,59.0,59.0,129.0,17.9,5.54,37.7,8.61,124.0,10.0,7.0,baseline,2,0.1041413404421007,nuclide_mode,1.0.0,env_plus_no_ratio,extra_trees,0,,
3,51.133835,29.88057,21,3.53,4.0,4.0,15.0,17.0,57.0,56.0,133.0,132.0,64.0,65.0,125.0,16.4,5.21,32.5,9.19,118.0,10.0,6.0,baseline,3,0.10190091055371282,nuclide_mode,1.0.0,env_plus_no_ratio,extra_trees,0,,
4,51.125783,30.037053,39,2.37,5.0,5.0,14.0,16.0,50.0,49.0,131.0,130.0,64.0,64.0,117.0,1.6,8.15,111.0,47.0,150.0,19.0,12.0,baseline,4,0.10723906678961113,nuclide_mode,1.0.0,env_plus_no_ratio,extra_trees,0,,
5,51.12493,29.95222,45,4.44,5.0,4.0,17.0,18.0,54.0,55.0,133.0,133.0,64.0,64.0,121.0,33.4,4.53,27.5,6.21,154.0,14.0,9.0,baseline,5,0.10219297122112957,nuclide_mode,1.0.0,env_plus_no_ratio,extra_trees,0,,
6,51.12447,29.93698,48,2.85,4.0,4.0,14.0,15.0,53.0,52.0,133.0,131.0,65.0,65.0,121.0,6.6,5.8,13.8,4.86,125.0,9.0,9.0,baseline,6,0.10042769042342131,nuclide_mode,1.0.0,env_plus_no_ratio,extra_trees,0,,
7,51.1256,29.92359,51,2.89,5.0,5.0,15.0,16.0,52.0,52.0,134.0,132.0,66.0,66.0,122.0,17.7,5.13,36.2,12.5,233.0,13.0,14.0,baseline,7,0.10536482411854718,nuclide_mode,1.0.0,env_plus_no_ratio,extra_trees,0,,
8,51.12606,29.90969,54,2.0,4.0,4.0,15.0,17.0,57.0,57.0,134.0,132.0,64.0,64.0,120.0,6.9,6.05,37.3,18.7,207.0,15.0,12.0,baseline,8,0.1047175386945623,nuclide_mode,1.0.0,env_plus_no_ratio,extra_trees,0,,
9,51.12501,29.86512,57,1.97,4.0,4.0,15.0,17.0,53.0,53.0,132.0,131.0,64.0,64.0,119.0,4.6,6.57,2.17,1.1,3.2,12.0,14.0,baseline,9,0.09757989022334757,nuclide_mode,1.0.0,env_plus_no_ratio,extra_trees,0,,
10,51.12458,29.82432,61,3.53,4.0,4.0,16.0,18.0,57.0,57.0,139.0,138.0,60.0,61.0,129.0,6.6,6.09,16.4,4.65,110.0,85.0,6.6,baseline,10,0.10341970135804324,nuclide_mode,1.0.0,env_plus_no_ratio,extra_trees,0,,
11,51.12767,29.83336,62,5.93,4.0,4.0,15.0,17.0,57.0,57.0,133.0,132.0,59.0,59.0,126.0,16.2,5.21,36.9,6.21,178.0,14.0,11.0,baseline,11,0.10436720034992493,nuclide_mode,1.0.0,env_plus_no_ratio,extra_trees,0,,
12,51.12198,29.86163,68,3.56,4.0,4.0,17.0,18.0,55.0,55.0,134.0,132.0,65.0,65.0,121.0,9.6,5.47,28.8,8.08,135.0,13.0,8.0,baseline,12,0.10154706767738889,nuclide_mode,1.0.0,env_plus_no_ratio,extra_trees,0,,
13,51.121852,30.019,69,1.9,5.0,5.0,16.0,17.0,56.0,56.0,133.0,132.0,64.0,64.0,119.0,2.9,6.48,113.0,59.7,220.0,20.0,12.0,baseline,13,0.12034324718790795,nuclide_mode,1.0.0,env_plus_no_ratio,extra_trees,0,,
14,51.11882,29.85284,76,3.07,3.0,3.0,17.0,19.0,60.0,60.0,134.0,132.0,63.0,63.0,129.0,8.5,5.89,26.1,8.51,263.0,15.0,15.0,baseline,14,0.10363248513054787,nuclide_mode,1.0.0,env_plus_no_ratio,extra_trees,0,,
15,51.11565,29.8666,92,1.82,4.0,4.0,15.0,17.0,55.0,55.0,137.0,135.0,64.0,64.0,124.0,2.6,6.53,29.7,16.3,182.0,9.5,11.0,baseline,15,0.10496747615535526,nuclide_mode,1.0.0,env_plus_no_ratio,extra_trees,0,,
16,51.11545,29.88094,95,3.45,5.0,5.0,15.0,17.0,57.0,57.0,133.0,131.0,63.0,63.0,128.0,6.8,5.93,31.6,9.15,131.0,11.0,9.0,baseline,16,0.10179158670967235,nuclide_mode,1.0.0,env_plus_no_ratio,extra_trees,0,,
17,51.116417,30.02203,106,2.22,5.0,4.0,15.0,16.0,54.0,54.0,126.0,124.0,64.0,64.0,121.0,27.6,4.78,84.8,38.2,150.0,10.0,9.0,baseline,17,0.12134372125018816,nuclide_mode,1.0.0,env_plus_no_ratio,extra_trees,0,,
18,51.115856,30.080875,111,2.63,4.0,4.0,17.0,18.0,49.0,49.0,134.0,136.0,65.0,65.0,126.0,13.3,5.43,62.1,23.6,150.0,13.0,10.0,baseline,18,0.11117259018382346,nuclide_mode,1.0.0,env_plus_no_ratio,extra_trees,0,,
19,51.115856,30.109432,113,13.9,5.0,5.0,17.0,18.0,52.0,52.0,141.0,141.0,69.0,69.0,126.0,6.1,6.89,62.4,4.49,156.0,12.0,9.0,baseline,19,0.10932874138575775,nuclide_mode,1.0.0,env_plus_no_ratio,extra_trees,0,,
20,51.11586,30.13847,115,8.11,8.0,8.0,12.0,13.0,65.0,65.0,126.0,125.0,58.0,58.0,142.0,18.6,5.38,84.2,10.4,110.0,7.0,5.0,baseline,20,0.13588578986552866,nuclide_mode,1.0.0,env_plus_no_ratio,extra_trees,0,,
21,51.115849,30.209404,116,3.44,5.0,4.0,16.0,17.0,69.0,70.0,124.0,128.0,57.0,57.0,122.0,1.2,7.47,46.4,13.5,215.0,12.0,11.0,baseline,21,0.10775166351369023,nuclide_mode,1.0.0,env_plus_no_ratio,extra_trees,0,,
22,51.11654,30.28486,119,2.64,5.0,5.0,15.0,16.0,59.0,58.0,124.0,127.0,59.0,59.0,120.0,3.7,6.75,69.8,26.4,80.0,9.0,5.0,baseline,22,0.1043559409673731,nuclide_mode,1.0.0,env_plus_no_ratio,extra_trees,0,,
23,51.11642,30.30774,121,3.0,7.0,7.0,13.0,14.0,58.0,58.0,126.0,129.0,64.0,64.0,115.0,1.8,7.68,50.5,16.8,80.0,6.0,5.0,baseline,23,0.1046026498987787,nuclide_mode,1.0.0,env_plus_no_ratio,extra_trees,0,,
24,51.11399,30.14742,127,2.59,5.0,5.0,15.0,16.0,62.0,61.0,122.0,121.0,56.0,56.0,129.0,10.0,5.49,26.1,10.1,100.0,10.0,6.0,baseline,24,0.10508715888283195,nuclide_mode,1.0.0,env_plus_no_ratio,extra_trees,0,,
25,51.11288,30.01851,131,2.24,4.0,4.0,15.0,16.0,66.0,67.0,135.0,134.0,62.0,62.0,124.0,24.4,4.7,64.9,28.9,90.0,6.0,5.0,baseline,25,0.11955319338914262,nuclide_mode,1.0.0,env_plus_no_ratio,extra_trees,0,,
26,51.112858,29.738181,135,10.4,4.0,4.0,13.0,15.0,72.0,72.0,126.0,128.0,60.0,60.0,134.0,18.5,4.73,12.5,1.2,64.0,7.0,6.0,baseline,26,0.09723064768936705,nuclide_mode,1.0.0,env_plus_no_ratio,extra_trees,0,,
27,51.11255,29.72871,137,3.38,5.0,5.0,15.0,17.0,67.0,67.0,129.0,129.0,62.0,62.0,134.0,16.0,5.4,8.23,2.44,98.0,12.0,7.0,baseline,27,0.09713865218793773,nuclide_mode,1.0.0,env_plus_no_ratio,extra_trees,0,,
28,51.10995,29.74291,141,6.54,5.0,5.0,12.0,14.0,73.0,73.0,131.0,133.0,60.0,60.0,138.0,8.4,6.33,13.8,2.11,99.0,13.0,8.5,baseline,28,0.09762890160497542,nuclide_mode,1.0.0,env_plus_no_ratio,extra_trees,0,,
29,51.10971,30.27507,151,4.28,5.0,5.0,15.0,16.0,62.0,62.0,132.0,130.0,62.0,62.0,120.0,3.4,6.45,33.0,7.71,130.0,15.0,7.0,baseline,29,0.10253477592095304,nuclide_mode,1.0.0,env_plus_no_ratio,extra_trees,0,,
30,51.10977,30.28535,153,3.66,4.0,4.0,15.0,16.0,59.0,59.0,132.0,131.0,61.0,61.0,119.0,2.8,6.87,56.2,15.4,180.0,15.0,12.0,baseline,30,0.1061332060119472,nuclide_mode,1.0.0,env_plus_no_ratio,extra_trees,0,,
31,51.10672,30.30873,155,4.77,5.0,5.0,14.0,15.0,57.0,57.0,115.0,120.0,62.0,62.0,115.0,4.4,6.95,51.6,10.8,230.0,18.0,13.0,baseline,31,0.10526891823002008,nuclide_mode,1.0.0,env_plus_no_ratio,extra_trees,0,,
32,51.107,30.29606,156,2.81,4.0,4.0,16.0,16.0,59.0,59.0,137.0,138.0,62.0,62.0,118.0,2.2,8.16,42.7,15.2,220.0,13.0,12.0,baseline,32,0.10511584745906606,nuclide_mode,1.0.0,env_plus_no_ratio,extra_trees,0,,
33,51.10643,30.2664,158,3.22,4.0,4.0,14.0,15.0,59.0,59.0,133.0,134.0,60.0,60.0,120.0,5.9,6.06,48.4,15.0,190.0,15.0,9.0,baseline,33,0.10612343379943871,nuclide_mode,1.0.0,env_plus_no_ratio,extra_trees,0,,
34,51.10683,30.25109,159,3.38,4.0,4.0,15.0,16.0,55.0,54.0,134.0,132.0,62.0,62.0,119.0,4.6,6.45,52.7,15.6,300.0,17.0,15.0,baseline,34,0.10870943126722457,nuclide_mode,1.0.0,env_plus_no_ratio,extra_trees,0,,
35,51.10669,30.22462,161,3.31,5.0,5.0,16.0,17.0,55.0,54.0,138.0,137.0,68.0,68.0,119.0,7.8,5.56,61.0,18.4,350.0,21.0,20.0,baseline,35,0.1095474129997369,nuclide_mode,1.0.0,env_plus_no_ratio,extra_trees,0,,
36,51.1069,30.21022,162,4.75,4.0,4.0,16.0,17.0,60.0,59.0,138.0,136.0,59.0,59.0,120.0,4.8,6.79,52.2,11.0,180.0,11.0,9.0,baseline,36,0.10554372032353654,nuclide_mode,1.0.0,env_plus_no_ratio,extra_trees,0,,
37,51.10735,30.16653,166,2.1,5.0,4.0,14.0,15.0,62.0,62.0,135.0,133.0,62.0,62.0,122.0,7.7,5.68,75.2,35.8,210.0,13.0,13.0,baseline,37,0.1069023441017802,nuclide_mode,1.0.0,env_plus_no_ratio,extra_trees,0,,
38,51.1073,30.152575,169,1.88,3.0,3.0,15.0,16.0,57.0,57.0,133.0,132.0,62.0,62.0,122.0,20.9,4.71,54.2,28.8,210.0,13.0,10.0,baseline,38,0.1076505148002356,nuclide_mode,1.0.0,env_plus_no_ratio,extra_trees,0,,
39,51.10651,30.13886,172,1.76,4.0,5.0,15.0,15.0,53.0,53.0,135.0,133.0,62.0,62.0,122.0,13.4,5.29,61.7,35.0,127.0,8.0,7.0,baseline,39,0.11333893343527206,nuclide_mode,1.0.0,env_plus_no_ratio,extra_trees,0,,
40,51.10657,30.12264,175,2.2,4.0,4.0,15.0,16.0,55.0,55.0,133.0,131.0,64.0,64.0,124.0,9.1,6.47,71.1,32.3,270.0,22.0,18.0,baseline,40,0.1125520542748948,nuclide_mode,1.0.0,env_plus_no_ratio,extra_trees,0,,
41,51.106865,30.109789,176,4.08,5.0,5.0,16.0,17.0,55.0,55.0,134.0,132.0,68.0,68.0,128.0,7.1,6.27,64.4,15.8,300.0,17.0,16.0,baseline,41,0.11541292310758365,nuclide_mode,1.0.0,env_plus_no_ratio,extra_trees,0,,
42,51.107079,30.095488,177,2.67,3.0,4.0,16.0,17.0,52.0,52.0,132.0,131.0,62.0,62.0,137.0,3.7,6.2,53.8,20.1,290.0,20.0,16.0,baseline,42,0.11369019182076642,nuclide_mode,1.0.0,env_plus_no_ratio,extra_trees,0,,
43,51.106864,30.080875,178,6.35,4.0,4.0,16.0,18.0,54.0,53.0,133.0,132.0,62.0,62.0,134.0,17.5,5.28,57.1,9.0,290.0,16.0,15.0,baseline,43,0.1145053158110987,nuclide_mode,1.0.0,env_plus_no_ratio,extra_trees,0,,
44,51.10712,29.98087,185,2.11,5.0,5.0,16.0,17.0,63.0,62.0,136.0,137.0,62.0,63.0,129.0,3.8,6.13,49.1,23.3,258.0,9.0,12.0,baseline,44,0.11315490211631275,nuclide_mode,1.0.0,env_plus_no_ratio,extra_trees,0,,
45,51.10735,29.96643,188,2.33,3.0,3.0,17.0,18.0,62.0,62.0,141.0,139.0,63.0,63.0,124.0,8.8,6.14,49.0,21.0,166.0,15.0,10.0,baseline,45,0.10619702259147928,nuclide_mode,1.0.0,env_plus_no_ratio,extra_trees,0,,
46,51.107076,29.955287,189,3.43,4.0,4.0,15.0,17.0,65.0,65.0,139.0,137.0,62.0,62.0,125.0,2.2,7.22,35.7,10.4,92.0,10.0,6.0,baseline,46,0.10300893936299164,nuclide_mode,1.0.0,env_plus_no_ratio,extra_trees,0,,
47,51.10574,29.90955,192,5.31,6.0,7.0,10.0,12.0,73.0,73.0,124.0,128.0,53.0,53.0,145.0,8.9,5.61,35.9,6.75,67.0,9.0,5.0,baseline,47,0.10887051272784448,nuclide_mode,1.0.0,env_plus_no_ratio,extra_trees,0,,
48,51.10689,29.77648,202,4.21,4.0,4.0,14.0,16.0,58.0,57.0,136.0,135.0,58.0,58.0,128.0,4.7,7.13,12.6,3.0,145.0,10.0,9.0,baseline,48,0.09864373234467672,nuclide_mode,1.0.0,env_plus_no_ratio,extra_trees,0,,
49,51.10423,29.76188,211,4.39,5.0,4.0,16.0,17.0,65.0,64.0,127.0,126.0,58.0,58.0,129.0,20.0,4.68,10.3,2.34,108.0,6.0,6.0,baseline,49,0.09713047271276282,nuclide_mode,1.0.0,env_plus_no_ratio,extra_trees,0,,
50,51.097862,29.738101,233,8.75,5.0,5.0,12.0,13.0,73.0,73.0,117.0,122.0,56.0,56.0,144.0,22.1,4.83,14.8,1.69,30.0,8.0,6.0,baseline,50,0.09663607110477809,nuclide_mode,1.0.0,env_plus_no_ratio,extra_trees,0,,
51,51.09808,29.76195,236,5.48,4.0,4.0,16.0,18.0,62.0,62.0,135.0,134.0,59.0,59.0,130.0,7.1,5.86,13.6,2.49,147.0,11.0,10.0,baseline,51,0.09856726008286855,nuclide_mode,1.0.0,env_plus_no_ratio,extra_trees,0,,
52,51.098832,29.779019,238,6.28,4.0,4.0,17.0,19.0,60.0,60.0,138.0,140.0,56.0,56.0,131.0,2.8,6.82,13.2,2.11,129.0,10.0,8.0,baseline,52,0.09706054015051609,nuclide_mode,1.0.0,env_plus_no_ratio,extra_trees,0,,
53,51.098953,29.825965,241,8.65,6.0,6.0,12.0,14.0,65.0,65.0,117.0,122.0,56.0,56.0,127.0,21.7,5.26,13.6,1.57,100.0,7.0,6.0,baseline,53,0.09599336304126117,nuclide_mode,1.0.0,env_plus_no_ratio,extra_trees,0,,
54,51.097862,29.866694,244,13.8,5.0,5.0,11.0,12.0,72.0,72.0,122.0,129.0,55.0,55.0,143.0,15.5,5.17,28.3,2.05,111.0,8.0,7.0,baseline,54,0.09964045198287544,nuclide_mode,1.0.0,env_plus_no_ratio,extra_trees,0,,
55,51.09713,29.95382,250,1.55,9.0,8.0,12.0,13.0,73.0,74.0,119.0,124.0,50.0,50.0,145.0,24.7,4.49,28.9,18.7,53.0,7.0,5.0,baseline,55,0.10760178139181548,nuclide_mode,1.0.0,env_plus_no_ratio,extra_trees,0,,
56,51.09827,29.99426,253,4.98,8.0,7.0,11.0,12.0,71.0,71.0,116.0,120.0,53.0,53.0,150.0,7.3,6.63,55.6,11.2,226.0,14.0,13.0,baseline,56,0.14155415364702642,nuclide_mode,1.0.0,env_plus_no_ratio,extra_trees,0,,
57,51.097862,30.023769,255,2.92,4.0,4.0,16.0,17.0,58.0,58.0,133.0,135.0,60.0,60.0,133.0,10.3,5.65,78.6,26.9,249.0,19.0,15.0,baseline,57,0.11399737538273506,nuclide_mode,1.0.0,env_plus_no_ratio,extra_trees,0,,
58,51.09832,30.07888,259,14.6,4.0,4.0,16.0,17.0,59.0,59.0,130.0,131.0,57.0,57.0,127.0,8.4,6.07,64.5,4.42,300.0,19.0,20.0,baseline,58,0.1116663820683513,nuclide_mode,1.0.0,env_plus_no_ratio,extra_trees,0,,
59,51.09823,30.12301,262,2.65,5.0,5.0,16.0,17.0,50.0,49.0,125.0,124.0,63.0,63.0,126.0,5.3,6.51,58.3,22.0,280.0,18.0,15.0,baseline,59,0.11338885220440169,nuclide_mode,1.0.0,env_plus_no_ratio,extra_trees,0,,
60,51.09777,30.16727,265,3.8,5.0,5.0,14.0,14.0,63.0,63.0,132.0,132.0,60.0,60.0,121.0,17.0,5.05,60.5,15.9,160.0,12.0,9.0,baseline,60,0.1092903633651651,nuclide_mode,1.0.0,env_plus_no_ratio,extra_trees,0,,
61,51.09787,30.20979,268,3.18,4.0,4.0,12.0,13.0,70.0,70.0,133.0,138.0,56.0,56.0,119.0,9.5,6.71,44.6,14.0,140.0,13.0,7.0,baseline,61,0.10758356333934976,nuclide_mode,1.0.0,env_plus_no_ratio,extra_trees,0,,
62,51.09777,30.22431,269,2.88,3.0,3.0,16.0,16.0,57.0,57.0,139.0,137.0,62.0,62.0,119.0,0.9,8.24,36.7,12.7,210.0,14.0,12.0,baseline,62,0.10415432829365431,nuclide_mode,1.0.0,env_plus_no_ratio,extra_trees,0,,
63,51.098,30.25237,271,2.94,3.0,3.0,13.0,14.0,61.0,61.0,137.0,136.0,61.0,61.0,116.0,14.4,5.72,43.1,14.6,180.0,25.0,11.0,baseline,63,0.10605968436487201,nuclide_mode,1.0.0,env_plus_no_ratio,extra_trees,0,,
64,51.09788,30.26656,272,3.98,3.0,3.0,16.0,17.0,55.0,55.0,137.0,136.0,62.0,62.0,116.0,1.2,8.33,46.7,11.7,260.0,19.0,17.0,baseline,64,0.1093383994381455,nuclide_mode,1.0.0,env_plus_no_ratio,extra_trees,0,,
65,51.0983,30.29691,274,4.22,5.0,4.0,16.0,17.0,56.0,56.0,125.0,124.0,60.0,61.0,119.0,2.3,7.12,69.1,16.4,170.0,14.0,9.0,baseline,65,0.10747103405258843,nuclide_mode,1.0.0,env_plus_no_ratio,extra_trees,0,,
66,51.09198,29.75775,279,5.12,7.0,7.0,15.0,16.0,65.0,65.0,121.0,121.0,58.0,58.0,129.0,11.0,5.8,14.0,2.74,96.0,8.0,6.0,baseline,66,0.09707533555811546,nuclide_mode,1.0.0,env_plus_no_ratio,extra_trees,0,,
67,51.09238,30.03711,282,2.99,5.0,5.0,17.0,19.0,54.0,54.0,134.0,133.0,64.0,64.0,129.0,4.9,6.31,61.6,20.6,246.0,19.0,14.0,baseline,67,0.11311448792039629,nuclide_mode,1.0.0,env_plus_no_ratio,extra_trees,0,,
68,51.09123,30.05345,285,6.5,5.0,5.0,14.0,15.0,65.0,65.0,130.0,130.0,58.0,58.0,131.0,19.5,4.81,44.7,6.88,116.0,8.0,7.0,baseline,68,0.11417212077354286,nuclide_mode,1.0.0,env_plus_no_ratio,extra_trees,0,,
69,51.08926,30.33778,288,2.33,3.0,3.0,15.0,15.0,67.0,67.0,124.0,123.0,59.0,59.0,113.0,8.7,5.67,48.5,20.8,190.0,15.0,11.0,baseline,69,0.10611396398414773,nuclide_mode,1.0.0,env_plus_no_ratio,extra_trees,0,,
70,51.08871,30.30723,290,3.48,3.0,3.0,16.0,16.0,58.0,58.0,135.0,140.0,70.0,70.0,115.0,3.3,6.4,43.7,12.6,100.0,6.0,6.0,baseline,70,0.10680288329627748,nuclide_mode,1.0.0,env_plus_no_ratio,extra_trees,0,,
71,51.08875,30.2943,291,3.56,4.0,4.0,17.0,18.0,57.0,57.0,139.0,141.0,68.0,69.0,116.0,1.4,7.09,33.9,9.52,99.0,8.5,5.0,baseline,71,0.10290746302805354,nuclide_mode,1.0.0,env_plus_no_ratio,extra_trees,0,,
72,51.08902,30.28173,292,3.59,3.0,3.0,17.0,18.0,55.0,55.0,139.0,137.0,68.0,68.0,116.0,0.4,8.75,37.5,10.5,131.0,10.0,7.0,baseline,72,0.10560703217723516,nuclide_mode,1.0.0,env_plus_no_ratio,extra_trees,0,,
73,51.08904,30.25095,294,5.16,6.0,6.0,11.0,12.0,53.0,53.0,123.0,129.0,54.0,54.0,121.0,19.7,4.75,57.2,11.1,131.0,11.0,7.0,baseline,73,0.14690727834744643,nuclide_mode,1.0.0,env_plus_no_ratio,extra_trees,0,,
74,51.08882,30.22364,296,3.06,4.0,4.0,15.0,16.0,60.0,60.0,128.0,127.0,60.0,60.0,117.0,3.3,6.84,53.1,17.3,290.0,20.0,16.0,baseline,74,0.10671413103617691,nuclide_mode,1.0.0,env_plus_no_ratio,extra_trees,0,,
75,51.08949,30.0375,311,1.72,4.0,3.0,16.0,17.0,58.0,57.0,131.0,131.0,61.0,61.0,127.0,8.3,5.86,54.6,31.7,230.0,14.0,15.0,baseline,75,0.10930282908443219,nuclide_mode,1.0.0,env_plus_no_ratio,extra_trees,0,,
76,51.08838,30.02322,314,2.24,4.0,4.0,16.0,18.0,57.0,57.0,134.0,135.0,64.0,64.0,125.0,6.4,6.64,54.7,24.4,290.0,24.0,21.0,baseline,76,0.11137441527285813,nuclide_mode,1.0.0,env_plus_no_ratio,extra_trees,0,,
77,51.089414,30.009772,316,3.45,3.0,4.0,15.0,17.0,55.0,55.0,135.0,136.0,59.0,59.0,127.0,8.9,6.15,49.4,14.3,220.0,16.0,11.0,baseline,77,0.10817577003224096,nuclide_mode,1.0.0,env_plus_no_ratio,extra_trees,0,,
78,51.08329,29.90467,340,2.72,5.0,4.0,14.0,15.0,57.0,56.0,127.0,127.0,58.0,58.0,132.0,5.3,5.82,27.8,10.2,133.0,12.0,8.0,baseline,78,0.10278696664159515,nuclide_mode,1.0.0,env_plus_no_ratio,extra_trees,0,,
79,51.081516,29.99411,362,3.34,4.0,4.0,15.0,17.0,60.0,59.0,131.0,130.0,59.0,59.0,123.0,8.9,5.84,52.6,15.8,130.0,18.0,7.0,baseline,79,0.10552914475584596,nuclide_mode,1.0.0,env_plus_no_ratio,extra_trees,0,,
80,51.079876,30.237963,379,2.72,4.0,4.0,15.0,17.0,48.0,48.0,131.0,129.0,64.0,64.0,114.0,3.2,7.21,72.1,26.5,360.0,23.0,22.0,baseline,80,0.11307468049188833,nuclide_mode,1.0.0,env_plus_no_ratio,extra_trees,0,,
81,51.079876,30.252243,380,2.63,4.0,3.0,16.0,17.0,44.0,44.0,134.0,132.0,64.0,64.0,115.0,6.8,6.1,51.2,19.5,360.0,21.0,22.0,baseline,81,0.11374945689094255,nuclide_mode,1.0.0,env_plus_no_ratio,extra_trees,0,,
82,51.07945,30.28069,382,2.44,3.0,3.0,17.0,18.0,52.0,51.0,138.0,139.0,64.0,64.0,113.0,7.6,5.58,60.0,24.6,340.0,24.0,22.0,baseline,82,0.10934024582909896,nuclide_mode,1.0.0,env_plus_no_ratio,extra_trees,0,,
83,51.07985,30.29523,383,3.28,4.0,4.0,16.0,17.0,52.0,52.0,138.0,139.0,64.0,64.0,113.0,6.0,5.92,43.2,13.2,245.0,17.0,18.0,baseline,83,0.1072132218143199,nuclide_mode,1.0.0,env_plus_no_ratio,extra_trees,0,,
84,51.079876,30.309361,384,8.3,4.0,4.0,17.0,18.0,58.0,58.0,133.0,138.0,65.0,65.0,111.0,10.2,5.49,39.9,4.8,90.0,7.0,5.0,baseline,84,0.10269487559826332,nuclide_mode,1.0.0,env_plus_no_ratio,extra_trees,0,,
85,51.07903,30.33656,386,3.11,4.0,4.0,14.0,15.0,66.0,67.0,130.0,131.0,59.0,59.0,113.0,6.0,6.25,45.9,14.8,110.0,10.0,6.0,baseline,85,0.10569037628160731,nuclide_mode,1.0.0,env_plus_no_ratio,extra_trees,0,,
86,51.0802,30.3521,389,2.92,4.0,4.0,16.0,17.0,60.0,60.0,131.0,133.0,61.0,61.0,111.0,5.8,6.13,12.5,4.27,150.0,14.0,20.0,baseline,86,0.09960619770734756,nuclide_mode,1.0.0,env_plus_no_ratio,extra_trees,0,,
87,51.07991,30.38073,392,2.28,3.0,4.0,15.0,16.0,61.0,61.0,129.0,132.0,63.0,63.0,109.0,3.1,6.34,53.0,23.2,182.0,12.0,10.0,baseline,87,0.10595342987782502,nuclide_mode,1.0.0,env_plus_no_ratio,extra_trees,0,,
88,51.07956,30.39463,394,2.39,4.0,4.0,16.0,17.0,55.0,54.0,127.0,128.0,62.0,62.0,104.0,10.1,6.09,51.9,21.7,195.0,17.0,12.0,baseline,88,0.10772663772332845,nuclide_mode,1.0.0,env_plus_no_ratio,extra_trees,0,,
89,51.07692,29.99038,406,1.92,4.0,4.0,15.0,17.0,58.0,58.0,135.0,134.0,59.0,59.0,126.0,17.2,4.58,83.1,43.3,150.0,11.0,9.0,baseline,89,0.11185986044664452,nuclide_mode,1.0.0,env_plus_no_ratio,extra_trees,0,,
90,51.07718,29.90931,413,2.39,4.0,4.0,16.0,18.0,59.0,59.0,134.0,134.0,58.0,58.0,132.0,7.4,5.77,42.2,17.7,78.0,6.0,6.0,baseline,90,0.10692630262381675,nuclide_mode,1.0.0,env_plus_no_ratio,extra_trees,0,,
91,51.07401,29.9243,418,2.92,4.0,4.0,13.0,15.0,58.0,58.0,132.0,132.0,61.0,61.0,131.0,8.2,6.15,27.3,9.36,119.0,11.0,7.0,baseline,91,0.10115628584952496,nuclide_mode,1.0.0,env_plus_no_ratio,extra_trees,0,,
92,51.07378,29.96635,419,2.45,5.0,5.0,17.0,18.0,48.0,48.0,135.0,134.0,67.0,67.0,126.0,2.6,6.74,39.9,16.3,270.0,19.0,20.0,baseline,92,0.10700624268461129,nuclide_mode,1.0.0,env_plus_no_ratio,extra_trees,0,,
93,51.07352,29.98019,422,2.76,3.0,4.0,17.0,18.0,57.0,57.0,135.0,135.0,64.0,64.0,126.0,12.4,5.55,41.5,15.0,190.0,13.0,13.0,baseline,93,0.1039666334846588,nuclide_mode,1.0.0,env_plus_no_ratio,extra_trees,0,,
94,51.070883,30.380797,438,2.46,4.0,5.0,16.0,16.0,55.0,55.0,130.0,132.0,68.0,68.0,109.0,3.6,6.36,28.9,11.7,170.0,13.0,11.0,baseline,94,0.10449486802117272,nuclide_mode,1.0.0,env_plus_no_ratio,extra_trees,0,,
95,51.07149,30.35115,440,2.74,7.0,7.0,15.0,16.0,57.0,57.0,125.0,125.0,60.0,60.0,110.0,9.6,5.29,51.0,18.6,140.0,9.0,83.0,baseline,95,0.10750899695104511,nuclide_mode,1.0.0,env_plus_no_ratio,extra_trees,0,,
96,51.0716,30.29536,444,1.64,3.0,3.0,16.0,17.0,49.0,49.0,135.0,134.0,64.0,64.0,105.0,15.1,5.53,73.2,44.5,100.0,20.0,7.0,baseline,96,0.11093992887668211,nuclide_mode,1.0.0,env_plus_no_ratio,extra_trees,0,,
97,51.07112,30.28154,445,2.62,4.0,4.0,16.0,17.0,49.0,49.0,134.0,135.0,63.0,63.0,107.0,10.1,5.44,79.5,30.3,310.0,25.0,19.0,baseline,97,0.11434173746781805,nuclide_mode,1.0.0,env_plus_no_ratio,extra_trees,0,,
98,51.07061,30.2655,448,2.54,3.0,4.0,15.0,16.0,51.0,50.0,136.0,137.0,62.0,62.0,112.0,4.4,6.74,61.1,24.1,400.0,26.0,25.0,baseline,98,0.1107022920312239,nuclide_mode,1.0.0,env_plus_no_ratio,extra_trees,0,,
99,51.07076,30.25218,451,2.88,3.0,2.0,15.0,16.0,48.0,47.0,134.0,132.0,64.0,64.0,115.0,4.9,6.33,69.7,24.3,390.0,25.0,23.0,baseline,99,0.11202412458034688,nuclide_mode,1.0.0,env_plus_no_ratio,extra_trees,0,,
100,51.07117,30.23779,452,3.13,3.0,3.0,16.0,17.0,53.0,53.0,134.0,136.0,65.0,65.0,114.0,5.3,5.91,61.8,19.7,365.0,25.0,20.0,baseline,100,0.11143334237636957,nuclide_mode,1.0.0,env_plus_no_ratio,extra_trees,0,,
101,51.070892,30.209384,454,2.87,4.0,4.0,12.0,13.0,71.0,72.0,131.0,130.0,58.0,58.0,117.0,15.9,5.13,34.3,11.9,80.0,8.0,6.0,baseline,101,0.10498195304044348,nuclide_mode,1.0.0,env_plus_no_ratio,extra_trees,0,,
102,51.07092,30.19519,455,23.2,5.0,5.0,12.0,13.0,71.0,71.0,125.0,127.0,57.0,57.0,118.0,22.8,4.76,66.7,2.88,120.0,9.0,7.0,baseline,102,0.11374122215755032,nuclide_mode,1.0.0,env_plus_no_ratio,extra_trees,0,,
103,51.07084,30.1686,457,3.92,4.0,4.0,14.0,15.0,64.0,64.0,134.0,134.0,62.0,62.0,120.0,6.8,6.02,92.2,23.5,90.0,7.0,7.0,baseline,103,0.1042102353723809,nuclide_mode,1.0.0,env_plus_no_ratio,extra_trees,0,,
104,51.07126,30.12382,460,8.3,6.0,7.0,11.0,12.0,73.0,74.0,129.0,129.0,55.0,55.0,136.0,22.7,4.48,84.7,10.2,83.0,9.0,4.5,baseline,104,0.15042252315136478,nuclide_mode,1.0.0,env_plus_no_ratio,extra_trees,0,,
105,51.06958,30.08226,463,8.24,4.0,4.0,11.0,13.0,75.0,75.0,130.0,131.0,57.0,57.0,139.0,20.5,4.67,52.3,6.35,77.0,6.0,4.0,baseline,105,0.11548214077732272,nuclide_mode,1.0.0,env_plus_no_ratio,extra_trees,0,,
106,51.07047,30.039138,466,22.3,3.0,4.0,15.0,16.0,68.0,67.0,126.0,126.0,60.0,60.0,120.0,3.2,7.01,51.4,2.3,80.0,7.0,5.0,baseline,106,0.10538003524052358,nuclide_mode,1.0.0,env_plus_no_ratio,extra_trees,0,,
107,51.07107,29.99345,469,4.81,5.0,4.0,17.0,18.0,55.0,55.0,135.0,134.0,63.0,63.0,124.0,2.5,7.51,62.7,13.0,140.0,10.0,10.0,baseline,107,0.10941021946573312,nuclide_mode,1.0.0,env_plus_no_ratio,extra_trees,0,,
108,51.071267,29.953709,472,3.4,4.0,4.0,17.0,19.0,52.0,52.0,134.0,133.0,67.0,66.0,127.0,7.2,6.29,47.4,13.9,220.0,12.0,9.0,baseline,108,0.10942478423629291,nuclide_mode,1.0.0,env_plus_no_ratio,extra_trees,0,,
109,51.07154,29.90879,475,4.37,5.0,5.0,14.0,16.0,57.0,56.0,133.0,133.0,59.0,59.0,132.0,5.9,6.5,27.0,6.18,118.0,12.0,6.0,baseline,109,0.10138381839274689,nuclide_mode,1.0.0,env_plus_no_ratio,extra_trees,0,,
110,51.069372,29.866127,479,9.13,5.0,6.0,14.0,15.0,70.0,70.0,131.0,131.0,56.0,56.0,144.0,14.0,5.85,34.2,3.74,35.0,13.0,12.0,baseline,110,0.10187271327582319,nuclide_mode,1.0.0,env_plus_no_ratio,extra_trees,0,,
111,51.06997,29.82462,482,3.44,4.0,4.0,17.0,19.0,55.0,56.0,139.0,138.0,63.0,63.0,134.0,4.9,7.06,17.7,5.15,142.0,8.0,9.0,baseline,111,0.10053125900533873,nuclide_mode,1.0.0,env_plus_no_ratio,extra_trees,0,,
112,51.07151,29.78159,487,9.71,5.0,5.0,11.0,12.0,67.0,67.0,123.0,127.0,51.0,51.0,158.0,17.2,4.79,17.2,1.77,65.0,4.0,4.0,baseline,112,0.09573920607634206,nuclide_mode,1.0.0,env_plus_no_ratio,extra_trees,0,,
113,51.067894,29.804816,491,4.76,4.0,4.0,17.0,19.0,57.0,57.0,134.0,134.0,60.0,60.0,136.0,3.7,6.38,14.9,3.13,149.0,13.0,12.0,baseline,113,0.09913487448307949,nuclide_mode,1.0.0,env_plus_no_ratio,extra_trees,0,,
114,51.067894,29.819094,494,3.02,4.0,4.0,16.0,18.0,58.0,58.0,139.0,139.0,60.0,60.0,136.0,4.7,6.85,17.4,5.77,121.0,9.0,7.0,baseline,114,0.10079366033506015,nuclide_mode,1.0.0,env_plus_no_ratio,extra_trees,0,,
115,51.06536,30.26233,512,2.08,3.0,4.0,14.0,15.0,55.0,55.0,134.0,136.0,62.0,62.0,110.0,25.2,5.36,50.0,24.1,300.0,24.0,19.0,baseline,115,0.11121814924580785,nuclide_mode,1.0.0,env_plus_no_ratio,extra_trees,0,,
116,51.06477,30.24661,515,3.4,5.0,4.0,16.0,17.0,57.0,57.0,137.0,135.0,63.0,63.0,114.0,11.4,5.55,46.8,13.8,215.0,20.0,15.0,baseline,116,0.10665096940266183,nuclide_mode,1.0.0,env_plus_no_ratio,extra_trees,0,,
117,51.064896,30.047557,521,4.46,3.0,3.0,16.0,17.0,66.0,66.0,130.0,129.0,63.0,63.0,121.0,5.6,6.32,54.8,12.3,76.0,9.0,5.0,baseline,117,0.10750193063694519,nuclide_mode,1.0.0,env_plus_no_ratio,extra_trees,0,,
118,51.061889,30.123726,558,5.11,4.0,4.0,14.0,15.0,68.0,68.0,133.0,131.0,65.0,65.0,120.0,7.0,6.06,135.0,26.5,123.0,11.0,7.0,baseline,118,0.14967813461476534,nuclide_mode,1.0.0,env_plus_no_ratio,extra_trees,0,,
119,51.061004,30.195435,563,2.36,4.0,4.0,16.0,18.0,56.0,56.0,136.0,135.0,66.0,66.0,117.0,4.7,6.37,57.8,24.5,370.0,25.0,22.0,baseline,119,0.10909593016298688,nuclide_mode,1.0.0,env_plus_no_ratio,extra_trees,0,,
120,51.061738,30.199676,564,2.34,3.0,3.0,16.0,17.0,59.0,58.0,137.0,135.0,63.0,63.0,116.0,9.0,5.94,52.1,22.2,400.0,26.0,25.0,baseline,120,0.11036625638955944,nuclide_mode,1.0.0,env_plus_no_ratio,extra_trees,0,,
121,51.05862,29.71945,580,11.3,4.0,5.0,14.0,16.0,65.0,65.0,136.0,135.0,57.0,57.0,143.0,38.1,4.78,10.8,0.95,106.0,9.0,6.0,baseline,121,0.09727229370610067,nuclide_mode,1.0.0,env_plus_no_ratio,extra_trees,0,,
122,51.0527,30.26792,595,9.66,4.0,5.0,13.0,14.0,66.0,66.0,133.0,133.0,59.0,59.0,115.0,7.6,6.46,45.2,4.68,60.0,7.0,4.0,baseline,122,0.10943218665523025,nuclide_mode,1.0.0,env_plus_no_ratio,extra_trees,0,,
123,51.05272,30.20061,600,2.79,4.0,5.0,16.0,16.0,55.0,53.0,137.0,136.0,62.0,62.0,108.0,10.0,6.43,47.5,17.0,280.0,17.0,14.0,baseline,123,0.10982050000685781,nuclide_mode,1.0.0,env_plus_no_ratio,extra_trees,0,,
124,51.05289,30.13888,605,5.09,4.0,4.0,16.0,17.0,63.0,62.0,133.0,132.0,63.0,63.0,121.0,5.7,6.11,142.0,27.8,75.0,6.0,6.0,baseline,124,0.13599199744455032,nuclide_mode,1.0.0,env_plus_no_ratio,extra_trees,0,,
125,51.05303,30.12438,608,4.22,3.0,3.0,15.0,16.0,63.0,63.0,138.0,137.0,64.0,64.0,116.0,3.2,6.86,52.2,12.4,110.0,11.0,11.0,baseline,125,0.10661265891098305,nuclide_mode,1.0.0,env_plus_no_ratio,extra_trees,0,,
126,51.05195,29.78041,633,5.72,4.0,4.0,16.0,18.0,59.0,59.0,137.0,136.0,61.0,61.0,143.0,6.4,6.13,17.3,3.02,164.0,13.0,11.0,baseline,126,0.09954245225461186,nuclide_mode,1.0.0,env_plus_no_ratio,extra_trees,0,,
127,51.05307,29.76716,636,6.15,5.0,4.0,15.0,17.0,56.0,56.0,135.0,136.0,60.0,60.0,144.0,4.8,6.44,14.6,2.37,340.0,22.0,23.0,baseline,127,0.10948148566424373,nuclide_mode,1.0.0,env_plus_no_ratio,extra_trees,0,,
128,51.05312,29.75195,639,3.25,4.0,4.0,17.0,19.0,59.0,59.0,133.0,132.0,60.0,60.0,145.0,3.0,6.63,13.9,4.27,244.0,19.0,17.0,baseline,128,0.1027622190894767,nuclide_mode,1.0.0,env_plus_no_ratio,extra_trees,0,,
129,51.05297,29.73811,642,8.1,5.0,5.0,16.0,18.0,60.0,60.0,135.0,135.0,59.0,59.0,147.0,6.8,5.79,16.9,2.08,176.0,14.0,11.0,baseline,129,0.09922913140789628,nuclide_mode,1.0.0,env_plus_no_ratio,extra_trees,0,,
130,51.04988,29.79071,651,13.3,4.0,3.0,17.0,18.0,58.0,58.0,143.0,142.0,61.0,61.0,143.0,11.6,5.0,21.6,1.63,284.0,20.0,20.0,baseline,130,0.10538541170754105,nuclide_mode,1.0.0,env_plus_no_ratio,extra_trees,0,,
131,51.04561,30.19134,661,1.65,4.0,4.0,15.0,16.0,48.0,48.0,138.0,136.0,63.0,63.0,120.0,29.9,4.83,53.0,32.1,215.0,14.0,13.0,baseline,131,0.10857168845765537,nuclide_mode,1.0.0,env_plus_no_ratio,extra_trees,0,,
132,51.04714,30.14791,664,2.3,4.0,3.0,14.0,15.0,60.0,59.0,131.0,130.0,63.0,63.0,121.0,5.5,6.25,77.6,33.7,80.0,8.0,5.0,baseline,132,0.10308811946152992,nuclide_mode,1.0.0,env_plus_no_ratio,extra_trees,0,,
133,51.046912,30.133231,667,3.73,4.0,4.0,15.0,16.0,56.0,56.0,134.0,135.0,64.0,64.0,113.0,3.3,6.8,104.0,27.9,180.0,16.0,12.0,baseline,133,0.11496397694378858,nuclide_mode,1.0.0,env_plus_no_ratio,extra_trees,0,,
134,51.04704,30.1141,671,12.4,3.0,4.0,13.0,14.0,72.0,72.0,120.0,125.0,58.0,58.0,117.0,12.3,5.46,28.4,2.29,90.0,8.0,6.0,baseline,134,0.09966836963883252,nuclide_mode,1.0.0,env_plus_no_ratio,extra_trees,0,,
135,51.04676,29.77086,676,5.17,3.0,4.0,17.0,18.0,56.0,55.0,137.0,136.0,60.0,60.0,152.0,9.6,5.4,15.4,2.98,234.0,13.0,15.0,baseline,135,0.1022517590253016,nuclide_mode,1.0.0,env_plus_no_ratio,extra_trees,0,,
136,51.043838,29.694039,679,7.94,4.0,4.0,17.0,18.0,49.0,48.0,128.0,128.0,65.0,65.0,150.0,6.3,6.16,17.6,2.22,240.0,10.0,8.0,baseline,136,0.10465956403250946,nuclide_mode,1.0.0,env_plus_no_ratio,extra_trees,0,,
137,51.044,29.73761,682,8.55,5.0,4.0,16.0,18.0,58.0,57.0,136.0,135.0,63.0,63.0,140.0,6.6,6.21,11.8,1.37,165.0,13.0,12.0,baseline,137,0.09861727905514937,nuclide_mode,1.0.0,env_plus_no_ratio,extra_trees,0,,
138,51.044203,29.78018,685,6.29,3.0,4.0,17.0,19.0,56.0,56.0,139.0,140.0,59.0,59.0,139.0,3.0,7.34,15.9,2.54,139.0,8.0,7.0,baseline,138,0.09828665133300113,nuclide_mode,1.0.0,env_plus_no_ratio,extra_trees,0,,
139,51.04325,29.82336,688,4.36,4.0,4.0,14.0,16.0,63.0,63.0,132.0,132.0,60.0,60.0,146.0,9.7,5.79,24.4,5.6,164.0,9.0,12.0,baseline,139,0.10089754630382536,nuclide_mode,1.0.0,env_plus_no_ratio,extra_trees,0,,
140,51.04469,29.86551,691,5.47,5.0,5.0,14.0,16.0,67.0,67.0,121.0,122.0,56.0,56.0,150.0,22.4,4.4,34.4,6.3,68.0,5.0,5.0,baseline,140,0.11090899592085497,nuclide_mode,1.0.0,env_plus_no_ratio,extra_trees,0,,
141,51.04398,29.90843,694,3.91,3.0,3.0,17.0,19.0,56.0,56.0,139.0,138.0,62.0,62.0,137.0,7.2,5.88,22.3,5.69,302.0,17.0,21.0,baseline,141,0.1059305250638293,nuclide_mode,1.0.0,env_plus_no_ratio,extra_trees,0,,
142,51.044055,29.952572,697,3.85,5.0,4.0,16.0,18.0,55.0,55.0,135.0,134.0,58.0,58.0,134.0,20.0,4.97,31.2,8.1,140.0,13.0,14.0,baseline,142,0.10534961506249052,nuclide_mode,1.0.0,env_plus_no_ratio,extra_trees,0,,
143,51.04321,30.03807,703,3.57,4.0,4.0,16.0,18.0,58.0,58.0,133.0,131.0,62.0,62.0,123.0,12.4,5.59,68.0,19.1,98.0,11.0,6.0,baseline,143,0.10847885279874109,nuclide_mode,1.0.0,env_plus_no_ratio,extra_trees,0,,
144,51.04409,30.07969,706,4.05,4.0,4.0,14.0,15.0,71.0,72.0,138.0,136.0,61.0,60.0,110.0,6.5,5.81,71.6,17.7,95.0,9.0,6.0,baseline,144,0.11057152858279773,nuclide_mode,1.0.0,env_plus_no_ratio,extra_trees,0,,
145,51.043903,30.123726,712,3.33,5.0,5.0,15.0,16.0,62.0,62.0,131.0,131.0,62.0,62.0,117.0,24.3,5.18,117.0,35.1,190.0,16.0,12.0,baseline,145,0.11675852917093367,nuclide_mode,1.0.0,env_plus_no_ratio,extra_trees,0,,
146,51.04356,30.16552,716,2.97,5.0,5.0,14.0,15.0,59.0,59.0,130.0,130.0,60.0,60.0,116.0,45.0,3.38,65.7,22.1,170.0,11.0,12.0,baseline,146,0.11077391795440228,nuclide_mode,1.0.0,env_plus_no_ratio,extra_trees,0,,
147,51.04325,30.18084,717,1.89,3.0,4.0,16.0,16.0,54.0,54.0,137.0,136.0,62.0,62.0,110.0,41.6,4.46,34.1,18.0,300.0,22.0,17.0,baseline,147,0.10576682932861745,nuclide_mode,1.0.0,env_plus_no_ratio,extra_trees,0,,
148,51.044871,30.254171,723,2.38,6.0,6.0,15.0,17.0,53.0,53.0,131.0,131.0,63.0,63.0,105.0,12.7,5.26,62.3,26.2,225.0,33.0,26.0,baseline,148,0.11329132987783494,nuclide_mode,1.0.0,env_plus_no_ratio,extra_trees,0,,
149,51.0379,29.91425,729,3.72,5.0,5.0,18.0,19.0,55.0,55.0,133.0,131.0,65.0,65.0,135.0,3.0,6.67,38.6,10.4,351.0,21.0,21.0,baseline,149,0.10963266547632496,nuclide_mode,1.0.0,env_plus_no_ratio,extra_trees,0,,
150,51.0377,30.09093,732,3.28,5.0,5.0,16.0,17.0,59.0,59.0,133.0,132.0,66.0,66.0,110.0,9.5,5.41,68.3,20.9,82.0,8.0,7.0,baseline,150,0.10752142764599819,nuclide_mode,1.0.0,env_plus_no_ratio,extra_trees,0,,
151,51.0352,30.08228,740,3.1,5.0,5.0,15.0,16.0,60.0,60.0,131.0,129.0,60.0,60.0,117.0,8.3,5.71,112.0,36.2,90.0,7.0,6.0,baseline,151,0.10964912546852747,nuclide_mode,1.0.0,env_plus_no_ratio,extra_trees,0,,
152,51.02865,29.91425,785,4.32,4.0,4.0,16.0,18.0,60.0,60.0,134.0,133.0,64.0,64.0,135.0,3.7,6.53,32.4,7.51,266.0,19.5,14.0,baseline,152,0.10390156404755212,nuclide_mode,1.0.0,env_plus_no_ratio,extra_trees,0,,
153,51.02773,29.90069,787,3.54,4.0,4.0,15.0,17.0,59.0,58.0,130.0,130.0,62.0,62.0,136.0,7.0,6.14,23.5,6.63,77.0,8.0,4.5,baseline,153,0.10038461440632312,nuclide_mode,1.0.0,env_plus_no_ratio,extra_trees,0,,
154,51.02546,29.52588,792,27.0,5.0,5.0,17.0,19.0,55.0,55.0,139.0,138.0,63.0,63.0,172.0,4.9,6.83,18.1,0.671,150.0,15.0,9.0,baseline,154,0.09856011138803952,nuclide_mode,1.0.0,env_plus_no_ratio,extra_trees,0,,
155,51.02572,29.7098,804,10.2,3.0,4.0,17.0,19.0,54.0,53.0,136.0,133.0,63.0,63.0,159.0,9.8,5.55,13.2,1.3,148.0,11.0,11.0,baseline,155,0.09812135701466117,nuclide_mode,1.0.0,env_plus_no_ratio,extra_trees,0,,
156,51.02575,30.06114,831,3.82,5.0,5.0,16.0,17.0,53.0,53.0,129.0,128.0,66.0,66.0,110.0,3.5,6.63,30.4,7.95,20.0,14.0,10.0,baseline,156,0.10236536751524392,nuclide_mode,1.0.0,env_plus_no_ratio,extra_trees,0,,
157,51.02256,29.94257,844,3.75,4.0,4.0,18.0,20.0,53.0,52.0,131.0,132.0,62.0,62.0,126.0,14.8,5.51,36.4,9.72,180.0,11.0,8.0,baseline,157,0.1033958656480853,nuclide_mode,1.0.0,env_plus_no_ratio,extra_trees,0,,
158,51.02296,29.49086,851,8.46,6.0,5.0,18.0,19.0,56.0,56.0,133.0,132.0,65.0,65.0,171.0,2.0,7.07,14.8,1.75,260.0,22.0,13.0,baseline,158,0.09995657147904302,nuclide_mode,1.0.0,env_plus_no_ratio,extra_trees,0,,
159,51.02015,29.86218,864,3.98,4.0,4.0,15.0,17.0,57.0,57.0,134.0,133.0,63.0,63.0,144.0,8.7,5.57,24.8,6.23,195.0,15.0,12.0,baseline,159,0.10183057983550287,nuclide_mode,1.0.0,env_plus_no_ratio,extra_trees,0,,
160,51.018467,30.082277,877,3.41,7.0,7.0,15.0,16.0,50.0,49.0,129.0,128.0,67.0,67.0,106.0,3.0,6.61,54.4,16.0,64.0,11.0,4.0,baseline,160,0.107219142294486,nuclide_mode,1.0.0,env_plus_no_ratio,extra_trees,0,,
161,51.01669,30.05093,879,3.15,5.0,5.0,17.0,18.0,43.0,43.0,134.0,133.0,68.0,68.0,106.0,15.3,5.82,48.4,15.4,123.0,12.0,11.0,baseline,161,0.10883259302350853,nuclide_mode,1.0.0,env_plus_no_ratio,extra_trees,0,,
162,51.01683,30.0377,881,2.02,3.0,3.0,18.0,20.0,52.0,52.0,133.0,131.0,66.0,66.0,122.0,16.4,5.23,43.9,21.8,240.0,14.0,14.0,baseline,162,0.10851972338067982,nuclide_mode,1.0.0,env_plus_no_ratio,extra_trees,0,,
163,51.01689,30.02491,884,3.01,5.0,5.0,18.0,20.0,55.0,55.0,131.0,132.0,62.0,62.0,125.0,27.6,4.71,47.1,15.6,100.0,10.0,5.0,baseline,163,0.1066253020984084,nuclide_mode,1.0.0,env_plus_no_ratio,extra_trees,0,,
164,51.01733,30.01091,887,4.17,4.0,4.0,17.0,18.0,58.0,59.0,132.0,130.0,60.0,60.0,125.0,9.2,5.6,36.8,8.82,100.0,8.0,5.0,baseline,164,0.10351338579314164,nuclide_mode,1.0.0,env_plus_no_ratio,extra_trees,0,,
165,51.015104,29.995365,888,13.7,4.0,5.0,16.0,17.0,58.0,58.0,128.0,128.0,63.0,62.0,117.0,10.7,6.35,54.0,3.96,120.0,8.0,5.0,baseline,165,0.10573032530979191,nuclide_mode,1.0.0,env_plus_no_ratio,extra_trees,0,,
166,51.01733,29.96693,890,2.82,5.0,4.0,18.0,20.0,52.0,52.0,133.0,134.0,66.0,66.0,120.0,29.3,5.15,54.5,19.3,180.0,12.0,11.0,baseline,166,0.10956648016999546,nuclide_mode,1.0.0,env_plus_no_ratio,extra_trees,0,,
167,51.016923,29.952333,893,1.66,4.0,4.0,18.0,19.0,54.0,53.0,130.0,132.0,64.0,64.0,122.0,17.5,5.06,38.3,23.1,148.0,11.0,9.0,baseline,167,0.10380005828733903,nuclide_mode,1.0.0,env_plus_no_ratio,extra_trees,0,,
168,51.016923,29.938092,896,5.18,4.0,4.0,18.0,20.0,56.0,56.0,134.0,133.0,64.0,64.0,130.0,13.5,5.21,33.5,6.47,200.0,13.0,10.0,baseline,168,0.10296745552891858,nuclide_mode,1.0.0,env_plus_no_ratio,extra_trees,0,,
169,51.01651,29.9092,898,4.15,3.0,3.0,13.0,14.0,70.0,70.0,130.0,131.0,57.0,57.0,136.0,29.3,5.36,31.9,7.67,113.0,11.0,8.0,baseline,169,0.10476406892342036,nuclide_mode,1.0.0,env_plus_no_ratio,extra_trees,0,,
170,51.01713,29.86675,901,4.88,3.0,3.0,17.0,19.0,59.0,59.0,136.0,135.0,64.0,64.0,140.0,5.1,6.9,27.4,5.61,145.0,10.0,12.0,baseline,170,0.10089476129483768,nuclide_mode,1.0.0,env_plus_no_ratio,extra_trees,0,,
171,51.01694,29.85252,904,4.18,3.0,4.0,15.0,17.0,54.0,54.0,137.0,137.0,61.0,61.0,145.0,3.8,6.66,37.9,9.07,119.0,10.0,8.0,baseline,171,0.10333912773137495,nuclide_mode,1.0.0,env_plus_no_ratio,extra_trees,0,,
172,51.01673,29.82278,906,16.4,4.0,4.0,13.0,15.0,69.0,69.0,129.0,130.0,60.0,59.0,153.0,5.0,6.71,16.2,0.987,40.0,11.0,8.0,baseline,172,0.09755229059792665,nuclide_mode,1.0.0,env_plus_no_ratio,extra_trees,0,,
173,51.01672,29.7806,909,3.8,5.0,5.0,14.0,15.0,69.0,69.0,129.0,130.0,63.0,63.0,132.0,10.1,6.81,14.7,3.85,81.0,12.0,10.0,baseline,173,0.09800718676469022,nuclide_mode,1.0.0,env_plus_no_ratio,extra_trees,0,,
174,51.017546,29.740941,912,9.39,3.0,3.0,17.0,19.0,54.0,54.0,136.0,134.0,62.0,62.0,158.0,7.1,5.7,21.0,2.23,167.0,11.0,9.5,baseline,174,0.0996059427988089,nuclide_mode,1.0.0,env_plus_no_ratio,extra_trees,0,,
175,51.01699,29.69527,916,6.37,3.0,3.0,16.0,17.0,57.0,57.0,137.0,135.0,61.0,61.0,165.0,3.8,6.6,10.8,1.69,277.0,23.0,15.0,baseline,175,0.10645716211739953,nuclide_mode,1.0.0,env_plus_no_ratio,extra_trees,0,,
176,51.016936,29.652507,921,7.75,3.0,3.0,14.0,15.0,59.0,58.0,140.0,138.0,61.0,61.0,173.0,12.3,5.44,18.1,2.34,260.0,15.0,14.0,baseline,176,0.10301884761031226,nuclide_mode,1.0.0,env_plus_no_ratio,extra_trees,0,,
177,51.016936,29.62395,924,5.76,4.0,4.0,16.0,17.0,56.0,56.0,135.0,133.0,61.0,61.0,172.0,13.1,5.89,13.9,2.41,273.0,14.0,16.0,baseline,177,0.11099476628459062,nuclide_mode,1.0.0,env_plus_no_ratio,extra_trees,0,,
178,51.017298,29.610322,925,15.3,4.0,4.0,17.0,19.0,56.0,55.0,137.0,135.0,61.0,61.0,171.0,6.8,5.95,12.9,0.839,221.0,15.0,13.0,baseline,178,0.10210275854785959,nuclide_mode,1.0.0,env_plus_no_ratio,extra_trees,0,,
179,51.016936,29.566834,928,15.3,5.0,4.0,17.0,18.0,55.0,54.0,135.0,134.0,60.0,60.0,175.0,25.3,5.0,22.5,1.47,154.0,13.0,11.0,baseline,179,0.09910395693204455,nuclide_mode,1.0.0,env_plus_no_ratio,extra_trees,0,,
180,51.01683,29.52235,932,10.9,4.0,4.0,16.0,18.0,54.0,54.0,133.0,133.0,61.0,61.0,167.0,8.5,5.51,40.7,3.72,272.0,17.0,19.0,baseline,180,0.10745926043562634,nuclide_mode,1.0.0,env_plus_no_ratio,extra_trees,0,,
181,51.01756,29.5101,935,15.2,5.0,5.0,19.0,21.0,55.0,54.0,132.0,129.0,62.0,62.0,167.0,3.8,6.98,33.0,2.17,289.0,25.0,17.0,baseline,181,0.10361659238687826,nuclide_mode,1.0.0,env_plus_no_ratio,extra_trees,0,,
182,51.016936,29.494968,936,24.4,7.0,6.0,19.0,21.0,55.0,55.0,133.0,134.0,66.0,66.0,166.0,0.8,8.05,12.8,0.524,155.0,14.0,8.5,baseline,182,0.09758703588721684,nuclide_mode,1.0.0,env_plus_no_ratio,extra_trees,0,,
183,51.016923,29.481023,938,6.19,4.0,5.0,19.0,21.0,53.0,52.0,132.0,130.0,64.0,64.0,173.0,4.5,6.15,15.1,2.43,129.0,17.0,9.0,baseline,183,0.09862934675165175,nuclide_mode,1.0.0,env_plus_no_ratio,extra_trees,0,,
184,51.0116,30.02819,964,2.7,4.0,4.0,18.0,19.0,48.0,47.0,130.0,129.0,62.0,62.0,117.0,38.6,4.23,46.1,17.0,95.0,10.0,11.0,baseline,184,0.10879661891982016,nuclide_mode,1.0.0,env_plus_no_ratio,extra_trees,0,,
185,51.01114,29.85768,969,3.68,4.0,4.0,16.0,18.0,55.0,55.0,136.0,135.0,62.0,62.0,144.0,9.3,6.37,35.2,9.56,205.0,14.0,13.0,baseline,185,0.10391121579032056,nuclide_mode,1.0.0,env_plus_no_ratio,extra_trees,0,,
186,51.010941,29.695343,974,6.31,5.0,5.0,16.0,18.0,54.0,53.0,134.0,134.0,63.0,63.0,159.0,3.4,7.48,18.2,2.89,287.0,24.0,18.0,baseline,186,0.10228852830292146,nuclide_mode,1.0.0,env_plus_no_ratio,extra_trees,0,,
187,51.010941,29.681065,977,9.5,4.0,4.0,18.0,20.0,54.0,54.0,139.0,138.0,63.0,62.0,173.0,13.9,5.35,9.19,0.968,246.0,18.0,14.0,baseline,187,0.10362149209494217,nuclide_mode,1.0.0,env_plus_no_ratio,extra_trees,0,,
188,51.011283,29.61909,978,7.59,4.0,4.0,16.0,17.0,65.0,65.0,135.0,134.0,61.0,61.0,169.0,3.6,6.3,12.0,1.58,345.0,28.0,21.0,baseline,188,0.11061830709159962,nuclide_mode,1.0.0,env_plus_no_ratio,extra_trees,0,,
189,51.00804,29.52415,985,9.27,4.0,4.0,15.0,17.0,57.0,57.0,131.0,133.0,62.0,61.0,161.0,9.4,6.3,14.3,1.54,247.0,14.0,15.0,baseline,189,0.10256859919195774,nuclide_mode,1.0.0,env_plus_no_ratio,extra_trees,0,,
190,51.008,29.77188,1005,5.27,4.0,4.0,17.0,19.0,64.0,63.0,136.0,135.0,64.0,64.0,140.0,7.5,6.37,14.8,2.81,127.0,15.0,8.0,baseline,190,0.09767204577393583,nuclide_mode,1.0.0,env_plus_no_ratio,extra_trees,0,,
191,51.0079,29.86667,1015,3.6,4.0,3.0,15.0,17.0,59.0,58.0,135.0,136.0,63.0,63.0,145.0,5.3,6.17,25.5,7.06,161.0,21.0,9.0,baseline,191,0.101682096674673,nuclide_mode,1.0.0,env_plus_no_ratio,extra_trees,0,,
192,51.00832,29.95249,1022,6.63,4.0,4.0,18.0,19.0,54.0,53.0,135.0,136.0,70.0,71.0,137.0,2.5,6.67,39.6,5.97,270.0,15.0,16.0,baseline,192,0.10837636049516419,nuclide_mode,1.0.0,env_plus_no_ratio,extra_trees,0,,
193,51.0072,30.01928,1028,1.96,5.0,5.0,19.0,20.0,43.0,43.0,131.0,130.0,63.0,63.0,130.0,14.0,5.13,51.6,26.3,207.0,12.0,12.0,baseline,193,0.1105877973402835,nuclide_mode,1.0.0,env_plus_no_ratio,extra_trees,0,,
194,51.00467,30.00338,1034,3.34,4.0,4.0,20.0,21.0,50.0,49.0,133.0,132.0,61.0,61.0,132.0,4.5,5.93,65.5,19.6,237.0,16.0,14.0,baseline,194,0.1122695763559807,nuclide_mode,1.0.0,env_plus_no_ratio,extra_trees,0,,
195,51.0051,29.79124,1038,5.47,5.0,5.0,16.0,17.0,60.0,60.0,134.0,133.0,64.0,64.0,130.0,23.8,4.56,19.6,3.57,135.0,11.0,11.0,baseline,195,0.09878213180328935,nuclide_mode,1.0.0,env_plus_no_ratio,extra_trees,0,,
196,51.001948,29.695343,1049,10.8,3.0,4.0,16.0,18.0,59.0,58.0,138.0,137.0,62.0,62.0,163.0,8.3,6.2,21.1,1.96,259.0,15.0,15.0,baseline,196,0.10224850660289325,nuclide_mode,1.0.0,env_plus_no_ratio,extra_trees,0,,
197,50.99842,29.76682,1075,6.7,3.0,3.0,16.0,18.0,57.0,56.0,137.0,135.0,64.0,64.0,146.0,10.9,5.68,19.9,2.98,289.0,21.0,20.0,baseline,197,0.10604214656892415,nuclide_mode,1.0.0,env_plus_no_ratio,extra_trees,0,,
198,50.99902,29.52905,1093,9.9,4.0,4.0,16.0,17.0,68.0,68.0,135.0,136.0,62.0,62.0,160.0,22.5,4.89,14.5,1.46,125.0,15.0,8.0,baseline,198,0.09776952914195072,nuclide_mode,1.0.0,env_plus_no_ratio,extra_trees,0,,
199,50.99581,29.92384,1106,2.48,4.0,4.0,18.0,20.0,50.0,49.0,133.0,131.0,62.0,62.0,138.0,5.1,6.57,9.96,4.02,195.0,13.0,12.0,baseline,199,0.102579902946923,nuclide_mode,1.0.0,env_plus_no_ratio,extra_trees,0,,
200,50.98989,29.52395,1120,22.0,4.0,4.0,18.0,20.0,60.0,60.0,132.0,134.0,65.0,65.0,157.0,4.5,6.58,19.0,0.862,228.0,18.0,15.0,baseline,200,0.10212614427894984,nuclide_mode,1.0.0,env_plus_no_ratio,extra_trees,0,,
201,50.99044,29.56701,1123,7.29,5.0,4.0,10.0,11.0,72.0,73.0,122.0,126.0,59.0,59.0,182.0,43.4,3.73,11.3,1.54,95.0,9.0,6.5,baseline,201,0.09953090330329982,nuclide_mode,1.0.0,env_plus_no_ratio,extra_trees,0,,
202,50.99004,29.58575,1125,7.8,3.0,3.0,18.0,19.0,63.0,62.0,135.0,134.0,63.0,63.0,162.0,10.1,5.72,13.9,1.78,140.0,14.0,7.0,baseline,202,0.09770095649236323,nuclide_mode,1.0.0,env_plus_no_ratio,extra_trees,0,,
203,50.98957,29.60909,1128,9.88,5.0,4.0,18.0,19.0,58.0,57.0,139.0,137.0,63.0,63.0,161.0,2.2,7.26,15.6,1.57,218.0,16.0,18.0,baseline,203,0.10191893129739384,nuclide_mode,1.0.0,env_plus_no_ratio,extra_trees,0,,
204,50.989943,29.6525,1131,13.3,4.0,4.0,18.0,19.0,56.0,56.0,136.0,134.0,62.0,62.0,173.0,4.6,6.13,14.5,1.08,265.0,16.0,16.0,baseline,204,0.1078159742516321,nuclide_mode,1.0.0,env_plus_no_ratio,extra_trees,0,,
205,50.989943,29.695338,1134,17.0,4.0,4.0,15.0,17.0,72.0,71.0,129.0,128.0,60.0,60.0,171.0,10.6,5.9,21.3,1.25,90.0,7.0,6.0,baseline,205,0.09837425301851069,nuclide_mode,1.0.0,env_plus_no_ratio,extra_trees,0,,
206,50.98956,29.73812,1137,7.2,6.0,6.0,17.0,19.0,48.0,48.0,138.0,136.0,61.0,61.0,159.0,10.5,5.9,27.2,3.78,272.0,18.0,17.0,baseline,206,0.09943920814811023,nuclide_mode,1.0.0,env_plus_no_ratio,extra_trees,0,,
207,50.98991,29.7527,1138,2.54,4.0,4.0,15.0,17.0,54.0,53.0,138.0,136.0,63.0,63.0,155.0,17.0,5.37,19.3,7.59,184.0,21.0,14.0,baseline,207,0.10211465550259877,nuclide_mode,1.0.0,env_plus_no_ratio,extra_trees,0,,
208,50.99019,29.767031,1141,6.03,4.0,4.0,16.0,17.0,60.0,60.0,136.0,135.0,63.0,63.0,144.0,20.8,4.54,59.7,9.9,206.0,13.0,16.0,baseline,208,0.10985792725934496,nuclide_mode,1.0.0,env_plus_no_ratio,extra_trees,0,,
209,50.99056,29.78161,1144,7.88,3.0,3.0,18.0,20.0,53.0,53.0,133.0,133.0,64.0,64.0,152.0,4.8,6.03,23.0,2.92,215.0,15.0,13.0,baseline,209,0.10178874465437723,nuclide_mode,1.0.0,env_plus_no_ratio,extra_trees,0,,
210,50.98869,29.82286,1147,11.8,4.0,4.0,20.0,21.0,60.0,61.0,137.0,139.0,66.0,66.0,126.0,12.4,5.51,16.7,1.41,80.0,5.0,5.0,baseline,210,0.0976502496997286,nuclide_mode,1.0.0,env_plus_no_ratio,extra_trees,0,,
211,50.991258,29.865266,1150,16.8,4.0,4.0,13.0,14.0,66.0,66.0,131.0,131.0,61.0,61.0,157.0,16.2,5.25,38.5,2.29,69.0,7.0,4.0,baseline,211,0.10249399197354717,nuclide_mode,1.0.0,env_plus_no_ratio,extra_trees,0,,
212,50.98952,29.90993,1153,4.31,4.0,4.0,17.0,18.0,49.0,49.0,132.0,132.0,64.0,64.0,141.0,7.1,5.69,35.5,8.24,212.0,15.0,14.0,baseline,212,0.10484454937739171,nuclide_mode,1.0.0,env_plus_no_ratio,extra_trees,0,,
213,50.99009,29.95323,1157,5.67,4.0,4.0,19.0,20.0,50.0,50.0,138.0,138.0,63.0,63.0,136.0,3.1,7.19,52.2,9.21,264.0,18.0,18.0,baseline,213,0.1124282669097823,nuclide_mode,1.0.0,env_plus_no_ratio,extra_trees,0,,
214,50.99025,29.99456,1162,2.15,7.0,7.0,20.0,21.0,47.0,48.0,134.0,132.0,64.0,64.0,108.0,1.2,8.2,38.5,17.9,110.0,15.0,8.0,baseline,214,0.10555540902053939,nuclide_mode,1.0.0,env_plus_no_ratio,extra_trees,0,,
215,50.98754,29.98126,1168,19.9,5.0,5.0,19.0,20.0,49.0,49.0,134.0,134.0,62.0,62.0,117.0,11.1,5.24,51.0,2.56,211.0,20.0,14.0,baseline,215,0.11188309843447017,nuclide_mode,1.0.0,env_plus_no_ratio,extra_trees,0,,
216,50.986961,29.966644,1171,3.58,5.0,5.0,17.0,19.0,50.0,50.0,133.0,132.0,60.0,60.0,135.0,13.6,5.32,70.3,19.6,260.0,18.0,17.0,baseline,216,0.11339019486565782,nuclide_mode,1.0.0,env_plus_no_ratio,extra_trees,0,,
217,50.986,29.91985,1172,5.46,4.0,4.0,18.0,19.0,47.0,47.0,131.0,130.0,65.0,65.0,141.0,4.4,7.12,37.7,6.9,273.0,17.0,21.0,baseline,217,0.10752591018978007,nuclide_mode,1.0.0,env_plus_no_ratio,extra_trees,0,,
218,50.983963,29.666786,1189,11.9,3.0,4.0,16.0,17.0,65.0,65.0,136.0,135.0,59.0,59.0,174.0,4.8,6.02,24.9,2.08,186.0,14.0,13.0,baseline,218,0.10133360135488462,nuclide_mode,1.0.0,env_plus_no_ratio,extra_trees,0,,
219,50.980965,30.052317,1198,2.54,7.0,6.0,17.0,18.0,52.0,52.0,129.0,129.0,66.0,66.0,109.0,4.1,6.6,6.43,2.53,51.0,7.0,4.0,baseline,219,0.0968510892080693,nuclide_mode,1.0.0,env_plus_no_ratio,extra_trees,0,,
220,50.98092,29.97109,1203,8.6,5.0,4.0,17.0,19.0,52.0,52.0,126.0,127.0,61.0,61.0,122.0,37.1,4.41,54.2,6.3,80.0,8.0,5.0,baseline,220,0.10893149258538551,nuclide_mode,1.0.0,env_plus_no_ratio,extra_trees,0,,
221,50.980922,29.952048,1205,1.54,4.0,4.0,18.0,20.0,49.0,49.0,133.0,134.0,65.0,65.0,138.0,5.5,6.61,31.5,20.4,290.0,19.0,19.0,baseline,221,0.10793200328602669,nuclide_mode,1.0.0,env_plus_no_ratio,extra_trees,0,,
222,50.98036,29.78619,1218,7.37,3.0,3.0,17.0,18.0,55.0,55.0,136.0,135.0,63.0,64.0,154.0,12.6,5.59,23.9,3.25,200.0,13.0,13.0,baseline,222,0.10129513715850126,nuclide_mode,1.0.0,env_plus_no_ratio,extra_trees,0,,
223,50.98055,29.7714,1221,4.98,4.0,4.0,17.0,18.0,59.0,58.0,136.0,137.0,63.0,63.0,139.0,19.2,5.48,24.3,4.89,158.0,13.0,11.0,baseline,223,0.1020903270981447,nuclide_mode,1.0.0,env_plus_no_ratio,extra_trees,0,,
224,50.98108,29.75715,1223,6.64,3.0,3.0,16.0,18.0,54.0,54.0,134.0,132.0,64.0,64.0,157.0,5.3,6.08,38.5,5.79,263.0,16.0,14.0,baseline,224,0.10514014669875561,nuclide_mode,1.0.0,env_plus_no_ratio,extra_trees,0,,
225,50.98098,29.60994,1236,11.9,3.0,4.0,15.0,17.0,66.0,66.0,136.0,135.0,63.0,63.0,166.0,11.2,5.39,19.0,1.61,115.0,15.0,7.0,baseline,225,0.09797196560433916,nuclide_mode,1.0.0,env_plus_no_ratio,extra_trees,0,,
226,50.980348,29.595394,1239,6.2,4.0,4.0,17.0,18.0,69.0,68.0,138.0,137.0,61.0,61.0,158.0,9.4,5.58,10.8,1.74,165.0,10.0,11.0,baseline,226,0.09901267152327417,nuclide_mode,1.0.0,env_plus_no_ratio,extra_trees,0,,
227,50.9809,29.58118,1242,10.5,4.0,4.0,16.0,17.0,64.0,64.0,134.0,134.0,60.0,60.0,152.0,20.9,5.35,22.1,2.09,177.0,27.0,12.0,baseline,227,0.1002802476522334,nuclide_mode,1.0.0,env_plus_no_ratio,extra_trees,0,,
228,50.98112,29.43281,1252,38.3,4.0,4.0,17.0,18.0,58.0,58.0,135.0,134.0,60.0,60.0,170.0,1.9,7.13,26.1,0.683,118.0,10.5,7.0,baseline,228,0.09813360750414916,nuclide_mode,1.0.0,env_plus_no_ratio,extra_trees,0,,
229,50.977968,29.662026,1261,10.8,3.0,4.0,16.0,18.0,70.0,70.0,134.0,134.0,58.0,58.0,168.0,4.9,6.76,25.4,2.35,170.0,8.0,9.0,baseline,229,0.10101750715537902,nuclide_mode,1.0.0,env_plus_no_ratio,extra_trees,0,,
230,50.97835,30.01494,1271,6.59,5.0,7.0,19.0,20.0,51.0,51.0,129.0,129.0,70.0,70.0,115.0,33.9,4.28,61.5,9.33,45.0,6.0,4.0,baseline,230,0.11197239108911643,nuclide_mode,1.0.0,env_plus_no_ratio,extra_trees,0,,
231,50.97511,29.5334,1276,21.3,5.0,4.0,16.0,18.0,63.0,62.0,127.0,128.0,65.0,65.0,156.0,9.5,5.7,14.6,0.683,171.0,14.0,9.0,baseline,231,0.09990949677875274,nuclide_mode,1.0.0,env_plus_no_ratio,extra_trees,0,,
232,50.97487,29.52447,1278,8.93,3.0,3.0,16.0,19.0,60.0,60.0,138.0,136.0,62.0,62.0,159.0,4.3,6.42,8.96,1.0,163.0,12.0,10.0,baseline,232,0.09900082465666364,nuclide_mode,1.0.0,env_plus_no_ratio,extra_trees,0,,
233,50.9752,29.51049,1281,15.0,3.0,3.0,18.0,19.0,62.0,61.0,136.0,134.0,63.0,63.0,159.0,15.6,5.54,23.7,1.58,74.0,11.0,5.0,baseline,233,0.09761942784623327,nuclide_mode,1.0.0,env_plus_no_ratio,extra_trees,0,,
234,50.97223,29.77673,1311,6.27,4.0,4.0,17.0,18.0,55.0,54.0,136.0,135.0,61.0,61.0,147.0,23.1,4.83,29.0,4.63,380.0,25.0,26.0,baseline,234,0.10499363576893632,nuclide_mode,1.0.0,env_plus_no_ratio,extra_trees,0,,
235,50.97124,29.92359,1321,5.41,3.0,3.0,17.0,18.0,57.0,56.0,139.0,138.0,63.0,63.0,142.0,11.3,5.27,27.4,5.06,240.0,14.0,16.0,baseline,235,0.10248367310507384,nuclide_mode,1.0.0,env_plus_no_ratio,extra_trees,0,,
236,50.97261,30.00841,1326,2.48,5.0,5.0,15.0,16.0,49.0,49.0,127.0,126.0,67.0,67.0,110.0,6.6,6.21,73.2,29.5,53.0,6.0,5.0,baseline,236,0.10914364087811992,nuclide_mode,1.0.0,env_plus_no_ratio,extra_trees,0,,
237,50.96872,29.948,1331,3.99,4.0,4.0,18.0,19.0,54.0,53.0,133.0,133.0,63.0,63.0,121.0,34.4,4.33,31.2,7.83,145.0,10.0,14.0,baseline,237,0.10314276482388525,nuclide_mode,1.0.0,env_plus_no_ratio,extra_trees,0,,
238,50.96917,29.87584,1336,3.61,3.0,4.0,20.0,22.0,59.0,59.0,133.0,131.0,60.0,60.0,130.0,10.8,6.05,9.01,2.5,127.0,11.0,7.0,baseline,238,0.09896866735884537,nuclide_mode,1.0.0,env_plus_no_ratio,extra_trees,0,,
239,50.962413,29.996578,1357,7.75,10.0,10.0,14.0,16.0,58.0,58.0,119.0,122.0,58.0,58.0,127.0,14.9,5.59,58.2,7.51,56.0,8.0,5.0,baseline,239,0.12695820546081846,nuclide_mode,1.0.0,env_plus_no_ratio,extra_trees,0,,
240,50.9628,29.93671,1360,5.05,3.0,4.0,18.0,19.0,55.0,55.0,135.0,136.0,65.0,65.0,132.0,30.5,4.83,57.5,11.4,180.0,12.0,15.0,baseline,240,0.11356229598140291,nuclide_mode,1.0.0,env_plus_no_ratio,extra_trees,0,,
241,50.96273,29.92281,1363,7.41,3.0,4.0,16.0,17.0,63.0,63.0,136.0,135.0,63.0,63.0,139.0,9.6,5.64,26.7,3.6,80.0,6.0,5.0,baseline,241,0.0988389807479079,nuclide_mode,1.0.0,env_plus_no_ratio,extra_trees,0,,
242,50.96457,29.91055,1364,3.98,4.0,5.0,15.0,16.0,60.0,60.0,126.0,126.0,60.0,60.0,145.0,15.8,5.55,7.72,1.94,80.0,6.0,6.0,baseline,242,0.09729604043198195,nuclide_mode,1.0.0,env_plus_no_ratio,extra_trees,0,,
243,50.96309,29.88077,1366,7.86,3.0,3.0,18.0,20.0,57.0,58.0,137.0,138.0,64.0,64.0,126.0,12.3,5.71,51.0,6.49,88.0,8.0,7.0,baseline,243,0.10618914305213431,nuclide_mode,1.0.0,env_plus_no_ratio,extra_trees,0,,
244,50.96238,29.86654,1368,6.56,5.0,5.0,16.0,17.0,57.0,57.0,131.0,129.0,60.0,59.0,119.0,20.3,5.51,32.8,5.0,135.0,15.0,15.0,baseline,244,0.10341246005225864,nuclide_mode,1.0.0,env_plus_no_ratio,extra_trees,0,,
245,50.96257,29.82359,1371,22.9,5.0,5.0,12.0,13.0,68.0,67.0,131.0,132.0,58.0,58.0,158.0,23.9,4.96,29.8,1.3,75.0,66.0,49.0,baseline,245,0.1032768218271693,nuclide_mode,1.0.0,env_plus_no_ratio,extra_trees,0,,
246,50.96294,29.7816,1374,4.27,4.0,4.0,13.0,15.0,66.0,65.0,131.0,131.0,56.0,56.0,153.0,18.8,5.39,29.9,7.0,372.0,24.0,25.0,baseline,246,0.1114934448181495,nuclide_mode,1.0.0,env_plus_no_ratio,extra_trees,0,,
247,50.96336,29.75333,1378,7.59,4.0,4.0,16.0,17.0,57.0,57.0,137.0,136.0,65.0,65.0,148.0,11.2,5.79,19.6,2.57,214.0,13.0,15.0,baseline,247,0.10166893387066174,nuclide_mode,1.0.0,env_plus_no_ratio,extra_trees,0,,
248,50.96312,29.73859,1379,9.78,4.0,5.0,17.0,18.0,61.0,61.0,138.0,139.0,62.0,62.0,158.0,9.9,5.76,25.2,2.57,180.0,9.5,10.0,baseline,248,0.09973878729919426,nuclide_mode,1.0.0,env_plus_no_ratio,extra_trees,0,,
249,50.961887,29.695044,1382,26.4,8.0,7.0,14.0,15.0,69.0,68.0,128.0,128.0,58.0,58.0,174.0,8.6,5.85,25.5,0.965,80.0,9.0,5.0,baseline,249,0.09925932074125622,nuclide_mode,1.0.0,env_plus_no_ratio,extra_trees,0,,
250,50.962583,29.651804,1385,10.2,5.0,5.0,12.0,13.0,75.0,75.0,129.0,129.0,56.0,56.0,161.0,19.7,5.61,24.9,2.44,98.0,16.0,11.0,baseline,250,0.09890480825065597,nuclide_mode,1.0.0,env_plus_no_ratio,extra_trees,0,,
251,50.962043,29.609604,1388,31.3,6.0,5.0,12.0,13.0,78.0,79.0,124.0,129.0,56.0,56.0,157.0,15.4,5.77,22.0,0.703,112.0,11.0,9.0,baseline,251,0.0993635402516202,nuclide_mode,1.0.0,env_plus_no_ratio,extra_trees,0,,
252,50.963843,29.568409,1391,9.43,5.0,4.0,12.0,14.0,75.0,75.0,117.0,123.0,55.0,55.0,161.0,14.1,5.28,11.2,1.19,64.0,7.0,4.0,baseline,252,0.09685894007132953,nuclide_mode,1.0.0,env_plus_no_ratio,extra_trees,0,,
253,50.962981,29.52422,1394,34.8,6.0,6.0,15.0,16.0,58.0,57.0,125.0,132.0,60.0,60.0,157.0,8.8,5.68,19.8,0.567,112.0,12.0,7.0,baseline,253,0.09839837992534214,nuclide_mode,1.0.0,env_plus_no_ratio,extra_trees,0,,
254,50.96309,29.48104,1396,15.3,9.0,8.0,15.0,17.0,61.0,62.0,125.0,133.0,60.0,60.0,177.0,10.6,5.46,16.0,1.04,77.0,10.0,5.0,baseline,254,0.09856544423500821,nuclide_mode,1.0.0,env_plus_no_ratio,extra_trees,0,,
255,50.96295,29.43806,1399,72.7,4.0,4.0,11.0,12.0,71.0,71.0,129.0,131.0,58.0,58.0,180.0,13.6,4.81,32.7,0.45,162.0,15.0,10.0,baseline,255,0.10327965395426758,nuclide_mode,1.0.0,env_plus_no_ratio,extra_trees,0,,
256,50.95675,29.88591,1417,7.14,5.0,5.0,16.0,18.0,60.0,61.0,130.0,131.0,62.0,62.0,117.0,20.5,5.73,31.5,4.42,193.0,25.0,10.0,baseline,256,0.10229334697136237,nuclide_mode,1.0.0,env_plus_no_ratio,extra_trees,0,,
257,50.956985,29.466881,1427,18.1,3.0,4.0,14.0,16.0,65.0,65.0,133.0,133.0,61.0,61.0,165.0,5.4,6.57,13.1,0.724,45.0,9.0,7.0,baseline,257,0.09785961076116352,nuclide_mode,1.0.0,env_plus_no_ratio,extra_trees,0,,
258,50.95397,29.481144,1433,18.7,3.0,3.0,17.0,18.0,62.0,61.0,134.0,134.0,62.0,62.0,162.0,5.7,6.91,19.3,1.04,180.0,9.0,8.0,baseline,258,0.09924371585685907,nuclide_mode,1.0.0,env_plus_no_ratio,extra_trees,0,,
259,50.953985,29.495439,1436,5.2,3.0,3.0,18.0,20.0,60.0,60.0,134.0,133.0,63.0,63.0,166.0,13.3,5.4,19.2,3.69,170.0,11.0,10.0,baseline,259,0.10088591042552819,nuclide_mode,1.0.0,env_plus_no_ratio,extra_trees,0,,
260,50.953985,29.566834,1443,13.3,4.0,4.0,17.0,18.0,58.0,58.0,131.0,130.0,65.0,65.0,150.0,18.4,5.37,20.5,1.55,139.0,13.0,9.0,baseline,260,0.09810477635345449,nuclide_mode,1.0.0,env_plus_no_ratio,extra_trees,0,,
261,50.953985,29.576353,1444,11.0,6.0,5.0,15.0,17.0,61.0,61.0,127.0,131.0,60.0,60.0,149.0,44.5,3.77,17.5,1.59,115.0,7.0,8.0,baseline,261,0.09885275373571654,nuclide_mode,1.0.0,env_plus_no_ratio,extra_trees,0,,
262,50.95394,29.75214,1460,9.59,3.0,3.0,15.0,17.0,65.0,65.0,135.0,135.0,60.0,60.0,157.0,3.5,6.35,41.0,4.27,286.0,21.0,16.0,baseline,262,0.10585260483943955,nuclide_mode,1.0.0,env_plus_no_ratio,extra_trees,0,,
263,50.95425,29.7667,1463,8.93,4.0,4.0,11.0,12.0,71.0,71.0,124.0,126.0,55.0,55.0,163.0,34.0,3.8,39.6,4.43,222.0,13.5,15.0,baseline,263,0.10733062519159584,nuclide_mode,1.0.0,env_plus_no_ratio,extra_trees,0,,
264,50.953443,29.927568,1475,13.5,4.0,4.0,17.0,19.0,51.0,51.0,126.0,127.0,65.0,65.0,131.0,44.8,3.81,73.8,5.46,60.0,5.0,12.0,baseline,264,0.10860622385984132,nuclide_mode,1.0.0,env_plus_no_ratio,extra_trees,0,,
265,50.95103,29.67626,1490,11.0,4.0,3.0,16.0,18.0,61.0,61.0,137.0,135.0,62.0,62.0,158.0,11.1,5.69,27.8,2.54,106.0,11.0,7.0,baseline,265,0.09808796573145816,nuclide_mode,1.0.0,env_plus_no_ratio,extra_trees,0,,
266,50.950989,29.581112,1491,9.52,4.0,4.0,14.0,15.0,61.0,60.0,133.0,132.0,63.0,63.0,140.0,21.8,4.56,17.3,1.82,71.0,8.0,5.0,baseline,266,0.09736658885397328,nuclide_mode,1.0.0,env_plus_no_ratio,extra_trees,0,,
267,50.94813,29.45218,1499,10.5,5.0,4.0,19.0,20.0,58.0,58.0,132.0,131.0,65.0,65.0,169.0,5.5,6.19,23.3,2.22,278.0,18.0,15.0,baseline,267,0.10467583268104341,nuclide_mode,1.0.0,env_plus_no_ratio,extra_trees,0,,
268,50.947991,29.7477,1502,7.78,5.0,4.0,15.0,16.0,68.0,68.0,127.0,128.0,59.0,59.0,156.0,5.5,6.34,31.1,4.0,224.0,17.0,14.0,baseline,268,0.10410140249514704,nuclide_mode,1.0.0,env_plus_no_ratio,extra_trees,0,,
269,50.94781,29.89494,1505,4.22,4.0,4.0,16.0,18.0,53.0,53.0,126.0,127.0,65.0,65.0,137.0,28.0,4.72,62.8,14.9,148.0,18.0,22.0,baseline,269,0.11879211898440431,nuclide_mode,1.0.0,env_plus_no_ratio,extra_trees,0,,
270,50.94806,29.90969,1508,9.72,5.0,5.0,19.0,20.0,55.0,55.0,132.0,133.0,59.0,60.0,117.0,19.7,4.55,63.1,6.49,190.0,16.0,18.0,baseline,270,0.10924039676150271,nuclide_mode,1.0.0,env_plus_no_ratio,extra_trees,0,,
271,50.94785,29.98131,1510,3.94,4.0,4.0,18.0,19.0,60.0,62.0,124.0,124.0,64.0,64.0,112.0,5.1,7.07,72.4,18.4,78.0,13.0,7.0,baseline,271,0.10696167762144108,nuclide_mode,1.0.0,env_plus_no_ratio,extra_trees,0,,
272,50.94508,29.90914,1525,5.04,4.0,4.0,20.0,21.0,49.0,51.0,129.0,127.0,65.0,65.0,128.0,12.0,5.53,47.0,9.33,117.0,11.0,9.0,baseline,272,0.11035783095870359,nuclide_mode,1.0.0,env_plus_no_ratio,extra_trees,0,,
273,50.94423,29.89427,1528,8.23,5.0,4.0,16.0,17.0,49.0,49.0,125.0,124.0,68.0,69.0,140.0,9.4,5.57,57.7,7.01,129.0,11.0,9.0,baseline,273,0.10922398896438955,nuclide_mode,1.0.0,env_plus_no_ratio,extra_trees,0,,
274,50.94487,29.8806,1531,3.58,4.0,4.0,17.0,18.0,52.0,52.0,130.0,130.0,64.0,64.0,148.0,8.2,5.93,25.3,7.09,132.0,10.0,9.0,baseline,274,0.10111809461624782,nuclide_mode,1.0.0,env_plus_no_ratio,extra_trees,0,,
275,50.943449,29.876318,1566,6.48,3.0,3.0,17.0,19.0,55.0,55.0,131.0,130.0,64.0,64.0,146.0,9.2,5.46,63.8,9.84,40.0,14.0,9.0,baseline,275,0.11348255850424654,nuclide_mode,1.0.0,env_plus_no_ratio,extra_trees,0,,
276,50.94224,29.97181,1575,14.5,7.0,6.0,18.0,20.0,51.0,52.0,123.0,124.0,67.0,67.0,111.0,1.6,8.1,65.2,4.5,52.0,8.0,5.0,baseline,276,0.10686555414284794,nuclide_mode,1.0.0,env_plus_no_ratio,extra_trees,0,,
277,50.935984,29.481144,1586,30.5,4.0,4.0,19.0,20.0,57.0,57.0,133.0,132.0,63.0,63.0,166.0,5.6,5.97,25.1,0.825,190.0,13.0,11.0,baseline,277,0.1006858683103989,nuclide_mode,1.0.0,env_plus_no_ratio,extra_trees,0,,
278,50.935984,29.523983,1589,14.0,4.0,4.0,18.0,20.0,60.0,60.0,136.0,135.0,63.0,63.0,162.0,3.8,6.89,20.7,1.48,220.0,16.0,16.0,baseline,278,0.10196460948023776,nuclide_mode,1.0.0,env_plus_no_ratio,extra_trees,0,,
279,50.936001,29.566834,1592,13.8,4.0,4.0,18.0,20.0,64.0,65.0,138.0,137.0,64.0,64.0,160.0,6.3,6.12,17.4,1.26,270.0,16.0,17.0,baseline,279,0.10514781246028544,nuclide_mode,1.0.0,env_plus_no_ratio,extra_trees,0,,
280,50.935984,29.609661,1595,16.0,4.0,5.0,13.0,14.0,68.0,68.0,127.0,129.0,62.0,62.0,159.0,14.9,5.15,28.1,1.75,43.0,6.0,4.0,baseline,280,0.09883953493412087,nuclide_mode,1.0.0,env_plus_no_ratio,extra_trees,0,,
281,50.93602,29.65263,1599,13.5,6.0,6.0,16.0,18.0,58.0,59.0,122.0,129.0,64.0,64.0,152.0,7.8,6.07,17.2,1.27,46.0,6.0,4.0,baseline,281,0.09771181910059344,nuclide_mode,1.0.0,env_plus_no_ratio,extra_trees,0,,
282,50.936559,29.695122,1602,12.5,6.0,5.0,13.0,15.0,75.0,76.0,124.0,126.0,60.0,60.0,167.0,22.5,5.0,27.2,2.17,60.0,7.0,5.0,baseline,282,0.09944605993994365,nuclide_mode,1.0.0,env_plus_no_ratio,extra_trees,0,,
283,50.93682,29.73937,1605,14.0,10.0,9.0,11.0,13.0,73.0,74.0,111.0,120.0,54.0,54.0,157.0,29.5,4.56,19.6,1.4,107.0,22.0,8.0,baseline,283,0.09871225805114978,nuclide_mode,1.0.0,env_plus_no_ratio,extra_trees,0,,
284,50.935877,29.780267,1608,6.03,11.0,11.0,13.0,14.0,65.0,65.0,117.0,120.0,55.0,55.0,161.0,29.0,5.39,25.8,4.28,150.0,8.0,6.0,baseline,284,0.10863976817311664,nuclide_mode,1.0.0,env_plus_no_ratio,extra_trees,0,,
285,50.93575,29.82374,1611,13.0,4.0,5.0,11.0,12.0,67.0,67.0,132.0,132.0,58.0,58.0,157.0,18.8,5.06,29.1,2.24,50.0,9.0,4.5,baseline,285,0.099640503673367,nuclide_mode,1.0.0,env_plus_no_ratio,extra_trees,0,,
286,50.935984,29.866694,1614,5.81,4.0,5.0,20.0,21.0,54.0,53.0,129.0,128.0,65.0,65.0,147.0,6.0,5.91,33.1,5.69,140.0,8.0,8.0,baseline,286,0.10256292314926695,nuclide_mode,1.0.0,env_plus_no_ratio,extra_trees,0,,
287,50.93631,29.88148,1615,6.39,4.0,4.0,17.0,18.0,52.0,52.0,129.0,128.0,67.0,67.0,142.0,10.7,5.28,40.8,6.38,240.0,17.0,24.0,baseline,287,0.10876993260147828,nuclide_mode,1.0.0,env_plus_no_ratio,extra_trees,0,,
288,50.936001,29.895249,1618,7.02,4.0,4.0,17.0,19.0,45.0,45.0,124.0,123.0,69.0,69.0,136.0,11.4,5.84,48.5,6.91,202.0,15.0,17.0,baseline,288,0.11018867073518449,nuclide_mode,1.0.0,env_plus_no_ratio,extra_trees,0,,
289,50.93622,29.90966,1621,3.84,5.0,4.0,18.0,19.0,46.0,46.0,126.0,126.0,70.0,70.0,114.0,25.9,5.39,23.2,6.04,198.0,16.0,15.0,baseline,289,0.10383038378606527,nuclide_mode,1.0.0,env_plus_no_ratio,extra_trees,0,,
290,50.93609,29.95312,1624,2.48,8.0,7.0,19.0,20.0,47.0,46.0,127.0,126.0,66.0,66.0,110.0,1.3,7.61,52.0,21.0,96.0,13.0,16.0,baseline,290,0.11083064582901987,nuclide_mode,1.0.0,env_plus_no_ratio,extra_trees,0,,
291,50.936169,29.997449,1627,17.8,6.0,6.0,14.0,15.0,72.0,72.0,112.0,117.0,54.0,54.0,140.0,16.0,5.03,58.1,3.26,50.0,8.0,4.0,baseline,291,0.12012811410100764,nuclide_mode,1.0.0,env_plus_no_ratio,extra_trees,0,,
292,50.93582,30.03905,1630,4.86,6.0,5.0,11.0,12.0,76.0,76.0,116.0,124.0,52.0,53.0,126.0,38.1,4.19,67.6,13.9,50.0,9.0,4.0,baseline,292,0.13764603392937735,nuclide_mode,1.0.0,env_plus_no_ratio,extra_trees,0,,
293,50.935984,30.080888,1633,4.06,4.0,4.0,14.0,15.0,58.0,58.0,129.0,129.0,62.0,62.0,114.0,4.0,6.62,116.0,28.7,71.0,14.0,8.0,baseline,293,0.10384788743685058,nuclide_mode,1.0.0,env_plus_no_ratio,extra_trees,0,,
294,50.93321,29.63793,1641,4.68,4.0,5.0,16.0,18.0,56.0,55.0,131.0,129.0,65.0,66.0,135.0,6.6,6.52,19.2,4.09,65.0,12.0,8.0,baseline,294,0.09862291882904226,nuclide_mode,1.0.0,env_plus_no_ratio,extra_trees,0,,
295,50.93013,29.96157,1647,2.78,5.0,5.0,19.0,21.0,50.0,49.0,126.0,124.0,66.0,66.0,117.0,14.9,5.23,38.6,13.9,60.0,6.0,5.0,baseline,295,0.1046203207627383,nuclide_mode,1.0.0,env_plus_no_ratio,extra_trees,0,,
296,50.92674,29.89579,1663,4.55,4.0,4.0,19.0,21.0,46.0,46.0,128.0,127.0,66.0,66.0,139.0,10.0,5.78,16.1,3.53,223.0,14.0,13.0,baseline,296,0.10212903529035273,nuclide_mode,1.0.0,env_plus_no_ratio,extra_trees,0,,
297,50.92687,29.49577,1698,15.6,5.0,5.0,19.0,20.0,60.0,60.0,132.0,130.0,65.0,65.0,161.0,7.3,6.9,18.1,1.16,239.0,18.0,18.0,baseline,297,0.10207249023524535,nuclide_mode,1.0.0,env_plus_no_ratio,extra_trees,0,,
298,50.92461,29.51027,1705,8.48,5.0,5.0,17.0,19.0,58.0,58.0,135.0,133.0,65.0,65.0,163.0,4.6,7.17,25.0,2.95,113.0,9.0,8.0,baseline,298,0.09848632510038438,nuclide_mode,1.0.0,env_plus_no_ratio,extra_trees,0,,
299,50.92474,29.523996,1708,18.6,5.0,5.0,18.0,19.0,64.0,63.0,136.0,134.0,63.0,63.0,155.0,15.4,6.22,27.7,1.48,171.0,12.0,9.0,baseline,299,0.09933416558846532,nuclide_mode,1.0.0,env_plus_no_ratio,extra_trees,0,,
300,50.92395,29.65255,1711,6.5,5.0,5.0,17.0,19.0,56.0,56.0,134.0,132.0,65.0,65.0,135.0,14.2,5.55,23.3,3.58,80.0,11.0,6.0,baseline,300,0.09907247874244898,nuclide_mode,1.0.0,env_plus_no_ratio,extra_trees,0,,
301,50.9239,29.70967,1715,11.4,4.0,4.0,14.0,16.0,68.0,68.0,136.0,135.0,59.0,59.0,145.0,26.9,4.79,23.5,2.06,120.0,13.0,8.0,baseline,301,0.09841726247899081,nuclide_mode,1.0.0,env_plus_no_ratio,extra_trees,0,,
302,50.924011,29.723902,1718,5.74,4.0,4.0,14.0,16.0,68.0,68.0,137.0,137.0,59.0,59.0,146.0,9.5,5.86,14.9,2.59,131.0,12.0,9.0,baseline,302,0.09820354352893385,nuclide_mode,1.0.0,env_plus_no_ratio,extra_trees,0,,
303,50.92377,29.85221,1723,3.74,5.0,5.0,19.0,21.0,49.0,49.0,128.0,127.0,67.0,67.0,143.0,3.6,6.74,17.7,4.74,240.0,22.0,19.0,baseline,303,0.10279857134968938,nuclide_mode,1.0.0,env_plus_no_ratio,extra_trees,0,,
304,50.921013,29.571594,1735,1.95,4.0,4.0,16.0,18.0,66.0,66.0,135.0,135.0,61.0,61.0,156.0,7.9,5.88,15.6,8.02,159.0,12.0,11.0,baseline,304,0.10046226356262633,nuclide_mode,1.0.0,env_plus_no_ratio,extra_trees,0,,
305,50.921013,29.538276,1737,11.1,4.0,4.0,17.0,18.0,70.0,70.0,131.0,131.0,62.0,62.0,155.0,10.5,5.62,15.4,1.38,159.0,13.0,11.0,baseline,305,0.09851370803924255,nuclide_mode,1.0.0,env_plus_no_ratio,extra_trees,0,,
306,50.91805,29.63337,1753,9.27,4.0,4.0,14.0,16.0,63.0,63.0,136.0,136.0,64.0,64.0,139.0,8.9,6.66,8.17,0.882,91.0,9.0,5.0,baseline,306,0.09673611861551203,nuclide_mode,1.0.0,env_plus_no_ratio,extra_trees,0,,
307,50.91794,29.66702,1757,6.95,4.0,4.0,19.0,20.0,60.0,60.0,134.0,133.0,63.0,63.0,130.0,4.0,6.96,14.0,2.01,60.0,13.0,11.0,baseline,307,0.0975470969964043,nuclide_mode,1.0.0,env_plus_no_ratio,extra_trees,0,,
308,50.91771,29.83874,1769,7.14,2.0,3.0,16.0,18.0,61.0,60.0,133.0,132.0,64.0,64.0,145.0,4.8,6.79,25.6,3.58,230.0,12.0,13.0,baseline,308,0.10093192704803618,nuclide_mode,1.0.0,env_plus_no_ratio,extra_trees,0,,
309,50.91783,29.8523,1772,3.35,3.0,3.0,18.0,19.0,59.0,58.0,133.0,132.0,64.0,64.0,140.0,9.9,5.26,8.57,2.56,130.0,18.0,10.0,baseline,309,0.09774953529073734,nuclide_mode,1.0.0,env_plus_no_ratio,extra_trees,0,,
310,50.918015,29.952364,1782,3.33,8.0,10.0,17.0,19.0,41.0,41.0,131.0,131.0,69.0,69.0,115.0,5.7,6.55,46.0,13.8,545.0,6.0,4.5,baseline,310,0.11574464768810706,nuclide_mode,1.0.0,env_plus_no_ratio,extra_trees,0,,
311,50.91496,29.96711,1793,3.33,5.0,4.0,17.0,19.0,59.0,59.0,134.0,132.0,65.0,65.0,116.0,2.4,6.81,56.1,16.9,53.0,5.5,5.3,baseline,311,0.10606054410522726,nuclide_mode,1.0.0,env_plus_no_ratio,extra_trees,0,,
312,50.91552,29.93895,1799,6.64,5.0,4.0,17.0,19.0,51.0,51.0,133.0,131.0,66.0,66.0,116.0,2.0,7.65,51.3,7.74,53.0,6.0,5.0,baseline,312,0.10890044362483177,nuclide_mode,1.0.0,env_plus_no_ratio,extra_trees,0,,
313,50.915,29.84282,1803,9.81,3.0,3.0,17.0,19.0,56.0,56.0,138.0,139.0,64.0,64.0,136.0,33.1,4.26,24.7,2.52,160.0,14.0,10.0,baseline,313,0.09965183814435086,nuclide_mode,1.0.0,env_plus_no_ratio,extra_trees,0,,
314,50.91491,29.64777,1807,16.4,5.0,5.0,15.0,17.0,57.0,57.0,130.0,130.0,67.0,67.0,146.0,10.1,5.23,18.5,1.13,120.0,8.0,7.0,baseline,314,0.09756271836197747,nuclide_mode,1.0.0,env_plus_no_ratio,extra_trees,0,,
315,50.91179,29.6682,1811,13.0,4.0,4.0,17.0,19.0,53.0,53.0,136.0,134.0,63.0,63.0,130.0,9.2,6.07,16.9,1.3,80.0,7.0,6.0,baseline,315,0.09694100674522985,nuclide_mode,1.0.0,env_plus_no_ratio,extra_trees,0,,
316,50.908769,30.064622,1824,5.95,7.0,7.0,12.0,13.0,72.0,73.0,125.0,131.0,55.0,55.0,142.0,45.0,3.68,58.6,9.85,68.0,13.0,7.0,baseline,316,0.13582428525386267,nuclide_mode,1.0.0,env_plus_no_ratio,extra_trees,0,,
317,50.908879,30.037079,1826,6.3,4.0,5.0,14.0,15.0,74.0,74.0,120.0,126.0,56.0,56.0,140.0,7.9,5.92,78.5,12.5,42.0,7.0,4.0,baseline,317,0.12570171106953773,nuclide_mode,1.0.0,env_plus_no_ratio,extra_trees,0,,
318,50.909004,29.99518,1829,3.94,4.0,4.0,15.0,16.0,63.0,63.0,119.0,121.0,65.0,65.0,122.0,6.4,5.92,32.5,8.25,35.0,8.0,8.0,baseline,318,0.10565124214037863,nuclide_mode,1.0.0,env_plus_no_ratio,extra_trees,0,,
319,50.908862,29.950215,1833,3.0,5.0,6.0,16.0,17.0,59.0,60.0,134.0,133.0,64.0,64.0,116.0,3.7,6.83,30.4,10.2,72.0,10.0,10.0,baseline,319,0.10175715096363296,nuclide_mode,1.0.0,env_plus_no_ratio,extra_trees,0,,
320,50.91015,29.90946,1836,4.79,5.0,5.0,20.0,21.0,48.0,48.0,127.0,127.0,68.0,68.0,118.0,7.8,6.12,12.0,2.5,108.0,8.0,10.0,baseline,320,0.10065216599913288,nuclide_mode,1.0.0,env_plus_no_ratio,extra_trees,0,,
321,50.910072,29.86494,1839,6.2,5.0,5.0,21.0,23.0,42.0,42.0,129.0,130.0,67.0,67.0,112.0,2.1,7.01,24.7,3.98,85.0,14.0,9.0,baseline,321,0.09900501438022061,nuclide_mode,1.0.0,env_plus_no_ratio,extra_trees,0,,
322,50.909023,29.838133,1842,2.82,3.0,4.0,17.0,18.0,59.0,58.0,134.0,135.0,62.0,62.0,136.0,15.6,5.27,15.9,5.65,200.0,21.0,35.0,baseline,322,0.1039873527290808,nuclide_mode,1.0.0,env_plus_no_ratio,extra_trees,0,,
323,50.909004,29.823855,1843,7.96,4.0,4.0,11.0,13.0,73.0,73.0,129.0,133.0,61.0,61.0,153.0,11.2,5.44,18.4,2.31,84.0,11.0,6.0,baseline,323,0.09822062694745773,nuclide_mode,1.0.0,env_plus_no_ratio,extra_trees,0,,
324,50.9085,29.780774,1846,8.14,8.0,10.0,13.0,14.0,72.0,71.0,116.0,120.0,55.0,55.0,162.0,19.0,5.16,16.9,2.07,40.0,6.0,4.0,baseline,324,0.10218555916366712,nuclide_mode,1.0.0,env_plus_no_ratio,extra_trees,0,,
325,50.908987,29.736924,1849,12.4,10.0,9.0,12.0,14.0,74.0,73.0,115.0,121.0,55.0,55.0,176.0,17.8,4.72,19.6,1.58,36.0,8.0,7.0,baseline,325,0.10087122683337983,nuclide_mode,1.0.0,env_plus_no_ratio,extra_trees,0,,
326,50.908891,29.695276,1852,9.5,6.0,5.0,14.0,16.0,75.0,75.0,121.0,127.0,54.0,54.0,148.0,18.5,5.04,11.7,1.23,35.0,8.0,4.0,baseline,326,0.09721518452564851,nuclide_mode,1.0.0,env_plus_no_ratio,extra_trees,0,,
327,50.90976,29.6514,1857,10.5,4.0,3.0,15.0,16.0,57.0,58.0,136.0,134.0,63.0,63.0,150.0,6.6,6.08,13.5,1.3,80.0,6.0,5.0,baseline,327,0.09639144350506873,nuclide_mode,1.0.0,env_plus_no_ratio,extra_trees,0,,
328,50.909185,29.610752,1860,9.05,4.0,4.0,18.0,20.0,65.0,65.0,135.0,134.0,66.0,66.0,154.0,10.9,5.18,13.0,1.44,259.0,19.0,15.0,baseline,328,0.10153830264141836,nuclide_mode,1.0.0,env_plus_no_ratio,extra_trees,0,,
329,50.909004,29.566716,1864,13.1,4.0,4.0,14.0,15.0,59.0,60.0,130.0,129.0,66.0,66.0,156.0,2.5,7.05,14.6,1.11,132.0,14.0,12.0,baseline,329,0.09743166580603735,nuclide_mode,1.0.0,env_plus_no_ratio,extra_trees,0,,
330,50.90913,29.52413,1867,35.5,4.0,4.0,16.0,18.0,60.0,60.0,134.0,132.0,66.0,66.0,162.0,9.5,5.47,14.3,0.403,110.0,12.0,6.0,baseline,330,0.0971793683154859,nuclide_mode,1.0.0,env_plus_no_ratio,extra_trees,0,,
331,50.909023,29.48116,1870,17.4,4.0,4.0,19.0,21.0,59.0,59.0,134.0,133.0,63.0,63.0,172.0,0.9,8.13,23.3,1.34,260.0,18.0,22.0,baseline,331,0.10406196939841211,nuclide_mode,1.0.0,env_plus_no_ratio,extra_trees,0,,
332,50.90598,29.6809,1873,7.05,5.0,5.0,14.0,16.0,60.0,60.0,137.0,135.0,63.0,63.0,136.0,39.2,4.72,16.8,2.38,131.0,9.0,8.0,baseline,332,0.09757925715343546,nuclide_mode,1.0.0,env_plus_no_ratio,extra_trees,0,,
333,50.9006,29.61066,1890,19.4,3.0,4.0,17.0,19.0,64.0,64.0,142.0,140.0,61.0,61.0,148.0,14.3,4.96,37.0,1.91,116.0,12.0,6.0,baseline,333,0.10103211813859686,nuclide_mode,1.0.0,env_plus_no_ratio,extra_trees,0,,
334,50.900031,29.995201,1918,2.48,6.0,5.0,14.0,16.0,70.0,70.0,114.0,123.0,59.0,59.0,141.0,45.0,3.63,31.2,12.6,20.0,4.0,3.0,baseline,334,0.1245782984054808,nuclide_mode,1.0.0,env_plus_no_ratio,extra_trees,0,,
335,50.897033,29.502,1928,7.95,3.0,3.0,18.0,19.0,70.0,70.0,138.0,136.0,60.0,60.0,171.0,3.4,6.59,20.2,2.54,195.0,15.0,13.0,baseline,335,0.10197097246445255,nuclide_mode,1.0.0,env_plus_no_ratio,extra_trees,0,,
336,50.8945,29.7048,1933,13.3,5.0,4.0,14.0,16.0,70.0,70.0,134.0,135.0,60.0,61.0,125.0,17.4,5.06,19.5,1.47,84.0,7.0,5.0,baseline,336,0.09728162714941738,nuclide_mode,1.0.0,env_plus_no_ratio,extra_trees,0,,
337,50.89129,29.61509,1969,9.01,4.0,4.0,14.0,16.0,70.0,70.0,134.0,134.0,62.0,62.0,144.0,14.3,5.35,27.4,3.04,89.5,9.0,6.0,baseline,337,0.09876661248986567,nuclide_mode,1.0.0,env_plus_no_ratio,extra_trees,0,,
338,50.885522,29.986943,1985,3.54,4.0,4.0,15.0,17.0,66.0,66.0,128.0,128.0,64.0,64.0,121.0,13.2,5.38,55.9,15.8,70.0,9.0,6.0,baseline,338,0.10731632091340378,nuclide_mode,1.0.0,env_plus_no_ratio,extra_trees,0,,
339,50.885042,29.885729,1988,6.57,5.0,5.0,20.0,21.0,65.0,65.0,135.0,133.0,64.0,64.0,123.0,19.5,5.25,44.2,6.73,80.0,7.0,4.5,baseline,339,0.10473843926451516,nuclide_mode,1.0.0,env_plus_no_ratio,extra_trees,0,,
340,50.88525,29.71897,1989,31.7,5.0,5.0,17.0,19.0,63.0,63.0,138.0,137.0,62.0,62.0,125.0,8.3,5.6,26.2,0.828,80.0,9.0,5.0,baseline,340,0.09775389637641989,nuclide_mode,1.0.0,env_plus_no_ratio,extra_trees,0,,
341,50.88231,29.5246,1995,19.5,5.0,5.0,12.0,14.0,75.0,75.0,127.0,128.0,58.0,58.0,163.0,6.8,6.46,14.0,0.72,93.0,9.0,5.0,baseline,341,0.09739826262520453,nuclide_mode,1.0.0,env_plus_no_ratio,extra_trees,0,,
342,50.88234,29.53874,1996,19.2,4.0,4.0,16.0,18.0,76.0,76.0,136.0,135.0,59.0,59.0,157.0,16.0,4.77,14.3,0.747,124.0,11.0,7.5,baseline,342,0.09780091909425603,nuclide_mode,1.0.0,env_plus_no_ratio,extra_trees,0,,
343,50.88215,29.55243,1999,12.6,4.0,4.0,16.0,17.0,66.0,66.0,136.0,136.0,62.0,62.0,150.0,16.1,5.46,8.76,0.698,106.0,16.0,7.0,baseline,343,0.09715932250825991,nuclide_mode,1.0.0,env_plus_no_ratio,extra_trees,0,,
344,50.88246,29.56604,2001,14.1,4.0,5.0,14.0,15.0,75.0,75.0,126.0,128.0,57.0,57.0,146.0,17.6,5.94,19.8,1.41,126.0,13.5,10.0,baseline,344,0.09819199699258777,nuclide_mode,1.0.0,env_plus_no_ratio,extra_trees,0,,
345,50.882024,29.609562,2004,12.4,5.0,5.0,11.0,12.0,74.0,74.0,122.0,129.0,56.0,56.0,146.0,15.1,5.57,17.5,1.4,61.0,8.0,3.0,baseline,345,0.09735759544563238,nuclide_mode,1.0.0,env_plus_no_ratio,extra_trees,0,,
346,50.881535,29.653384,2007,2.08,6.0,5.0,11.0,12.0,74.0,75.0,119.0,124.0,57.0,57.0,149.0,45.0,4.31,15.0,7.2,661.0,6.0,4.0,baseline,346,0.11669163957323424,nuclide_mode,1.0.0,env_plus_no_ratio,extra_trees,0,,
347,50.88203,29.69548,2010,12.7,5.0,5.0,13.0,15.0,76.0,76.0,130.0,130.0,54.0,54.0,131.0,44.6,4.31,19.8,1.56,71.0,7.0,5.0,baseline,347,0.0971294769677287,nuclide_mode,1.0.0,env_plus_no_ratio,extra_trees,0,,
348,50.88208,29.73746,2014,12.5,5.0,4.0,16.0,18.0,74.0,74.0,126.0,131.0,57.0,57.0,146.0,29.8,4.76,34.2,2.75,84.0,10.0,8.0,baseline,348,0.10056146563069306,nuclide_mode,1.0.0,env_plus_no_ratio,extra_trees,0,,
349,50.882024,29.781016,2017,16.3,5.0,5.0,15.0,15.0,74.0,74.0,124.0,126.0,56.0,56.0,157.0,15.6,4.82,32.1,1.97,60.0,4.0,3.4,baseline,349,0.10046198946409737,nuclide_mode,1.0.0,env_plus_no_ratio,extra_trees,0,,
350,50.882024,29.823794,2020,15.0,8.0,8.0,12.0,13.0,74.0,75.0,115.0,123.0,54.0,54.0,140.0,26.2,4.53,26.9,1.79,83.0,8.5,6.0,baseline,350,0.09911313158785463,nuclide_mode,1.0.0,env_plus_no_ratio,extra_trees,0,,
351,50.882024,29.866694,2023,9.24,5.0,7.0,20.0,21.0,53.0,53.0,130.0,129.0,65.0,65.0,114.0,6.2,5.63,31.7,3.43,53.0,11.0,4.5,baseline,351,0.10056755056910982,nuclide_mode,1.0.0,env_plus_no_ratio,extra_trees,0,,
352,50.882044,29.909528,2028,5.53,5.0,5.0,13.0,14.0,79.0,79.0,118.0,125.0,55.0,55.0,154.0,33.9,4.51,36.2,6.55,71.0,13.0,5.0,baseline,352,0.11322417506251681,nuclide_mode,1.0.0,env_plus_no_ratio,extra_trees,0,,
353,50.882024,29.952371,2031,4.58,7.0,7.0,13.0,14.0,75.0,75.0,119.0,124.0,56.0,56.0,141.0,8.8,5.37,32.8,7.16,40.0,6.0,5.0,baseline,353,0.10999675554081807,nuclide_mode,1.0.0,env_plus_no_ratio,extra_trees,0,,
354,50.882044,29.995201,2035,6.6,6.0,6.0,14.0,16.0,74.0,75.0,125.0,131.0,60.0,60.0,139.0,27.1,4.41,29.7,4.5,54.0,5.0,4.0,baseline,354,0.10180778337825794,nuclide_mode,1.0.0,env_plus_no_ratio,extra_trees,0,,
355,50.882024,30.080888,2041,4.99,5.0,5.0,13.0,14.0,73.0,73.0,121.0,127.0,57.0,57.0,136.0,27.5,4.7,33.0,6.61,40.0,10.0,4.0,baseline,355,0.10994750258734892,nuclide_mode,1.0.0,env_plus_no_ratio,extra_trees,0,,
356,50.879047,29.87621,2044,2.67,5.0,5.0,20.0,21.0,56.0,56.0,130.0,129.0,64.0,64.0,126.0,20.0,5.18,27.9,10.4,118.0,8.0,9.0,baseline,356,0.10063168576054031,nuclide_mode,1.0.0,env_plus_no_ratio,extra_trees,0,,
357,50.879047,29.847653,2046,5.33,5.0,5.0,17.0,19.0,64.0,64.0,129.0,129.0,63.0,63.0,115.0,4.8,6.5,31.5,5.9,78.0,16.0,5.0,baseline,357,0.10202643285348886,nuclide_mode,1.0.0,env_plus_no_ratio,extra_trees,0,,
358,50.873052,29.838133,2075,4.82,5.0,5.0,18.0,19.0,56.0,56.0,125.0,125.0,64.0,64.0,118.0,10.0,5.51,11.5,2.38,52.0,8.0,4.5,baseline,358,0.09693619494059127,nuclide_mode,1.0.0,env_plus_no_ratio,extra_trees,0,,
359,50.87312,29.54792,2096,11.7,4.0,4.0,15.0,17.0,77.0,78.0,133.0,134.0,59.0,59.0,173.0,31.5,4.19,17.5,1.5,57.0,12.0,5.0,baseline,359,0.09957352870388492,nuclide_mode,1.0.0,env_plus_no_ratio,extra_trees,0,,
360,50.870054,29.86669,2102,8.86,3.0,4.0,17.0,18.0,47.0,47.0,122.0,126.0,61.0,61.0,134.0,12.4,5.8,36.4,4.11,100.0,22.0,7.0,baseline,360,0.10320047291836468,nuclide_mode,1.0.0,env_plus_no_ratio,extra_trees,0,,
361,50.87019,29.99148,2104,3.41,5.0,5.0,15.0,16.0,74.0,74.0,128.0,129.0,58.0,58.0,127.0,27.1,4.77,27.7,8.13,60.0,7.0,5.0,baseline,361,0.10349341630741146,nuclide_mode,1.0.0,env_plus_no_ratio,extra_trees,0,,
362,50.86394,29.73887,2127,3.16,5.0,5.0,20.0,21.0,57.0,57.0,132.0,132.0,65.0,65.0,118.0,4.5,6.62,34.3,10.9,116.0,17.0,13.0,baseline,362,0.10220980150827744,nuclide_mode,1.0.0,env_plus_no_ratio,extra_trees,0,,
363,50.86406,29.852412,2135,12.5,4.0,4.0,17.0,18.0,61.0,62.0,128.0,129.0,63.0,63.0,117.0,19.4,4.7,28.1,2.25,84.0,16.0,6.0,baseline,363,0.09817044407946636,nuclide_mode,1.0.0,env_plus_no_ratio,extra_trees,0,,
364,50.86422,29.995201,2145,3.03,5.0,5.0,14.0,16.0,73.0,74.0,131.0,131.0,61.0,61.0,127.0,26.5,5.33,44.2,14.6,76.0,7.0,6.0,baseline,364,0.10698222093935558,nuclide_mode,1.0.0,env_plus_no_ratio,extra_trees,0,,
365,50.86163,30.05635,2153,4.56,4.0,4.0,17.0,19.0,59.0,58.0,133.0,131.0,65.0,65.0,126.0,5.2,6.17,52.7,11.6,65.0,8.0,6.0,baseline,365,0.10639347740528991,nuclide_mode,1.0.0,env_plus_no_ratio,extra_trees,0,,
366,50.86114,29.55719,2160,12.1,4.0,4.0,16.0,17.0,63.0,63.0,133.0,132.0,64.0,64.0,163.0,17.0,5.01,22.8,1.88,136.0,13.0,9.0,baseline,366,0.09843974354518832,nuclide_mode,1.0.0,env_plus_no_ratio,extra_trees,0,,
367,50.855044,30.066608,2176,3.4,5.0,5.0,17.0,17.0,51.0,51.0,131.0,131.0,68.0,68.0,125.0,6.2,6.68,24.9,7.35,90.0,9.0,5.0,baseline,367,0.10203684066944853,nuclide_mode,1.0.0,env_plus_no_ratio,extra_trees,0,,
368,50.85485,30.03866,2179,11.2,6.0,5.0,15.0,17.0,65.0,65.0,122.0,127.0,61.0,61.0,135.0,11.9,5.72,42.2,3.78,70.0,6.0,5.0,baseline,368,0.10523043633717644,nuclide_mode,1.0.0,env_plus_no_ratio,extra_trees,0,,
369,50.85492,29.99515,2182,4.26,4.0,4.0,15.0,17.0,65.0,65.0,131.0,128.0,65.0,65.0,132.0,12.3,5.45,64.8,15.2,150.0,13.0,10.0,baseline,369,0.1124777977758643,nuclide_mode,1.0.0,env_plus_no_ratio,extra_trees,0,,
370,50.85538,29.98096,2185,7.39,4.0,4.0,18.0,20.0,64.0,63.0,132.0,130.0,65.0,65.0,126.0,14.7,5.6,46.7,6.33,120.0,11.0,8.0,baseline,370,0.10611326944266093,nuclide_mode,1.0.0,env_plus_no_ratio,extra_trees,0,,
371,50.85519,29.96151,2187,17.9,4.0,4.0,19.0,21.0,59.0,59.0,135.0,134.0,66.0,66.0,129.0,11.5,5.86,76.0,4.25,120.0,9.0,9.0,baseline,371,0.10679211352701634,nuclide_mode,1.0.0,env_plus_no_ratio,extra_trees,0,,
372,50.85513,29.9514,2188,6.17,4.0,4.0,18.0,19.0,57.0,57.0,130.0,130.0,67.0,67.0,134.0,1.6,7.18,41.6,6.75,170.0,11.0,10.0,baseline,372,0.10562770934819497,nuclide_mode,1.0.0,env_plus_no_ratio,extra_trees,0,,
373,50.855044,29.909532,2191,3.84,4.0,4.0,17.0,18.0,64.0,64.0,129.0,128.0,62.0,63.0,145.0,16.8,5.89,27.3,7.1,160.0,11.0,10.0,baseline,373,0.10165065862571478,nuclide_mode,1.0.0,env_plus_no_ratio,extra_trees,0,,
374,50.855067,29.86669,2194,16.7,6.0,6.0,10.0,11.0,77.0,78.0,115.0,123.0,54.0,54.0,163.0,11.4,5.87,25.2,1.51,45.0,7.0,5.0,baseline,374,0.09980031734513958,nuclide_mode,1.0.0,env_plus_no_ratio,extra_trees,0,,
375,50.85502,29.824691,2197,5.53,7.0,7.0,18.0,20.0,47.0,47.0,129.0,130.0,65.0,65.0,114.0,3.8,6.57,34.9,6.31,38.0,8.0,4.0,baseline,375,0.1029972458118241,nuclide_mode,1.0.0,env_plus_no_ratio,extra_trees,0,,
376,50.8553,29.78149,2200,9.44,8.0,8.0,16.0,18.0,64.0,64.0,116.0,122.0,55.0,55.0,138.0,26.6,5.03,20.4,2.16,55.0,7.0,5.0,baseline,376,0.09811138630168242,nuclide_mode,1.0.0,env_plus_no_ratio,extra_trees,0,,
377,50.85599,29.73814,2203,6.87,6.0,5.0,20.0,21.0,48.0,48.0,132.0,131.0,67.0,67.0,118.0,6.3,5.89,20.2,2.95,70.0,9.0,6.0,baseline,377,0.09826606542656509,nuclide_mode,1.0.0,env_plus_no_ratio,extra_trees,0,,
378,50.85507,29.72476,2206,5.5,5.0,5.0,19.0,21.0,56.0,56.0,129.0,128.0,67.0,67.0,116.0,7.4,6.53,20.5,3.73,96.0,15.0,6.0,baseline,378,0.09873611008924552,nuclide_mode,1.0.0,env_plus_no_ratio,extra_trees,0,,
379,50.85513,29.70952,2209,9.19,4.0,4.0,18.0,19.0,58.0,58.0,131.0,131.0,63.0,63.0,127.0,20.6,5.25,22.5,2.44,80.0,6.0,4.0,baseline,379,0.09786719033450222,nuclide_mode,1.0.0,env_plus_no_ratio,extra_trees,0,,
380,50.85502,29.69525,2210,10.1,5.0,5.0,14.0,15.0,71.0,70.0,117.0,123.0,57.0,58.0,169.0,38.7,3.92,18.7,1.85,67.0,7.0,4.0,baseline,380,0.09824803329988531,nuclide_mode,1.0.0,env_plus_no_ratio,extra_trees,0,,
381,50.855044,29.652408,2213,22.8,7.0,7.0,12.0,13.0,74.0,74.0,117.0,123.0,54.0,54.0,159.0,42.3,3.81,22.7,0.998,60.0,8.0,4.0,baseline,381,0.09833767903529576,nuclide_mode,1.0.0,env_plus_no_ratio,extra_trees,0,,
382,50.855067,29.60967,2216,28.7,7.0,7.0,11.0,12.0,76.0,75.0,123.0,128.0,55.0,55.0,175.0,25.8,4.26,15.7,0.547,50.0,7.0,6.0,baseline,382,0.09757582443058979,nuclide_mode,1.0.0,env_plus_no_ratio,extra_trees,0,,
383,50.855485,29.566641,2219,2.83,4.0,4.0,13.0,14.0,68.0,67.0,133.0,134.0,57.0,57.0,165.0,45.0,4.11,17.6,6.21,192.0,19.0,9.0,baseline,383,0.11740218925749539,nuclide_mode,1.0.0,env_plus_no_ratio,extra_trees,0,,
384,50.854414,29.524199,2222,25.8,4.0,4.0,19.0,21.0,52.0,52.0,134.0,133.0,65.0,65.0,167.0,1.8,7.44,17.8,0.687,230.0,15.0,15.0,baseline,384,0.10227371287402319,nuclide_mode,1.0.0,env_plus_no_ratio,extra_trees,0,,
385,50.84633,29.72407,2266,8.06,8.0,8.0,20.0,22.0,48.0,48.0,126.0,125.0,69.0,69.0,119.0,23.0,4.71,26.1,3.24,108.0,18.0,7.0,baseline,385,0.09946238411912545,nuclide_mode,1.0.0,env_plus_no_ratio,extra_trees,0,,
386,50.8461,29.7384,2269,6.66,6.0,6.0,18.0,19.0,47.0,47.0,126.0,115.0,69.0,69.0,120.0,13.7,5.18,21.1,3.17,88.0,7.0,6.0,baseline,386,0.09859900049194438,nuclide_mode,1.0.0,env_plus_no_ratio,extra_trees,0,,
387,50.846,29.9565,2286,6.36,4.0,4.0,18.0,19.0,60.0,60.0,137.0,135.0,65.0,65.0,129.0,6.6,5.58,44.7,7.02,170.0,14.0,10.0,baseline,387,0.1057265012682633,nuclide_mode,1.0.0,env_plus_no_ratio,extra_trees,0,,
388,50.84558,29.98077,2289,3.33,3.0,4.0,18.0,19.0,61.0,61.0,133.0,131.0,65.0,65.0,131.0,3.6,6.56,42.2,12.7,151.0,12.0,11.0,baseline,388,0.10447119489009228,nuclide_mode,1.0.0,env_plus_no_ratio,extra_trees,0,,
389,50.84552,30.06597,2297,2.59,4.0,4.0,15.0,16.0,49.0,49.0,131.0,130.0,67.0,67.0,126.0,13.2,5.78,25.8,9.95,120.0,10.0,7.0,baseline,389,0.10083529614519564,nuclide_mode,1.0.0,env_plus_no_ratio,extra_trees,0,,
390,50.84613,30.08079,2300,4.14,5.0,4.0,15.0,15.0,45.0,46.0,132.0,132.0,68.0,68.0,123.0,10.4,5.27,25.8,6.25,150.0,13.0,10.0,baseline,390,0.1007856155335001,nuclide_mode,1.0.0,env_plus_no_ratio,extra_trees,0,,
391,50.84361,29.8196,2309,5.84,7.0,7.0,16.0,18.0,57.0,58.0,125.0,126.0,61.0,61.0,122.0,39.5,4.49,21.9,3.76,50.0,7.0,4.0,baseline,391,0.09909870150808994,nuclide_mode,1.0.0,env_plus_no_ratio,extra_trees,0,,
392,50.84024,29.53695,2316,16.6,4.0,4.0,17.0,19.0,58.0,57.0,133.0,132.0,63.0,63.0,158.0,11.5,5.64,21.7,1.31,207.0,19.0,11.0,baseline,392,0.10150809480439468,nuclide_mode,1.0.0,env_plus_no_ratio,extra_trees,0,,
393,50.8405,29.54701,2318,13.0,4.0,4.0,17.0,19.0,60.0,60.0,135.0,134.0,63.0,63.0,158.0,6.6,5.51,24.7,1.9,156.0,15.0,8.0,baseline,393,0.09894191198594927,nuclide_mode,1.0.0,env_plus_no_ratio,extra_trees,0,,
394,50.84052,29.67177,2324,1.98,4.0,4.0,19.0,20.0,56.0,56.0,131.0,129.0,65.0,65.0,140.0,16.9,4.68,23.1,11.7,233.0,14.0,13.0,baseline,394,0.10299846468531068,nuclide_mode,1.0.0,env_plus_no_ratio,extra_trees,0,,
395,50.84004,29.94798,2330,4.37,3.0,3.0,16.0,17.0,63.0,63.0,133.0,132.0,62.0,62.0,127.0,13.4,5.94,49.2,11.3,190.0,13.0,12.0,baseline,395,0.10682549509690206,nuclide_mode,1.0.0,env_plus_no_ratio,extra_trees,0,,
396,50.83739,30.07978,2333,3.49,5.0,4.0,15.0,16.0,53.0,54.0,135.0,135.0,68.0,68.0,122.0,15.5,5.47,27.1,7.77,250.0,25.0,19.0,baseline,396,0.10080840807823152,nuclide_mode,1.0.0,env_plus_no_ratio,extra_trees,0,,
397,50.837058,30.052328,2335,16.5,6.0,6.0,16.0,16.0,54.0,54.0,131.0,129.0,63.0,63.0,129.0,20.4,4.93,38.8,2.35,99.0,11.0,6.0,baseline,397,0.10166567993960127,nuclide_mode,1.0.0,env_plus_no_ratio,extra_trees,0,,
398,50.83717,29.80961,2353,10.3,5.0,5.0,19.0,20.0,61.0,61.0,129.0,126.0,65.0,66.0,126.0,15.7,5.59,30.4,2.95,140.0,7.0,8.0,baseline,398,0.09952998644357981,nuclide_mode,1.0.0,env_plus_no_ratio,extra_trees,0,,
399,50.83714,29.66121,2368,12.2,3.0,3.0,19.0,20.0,56.0,56.0,134.0,132.0,66.0,66.0,143.0,7.3,5.89,28.1,2.31,70.0,8.5,5.0,baseline,399,0.0978075578104336,nuclide_mode,1.0.0,env_plus_no_ratio,extra_trees,0,,
400,50.83716,29.64882,2371,8.19,3.0,3.0,19.0,20.0,54.0,55.0,135.0,134.0,63.0,63.0,143.0,6.3,6.27,24.2,2.96,129.0,15.0,8.0,baseline,400,0.0988881942511114,nuclide_mode,1.0.0,env_plus_no_ratio,extra_trees,0,,
401,50.83403,29.52908,2386,18.0,4.0,4.0,16.0,17.0,59.0,59.0,131.0,131.0,62.0,62.0,161.0,4.7,6.48,31.7,1.76,271.0,20.0,18.0,baseline,401,0.10396459271400306,nuclide_mode,1.0.0,env_plus_no_ratio,extra_trees,0,,
402,50.83419,29.55745,2388,13.5,4.0,4.0,17.0,19.0,56.0,57.0,137.0,136.0,63.0,63.0,155.0,8.0,5.84,23.9,1.77,196.0,18.0,12.0,baseline,402,0.1010443886910164,nuclide_mode,1.0.0,env_plus_no_ratio,extra_trees,0,,
403,50.83407,29.79894,2396,7.53,5.0,5.0,18.0,20.0,55.0,55.0,126.0,128.0,70.0,70.0,122.0,4.9,6.79,42.2,5.61,74.0,5.0,5.0,baseline,403,0.10510413805820842,nuclide_mode,1.0.0,env_plus_no_ratio,extra_trees,0,,
404,50.833328,29.937748,2398,4.18,4.0,4.0,12.0,14.0,76.0,78.0,131.0,132.0,58.0,58.0,145.0,15.3,5.38,40.9,9.8,60.0,7.0,5.0,baseline,404,0.10679623810714667,nuclide_mode,1.0.0,env_plus_no_ratio,extra_trees,0,,
405,50.83024,29.78474,2406,10.3,7.0,7.0,17.0,19.0,60.0,60.0,117.0,120.0,65.0,65.0,123.0,15.5,4.87,26.8,2.61,44.0,6.0,4.0,baseline,405,0.09817482999349757,nuclide_mode,1.0.0,env_plus_no_ratio,extra_trees,0,,
406,50.831086,29.771498,2409,14.9,8.0,9.0,15.0,16.0,61.0,61.0,128.0,128.0,63.0,63.0,122.0,16.6,5.36,25.5,1.71,50.0,5.0,4.0,baseline,406,0.09823928378212562,nuclide_mode,1.0.0,env_plus_no_ratio,extra_trees,0,,
407,50.83147,29.519772,2413,17.8,4.0,4.0,16.0,18.0,62.0,62.0,132.0,132.0,60.0,60.0,160.0,21.4,4.99,29.4,1.66,164.0,15.0,10.0,baseline,407,0.10011737764933235,nuclide_mode,1.0.0,env_plus_no_ratio,extra_trees,0,,
408,50.82844,29.523211,2414,14.6,3.0,4.0,14.0,16.0,66.0,66.0,132.0,132.0,61.0,61.0,161.0,9.2,5.8,19.3,1.32,117.0,11.0,7.0,baseline,408,0.09787263494628123,nuclide_mode,1.0.0,env_plus_no_ratio,extra_trees,0,,
409,50.82792,29.56786,2416,34.9,3.0,3.0,17.0,19.0,55.0,54.0,137.0,136.0,61.0,61.0,153.0,3.3,6.44,24.2,0.692,141.0,12.0,8.0,baseline,409,0.09811509391037324,nuclide_mode,1.0.0,env_plus_no_ratio,extra_trees,0,,
410,50.828065,29.595381,2418,30.8,3.0,3.0,15.0,16.0,67.0,67.0,135.0,134.0,64.0,63.0,132.0,18.8,5.31,18.2,0.591,140.0,8.0,8.0,baseline,410,0.09714250397772653,nuclide_mode,1.0.0,env_plus_no_ratio,extra_trees,0,,
411,50.82841,29.6095,2421,11.5,4.0,3.0,17.0,18.0,65.0,65.0,132.0,133.0,64.0,64.0,145.0,8.8,5.95,20.8,1.8,70.0,9.0,5.0,baseline,411,0.09719956462842679,nuclide_mode,1.0.0,env_plus_no_ratio,extra_trees,0,,
412,50.8291,29.65034,2424,13.3,4.0,5.0,20.0,21.0,55.0,54.0,131.0,129.0,67.0,67.0,118.0,18.3,5.64,19.9,1.5,102.0,19.0,13.0,baseline,412,0.0976988568424679,nuclide_mode,1.0.0,env_plus_no_ratio,extra_trees,0,,
413,50.828443,29.697905,2427,7.43,7.0,7.0,18.0,19.0,50.0,50.0,126.0,128.0,66.0,66.0,118.0,6.6,5.83,14.0,1.89,88.0,12.0,13.0,baseline,413,0.09701317549711455,nuclide_mode,1.0.0,env_plus_no_ratio,extra_trees,0,,
414,50.82842,29.7381,2430,6.14,7.0,7.0,13.0,15.0,65.0,65.0,115.0,118.0,58.0,58.0,122.0,6.0,7.01,22.7,3.71,60.0,5.0,5.0,baseline,414,0.09923302951406975,nuclide_mode,1.0.0,env_plus_no_ratio,extra_trees,0,,
415,50.8279,29.78119,2433,9.11,10.0,7.0,13.0,15.0,68.0,68.0,118.0,122.0,60.0,59.0,133.0,4.6,7.36,14.0,1.54,50.0,5.0,4.0,baseline,415,0.09736889066530552,nuclide_mode,1.0.0,env_plus_no_ratio,extra_trees,0,,
416,50.828089,29.795297,2435,7.12,4.0,4.0,16.0,18.0,60.0,60.0,119.0,122.0,66.0,66.0,131.0,23.7,4.56,77.0,10.8,60.0,6.0,4.0,baseline,416,0.10789487003289362,nuclide_mode,1.0.0,env_plus_no_ratio,extra_trees,0,,
417,50.82773,29.82307,2438,7.28,8.0,7.0,11.0,12.0,68.0,68.0,118.0,124.0,58.0,58.0,142.0,16.1,5.51,28.3,3.88,57.0,8.0,5.0,baseline,417,0.10194388017865422,nuclide_mode,1.0.0,env_plus_no_ratio,extra_trees,0,,
418,50.828065,29.866694,2441,8.76,11.0,10.0,10.0,11.0,70.0,70.0,106.0,114.0,53.0,53.0,160.0,23.2,4.62,20.4,2.33,50.0,5.0,4.0,baseline,418,0.10197201999726226,nuclide_mode,1.0.0,env_plus_no_ratio,extra_trees,0,,
419,50.82973,29.90933,2444,4.17,6.0,5.0,11.0,13.0,70.0,70.0,123.0,125.0,56.0,56.0,133.0,10.9,5.71,29.2,6.99,80.0,7.0,6.0,baseline,419,0.10612374856043943,nuclide_mode,1.0.0,env_plus_no_ratio,extra_trees,0,,
420,50.828089,29.952364,2447,9.94,6.0,6.0,12.0,13.0,77.0,78.0,120.0,125.0,55.0,56.0,139.0,14.3,5.53,38.8,3.9,57.0,8.0,5.0,baseline,420,0.10849195694440232,nuclide_mode,1.0.0,env_plus_no_ratio,extra_trees,0,,
421,50.828065,29.99521,2450,4.04,4.0,4.0,11.0,12.0,74.0,74.0,131.0,133.0,56.0,56.0,136.0,8.3,5.91,46.7,11.5,199.0,21.0,13.0,baseline,421,0.11467036085048274,nuclide_mode,1.0.0,env_plus_no_ratio,extra_trees,0,,
422,50.828089,30.038037,2453,4.3,3.0,3.0,14.0,15.0,73.0,73.0,127.0,131.0,58.0,58.0,134.0,6.3,6.54,24.4,5.67,252.0,17.0,16.0,baseline,422,0.10524263463213768,nuclide_mode,1.0.0,env_plus_no_ratio,extra_trees,0,,
423,50.827524,30.081477,2456,6.71,4.0,4.0,16.0,17.0,56.0,56.0,130.0,129.0,66.0,66.0,125.0,2.8,6.56,25.2,3.76,140.0,10.0,8.0,baseline,423,0.09901907452196423,nuclide_mode,1.0.0,env_plus_no_ratio,extra_trees,0,,
424,50.8251,30.09468,2460,2.37,7.0,7.0,15.0,16.0,57.0,57.0,128.0,127.0,66.0,66.0,128.0,5.6,6.67,26.9,11.4,90.0,10.0,6.0,baseline,424,0.10159102218852858,nuclide_mode,1.0.0,env_plus_no_ratio,extra_trees,0,,
425,50.81948,29.89986,2487,5.05,4.0,4.0,18.0,19.0,62.0,62.0,136.0,134.0,64.0,64.0,132.0,12.7,5.12,37.9,7.52,90.0,9.0,6.0,baseline,425,0.10295040064692136,nuclide_mode,1.0.0,env_plus_no_ratio,extra_trees,0,,
426,50.81923,29.59508,2510,11.2,3.0,3.0,18.0,20.0,59.0,59.0,131.0,130.0,65.0,65.0,145.0,3.3,6.94,23.9,2.13,170.0,12.0,11.0,baseline,426,0.09986527570943615,nuclide_mode,1.0.0,env_plus_no_ratio,extra_trees,0,,
427,50.81824,29.58169,2513,12.4,3.0,3.0,15.0,18.0,63.0,62.0,135.0,134.0,64.0,64.0,137.0,41.1,4.64,22.0,1.76,190.0,14.0,13.0,baseline,427,0.10130002526547437,nuclide_mode,1.0.0,env_plus_no_ratio,extra_trees,0,,
428,50.816099,29.638228,2524,9.04,5.0,5.0,16.0,17.0,55.0,55.0,126.0,125.0,68.0,68.0,122.0,5.5,6.52,30.8,3.41,70.0,6.0,5.0,baseline,428,0.10023875403075085,nuclide_mode,1.0.0,env_plus_no_ratio,extra_trees,0,,
429,50.810078,29.581102,2544,12.7,4.0,4.0,17.0,18.0,60.0,60.0,132.0,131.0,66.0,66.0,146.0,18.0,4.93,26.8,2.12,80.0,7.0,6.0,baseline,429,0.0979772158486267,nuclide_mode,1.0.0,env_plus_no_ratio,extra_trees,0,,
430,50.81033,29.91423,2570,4.17,5.0,5.0,16.0,17.0,59.0,59.0,130.0,131.0,64.0,64.0,134.0,22.7,4.87,43.8,10.5,96.0,11.0,8.0,baseline,430,0.1055273498115013,nuclide_mode,1.0.0,env_plus_no_ratio,extra_trees,0,,
431,50.800511,30.08088,2591,3.63,5.0,5.0,14.0,16.0,53.0,53.0,124.0,125.0,65.0,65.0,123.0,8.9,6.39,33.1,9.11,50.0,11.0,9.0,baseline,431,0.10320433397889262,nuclide_mode,1.0.0,env_plus_no_ratio,extra_trees,0,,
432,50.80111,30.038037,2595,6.05,5.0,5.0,15.0,16.0,63.0,63.0,129.0,128.0,66.0,66.0,133.0,12.0,5.22,40.1,6.62,50.0,8.0,4.0,baseline,432,0.10353741349859549,nuclide_mode,1.0.0,env_plus_no_ratio,extra_trees,0,,
433,50.801379,30.008669,2597,3.23,4.0,4.0,13.0,15.0,59.0,59.0,131.0,130.0,61.0,61.0,136.0,4.2,6.4,33.7,10.4,120.0,8.0,7.0,baseline,433,0.10320028351326434,nuclide_mode,1.0.0,env_plus_no_ratio,extra_trees,0,,
434,50.801488,29.995708,2600,5.12,5.0,5.0,14.0,15.0,62.0,63.0,132.0,134.0,63.0,63.0,138.0,10.2,5.39,51.8,10.1,100.0,8.0,7.0,baseline,434,0.10677638375259312,nuclide_mode,1.0.0,env_plus_no_ratio,extra_trees,0,,
435,50.800727,29.951162,2603,2.98,7.0,6.0,11.0,12.0,76.0,76.0,113.0,122.0,51.0,52.0,152.0,18.3,5.24,34.7,11.7,50.0,8.0,6.0,baseline,435,0.11690297770386902,nuclide_mode,1.0.0,env_plus_no_ratio,extra_trees,0,,
436,50.80116,29.91087,2606,3.63,5.0,5.0,15.0,17.0,63.0,63.0,132.0,134.0,62.0,62.0,134.0,7.9,5.43,39.4,10.8,76.0,7.0,5.0,baseline,436,0.10339828397484846,nuclide_mode,1.0.0,env_plus_no_ratio,extra_trees,0,,
437,50.801085,29.86691,2609,7.11,4.0,4.0,14.0,15.0,65.0,65.0,132.0,132.0,58.0,58.0,131.0,5.7,6.38,20.7,2.91,80.0,8.0,7.0,baseline,437,0.09814272321244581,nuclide_mode,1.0.0,env_plus_no_ratio,extra_trees,0,,
438,50.80162,29.82391,2612,11.4,11.0,10.0,13.0,13.0,73.0,73.0,115.0,124.0,54.0,54.0,155.0,2.6,7.53,21.3,1.87,48.0,5.0,3.0,baseline,438,0.10175714510705697,nuclide_mode,1.0.0,env_plus_no_ratio,extra_trees,0,,
439,50.80108,29.737545,2618,10.5,11.0,11.0,11.0,12.0,64.0,64.0,112.0,118.0,51.0,52.0,150.0,20.0,5.46,13.2,1.25,60.0,6.0,4.0,baseline,439,0.09382867177273425,nuclide_mode,1.0.0,env_plus_no_ratio,extra_trees,0,,
440,50.800773,29.695775,2621,7.85,8.0,8.0,14.0,15.0,65.0,65.0,115.0,122.0,56.0,56.0,155.0,25.1,4.38,15.1,1.92,50.0,6.0,4.0,baseline,440,0.09706964727357573,nuclide_mode,1.0.0,env_plus_no_ratio,extra_trees,0,,
441,50.800875,29.652148,2624,12.7,8.0,7.0,14.0,16.0,69.0,70.0,111.0,120.0,60.0,60.0,144.0,20.9,4.57,25.4,2.0,44.0,7.0,5.0,baseline,441,0.09848447258252228,nuclide_mode,1.0.0,env_plus_no_ratio,extra_trees,0,,
442,50.80111,29.60967,2627,9.2,7.0,7.0,16.0,17.0,60.0,60.0,128.0,127.0,64.0,64.0,129.0,24.3,4.81,16.5,1.79,50.0,4.0,4.0,baseline,442,0.09763446420499969,nuclide_mode,1.0.0,env_plus_no_ratio,extra_trees,0,,
443,50.80115,29.52336,2633,11.6,4.0,4.0,18.0,19.0,58.0,58.0,136.0,135.0,63.0,63.0,149.0,6.0,6.72,19.8,1.7,220.0,14.0,17.0,baseline,443,0.10205316323148625,nuclide_mode,1.0.0,env_plus_no_ratio,extra_trees,0,,
444,50.79814,29.5096,2638,12.1,3.0,3.0,15.0,17.0,67.0,67.0,133.0,134.0,62.0,62.0,154.0,6.0,6.06,27.2,2.25,100.0,9.0,6.0,baseline,444,0.09784535661692385,nuclide_mode,1.0.0,env_plus_no_ratio,extra_trees,0,,
445,50.795115,30.052317,2644,5.57,4.0,4.0,20.0,21.0,50.0,50.0,135.0,133.0,68.0,68.0,130.0,10.3,5.11,32.3,5.8,45.0,7.0,5.0,baseline,445,0.1023856672627886,nuclide_mode,1.0.0,env_plus_no_ratio,extra_trees,0,,
446,50.795115,30.033279,2648,6.27,5.0,5.0,18.0,19.0,56.0,56.0,129.0,128.0,67.0,67.0,137.0,9.7,5.93,28.4,4.54,188.0,15.0,12.0,baseline,446,0.10163105141324126,nuclide_mode,1.0.0,env_plus_no_ratio,extra_trees,0,,
447,50.79279,29.52362,2653,11.5,4.0,4.0,15.0,17.0,67.0,67.0,134.0,136.0,63.0,63.0,150.0,3.0,6.59,25.5,2.22,100.0,7.0,7.0,baseline,447,0.098101922791997,nuclide_mode,1.0.0,env_plus_no_ratio,extra_trees,0,,
448,50.78891,29.55187,2695,13.5,4.0,4.0,20.0,21.0,57.0,57.0,131.0,131.0,65.0,65.0,140.0,31.6,4.56,28.2,2.09,134.0,14.0,9.0,baseline,448,0.09798444195665645,nuclide_mode,1.0.0,env_plus_no_ratio,extra_trees,0,,
449,50.78651,29.53798,2709,9.68,4.0,4.0,19.0,21.0,61.0,60.0,134.0,133.0,58.0,59.0,137.0,29.7,4.8,21.1,2.18,220.0,17.0,14.0,baseline,449,0.10087304489659639,nuclide_mode,1.0.0,env_plus_no_ratio,extra_trees,0,,
450,50.78292,29.52433,2750,8.7,4.0,4.0,16.0,18.0,69.0,69.0,132.0,130.0,58.0,58.0,144.0,14.7,5.1,25.7,2.96,80.0,10.0,5.0,baseline,450,0.09892726220186207,nuclide_mode,1.0.0,env_plus_no_ratio,extra_trees,0,,
451,50.78271,29.51032,2753,13.3,3.0,3.0,14.0,15.0,70.0,71.0,132.0,133.0,58.0,57.0,143.0,30.7,5.01,22.6,1.7,70.0,8.0,7.0,baseline,451,0.09698845339017256,nuclide_mode,1.0.0,env_plus_no_ratio,extra_trees,0,,
452,50.774105,29.481023,2761,17.2,4.0,5.0,17.0,18.0,60.0,59.0,118.0,125.0,62.0,62.0,148.0,25.4,5.04,21.1,1.23,55.0,8.0,4.0,baseline,452,0.09850715193284464,nuclide_mode,1.0.0,env_plus_no_ratio,extra_trees,0,,
453,50.77541,29.52476,2763,20.4,6.0,6.0,17.0,18.0,48.0,48.0,122.0,124.0,60.0,60.0,123.0,4.9,6.72,20.5,1.0,210.0,22.0,26.0,baseline,453,0.09834431687020173,nuclide_mode,1.0.0,env_plus_no_ratio,extra_trees,0,,
454,50.772658,29.565394,2765,13.0,5.0,5.0,19.0,21.0,50.0,50.0,132.0,131.0,65.0,65.0,122.0,1.6,7.72,17.9,1.37,266.0,42.0,31.0,baseline,454,0.10636326091965473,nuclide_mode,1.0.0,env_plus_no_ratio,extra_trees,0,,
455,50.774105,29.652408,2768,9.07,6.0,5.0,13.0,14.0,77.0,77.0,121.0,127.0,55.0,55.0,152.0,24.9,4.56,16.6,1.83,51.0,6.0,4.0,baseline,455,0.09741273265958306,nuclide_mode,1.0.0,env_plus_no_ratio,extra_trees,0,,
456,50.774132,29.695343,2771,10.1,5.0,4.0,11.0,12.0,72.0,73.0,104.0,109.0,55.0,55.0,158.0,41.4,4.4,16.3,1.63,70.0,10.0,5.0,baseline,456,0.09682531258753635,nuclide_mode,1.0.0,env_plus_no_ratio,extra_trees,0,,
457,50.774132,29.738181,2774,5.36,9.0,9.0,10.0,11.0,72.0,72.0,117.0,124.0,54.0,54.0,152.0,9.8,5.52,12.4,2.31,60.0,8.0,4.0,baseline,457,0.09881437413885975,nuclide_mode,1.0.0,env_plus_no_ratio,extra_trees,0,,
458,50.774105,29.780948,2777,5.83,7.0,6.0,13.0,14.0,67.0,67.0,128.0,130.0,62.0,62.0,139.0,5.9,6.63,21.8,3.74,55.0,10.0,5.0,baseline,458,0.09918269297908813,nuclide_mode,1.0.0,env_plus_no_ratio,extra_trees,0,,
459,50.774105,29.952371,2781,4.59,6.0,5.0,10.0,12.0,74.0,73.0,121.0,129.0,52.0,52.0,158.0,12.5,5.28,25.8,5.61,30.0,6.0,4.0,baseline,459,0.10352246367467155,nuclide_mode,1.0.0,env_plus_no_ratio,extra_trees,0,,
460,50.774105,29.99521,2784,4.36,5.0,5.0,11.0,12.0,77.0,78.0,116.0,124.0,52.0,53.0,142.0,8.1,5.69,31.6,7.25,84.0,11.0,6.0,baseline,460,0.11457992054204477,nuclide_mode,1.0.0,env_plus_no_ratio,extra_trees,0,,
461,50.774132,30.038037,2787,5.7,7.0,8.0,14.0,15.0,64.0,64.0,122.0,127.0,60.0,60.0,143.0,7.7,5.55,22.7,3.99,96.0,8.0,5.5,baseline,461,0.1002146602932528,nuclide_mode,1.0.0,env_plus_no_ratio,extra_trees,0,,
462,51.151822,29.823855,2802,10.7,5.0,5.0,17.0,18.0,53.0,53.0,138.0,136.0,60.0,59.0,136.0,5.5,5.91,26.0,2.42,40.0,8.0,7.0,baseline,462,0.09812430452141567,nuclide_mode,1.0.0,env_plus_no_ratio,extra_trees,0,,
463,51.123834,29.781093,2811,3.55,6.0,5.0,16.0,18.0,60.0,60.0,133.0,132.0,61.0,61.0,128.0,13.3,5.48,7.7,2.17,40.0,8.0,7.0,baseline,463,0.09697029959888913,nuclide_mode,1.0.0,env_plus_no_ratio,extra_trees,0,,
464,51.152105,29.778549,2817,5.0,5.0,5.0,11.0,12.0,76.0,76.0,129.0,129.0,54.0,54.0,139.0,24.0,4.56,22.0,4.39,54.0,5.0,3.0,baseline,464,0.10197847325783625,nuclide_mode,1.0.0,env_plus_no_ratio,extra_trees,0,,
465,51.12511,29.73936,2818,5.97,8.0,8.0,10.0,11.0,67.0,68.0,120.0,125.0,57.0,57.0,144.0,30.3,4.61,7.25,1.21,48.0,4.0,3.3,baseline,465,0.09694914865326362,nuclide_mode,1.0.0,env_plus_no_ratio,extra_trees,0,,
466,51.152375,29.739076,2819,7.93,3.0,3.0,15.0,16.0,66.0,66.0,133.0,131.0,62.0,62.0,144.0,8.3,5.53,10.3,1.3,110.0,11.0,9.0,baseline,466,0.09696041663111916,nuclide_mode,1.0.0,env_plus_no_ratio,extra_trees,0,,
467,51.151822,29.695338,2820,7.57,7.0,6.0,9.0,11.0,78.0,79.0,119.0,126.0,53.0,53.0,163.0,27.4,4.96,14.5,1.91,90.0,13.0,6.0,baseline,467,0.09797158740860538,nuclide_mode,1.0.0,env_plus_no_ratio,extra_trees,0,,
468,51.12492,29.696735,2821,17.9,6.0,5.0,11.0,12.0,74.0,74.0,121.0,127.0,58.0,58.0,157.0,30.4,4.2,11.6,0.644,50.0,7.0,5.0,baseline,468,0.09727034067306634,nuclide_mode,1.0.0,env_plus_no_ratio,extra_trees,0,,
469,51.125291,29.656334,2822,7.59,4.0,4.0,16.0,17.0,58.0,57.0,136.0,135.0,63.0,63.0,143.0,6.7,6.28,13.6,1.79,156.0,26.0,22.0,baseline,469,0.10019979395686185,nuclide_mode,1.0.0,env_plus_no_ratio,extra_trees,0,,
470,51.097862,29.695255,2823,4.51,5.0,4.0,15.0,17.0,70.0,70.0,125.0,126.0,61.0,61.0,141.0,26.8,4.73,8.62,1.91,90.0,11.0,10.0,baseline,470,0.09781448377427072,nuclide_mode,1.0.0,env_plus_no_ratio,extra_trees,0,,
471,51.070635,29.735813,2824,12.7,9.0,8.0,11.0,12.0,69.0,68.0,122.0,128.0,54.0,54.0,152.0,14.5,5.26,12.5,0.986,120.0,8.0,8.0,baseline,471,0.09781578342274626,nuclide_mode,1.0.0,env_plus_no_ratio,extra_trees,0,,
472,51.072272,29.694579,2825,1.29,4.0,5.0,15.0,17.0,57.0,57.0,138.0,139.0,64.0,64.0,138.0,9.3,5.62,9.01,6.97,143.0,14.0,8.0,baseline,472,0.09930250622414752,nuclide_mode,1.0.0,env_plus_no_ratio,extra_trees,0,,
473,51.0435,29.65191,2826,4.85,3.0,4.0,17.0,18.0,52.0,52.0,135.0,136.0,65.0,65.0,159.0,4.5,6.17,13.1,2.71,317.0,27.0,19.0,baseline,473,0.11805744137188932,nuclide_mode,1.0.0,env_plus_no_ratio,extra_trees,0,,
474,51.043935,29.607021,2827,14.0,3.0,3.0,18.0,19.0,54.0,54.0,135.0,133.0,63.0,63.0,166.0,4.3,6.95,16.1,1.15,221.0,18.0,14.0,baseline,474,0.10171582845171187,nuclide_mode,1.0.0,env_plus_no_ratio,extra_trees,0,,
475,51.043315,29.566834,2828,12.5,4.0,4.0,17.0,18.0,60.0,60.0,131.0,131.0,61.0,61.0,180.0,28.9,4.29,21.1,1.69,218.0,18.0,13.0,baseline,475,0.10171188851065788,nuclide_mode,1.0.0,env_plus_no_ratio,extra_trees,0,,
476,51.043903,29.523869,2829,26.8,4.0,4.0,17.0,18.0,63.0,62.0,131.0,132.0,59.0,59.0,182.0,12.0,5.39,12.5,0.467,262.0,14.0,15.0,baseline,476,0.1033580754092425,nuclide_mode,1.0.0,env_plus_no_ratio,extra_trees,0,,
477,51.070883,29.523869,2830,2.1,4.0,4.0,18.0,20.0,59.0,59.0,138.0,136.0,62.0,62.0,182.0,13.5,5.2,8.85,4.2,250.0,15.0,15.0,baseline,477,0.10269966001784656,nuclide_mode,1.0.0,env_plus_no_ratio,extra_trees,0,,
478,51.070892,29.480208,2831,23.8,3.0,3.0,17.0,19.0,65.0,65.0,137.0,136.0,63.0,63.0,182.0,9.7,5.46,35.7,1.5,200.0,10.0,11.0,baseline,478,0.10167114018433877,nuclide_mode,1.0.0,env_plus_no_ratio,extra_trees,0,,
479,51.043914,29.48116,2832,49.0,9.0,9.0,12.0,14.0,73.0,73.0,125.0,129.0,56.0,56.0,192.0,16.0,5.66,17.6,0.36,100.0,6.0,5.0,baseline,479,0.10162319081581564,nuclide_mode,1.0.0,env_plus_no_ratio,extra_trees,0,,
480,51.043903,29.438176,2833,63.9,5.0,5.0,18.0,19.0,56.0,56.0,133.0,131.0,64.0,63.0,175.0,4.3,6.27,66.1,1.03,70.0,9.0,7.0,baseline,480,0.11020392016743363,nuclide_mode,1.0.0,env_plus_no_ratio,extra_trees,0,,
481,51.016936,29.438323,2834,28.8,4.0,4.0,17.0,19.0,61.0,61.0,140.0,139.0,62.0,62.0,173.0,7.0,6.05,39.2,1.36,297.0,15.0,17.0,baseline,481,0.10871720685618665,nuclide_mode,1.0.0,env_plus_no_ratio,extra_trees,0,,
482,50.988598,29.438219,2835,36.9,4.0,4.0,17.0,18.0,56.0,55.0,132.0,131.0,61.0,61.0,161.0,6.2,6.86,23.7,0.641,118.0,20.0,9.0,baseline,482,0.09886435920007425,nuclide_mode,1.0.0,env_plus_no_ratio,extra_trees,0,,
483,50.989943,29.39533,2836,36.4,5.0,5.0,11.0,12.0,68.0,68.0,123.0,124.0,62.0,62.0,183.0,21.0,4.97,31.5,0.866,100.0,9.0,6.0,baseline,483,0.10326395270671652,nuclide_mode,1.0.0,env_plus_no_ratio,extra_trees,0,,
484,50.962981,29.395487,2837,34.2,3.0,3.0,13.0,14.0,68.0,68.0,130.0,131.0,61.0,61.0,178.0,5.0,6.47,25.1,0.736,140.0,9.0,9.0,baseline,484,0.0983031841337185,nuclide_mode,1.0.0,env_plus_no_ratio,extra_trees,0,,
485,50.93645,29.438323,2838,17.8,3.0,3.0,19.0,20.0,56.0,56.0,137.0,138.0,63.0,63.0,173.0,7.3,5.67,29.4,1.65,235.0,22.0,13.0,baseline,485,0.10278215101787691,nuclide_mode,1.0.0,env_plus_no_ratio,extra_trees,0,,
486,50.90868,29.4383,2839,28.3,4.0,5.0,12.0,14.0,68.0,69.0,127.0,128.0,56.0,56.0,190.0,14.7,5.43,21.4,0.756,106.0,14.0,7.0,baseline,486,0.09875914042807009,nuclide_mode,1.0.0,env_plus_no_ratio,extra_trees,0,,
487,50.882024,29.481023,2840,15.5,4.0,3.0,15.0,16.0,69.0,70.0,130.0,131.0,60.0,60.0,176.0,5.9,5.84,17.4,1.13,90.0,9.0,8.0,baseline,487,0.09724576496971585,nuclide_mode,1.0.0,env_plus_no_ratio,extra_trees,0,,
488,50.855044,29.481023,2841,20.2,4.0,4.0,19.0,20.0,58.0,58.0,134.0,132.0,63.0,63.0,174.0,2.2,7.56,17.1,0.846,55.0,8.0,4.0,baseline,488,0.09689135119229618,nuclide_mode,1.0.0,env_plus_no_ratio,extra_trees,0,,
489,50.827867,29.478841,2842,21.2,6.0,5.0,13.0,14.0,62.0,62.0,128.0,129.0,58.0,58.0,178.0,22.1,4.79,23.5,1.11,122.0,15.0,8.0,baseline,489,0.09905161835374002,nuclide_mode,1.0.0,env_plus_no_ratio,extra_trees,0,,
490,50.800762,29.479558,2843,16.1,5.0,6.0,13.0,15.0,73.0,73.0,131.0,132.0,57.0,57.0,168.0,27.4,4.36,19.2,1.19,64.0,8.0,5.0,baseline,490,0.09808635802126667,nuclide_mode,1.0.0,env_plus_no_ratio,extra_trees,0,,
491,50.773533,29.438323,2844,21.6,4.0,4.0,16.0,18.0,48.0,48.0,131.0,133.0,66.0,66.0,150.0,4.6,5.98,16.8,0.775,83.0,13.0,5.0,baseline,491,0.09723133728168024,nuclide_mode,1.0.0,env_plus_no_ratio,extra_trees,0,,
492,50.7463,29.47899,2845,18.3,5.0,5.0,10.0,12.0,75.0,75.0,119.0,125.0,55.0,55.0,133.0,27.7,4.74,16.8,0.919,54.0,7.0,3.0,baseline,492,0.09676782589546472,nuclide_mode,1.0.0,env_plus_no_ratio,extra_trees,0,,
493,50.747125,29.523869,2846,3.55,8.0,8.0,13.0,14.0,75.0,75.0,113.0,120.0,51.0,51.0,143.0,36.4,4.77,9.96,2.8,48.0,6.0,4.0,baseline,493,0.09692186384887122,nuclide_mode,1.0.0,env_plus_no_ratio,extra_trees,0,,
494,50.747125,29.566822,2847,13.6,5.0,6.0,13.0,14.0,71.0,71.0,115.0,123.0,56.0,56.0,143.0,42.6,3.97,11.8,0.873,45.0,10.0,4.0,baseline,494,0.09713575750383584,nuclide_mode,1.0.0,env_plus_no_ratio,extra_trees,0,,
495,50.774105,29.609562,2848,6.08,9.0,10.0,13.0,14.0,64.0,65.0,111.0,115.0,64.0,64.0,129.0,4.6,6.87,12.0,1.97,42.0,11.0,7.0,baseline,495,0.09794148057937352,nuclide_mode,1.0.0,env_plus_no_ratio,extra_trees,0,,
496,50.747154,29.60967,2849,6.58,5.0,5.0,12.0,13.0,73.0,73.0,121.0,127.0,57.0,57.0,159.0,45.0,3.69,18.6,2.83,50.0,7.0,6.0,baseline,496,0.09879305785756397,nuclide_mode,1.0.0,env_plus_no_ratio,extra_trees,0,,
497,50.747154,29.652507,2850,7.97,6.0,5.0,12.0,13.0,71.0,71.0,112.0,119.0,53.0,53.0,156.0,45.0,3.44,16.7,2.09,60.0,4.0,3.0,baseline,497,0.09673927402260367,nuclide_mode,1.0.0,env_plus_no_ratio,extra_trees,0,,
498,50.747753,29.695343,2851,3.99,7.0,7.0,10.0,11.0,80.0,80.0,114.0,123.0,52.0,52.0,166.0,15.8,5.08,21.4,5.35,56.0,9.0,5.0,baseline,498,0.10345381368988524,nuclide_mode,1.0.0,env_plus_no_ratio,extra_trees,0,,
499,50.747125,29.738101,2852,7.05,6.0,7.0,14.0,15.0,66.0,67.0,116.0,118.0,58.0,58.0,157.0,45.0,4.45,20.1,2.85,50.0,8.0,9.0,baseline,499,0.09799595290696074,nuclide_mode,1.0.0,env_plus_no_ratio,extra_trees,0,,
500,50.747125,29.780948,2853,7.26,7.0,7.0,12.0,13.0,70.0,70.0,121.0,122.0,57.0,57.0,156.0,17.6,4.95,13.8,1.91,30.0,9.0,5.0,baseline,500,0.09770301147787078,nuclide_mode,1.0.0,env_plus_no_ratio,extra_trees,0,,
501,50.774132,29.823854,2854,8.25,5.0,5.0,15.0,16.0,63.0,63.0,133.0,133.0,59.0,59.0,135.0,3.2,6.46,19.3,2.34,67.0,8.0,5.0,baseline,501,0.09746686076657006,nuclide_mode,1.0.0,env_plus_no_ratio,extra_trees,0,,
502,50.747154,29.823854,2855,4.82,5.0,7.0,13.0,14.0,70.0,70.0,117.0,123.0,51.0,51.0,154.0,40.0,4.7,14.3,2.97,40.0,3.0,3.0,baseline,502,0.09658963839598535,nuclide_mode,1.0.0,env_plus_no_ratio,extra_trees,0,,
503,50.77465,29.86633,2856,3.67,8.0,8.0,13.0,14.0,69.0,70.0,119.0,122.0,55.0,55.0,141.0,12.1,5.83,27.3,7.43,40.0,5.0,4.0,baseline,503,0.10480473156877218,nuclide_mode,1.0.0,env_plus_no_ratio,extra_trees,0,,
504,50.747154,29.86669,2857,5.15,6.0,5.0,11.0,13.0,71.0,71.0,120.0,126.0,57.0,57.0,166.0,23.6,4.44,27.5,5.35,48.0,5.0,3.0,baseline,504,0.1052879609637925,nuclide_mode,1.0.0,env_plus_no_ratio,extra_trees,0,,
505,50.747503,29.909794,2858,8.5,6.0,6.0,13.0,14.0,76.0,76.0,118.0,126.0,54.0,54.0,167.0,43.5,3.95,14.4,1.7,50.0,6.0,3.0,baseline,505,0.0980326767282704,nuclide_mode,1.0.0,env_plus_no_ratio,extra_trees,0,,
506,50.774105,29.909532,2859,6.29,5.0,5.0,14.0,15.0,64.0,64.0,128.0,130.0,63.0,63.0,140.0,7.0,5.67,34.3,5.45,58.0,9.0,4.0,baseline,506,0.10162504955813934,nuclide_mode,1.0.0,env_plus_no_ratio,extra_trees,0,,
507,50.74714,29.95358,2860,2.98,6.0,5.0,13.0,14.0,67.0,66.0,127.0,129.0,61.0,61.0,148.0,13.7,6.14,23.0,7.75,43.0,4.0,4.0,baseline,507,0.10214205279708688,nuclide_mode,1.0.0,env_plus_no_ratio,extra_trees,0,,
508,50.747665,29.994827,2861,6.19,7.0,7.0,12.0,13.0,74.0,75.0,119.0,127.0,52.0,52.0,162.0,4.6,6.37,37.2,6.0,30.0,6.0,5.0,baseline,508,0.1158951488711948,nuclide_mode,1.0.0,env_plus_no_ratio,extra_trees,0,,
509,50.747154,30.03899,2862,7.88,5.0,6.0,18.0,19.0,47.0,46.0,136.0,135.0,66.0,66.0,128.0,5.5,6.15,18.3,2.33,45.0,8.0,5.0,baseline,509,0.09727787036228092,nuclide_mode,1.0.0,env_plus_no_ratio,extra_trees,0,,
510,50.747296,30.080938,2863,14.8,5.0,5.0,17.0,18.0,53.0,52.0,131.0,132.0,69.0,69.0,131.0,12.2,5.5,15.5,1.04,40.0,6.0,4.0,baseline,510,0.09688560989082115,nuclide_mode,1.0.0,env_plus_no_ratio,extra_trees,0,,
511,50.774132,30.079923,2864,3.95,6.0,5.0,15.0,16.0,55.0,56.0,128.0,127.0,65.0,65.0,125.0,3.8,7.04,27.0,6.85,70.0,7.0,4.0,baseline,511,0.1003134480131489,nuclide_mode,1.0.0,env_plus_no_ratio,extra_trees,0,,
512,50.774162,30.121927,2865,5.11,6.0,7.0,11.0,12.0,77.0,77.0,113.0,122.0,54.0,54.0,153.0,25.6,4.87,24.1,4.72,40.0,9.0,5.0,baseline,512,0.1031251907279557,nuclide_mode,1.0.0,env_plus_no_ratio,extra_trees,0,,
513,50.801309,30.123328,2866,5.39,4.0,4.0,14.0,15.0,59.0,59.0,136.0,137.0,66.0,66.0,140.0,5.4,5.84,19.7,3.66,250.0,16.0,14.0,baseline,513,0.10192051122607411,nuclide_mode,1.0.0,env_plus_no_ratio,extra_trees,0,,
514,50.829576,30.122386,2867,8.54,7.0,7.0,9.0,11.0,70.0,70.0,120.0,121.0,57.0,57.0,138.0,34.9,4.79,25.7,3.01,69.0,8.0,5.0,baseline,514,0.09946924103058491,nuclide_mode,1.0.0,env_plus_no_ratio,extra_trees,0,,
515,50.85554,30.123768,2868,7.04,5.0,6.0,11.0,12.0,79.0,79.0,118.0,126.0,52.0,52.0,154.0,11.1,5.25,34.3,4.87,30.0,6.0,4.0,baseline,515,0.10976507164578776,nuclide_mode,1.0.0,env_plus_no_ratio,extra_trees,0,,
516,50.854993,30.080178,2869,3.01,6.0,6.0,13.0,14.0,52.0,52.0,133.0,134.0,66.0,66.0,120.0,13.6,5.74,25.8,8.57,100.0,11.0,6.0,baseline,516,0.10102793941083453,nuclide_mode,1.0.0,env_plus_no_ratio,extra_trees,0,,
517,50.882024,30.123719,2870,32.3,6.0,6.0,13.0,14.0,63.0,63.0,127.0,128.0,62.0,62.0,131.0,16.7,5.96,52.0,1.61,99.0,14.0,7.0,baseline,517,0.10650696351797787,nuclide_mode,1.0.0,env_plus_no_ratio,extra_trees,0,,
518,50.908554,30.122395,2871,6.7,5.0,5.0,12.0,13.0,83.0,83.0,121.0,126.0,56.0,56.0,142.0,25.2,4.62,36.0,5.38,38.0,7.0,3.0,baseline,518,0.10949717017121005,nuclide_mode,1.0.0,env_plus_no_ratio,extra_trees,0,,
519,50.935336,30.122566,2872,5.23,9.0,7.0,11.0,12.0,73.0,73.0,116.0,123.0,52.0,52.0,145.0,23.4,5.34,42.9,8.21,59.0,8.0,3.0,baseline,519,0.11917840944475702,nuclide_mode,1.0.0,env_plus_no_ratio,extra_trees,0,,
520,50.963576,30.078535,2873,2.45,5.0,5.0,12.0,13.0,69.0,69.0,125.0,128.0,59.0,59.0,131.0,17.3,4.86,41.5,17.0,46.0,10.0,3.0,baseline,520,0.1081162018230049,nuclide_mode,1.0.0,env_plus_no_ratio,extra_trees,0,,
521,50.990691,30.081797,2874,4.37,8.0,8.0,13.0,14.0,61.0,62.0,121.0,122.0,64.0,64.0,112.0,1.2,8.26,58.6,13.4,53.0,9.0,3.0,baseline,521,0.10600193178597606,nuclide_mode,1.0.0,env_plus_no_ratio,extra_trees,0,,
522,51.01667,30.166168,2875,4.75,7.0,7.0,11.0,12.0,68.0,69.0,112.0,110.0,56.0,55.0,126.0,15.7,4.85,48.0,10.1,70.0,13.0,6.0,baseline,522,0.1202116117741009,nuclide_mode,1.0.0,env_plus_no_ratio,extra_trees,0,,
523,51.017658,30.211893,2876,2.98,5.0,7.0,13.0,14.0,69.0,70.0,120.0,123.0,55.0,55.0,116.0,8.5,5.47,30.8,10.3,43.0,8.0,4.0,baseline,523,0.1127965495807201,nuclide_mode,1.0.0,env_plus_no_ratio,extra_trees,0,,
524,51.016184,30.252025,2877,2.94,6.0,6.0,15.0,16.0,71.0,71.0,114.0,120.0,55.0,55.0,113.0,8.3,6.49,45.5,15.5,65.0,10.0,6.0,baseline,524,0.10892098514711242,nuclide_mode,1.0.0,env_plus_no_ratio,extra_trees,0,,
525,51.018467,30.338781,2879,6.46,10.0,11.0,13.0,14.0,71.0,71.0,107.0,116.0,53.0,53.0,118.0,22.1,4.4,39.5,6.11,54.0,5.0,3.0,baseline,525,0.12797621461725167,nuclide_mode,1.0.0,env_plus_no_ratio,extra_trees,0,,
526,51.017858,30.380573,2880,10.8,20.0,20.0,13.0,14.0,61.0,60.0,97.0,114.0,54.0,54.0,112.0,5.4,6.31,55.1,5.1,52.0,13.0,6.0,baseline,526,0.13459927978851413,nuclide_mode,1.0.0,env_plus_no_ratio,extra_trees,0,,
527,51.178653,29.864102,2895,7.06,6.0,5.0,11.0,12.0,73.0,73.0,114.0,119.0,49.0,49.0,153.0,4.7,6.54,14.8,2.09,45.0,10.0,8.0,baseline,527,0.0940108791710965,nuclide_mode,1.0.0,env_plus_no_ratio,extra_trees,0,,
528,51.178802,29.823794,2896,15.3,5.0,6.0,10.0,12.0,77.0,77.0,126.0,126.0,52.0,52.0,151.0,10.2,5.26,23.3,1.53,40.0,8.0,6.0,baseline,528,0.09753192541557623,nuclide_mode,1.0.0,env_plus_no_ratio,extra_trees,0,,
529,50.818897,29.452915,2975,30.6,6.0,5.0,14.0,15.0,72.0,72.0,127.0,129.0,58.0,58.0,167.0,22.0,4.91,21.1,0.691,217.0,16.0,11.0,baseline,529,0.10473122285778826,nuclide_mode,1.0.0,env_plus_no_ratio,extra_trees,0,,
530,50.989958,30.123711,3208,3.39,4.0,5.0,11.0,12.0,77.0,76.0,112.0,118.0,52.0,52.0,136.0,45.0,4.1,44.1,13.0,46.0,9.0,4.0,baseline,530,0.1206674987673083,nuclide_mode,1.0.0,env_plus_no_ratio,extra_trees,0,,
531,51.07074,29.65233,3454,5.42,5.0,5.0,16.0,18.0,50.0,50.0,133.0,131.0,66.0,66.0,141.0,4.6,7.23,9.2,1.7,295.0,26.0,20.0,baseline,531,0.11271663019607805,nuclide_mode,1.0.0,env_plus_no_ratio,extra_trees,0,,
532,50.951421,29.872403,6000,21.1,3.0,4.0,15.0,17.0,58.0,58.0,123.0,123.0,62.0,62.0,144.0,22.7,4.95,47.9,2.27,40.0,12.0,12.0,baseline,532,0.10886987393608474,nuclide_mode,1.0.0,env_plus_no_ratio,extra_trees,0,,
533,50.94914,29.87865,6001,35.8,6.0,5.0,13.0,15.0,61.0,60.0,127.0,129.0,60.0,60.0,142.0,16.2,5.54,76.6,2.14,80.0,10.0,10.0,baseline,533,0.121601196416845,nuclide_mode,1.0.0,env_plus_no_ratio,extra_trees,0,,
534,50.94783,29.86594,6002,11.0,4.0,4.0,18.0,20.0,54.0,54.0,134.0,132.0,62.0,62.0,153.0,6.0,6.08,29.1,2.63,60.0,10.0,8.0,baseline,534,0.09873702371942081,nuclide_mode,1.0.0,env_plus_no_ratio,extra_trees,0,,
535,50.944693,29.866018,6003,8.82,3.0,3.0,17.0,18.0,54.0,54.0,134.0,132.0,65.0,65.0,151.0,8.0,5.44,23.8,2.69,85.0,13.0,7.0,baseline,535,0.09791575441457667,nuclide_mode,1.0.0,env_plus_no_ratio,extra_trees,0,,
536,50.938095,29.86207,6004,7.82,4.0,4.0,19.0,20.0,55.0,55.0,135.0,136.0,65.0,65.0,147.0,10.5,5.12,24.5,3.13,86.0,11.0,8.0,baseline,536,0.0987688336747727,nuclide_mode,1.0.0,env_plus_no_ratio,extra_trees,0,,
537,50.93631,29.85117,6005,20.2,5.0,5.0,13.0,15.0,56.0,55.0,129.0,129.0,64.0,64.0,150.0,13.7,4.89,38.0,1.88,45.0,8.0,9.0,baseline,537,0.10099107106637371,nuclide_mode,1.0.0,env_plus_no_ratio,extra_trees,0,,
538,50.933984,29.862585,6006,9.21,3.0,4.0,18.0,20.0,50.0,52.0,128.0,128.0,65.0,65.0,147.0,6.3,6.38,24.1,2.62,200.0,13.0,10.0,baseline,538,0.10300503905454536,nuclide_mode,1.0.0,env_plus_no_ratio,extra_trees,0,,
539,50.93393,29.86825,6007,7.0,3.0,3.0,19.0,20.0,51.0,51.0,130.0,129.0,65.0,65.0,147.0,13.4,5.01,23.8,3.4,120.0,8.0,8.0,baseline,539,0.10015233986340155,nuclide_mode,1.0.0,env_plus_no_ratio,extra_trees,0,,
540,50.932329,29.878773,6008,10.6,4.0,5.0,19.0,21.0,53.0,53.0,130.0,129.0,67.0,67.0,144.0,10.4,5.82,25.2,2.37,160.0,9.0,7.0,baseline,540,0.0996843515934303,nuclide_mode,1.0.0,env_plus_no_ratio,extra_trees,0,,
541,51.0759,30.2851,7000,1.8,4.0,4.0,17.0,18.0,53.0,53.0,136.0,138.0,64.0,64.0,112.0,4.3,6.26,49.5,27.5,380.0,27.0,24.0,baseline,541,0.10927167314349782,nuclide_mode,1.0.0,env_plus_no_ratio,extra_trees,0,,
542,51.075759,30.285121,7000,1.8,4.0,4.0,17.0,18.0,53.0,53.0,136.0,138.0,64.0,64.0,112.0,4.3,6.26,49.5,27.5,380.0,27.0,24.0,baseline,542,0.10927167314349782,nuclide_mode,1.0.0,env_plus_no_ratio,extra_trees,0,,
543,51.021745,30.04811,7001,2.42,5.0,5.0,18.0,19.0,54.0,54.0,132.0,131.0,67.0,67.0,114.0,12.8,5.38,32.0,13.2,210.0,16.0,12.0,baseline,543,0.10356225886235432,nuclide_mode,1.0.0,env_plus_no_ratio,extra_trees,0,,
544,51.022164,30.04918,7002,5.23,5.0,5.0,17.0,19.0,53.0,53.0,128.0,127.0,66.0,66.0,112.0,14.3,5.51,55.4,10.6,180.0,14.0,11.0,baseline,544,0.10842633833056466,nuclide_mode,1.0.0,env_plus_no_ratio,extra_trees,0,,
