point_id,prediction_baseline,latitude,longitude,model_mode,feature_set,model_name,prediction_cs137_plus_20,delta_abs,delta_abs_abs,delta_pct,delta_pct_abs,baseline_label,scenario_label
0,0.1012497106603482,51.151183,29.86728,nuclide_mode,env_plus_no_ratio,extra_trees,0.1032120118548178,0.0019623011944696067,0.0019623011944696067,1.9380807922032814,1.9380807922032814,baseline,cs137_plus_20
1,0.0979547612670844,51.14306,29.85566,nuclide_mode,env_plus_no_ratio,extra_trees,0.0981637102630705,0.00020894899598609962,0.00020894899598609962,0.21331173011220686,0.21331173011220686,baseline,cs137_plus_20
2,0.1041413404421007,51.13967,29.86646,nuclide_mode,env_plus_no_ratio,extra_trees,0.1071946015482729,0.0030532611061721976,0.0030532611061721976,2.931843486179933,2.931843486179933,baseline,cs137_plus_20
3,0.1019009105537128,51.133835,29.88057,nuclide_mode,env_plus_no_ratio,extra_trees,0.1030891206287493,0.0011882100750364999,0.0011882100750364999,1.166044609984309,1.166044609984309,baseline,cs137_plus_20
4,0.1072390667896111,51.125783,30.037053,nuclide_mode,env_plus_no_ratio,extra_trees,0.1249829995379442,0.017743932748333094,0.017743932748333094,16.546146175576432,16.546146175576432,baseline,cs137_plus_20
5,0.1021929712211295,51.12493,29.95222,nuclide_mode,env_plus_no_ratio,extra_trees,0.103220185442914,0.001027214221784506,0.001027214221784506,1.005171108648731,1.005171108648731,baseline,cs137_plus_20
6,0.1004276904234213,51.12447,29.93698,nuclide_mode,env_plus_no_ratio,extra_trees,0.1004431425087773,1.545208535599918e-05,1.545208535599918e-05,0.01538627971115376,0.01538627971115376,baseline,cs137_plus_20
7,0.1053648241185471,51.1256,29.92359,nuclide_mode,env_plus_no_ratio,extra_trees,0.1076330042626198,0.0022681801440727067,0.0022681801440727067,2.152692004231652,2.152692004231652,baseline,cs137_plus_20
8,0.1047175386945623,51.12606,29.90969,nuclide_mode,env_plus_no_ratio,extra_trees,0.1062687207058198,0.001551182011257507,0.001551182011257507,1.48130106054341,1.48130106054341,baseline,cs137_plus_20
9,0.0975798902233475,51.12501,29.86512,nuclide_mode,env_plus_no_ratio,extra_trees,0.0975798902233475,0.0,0.0,0.0,0.0,baseline,cs137_plus_20
10,0.1034197013580432,51.12458,29.82432,nuclide_mode,env_plus_no_ratio,extra_trees,0.1029387924926501,-0.00048090886539309263,0.00048090886539309263,-0.4650070142130528,0.4650070142130528,baseline,cs137_plus_20
11,0.1043672003499249,51.12767,29.83336,nuclide_mode,env_plus_no_ratio,extra_trees,0.1066951207249414,0.002327920375016501,0.002327920375016501,2.2305095539703976,2.2305095539703976,baseline,cs137_plus_20
12,0.1015470676773888,51.12198,29.86163,nuclide_mode,env_plus_no_ratio,extra_trees,0.1028534217911735,0.0013063541137846996,0.0013063541137846996,1.2864518332867447,1.2864518332867447,baseline,cs137_plus_20
13,0.1203432471879079,51.121852,30.019,nuclide_mode,env_plus_no_ratio,extra_trees,0.1358979368067053,0.015554689618797413,0.015554689618797413,12.925269994177413,12.925269994177413,baseline,cs137_plus_20
14,0.1036324851305478,51.11882,29.85284,nuclide_mode,env_plus_no_ratio,extra_trees,0.1041007295539258,0.000468244423377992,0.000468244423377992,0.45183170391806743,0.45183170391806743,baseline,cs137_plus_20
15,0.1049674761553552,51.11565,29.8666,nuclide_mode,env_plus_no_ratio,extra_trees,0.1047512859432969,-0.00021619021205830646,0.00021619021205830646,-0.2059592361145638,0.2059592361145638,baseline,cs137_plus_20
16,0.1017915867096723,51.11545,29.88094,nuclide_mode,env_plus_no_ratio,extra_trees,0.1028651332429154,0.0010735465332430971,0.0010735465332430971,1.0546515364821287,1.0546515364821287,baseline,cs137_plus_20
17,0.1213437212501881,51.116417,30.02203,nuclide_mode,env_plus_no_ratio,extra_trees,0.1220049163048343,0.0006611950546462075,0.0006611950546462075,0.5448943281399347,0.5448943281399347,baseline,cs137_plus_20
18,0.1111725901838234,51.115856,30.080875,nuclide_mode,env_plus_no_ratio,extra_trees,0.1110424204835231,-0.00013016970030030328,0.00013016970030030328,-0.1170879441461859,0.1170879441461859,baseline,cs137_plus_20
19,0.1093287413857577,51.115856,30.109432,nuclide_mode,env_plus_no_ratio,extra_trees,0.1093701293543359,4.138796857820759e-05,4.138796857820759e-05,0.03785643926163337,0.03785643926163337,baseline,cs137_plus_20
20,0.1358857898655286,51.11586,30.13847,nuclide_mode,env_plus_no_ratio,extra_trees,0.1345922240306508,-0.0012935658348778023,0.0012935658348778023,-0.9519507787811397,0.9519507787811397,baseline,cs137_plus_20
21,0.1077516635136902,51.115849,30.209404,nuclide_mode,env_plus_no_ratio,extra_trees,0.1113085347996877,0.0035568712859975066,0.0035568712859975066,3.3009896738583477,3.3009896738583477,baseline,cs137_plus_20
22,0.1043559409673731,51.11654,30.28486,nuclide_mode,env_plus_no_ratio,extra_trees,0.1069049934192138,0.0025490524518407,0.0025490524518407,2.4426519738226125,2.4426519738226125,baseline,cs137_plus_20
23,0.1046026498987787,51.11642,30.30774,nuclide_mode,env_plus_no_ratio,extra_trees,0.1055432070428828,0.0009405571441040983,0.0009405571441040983,0.8991714311389352,0.8991714311389352,baseline,cs137_plus_20
24,0.1050871588828319,51.11399,30.14742,nuclide_mode,env_plus_no_ratio,extra_trees,0.1080538174905167,0.0029666586076847884,0.0029666586076847884,2.823045783350654,2.823045783350654,baseline,cs137_plus_20
25,0.1195531933891426,51.11288,30.01851,nuclide_mode,env_plus_no_ratio,extra_trees,0.1202700585263131,0.0007168651371705081,0.0007168651371705081,0.5996202333442742,0.5996202333442742,baseline,cs137_plus_20
26,0.097230647689367,51.112858,29.738181,nuclide_mode,env_plus_no_ratio,extra_trees,0.0972389888643115,8.341174944498375e-06,8.341174944498375e-06,0.008578750777375058,0.008578750777375058,baseline,cs137_plus_20
27,0.0971386521879377,51.11255,29.72871,nuclide_mode,env_plus_no_ratio,extra_trees,0.0972260843805267,8.74321925889987e-05,8.74321925889987e-05,0.09000762376220792,0.09000762376220792,baseline,cs137_plus_20
28,0.0976289016049754,51.10995,29.74291,nuclide_mode,env_plus_no_ratio,extra_trees,0.0977181792386822,8.927763370680797e-05,8.927763370680797e-05,0.09144590611911399,0.09144590611911399,baseline,cs137_plus_20
29,0.102534775920953,51.10971,30.27507,nuclide_mode,env_plus_no_ratio,extra_trees,0.1037118018496114,0.0011770259286583984,0.0011770259286583984,1.1479285131181263,1.1479285131181263,baseline,cs137_plus_20
30,0.1061332060119472,51.10977,30.28535,nuclide_mode,env_plus_no_ratio,extra_trees,0.1076546583209021,0.001521452308954896,0.001521452308954896,1.4335309052886136,1.4335309052886136,baseline,cs137_plus_20
31,0.10526891823002,51.10672,30.30873,nuclide_mode,env_plus_no_ratio,extra_trees,0.1069499180449204,0.0016809998149003996,0.0016809998149003996,1.5968624387564203,1.5968624387564203,baseline,cs137_plus_20
32,0.105115847459066,51.107,30.29606,nuclide_mode,env_plus_no_ratio,extra_trees,0.106391716047887,0.0012758685888209914,0.0012758685888209914,1.2137737740428125,1.2137737740428125,baseline,cs137_plus_20
33,0.1061234337994387,51.10643,30.2664,nuclide_mode,env_plus_no_ratio,extra_trees,0.1070131655049978,0.000889731705559102,0.000889731705559102,0.8383932499212139,0.8383932499212139,baseline,cs137_plus_20
34,0.1087094312672245,51.10683,30.25109,nuclide_mode,env_plus_no_ratio,extra_trees,0.110789498020359,0.0020800667531345046,0.0020800667531345046,1.9134188532560534,1.9134188532560534,baseline,cs137_plus_20
35,0.1095474129997369,51.10669,30.22462,nuclide_mode,env_plus_no_ratio,extra_trees,0.1106718556270408,0.0011244426273038927,0.0011244426273038927,1.0264437986377581,1.0264437986377581,baseline,cs137_plus_20
36,0.1055437203235365,51.1069,30.21022,nuclide_mode,env_plus_no_ratio,extra_trees,0.1069855427121013,0.0014418223885648007,0.0014418223885648007,1.3660901701636066,1.3660901701636066,baseline,cs137_plus_20
37,0.1069023441017802,51.10735,30.16653,nuclide_mode,env_plus_no_ratio,extra_trees,0.1072219107834946,0.0003195666817144005,0.0003195666817144005,0.2989332782171227,0.2989332782171227,baseline,cs137_plus_20
38,0.1076505148002356,51.1073,30.152575,nuclide_mode,env_plus_no_ratio,extra_trees,0.1104039360819684,0.0027534212817327958,0.0027534212817327958,2.5577409330947014,2.5577409330947014,baseline,cs137_plus_20
39,0.113338933435272,51.10651,30.13886,nuclide_mode,env_plus_no_ratio,extra_trees,0.112701578193335,-0.0006373552419370043,0.0006373552419370043,-0.5623444853581568,0.5623444853581568,baseline,cs137_plus_20
40,0.1125520542748948,51.10657,30.12264,nuclide_mode,env_plus_no_ratio,extra_trees,0.1152326513742345,0.002680597099339696,0.002680597099339696,2.381650976172022,2.381650976172022,baseline,cs137_plus_20
41,0.1154129231075836,51.106865,30.109789,nuclide_mode,env_plus_no_ratio,extra_trees,0.1156130601091625,0.00020013700157890668,0.00020013700157890668,0.17340952485220956,0.17340952485220956,baseline,cs137_plus_20
42,0.1136901918207664,51.107079,30.095488,nuclide_mode,env_plus_no_ratio,extra_trees,0.1150464743972784,0.0013562825765120051,0.0013562825765120051,1.192963574773624,1.192963574773624,baseline,cs137_plus_20
43,0.1145053158110987,51.106864,30.080875,nuclide_mode,env_plus_no_ratio,extra_trees,0.1149882755064998,0.00048295969540110284,0.00048295969540110284,0.42177927896190376,0.42177927896190376,baseline,cs137_plus_20
44,0.1131549021163127,51.10712,29.98087,nuclide_mode,env_plus_no_ratio,extra_trees,0.1135301146471934,0.0003752125308807003,0.0003752125308807003,0.3315919362424235,0.3315919362424235,baseline,cs137_plus_20
45,0.1061970225914792,51.10735,29.96643,nuclide_mode,env_plus_no_ratio,extra_trees,0.1076686193868941,0.0014715967954148923,0.0014715967954148923,1.3857232147419611,1.3857232147419611,baseline,cs137_plus_20
46,0.1030089393629916,51.107076,29.955287,nuclide_mode,env_plus_no_ratio,extra_trees,0.1047887153122345,0.0017797759492429038,0.0017797759492429038,1.7277878602081118,1.7277878602081118,baseline,cs137_plus_20
47,0.1088705127278444,51.10574,29.90955,nuclide_mode,env_plus_no_ratio,extra_trees,0.1156148336279205,0.006744320900076095,0.006744320900076095,6.194809532068262,6.194809532068262,baseline,cs137_plus_20
48,0.0986437323446767,51.10689,29.77648,nuclide_mode,env_plus_no_ratio,extra_trees,0.0986971317654755,5.339942079879423e-05,5.339942079879423e-05,0.05413361754420267,0.05413361754420267,baseline,cs137_plus_20
49,0.0971304727127628,51.10423,29.76188,nuclide_mode,env_plus_no_ratio,extra_trees,0.09713372838413,3.255671367191626e-06,3.255671367191626e-06,0.003351853724442788,0.003351853724442788,baseline,cs137_plus_20
50,0.096636071104778,51.097862,29.738101,nuclide_mode,env_plus_no_ratio,extra_trees,0.0974857433963419,0.0008496722915639077,0.0008496722915639077,0.8792496237172635,0.8792496237172635,baseline,cs137_plus_20
51,0.0985672600828685,51.09808,29.76195,nuclide_mode,env_plus_no_ratio,extra_trees,0.0985971841701561,2.9924087287608314e-05,2.9924087287608314e-05,0.03035905356651917,0.03035905356651917,baseline,cs137_plus_20
52,0.097060540150516,51.098832,29.779019,nuclide_mode,env_plus_no_ratio,extra_trees,0.097171820947704,0.00011128079718800143,0.00011128079718800143,0.1146509147954807,0.1146509147954807,baseline,cs137_plus_20
53,0.0959933630412611,51.098953,29.825965,nuclide_mode,env_plus_no_ratio,extra_trees,0.0964299161319719,0.0004365530907107923,0.0004365530907107923,0.45477424363510155,0.45477424363510155,baseline,cs137_plus_20
54,0.0996404519828754,51.097862,29.866694,nuclide_mode,env_plus_no_ratio,extra_trees,0.1029324610803876,0.003292009097512205,0.003292009097512205,3.3038881618862823,3.3038881618862823,baseline,cs137_plus_20
55,0.1076017813918154,51.09713,29.95382,nuclide_mode,env_plus_no_ratio,extra_trees,0.1119457796453238,0.00434399825350841,0.00434399825350841,4.037106260992471,4.037106260992471,baseline,cs137_plus_20
56,0.1415541536470264,51.09827,29.99426,nuclide_mode,env_plus_no_ratio,extra_trees,0.1417646610611213,0.00021050741409489593,0.00021050741409489593,0.14871157692751888,0.14871157692751888,baseline,cs137_plus_20
57,0.113997375382735,51.097862,30.023769,nuclide_mode,env_plus_no_ratio,extra_trees,0.1150006677679893,0.0010032923852543035,0.0010032923852543035,0.8801013022324838,0.8801013022324838,baseline,cs137_plus_20
58,0.1116663820683513,51.09832,30.07888,nuclide_mode,env_plus_no_ratio,extra_trees,0.112247877227744,0.0005814951593926948,0.0005814951593926948,0.5207432609724563,0.5207432609724563,baseline,cs137_plus_20
59,0.1133888522044016,51.09823,30.12301,nuclide_mode,env_plus_no_ratio,extra_trees,0.1136580864975831,0.00026923429318150005,0.00026923429318150005,0.23744335351076842,0.23744335351076842,baseline,cs137_plus_20
60,0.1092903633651651,51.09777,30.16727,nuclide_mode,env_plus_no_ratio,extra_trees,0.1105676003208871,0.0012772369557220026,0.0012772369557220026,1.1686638385988801,1.1686638385988801,baseline,cs137_plus_20
61,0.1075835633393497,51.09787,30.20979,nuclide_mode,env_plus_no_ratio,extra_trees,0.1138735358749666,0.006289972535616903,0.006289972535616903,5.8465924908775415,5.8465924908775415,baseline,cs137_plus_20
62,0.1041543282936543,51.09777,30.22431,nuclide_mode,env_plus_no_ratio,extra_trees,0.105850963135647,0.0016966348419927002,0.0016966348419927002,1.6289623962714082,1.6289623962714082,baseline,cs137_plus_20
63,0.106059684364872,51.098,30.25237,nuclide_mode,env_plus_no_ratio,extra_trees,0.1069914226713296,0.0009317383064576107,0.0009317383064576107,0.8785037519555465,0.8785037519555465,baseline,cs137_plus_20
64,0.1093383994381455,51.09788,30.26656,nuclide_mode,env_plus_no_ratio,extra_trees,0.109950942078642,0.0006125426404965106,0.0006125426404965106,0.5602264562534006,0.5602264562534006,baseline,cs137_plus_20
65,0.1074710340525884,51.0983,30.29691,nuclide_mode,env_plus_no_ratio,extra_trees,0.1110817834469843,0.0036107493943959013,0.0036107493943959013,3.3597419306760057,3.3597419306760057,baseline,cs137_plus_20
66,0.0970753355581154,51.09198,29.75775,nuclide_mode,env_plus_no_ratio,extra_trees,0.0975287131556525,0.00045337759753709406,0.00045337759753709406,0.4670368584671785,0.4670368584671785,baseline,cs137_plus_20
67,0.1131144879203962,51.09238,30.03711,nuclide_mode,env_plus_no_ratio,extra_trees,0.1136199529265672,0.0005054650061709909,0.0005054650061709909,0.44686141931412854,0.44686141931412854,baseline,cs137_plus_20
68,0.1141721207735428,51.09123,30.05345,nuclide_mode,env_plus_no_ratio,extra_trees,0.1158436416266013,0.0016715208530584946,0.0016715208530584946,1.4640359150145852,1.4640359150145852,baseline,cs137_plus_20
69,0.1061139639841477,51.08926,30.33778,nuclide_mode,env_plus_no_ratio,extra_trees,0.1085741038804445,0.0024601398962968007,0.0024601398962968007,2.3183941150896215,2.3183941150896215,baseline,cs137_plus_20
70,0.1068028832962774,51.08871,30.30723,nuclide_mode,env_plus_no_ratio,extra_trees,0.1068771951396863,7.431184340889185e-05,7.431184340889185e-05,0.06957849930207079,0.06957849930207079,baseline,cs137_plus_20
71,0.1029074630280535,51.08875,30.2943,nuclide_mode,env_plus_no_ratio,extra_trees,0.1046586424786636,0.0017511794506101103,0.0017511794506101103,1.7017030632003074,1.7017030632003074,baseline,cs137_plus_20
72,0.1056070321772351,51.08902,30.28173,nuclide_mode,env_plus_no_ratio,extra_trees,0.1077459905280478,0.0021389583508126947,0.0021389583508126947,2.0253938650818117,2.0253938650818117,baseline,cs137_plus_20
73,0.1469072783474464,51.08904,30.25095,nuclide_mode,env_plus_no_ratio,extra_trees,0.1451945192689765,-0.0017127590784699054,0.0017127590784699054,-1.16587761868347,1.16587761868347,baseline,cs137_plus_20
74,0.1067141310361769,51.08882,30.22364,nuclide_mode,env_plus_no_ratio,extra_trees,0.108323549922677,0.001609418886500097,0.001609418886500097,1.5081591077703587,1.5081591077703587,baseline,cs137_plus_20
75,0.1093028290844321,51.08949,30.0375,nuclide_mode,env_plus_no_ratio,extra_trees,0.1108430953069306,0.0015402662224984903,0.0015402662224984903,1.4091732440966334,1.4091732440966334,baseline,cs137_plus_20
76,0.1113744152728581,51.08838,30.02322,nuclide_mode,env_plus_no_ratio,extra_trees,0.1122537764087578,0.0008793611358997033,0.0008793611358997033,0.7895539866542431,0.7895539866542431,baseline,cs137_plus_20
77,0.1081757700322409,51.089414,30.009772,nuclide_mode,env_plus_no_ratio,extra_trees,0.1101753751869894,0.001999605154748507,0.001999605154748507,1.8484778561340873,1.8484778561340873,baseline,cs137_plus_20
78,0.1027869666415951,51.08329,29.90467,nuclide_mode,env_plus_no_ratio,extra_trees,0.1048117862303631,0.00202481958876799,0.00202481958876799,1.969918614125733,1.969918614125733,baseline,cs137_plus_20
79,0.1055291447558459,51.081516,29.99411,nuclide_mode,env_plus_no_ratio,extra_trees,0.1078848143492059,0.002355669593359991,0.002355669593359991,2.2322455079211623,2.2322455079211623,baseline,cs137_plus_20
80,0.1130746804918883,51.079876,30.237963,nuclide_mode,env_plus_no_ratio,extra_trees,0.1147917108302513,0.0017170303383629987,0.0017170303383629987,1.5184923193182704,1.5184923193182704,baseline,cs137_plus_20
81,0.1137494568909425,51.079876,30.252243,nuclide_mode,env_plus_no_ratio,extra_trees,0.1132916919211247,-0.0004577649698177949,0.0004577649698177949,-0.402432664145973,0.402432664145973,baseline,cs137_plus_20
82,0.1093402458290989,51.07945,30.28069,nuclide_mode,env_plus_no_ratio,extra_trees,0.1101575933564771,0.0008173475273781927,0.0008173475273781927,0.7475266963051501,0.7475266963051501,baseline,cs137_plus_20
83,0.1072132218143199,51.07985,30.29523,nuclide_mode,env_plus_no_ratio,extra_trees,0.1093484404589893,0.0021352186446693955,0.0021352186446693955,1.9915628021768914,1.9915628021768914,baseline,cs137_plus_20
84,0.1026948755982633,51.079876,30.309361,nuclide_mode,env_plus_no_ratio,extra_trees,0.1056984414924937,0.0030035658942303978,0.0030035658942303978,2.9247475852448397,2.9247475852448397,baseline,cs137_plus_20
85,0.1056903762816073,51.07903,30.33656,nuclide_mode,env_plus_no_ratio,extra_trees,0.1069378248989256,0.0012474486173183058,0.0012474486173183058,1.18028590795678,1.18028590795678,baseline,cs137_plus_20
86,0.0996061977073475,51.0802,30.3521,nuclide_mode,env_plus_no_ratio,extra_trees,0.0996811652617883,7.496755444080794e-05,7.496755444080794e-05,0.0752639455840587,0.0752639455840587,baseline,cs137_plus_20
87,0.105953429877825,51.07991,30.38073,nuclide_mode,env_plus_no_ratio,extra_trees,0.1076827899108746,0.001729360033049604,0.001729360033049604,1.6321888163920044,1.6321888163920044,baseline,cs137_plus_20
88,0.1077266377233284,51.07956,30.39463,nuclide_mode,env_plus_no_ratio,extra_trees,0.1099469954007524,0.002220357677423998,0.002220357677423998,2.0611036641898046,2.0611036641898046,baseline,cs137_plus_20
89,0.1118598604466445,51.07692,29.99038,nuclide_mode,env_plus_no_ratio,extra_trees,0.1135892025880386,0.0017293421413940996,0.0017293421413940996,1.5459898970810626,1.5459898970810626,baseline,cs137_plus_20
90,0.1069263026238167,51.07718,29.90931,nuclide_mode,env_plus_no_ratio,extra_trees,0.1096616347572838,0.0027353321334671055,0.0027353321334671055,2.5581471222197107,2.5581471222197107,baseline,cs137_plus_20
91,0.1011562858495249,51.07401,29.9243,nuclide_mode,env_plus_no_ratio,extra_trees,0.1027174337560696,0.0015611479065447131,0.0015611479065447131,1.5433029133424292,1.5433029133424292,baseline,cs137_plus_20
92,0.1070062426846112,51.07378,29.96635,nuclide_mode,env_plus_no_ratio,extra_trees,0.110259641847259,0.003253399162647802,0.003253399162647802,3.040382580516193,3.040382580516193,baseline,cs137_plus_20
93,0.1039666334846588,51.07352,29.98019,nuclide_mode,env_plus_no_ratio,extra_trees,0.1065388469051611,0.0025722134205023034,0.0025722134205023034,2.474075897515578,2.474075897515578,baseline,cs137_plus_20
94,0.1044948680211727,51.070883,30.380797,nuclide_mode,env_plus_no_ratio,extra_trees,0.1050083602225573,0.0005134922013846077,0.0005134922013846077,0.49140422980443804,0.49140422980443804,baseline,cs137_plus_20
95,0.1075089969510451,51.07149,30.35115,nuclide_mode,env_plus_no_ratio,extra_trees,0.1098851371274179,0.002376140176372804,0.002376140176372804,2.2101779792948815,2.2101779792948815,baseline,cs137_plus_20
96,0.1109399288766821,51.0716,30.29536,nuclide_mode,env_plus_no_ratio,extra_trees,0.113339279741485,0.0023993508648029044,0.0023993508648029044,2.16274779432206,2.16274779432206,baseline,cs137_plus_20
97,0.114341737467818,51.07112,30.28154,nuclide_mode,env_plus_no_ratio,extra_trees,0.1154813013399433,0.0011395638721252987,0.0011395638721252987,0.9966298373295527,0.9966298373295527,baseline,cs137_plus_20
98,0.1107022920312239,51.07061,30.2655,nuclide_mode,env_plus_no_ratio,extra_trees,0.1114112447025221,0.0007089526712981964,0.0007089526712981964,0.6404137243140676,0.6404137243140676,baseline,cs137_plus_20
99,0.1120241245803468,51.07076,30.25218,nuclide_mode,env_plus_no_ratio,extra_trees,0.1136609948740046,0.001636870293657805,0.001636870293657805,1.461176599049249,1.461176599049249,baseline,cs137_plus_20
100,0.1114333423763695,51.07117,30.23779,nuclide_mode,env_plus_no_ratio,extra_trees,0.1119422670410966,0.0005089246647271006,0.0005089246647271006,0.4567077087288579,0.4567077087288579,baseline,cs137_plus_20
101,0.1049819530404434,51.070892,30.209384,nuclide_mode,env_plus_no_ratio,extra_trees,0.1067370811677476,0.0017551281273042035,0.0017551281273042035,1.6718379459258632,1.6718379459258632,baseline,cs137_plus_20
102,0.1137412221575503,51.07092,30.19519,nuclide_mode,env_plus_no_ratio,extra_trees,0.119158382673043,0.005417160515492708,0.005417160515492708,4.762706442514791,4.762706442514791,baseline,cs137_plus_20
103,0.1042102353723809,51.07084,30.1686,nuclide_mode,env_plus_no_ratio,extra_trees,0.1091539464076535,0.004943711035272594,0.004943711035272594,4.743978379481558,4.743978379481558,baseline,cs137_plus_20
104,0.1504225231513647,51.07126,30.12382,nuclide_mode,env_plus_no_ratio,extra_trees,0.1483879019392435,-0.002034621212121196,0.002034621212121196,-1.3526040977745273,1.3526040977745273,baseline,cs137_plus_20
105,0.1154821407773227,51.06958,30.08226,nuclide_mode,env_plus_no_ratio,extra_trees,0.1212928256127854,0.0058106848354626955,0.0058106848354626955,5.031673985562055,5.031673985562055,baseline,cs137_plus_20
106,0.1053800352405235,51.07047,30.039138,nuclide_mode,env_plus_no_ratio,extra_trees,0.1085975180724962,0.003217482831972693,0.003217482831972693,3.053218595561279,3.053218595561279,baseline,cs137_plus_20
107,0.1094102194657331,51.07107,29.99345,nuclide_mode,env_plus_no_ratio,extra_trees,0.1096042594342111,0.0001940399684779992,0.0001940399684779992,0.177350863041429,0.177350863041429,baseline,cs137_plus_20
108,0.1094247842362929,51.071267,29.953709,nuclide_mode,env_plus_no_ratio,extra_trees,0.1102673755839826,0.0008425913476897001,0.0008425913476897001,0.7700187426188573,0.7700187426188573,baseline,cs137_plus_20
109,0.1013838183927468,51.07154,29.90879,nuclide_mode,env_plus_no_ratio,extra_trees,0.1032432188308405,0.0018594004380937112,0.0018594004380937112,1.8340209192858103,1.8340209192858103,baseline,cs137_plus_20
110,0.1018727132758231,51.069372,29.866127,nuclide_mode,env_plus_no_ratio,extra_trees,0.1061459649493923,0.004273251673569192,0.004273251673569192,4.194697025492243,4.194697025492243,baseline,cs137_plus_20
111,0.1005312590053387,51.06997,29.82462,nuclide_mode,env_plus_no_ratio,extra_trees,0.1007251400459796,0.00019388104064090028,0.00019388104064090028,0.19285647325933145,0.19285647325933145,baseline,cs137_plus_20
112,0.095739206076342,51.07151,29.78159,nuclide_mode,env_plus_no_ratio,extra_trees,0.0966714013852581,0.0009321953089160978,0.0009321953089160978,0.9736818876195501,0.9736818876195501,baseline,cs137_plus_20
113,0.0991348744830794,51.067894,29.804816,nuclide_mode,env_plus_no_ratio,extra_trees,0.099248071810084,0.00011319732700459939,0.00011319732700459939,0.11418517206467056,0.11418517206467056,baseline,cs137_plus_20
114,0.1007936603350601,51.067894,29.819094,nuclide_mode,env_plus_no_ratio,extra_trees,0.100821682523711,2.8022188650903e-05,2.8022188650903e-05,0.02780153886439994,0.02780153886439994,baseline,cs137_plus_20
115,0.1112181492458078,51.06536,30.26233,nuclide_mode,env_plus_no_ratio,extra_trees,0.1126732982142107,0.001455148968402889,0.001455148968402889,1.308373658679398,1.308373658679398,baseline,cs137_plus_20
116,0.1066509694026618,51.06477,30.24661,nuclide_mode,env_plus_no_ratio,extra_trees,0.1079853725949819,0.0013344031923200883,0.0013344031923200883,1.2511871198113875,1.2511871198113875,baseline,cs137_plus_20
117,0.1075019306369451,51.064896,30.047557,nuclide_mode,env_plus_no_ratio,extra_trees,0.1100218547909788,0.0025199241540336953,0.0025199241540336953,2.3440733939411458,2.3440733939411458,baseline,cs137_plus_20
118,0.1496781346147653,51.061889,30.123726,nuclide_mode,env_plus_no_ratio,extra_trees,0.1496781346147652,-1.1102230246251565e-16,1.1102230246251565e-16,-7.417402865706453e-14,7.417402865706453e-14,baseline,cs137_plus_20
119,0.1090959301629868,51.061004,30.195435,nuclide_mode,env_plus_no_ratio,extra_trees,0.1099324564301234,0.0008365262671365947,0.0008365262671365947,0.7667804526592732,0.7667804526592732,baseline,cs137_plus_20
120,0.1103662563895594,51.061738,30.199676,nuclide_mode,env_plus_no_ratio,extra_trees,0.1106155822065324,0.0002493258169730117,0.0002493258169730117,0.22590765069802426,0.22590765069802426,baseline,cs137_plus_20
121,0.0972722937061006,51.05862,29.71945,nuclide_mode,env_plus_no_ratio,extra_trees,0.0972855493774679,1.3255671367298771e-05,1.3255671367298771e-05,0.013627386445054518,0.013627386445054518,baseline,cs137_plus_20
122,0.1094321866552302,51.0527,30.26792,nuclide_mode,env_plus_no_ratio,extra_trees,0.1100551564467607,0.0006229697915304949,0.0006229697915304949,0.5692747358628428,0.5692747358628428,baseline,cs137_plus_20
123,0.1098205000068578,51.05272,30.20061,nuclide_mode,env_plus_no_ratio,extra_trees,0.110512015306606,0.0006915152997482021,0.0006915152997482021,0.6296777921289924,0.6296777921289924,baseline,cs137_plus_20
124,0.1359919974445503,51.05289,30.13888,nuclide_mode,env_plus_no_ratio,extra_trees,0.1359919974445503,0.0,0.0,0.0,0.0,baseline,cs137_plus_20
125,0.106612658910983,51.05303,30.12438,nuclide_mode,env_plus_no_ratio,extra_trees,0.1077806216715561,0.0011679627605730991,0.0011679627605730991,1.095519774577893,1.095519774577893,baseline,cs137_plus_20
126,0.0995424522546118,51.05195,29.78041,nuclide_mode,env_plus_no_ratio,extra_trees,0.0996974990001029,0.0001550467454911053,0.0001550467454911053,0.15575941920189335,0.15575941920189335,baseline,cs137_plus_20
127,0.1094814856642437,51.05307,29.76716,nuclide_mode,env_plus_no_ratio,extra_trees,0.1082099306933069,-0.0012715549709368112,0.0012715549709368112,-1.1614337924097946,1.1614337924097946,baseline,cs137_plus_20
128,0.1027622190894767,51.05312,29.75195,nuclide_mode,env_plus_no_ratio,extra_trees,0.1027169079315438,-4.5311157932909074e-05,4.5311157932909074e-05,-0.044093206953283025,0.044093206953283025,baseline,cs137_plus_20
129,0.0992291314078962,51.05297,29.73811,nuclide_mode,env_plus_no_ratio,extra_trees,0.09951504115808,0.0002859097501838048,0.0002859097501838048,0.28813086049149217,0.28813086049149217,baseline,cs137_plus_20
130,0.105385411707541,51.04988,29.79071,nuclide_mode,env_plus_no_ratio,extra_trees,0.1047890200102645,-0.0005963916972765021,0.0005963916972765021,-0.5659148525524301,0.5659148525524301,baseline,cs137_plus_20
131,0.1085716884576553,51.04561,30.19134,nuclide_mode,env_plus_no_ratio,extra_trees,0.1119564979309632,0.0033848094733078954,0.0033848094733078954,3.1175802102663486,3.1175802102663486,baseline,cs137_plus_20
132,0.1030881194615299,51.04714,30.14791,nuclide_mode,env_plus_no_ratio,extra_trees,0.1034506863450658,0.00036256688353589195,0.00036256688353589195,0.3517057886298853,0.3517057886298853,baseline,cs137_plus_20
133,0.1149639769437885,51.046912,30.133231,nuclide_mode,env_plus_no_ratio,extra_trees,0.1247371136456694,0.009773136701880902,0.009773136701880902,8.501042641087013,8.501042641087013,baseline,cs137_plus_20
134,0.0996683696388325,51.04704,30.1141,nuclide_mode,env_plus_no_ratio,extra_trees,0.1031423334615486,0.0034739638227161,0.0034739638227161,3.4855228748144236,3.4855228748144236,baseline,cs137_plus_20
135,0.1022517590253016,51.04676,29.77086,nuclide_mode,env_plus_no_ratio,extra_trees,0.1021159168489676,-0.0001358421763340001,0.0001358421763340001,-0.1328506987350572,0.1328506987350572,baseline,cs137_plus_20
136,0.1046595640325094,51.043838,29.694039,nuclide_mode,env_plus_no_ratio,extra_trees,0.1041674074866698,-0.0004921565458395893,0.0004921565458395893,-0.47024517098763713,0.47024517098763713,baseline,cs137_plus_20
137,0.0986172790551493,51.044,29.73761,nuclide_mode,env_plus_no_ratio,extra_trees,0.0986822334215414,6.495436639208929e-05,6.495436639208929e-05,0.06586509688202323,0.06586509688202323,baseline,cs137_plus_20
138,0.0982866513330011,51.044203,29.78018,nuclide_mode,env_plus_no_ratio,extra_trees,0.0982904750366187,3.823703617594765e-06,3.823703617594765e-06,0.003890359032214686,0.003890359032214686,baseline,cs137_plus_20
139,0.1008975463038253,51.04325,29.82336,nuclide_mode,env_plus_no_ratio,extra_trees,0.1018150889355002,0.0009175426316749002,0.0009175426316749002,0.9093805204261084,0.9093805204261084,baseline,cs137_plus_20
140,0.1109089959208549,51.04469,29.86551,nuclide_mode,env_plus_no_ratio,extra_trees,0.112864401583583,0.001955405662728102,0.001955405662728102,1.7630721894944277,1.7630721894944277,baseline,cs137_plus_20
141,0.1059305250638293,51.04398,29.90843,nuclide_mode,env_plus_no_ratio,extra_trees,0.1052533752560789,-0.0006771498077503962,0.0006771498077503962,-0.6392395462425717,0.6392395462425717,baseline,cs137_plus_20
142,0.1053496150624905,51.044055,29.952572,nuclide_mode,env_plus_no_ratio,extra_trees,0.1066639238877506,0.0013143088252600965,0.0013143088252600965,1.2475687020597888,1.2475687020597888,baseline,cs137_plus_20
143,0.108478852798741,51.04321,30.03807,nuclide_mode,env_plus_no_ratio,extra_trees,0.1095611538431032,0.0010823010443622022,0.0010823010443622022,0.9977069414350991,0.9977069414350991,baseline,cs137_plus_20
144,0.1105715285827977,51.04409,30.07969,nuclide_mode,env_plus_no_ratio,extra_trees,0.1158683365714803,0.005296807988682595,0.005296807988682595,4.790390488918909,4.790390488918909,baseline,cs137_plus_20
145,0.1167585291709336,51.043903,30.123726,nuclide_mode,env_plus_no_ratio,extra_trees,0.1317776471590196,0.015019117988086,0.015019117988086,12.86340115341649,12.86340115341649,baseline,cs137_plus_20
146,0.1107739179544022,51.04356,30.16552,nuclide_mode,env_plus_no_ratio,extra_trees,0.1108622594890029,8.834153460070271e-05,8.834153460070271e-05,0.07974939970712842,0.07974939970712842,baseline,cs137_plus_20
147,0.1057668293286174,51.04325,30.18084,nuclide_mode,env_plus_no_ratio,extra_trees,0.1069838771122534,0.0012170477836360022,0.0012170477836360022,1.1506894849373202,1.1506894849373202,baseline,cs137_plus_20
148,0.1132913298778349,51.044871,30.254171,nuclide_mode,env_plus_no_ratio,extra_trees,0.1147499478986912,0.0014586180208562977,0.0014586180208562977,1.287493069795513,1.287493069795513,baseline,cs137_plus_20
149,0.1096326654763249,51.0379,29.91425,nuclide_mode,env_plus_no_ratio,extra_trees,0.111416879912256,0.001784214435931103,0.001784214435931103,1.627447830607022,1.627447830607022,baseline,cs137_plus_20
150,0.1075214276459981,51.0377,30.09093,nuclide_mode,env_plus_no_ratio,extra_trees,0.1092155669100882,0.0016941392640900943,0.0016941392640900943,1.5756294360858494,1.5756294360858494,baseline,cs137_plus_20
151,0.1096491254685274,51.0352,30.08228,nuclide_mode,env_plus_no_ratio,extra_trees,0.1280571545826167,0.018408029114089314,0.018408029114089314,16.78812214455187,16.78812214455187,baseline,cs137_plus_20
152,0.1039015640475521,51.02865,29.91425,nuclide_mode,env_plus_no_ratio,extra_trees,0.1053092720881178,0.0014077080405656972,0.0014077080405656972,1.3548477864312405,1.3548477864312405,baseline,cs137_plus_20
153,0.1003846144063231,51.02773,29.90069,nuclide_mode,env_plus_no_ratio,extra_trees,0.1006567632996929,0.0002721488933698085,0.0002721488933698085,0.27110617994530667,0.27110617994530667,baseline,cs137_plus_20
154,0.0985601113880395,51.02546,29.52588,nuclide_mode,env_plus_no_ratio,extra_trees,0.0988908889904282,0.0003307776023886988,0.0003307776023886988,0.3356100127427813,0.3356100127427813,baseline,cs137_plus_20
155,0.0981213570146611,51.02572,29.7098,nuclide_mode,env_plus_no_ratio,extra_trees,0.0981642287828291,4.287176816800131e-05,4.287176816800131e-05,0.04369259605897572,0.04369259605897572,baseline,cs137_plus_20
156,0.1023653675152439,51.02575,30.06114,nuclide_mode,env_plus_no_ratio,extra_trees,0.1036808597474265,0.001315492232182594,0.001315492232182594,1.2850950122234412,1.2850950122234412,baseline,cs137_plus_20
157,0.1033958656480853,51.02256,29.94257,nuclide_mode,env_plus_no_ratio,extra_trees,0.1065078130473665,0.003111947399281209,0.003111947399281209,3.0097406504365742,3.0097406504365742,baseline,cs137_plus_20
158,0.099956571479043,51.02296,29.49086,nuclide_mode,env_plus_no_ratio,extra_trees,0.1003471060807114,0.0003905346016684075,0.0003905346016684075,0.39070427875798786,0.39070427875798786,baseline,cs137_plus_20
159,0.1018305798355028,51.02015,29.86218,nuclide_mode,env_plus_no_ratio,extra_trees,0.1025583517338907,0.0007277718983879078,0.0007277718983879078,0.714688946644074,0.714688946644074,baseline,cs137_plus_20
160,0.107219142294486,51.018467,30.082277,nuclide_mode,env_plus_no_ratio,extra_trees,0.1082838412296427,0.0010646989351567049,0.0010646989351567049,0.9930119868264041,0.9930119868264041,baseline,cs137_plus_20
161,0.1088325930235085,51.01669,30.05093,nuclide_mode,env_plus_no_ratio,extra_trees,0.109847151714272,0.0010145586907635007,0.0010145586907635007,0.9322195333013428,0.9322195333013428,baseline,cs137_plus_20
162,0.1085197233806798,51.01683,30.0377,nuclide_mode,env_plus_no_ratio,extra_trees,0.1103055884655948,0.0017858650849149893,0.0017858650849149893,1.6456594518309782,1.6456594518309782,baseline,cs137_plus_20
163,0.1066253020984084,51.01689,30.02491,nuclide_mode,env_plus_no_ratio,extra_trees,0.1095142367855994,0.002888934687191008,0.002888934687191008,2.709426965585246,2.709426965585246,baseline,cs137_plus_20
164,0.1035133857931416,51.01733,30.01091,nuclide_mode,env_plus_no_ratio,extra_trees,0.1057393547155458,0.0022259689224042034,0.0022259689224042034,2.1504164947831197,2.1504164947831197,baseline,cs137_plus_20
165,0.1057303253097919,51.015104,29.995365,nuclide_mode,env_plus_no_ratio,extra_trees,0.1070619098393321,0.0013315845295402001,0.0013315845295402001,1.259415901387451,1.259415901387451,baseline,cs137_plus_20
166,0.1095664801699954,51.01733,29.96693,nuclide_mode,env_plus_no_ratio,extra_trees,0.1115741967522991,0.002007716582303698,0.002007716582303698,1.8324186185306588,1.8324186185306588,baseline,cs137_plus_20
167,0.103800058287339,51.016923,29.952333,nuclide_mode,env_plus_no_ratio,extra_trees,0.1070926466770445,0.003292588389705503,0.003292588389705503,3.1720486905613967,3.1720486905613967,baseline,cs137_plus_20
168,0.1029674555289185,51.016923,29.938092,nuclide_mode,env_plus_no_ratio,extra_trees,0.1044120202137418,0.0014445646848232907,0.0014445646848232907,1.4029332641104095,1.4029332641104095,baseline,cs137_plus_20
169,0.1047640689234203,51.01651,29.9092,nuclide_mode,env_plus_no_ratio,extra_trees,0.1062931891131941,0.0015291201897738027,0.0015291201897738027,1.4595845746422356,1.4595845746422356,baseline,cs137_plus_20
170,0.1008947612948376,51.01713,29.86675,nuclide_mode,env_plus_no_ratio,extra_trees,0.1022280714492367,0.001333310154399095,0.001333310154399095,1.3214860090732137,1.3214860090732137,baseline,cs137_plus_20
171,0.1033391277313749,51.01694,29.85252,nuclide_mode,env_plus_no_ratio,extra_trees,0.1074066368606956,0.004067509129320704,0.004067509129320704,3.9360784425179194,3.9360784425179194,baseline,cs137_plus_20
172,0.0975522905979266,51.01673,29.82278,nuclide_mode,env_plus_no_ratio,extra_trees,0.0977990023529656,0.0002467117550390002,0.0002467117550390002,0.2529020626033808,0.2529020626033808,baseline,cs137_plus_20
173,0.0980071867646902,51.01672,29.7806,nuclide_mode,env_plus_no_ratio,extra_trees,0.0984347771637548,0.0004275903990646063,0.0004275903990646063,0.43628473908880483,0.43628473908880483,baseline,cs137_plus_20
174,0.0996059427988089,51.017546,29.740941,nuclide_mode,env_plus_no_ratio,extra_trees,0.099572819873279,-3.312292552989926e-05,3.312292552989926e-05,-0.03325396517435037,0.03325396517435037,baseline,cs137_plus_20
175,0.1064571621173995,51.01699,29.69527,nuclide_mode,env_plus_no_ratio,extra_trees,0.1063627987411477,-9.436337625180757e-05,9.436337625180757e-05,-0.08863976305111809,0.08863976305111809,baseline,cs137_plus_20
176,0.1030188476103122,51.016936,29.652507,nuclide_mode,env_plus_no_ratio,extra_trees,0.1029415428479944,-7.730476231780636e-05,7.730476231780636e-05,-0.07503943609447651,0.07503943609447651,baseline,cs137_plus_20
177,0.1109947662845906,51.016936,29.62395,nuclide_mode,env_plus_no_ratio,extra_trees,0.109200194052589,-0.0017945722320015928,0.0017945722320015928,-1.616807973990692,1.616807973990692,baseline,cs137_plus_20
178,0.1021027585478595,51.017298,29.610322,nuclide_mode,env_plus_no_ratio,extra_trees,0.1020378927879223,-6.486575993719379e-05,6.486575993719379e-05,-0.06352987995597466,0.06352987995597466,baseline,cs137_plus_20
179,0.0991039569320445,51.016936,29.566834,nuclide_mode,env_plus_no_ratio,extra_trees,0.0992293974840489,0.00012544055200439108,0.00012544055200439108,0.12657471597264836,0.12657471597264836,baseline,cs137_plus_20
180,0.1074592604356263,51.01683,29.52235,nuclide_mode,env_plus_no_ratio,extra_trees,0.1105860725266031,0.003126812090976802,0.003126812090976802,2.909765131735599,2.909765131735599,baseline,cs137_plus_20
181,0.1036165923868782,51.01756,29.5101,nuclide_mode,env_plus_no_ratio,extra_trees,0.1062398448414247,0.0026232524545464903,0.0026232524545464903,2.531691492760086,2.531691492760086,baseline,cs137_plus_20
182,0.0975870358872168,51.016936,29.494968,nuclide_mode,env_plus_no_ratio,extra_trees,0.0976487794515467,6.174356432989137e-05,6.174356432989137e-05,0.06327025282461657,0.06327025282461657,baseline,cs137_plus_20
183,0.0986293467516517,51.016923,29.481023,nuclide_mode,env_plus_no_ratio,extra_trees,0.0986318127003266,2.4659486748956905e-06,2.4659486748956905e-06,0.0025002179940468825,0.0025002179940468825,baseline,cs137_plus_20
184,0.1087966189198201,51.0116,30.02819,nuclide_mode,env_plus_no_ratio,extra_trees,0.1100766674226453,0.0012800485028251901,0.0012800485028251901,1.1765517306825022,1.1765517306825022,baseline,cs137_plus_20
185,0.1039112157903205,51.01114,29.85768,nuclide_mode,env_plus_no_ratio,extra_trees,0.1062023554442473,0.002291139653926799,0.002291139653926799,2.20490120965385,2.20490120965385,baseline,cs137_plus_20
186,0.1022885283029214,51.010941,29.695343,nuclide_mode,env_plus_no_ratio,extra_trees,0.1023639899524064,7.546164948500633e-05,7.546164948500633e-05,0.07377332603860635,0.07377332603860635,baseline,cs137_plus_20
187,0.1036214920949421,51.010941,29.681065,nuclide_mode,env_plus_no_ratio,extra_trees,0.1035674920949421,-5.3999999999998494e-05,5.3999999999998494e-05,-0.0521127411970883,0.0521127411970883,baseline,cs137_plus_20
188,0.1106183070915996,51.011283,29.61909,nuclide_mode,env_plus_no_ratio,extra_trees,0.1103507529646976,-0.000267554126902006,0.000267554126902006,-0.24187147131121134,0.24187147131121134,baseline,cs137_plus_20
189,0.1025685991919577,51.00804,29.52415,nuclide_mode,env_plus_no_ratio,extra_trees,0.1025651305952194,-3.4685967382902527e-06,3.4685967382902527e-06,-0.003381733557459194,0.003381733557459194,baseline,cs137_plus_20
190,0.0976720457739358,51.008,29.77188,nuclide_mode,env_plus_no_ratio,extra_trees,0.097963057870353,0.00029101209641720083,0.00029101209641720083,0.297948193990689,0.297948193990689,baseline,cs137_plus_20
191,0.101682096674673,51.0079,29.86667,nuclide_mode,env_plus_no_ratio,extra_trees,0.1023676938919592,0.000685597217286199,0.000685597217286199,0.6742555864871025,0.6742555864871025,baseline,cs137_plus_20
192,0.1083763604951641,51.00832,29.95249,nuclide_mode,env_plus_no_ratio,extra_trees,0.1111813350573862,0.002804974562222104,0.002804974562222104,2.5881793311810517,2.5881793311810517,baseline,cs137_plus_20
193,0.1105877973402835,51.0072,30.01928,nuclide_mode,env_plus_no_ratio,extra_trees,0.1120323079388962,0.0014445105986126971,0.0014445105986126971,1.3062115652488084,1.3062115652488084,baseline,cs137_plus_20
194,0.1122695763559807,51.00467,30.00338,nuclide_mode,env_plus_no_ratio,extra_trees,0.1127820169430465,0.0005124405870658016,0.0005124405870658016,0.4564376242420046,0.4564376242420046,baseline,cs137_plus_20
195,0.0987821318032893,51.0051,29.79124,nuclide_mode,env_plus_no_ratio,extra_trees,0.0991739132424584,0.0003917814391690977,0.0003917814391690977,0.39661164627351353,0.39661164627351353,baseline,cs137_plus_20
196,0.1022485066028932,51.001948,29.695343,nuclide_mode,env_plus_no_ratio,extra_trees,0.1021222665095783,-0.00012624009331489716,0.00012624009331489716,-0.12346399718597466,0.12346399718597466,baseline,cs137_plus_20
197,0.1060421465689241,50.99842,29.76682,nuclide_mode,env_plus_no_ratio,extra_trees,0.1056509398963394,-0.0003912066725847013,0.0003912066725847013,-0.3689162142058574,0.3689162142058574,baseline,cs137_plus_20
198,0.0977695291419507,50.99902,29.52905,nuclide_mode,env_plus_no_ratio,extra_trees,0.0980190298991332,0.00024950075718251086,0.00024950075718251086,0.25519275726516283,0.25519275726516283,baseline,cs137_plus_20
199,0.102579902946923,50.99581,29.92384,nuclide_mode,env_plus_no_ratio,extra_trees,0.102522402946923,-5.7500000000001994e-05,5.7500000000001994e-05,-0.05605386469292499,0.05605386469292499,baseline,cs137_plus_20
200,0.1021261442789498,50.98989,29.52395,nuclide_mode,env_plus_no_ratio,extra_trees,0.1021173654378785,-8.778841071296895e-06,8.778841071296895e-06,-0.008596076091268223,0.008596076091268223,baseline,cs137_plus_20
201,0.0995309033032998,50.99044,29.56701,nuclide_mode,env_plus_no_ratio,extra_trees,0.09954513572309,1.423241979019163e-05,1.423241979019163e-05,0.014299498264193664,0.014299498264193664,baseline,cs137_plus_20
202,0.0977009564923632,50.99004,29.58575,nuclide_mode,env_plus_no_ratio,extra_trees,0.0977834300338927,8.247354152950137e-05,8.247354152950137e-05,0.08441426214281528,0.08441426214281528,baseline,cs137_plus_20
203,0.1019189312973938,50.98957,29.60909,nuclide_mode,env_plus_no_ratio,extra_trees,0.1019374894796516,1.855818225780792e-05,1.855818225780792e-05,0.018208768500187836,0.018208768500187836,baseline,cs137_plus_20
204,0.1078159742516321,50.989943,29.6525,nuclide_mode,env_plus_no_ratio,extra_trees,0.1066413723213092,-0.0011746019303228994,0.0011746019303228994,-1.0894507409277698,1.0894507409277698,baseline,cs137_plus_20
205,0.0983742530185106,50.989943,29.695338,nuclide_mode,env_plus_no_ratio,extra_trees,0.09867999705425,0.00030574403573939424,0.00030574403573939424,0.31079680542210963,0.31079680542210963,baseline,cs137_plus_20
206,0.0994392081481102,50.98956,29.73812,nuclide_mode,env_plus_no_ratio,extra_trees,0.101485626191826,0.002046418043715789,0.002046418043715789,2.057958909596044,2.057958909596044,baseline,cs137_plus_20
207,0.1021146555025987,50.98991,29.7527,nuclide_mode,env_plus_no_ratio,extra_trees,0.1022439281438928,0.00012927264129410088,0.00012927264129410088,0.12659558087703782,0.12659558087703782,baseline,cs137_plus_20
208,0.1098579272593449,50.99019,29.767031,nuclide_mode,env_plus_no_ratio,extra_trees,0.1111386892118582,0.0012807619525132957,0.0012807619525132957,1.165834805429892,1.165834805429892,baseline,cs137_plus_20
209,0.1017887446543772,50.99056,29.78161,nuclide_mode,env_plus_no_ratio,extra_trees,0.1016461728350632,-0.00014257181931399965,0.00014257181931399965,-0.14006638926347015,0.14006638926347015,baseline,cs137_plus_20
210,0.0976502496997286,50.98869,29.82286,nuclide_mode,env_plus_no_ratio,extra_trees,0.0975444914495962,-0.00010575825013239837,0.00010575825013239837,-0.10830310261120848,0.10830310261120848,baseline,cs137_plus_20
211,0.1024939919735471,50.991258,29.865266,nuclide_mode,env_plus_no_ratio,extra_trees,0.1072970085557434,0.004803016582196298,0.004803016582196298,4.686144514144712,4.686144514144712,baseline,cs137_plus_20
212,0.1048445493773917,50.98952,29.90993,nuclide_mode,env_plus_no_ratio,extra_trees,0.1075098980089261,0.002665348631534406,0.002665348631534406,2.5421909363551065,2.5421909363551065,baseline,cs137_plus_20
213,0.1124282669097823,50.99009,29.95323,nuclide_mode,env_plus_no_ratio,extra_trees,0.1129924036824848,0.0005641367727024921,0.0005641367727024921,0.5017748544991641,0.5017748544991641,baseline,cs137_plus_20
214,0.1055554090205393,50.99025,29.99456,nuclide_mode,env_plus_no_ratio,extra_trees,0.1083474436349138,0.0027920346143745084,0.0027920346143745084,2.6450890961269695,2.6450890961269695,baseline,cs137_plus_20
215,0.1118830984344701,50.98754,29.98126,nuclide_mode,env_plus_no_ratio,extra_trees,0.112232845501579,0.00034974706710889925,0.00034974706710889925,0.3126004481487845,0.3126004481487845,baseline,cs137_plus_20
216,0.1133901948656578,50.986961,29.966644,nuclide_mode,env_plus_no_ratio,extra_trees,0.1155680243927936,0.0021778295271357995,0.0021778295271357995,1.9206506609465164,1.9206506609465164,baseline,cs137_plus_20
217,0.10752591018978,50.986,29.91985,nuclide_mode,env_plus_no_ratio,extra_trees,0.110765022152997,0.003239111963216995,0.003239111963216995,3.012401343545997,3.012401343545997,baseline,cs137_plus_20
218,0.1013336013548846,50.983963,29.666786,nuclide_mode,env_plus_no_ratio,extra_trees,0.1022183510957485,0.0008847497408639021,0.0008847497408639021,0.8731059875839047,0.8731059875839047,baseline,cs137_plus_20
219,0.0968510892080693,50.980965,30.052317,nuclide_mode,env_plus_no_ratio,extra_trees,0.0968510892080692,-9.71445146547012e-17,9.71445146547012e-17,-1.003029655619066e-13,1.003029655619066e-13,baseline,cs137_plus_20
220,0.1089314925853855,50.98092,29.97109,nuclide_mode,env_plus_no_ratio,extra_trees,0.1099755524716573,0.001044059886271806,0.001044059886271806,0.9584555039980048,0.9584555039980048,baseline,cs137_plus_20
221,0.1079320032860266,50.980922,29.952048,nuclide_mode,env_plus_no_ratio,extra_trees,0.1085878353342485,0.0006558320482218938,0.0006558320482218938,0.6076344626754472,0.6076344626754472,baseline,cs137_plus_20
222,0.1012951371585012,50.98036,29.78619,nuclide_mode,env_plus_no_ratio,extra_trees,0.1014675105293332,0.00017237337083199356,0.00017237337083199356,0.17016944314145402,0.17016944314145402,baseline,cs137_plus_20
223,0.1020903270981447,50.98055,29.7714,nuclide_mode,env_plus_no_ratio,extra_trees,0.1022983109262698,0.00020798382812510507,0.00020798382812510507,0.20372530291254673,0.20372530291254673,baseline,cs137_plus_20
224,0.1051401466987556,50.98108,29.75715,nuclide_mode,env_plus_no_ratio,extra_trees,0.1091784937206468,0.004038347021891195,0.004038347021891195,3.840918192231314,3.840918192231314,baseline,cs137_plus_20
225,0.0979719656043391,50.98098,29.60994,nuclide_mode,env_plus_no_ratio,extra_trees,0.0983601889005733,0.00038822329623419694,0.00038822329623419694,0.39625957674672074,0.39625957674672074,baseline,cs137_plus_20
226,0.0990126715232741,50.980348,29.595394,nuclide_mode,env_plus_no_ratio,extra_trees,0.0990016414803557,-1.1030042918400151e-05,1.1030042918400151e-05,-0.011140031622929605,0.011140031622929605,baseline,cs137_plus_20
227,0.1002802476522334,50.9809,29.58118,nuclide_mode,env_plus_no_ratio,extra_trees,0.1003719772906498,9.17296384164018e-05,9.17296384164018e-05,0.0914732866780658,0.0914732866780658,baseline,cs137_plus_20
228,0.0981336075041491,50.98112,29.43281,nuclide_mode,env_plus_no_ratio,extra_trees,0.099862236705728,0.0017286292015789018,0.0017286292015789018,1.7615058139035755,1.7615058139035755,baseline,cs137_plus_20
229,0.101017507155379,50.977968,29.662026,nuclide_mode,env_plus_no_ratio,extra_trees,0.1017176776699358,0.0007001705145567999,0.0007001705145567999,0.6931179894192402,0.6931179894192402,baseline,cs137_plus_20
230,0.1119723910891164,50.97835,30.01494,nuclide_mode,env_plus_no_ratio,extra_trees,0.1113585768139527,-0.0006138142751637016,0.0006138142751637016,-0.5481835916812566,0.5481835916812566,baseline,cs137_plus_20
231,0.0999094967787527,50.97511,29.5334,nuclide_mode,env_plus_no_ratio,extra_trees,0.1000594126960121,0.0001499159172593939,0.0001499159172593939,0.15005171889853403,0.15005171889853403,baseline,cs137_plus_20
232,0.0990008246566636,50.97487,29.52447,nuclide_mode,env_plus_no_ratio,extra_trees,0.0989795373003418,-2.1287356321800233e-05,2.1287356321800233e-05,-0.02150220101259269,0.02150220101259269,baseline,cs137_plus_20
233,0.0976194278462332,50.9752,29.51049,nuclide_mode,env_plus_no_ratio,extra_trees,0.0979554599757297,0.00033603212949649686,0.00033603212949649686,0.34422669432748904,0.34422669432748904,baseline,cs137_plus_20
234,0.1049936357689363,50.97223,29.77673,nuclide_mode,env_plus_no_ratio,extra_trees,0.1057333823021781,0.0007397465332417974,0.0007397465332417974,0.7045632126406092,0.7045632126406092,baseline,cs137_plus_20
235,0.1024836731050738,50.97124,29.92359,nuclide_mode,env_plus_no_ratio,extra_trees,0.1035285859102377,0.0010449128051639028,0.0010449128051639028,1.019589534122749,1.019589534122749,baseline,cs137_plus_20
236,0.1091436408781199,50.97261,30.00841,nuclide_mode,env_plus_no_ratio,extra_trees,0.1119926971106685,0.002849056232548608,0.002849056232548608,2.6103730914842154,2.6103730914842154,baseline,cs137_plus_20
237,0.1031427648238852,50.96872,29.948,nuclide_mode,env_plus_no_ratio,extra_trees,0.1043328253165681,0.0011900604926829011,0.0011900604926829011,1.153799294322692,1.153799294322692,baseline,cs137_plus_20
238,0.0989686673588453,50.96917,29.87584,nuclide_mode,env_plus_no_ratio,extra_trees,0.0989680204911797,-6.468676655990713e-07,6.468676655990713e-07,-0.0006536085438572471,0.0006536085438572471,baseline,cs137_plus_20
239,0.1269582054608184,50.962413,29.996578,nuclide_mode,env_plus_no_ratio,extra_trees,0.1250705957633884,-0.001887609697430015,0.001887609697430015,-1.4867961393897975,1.4867961393897975,baseline,cs137_plus_20
240,0.1135622959814029,50.9628,29.93671,nuclide_mode,env_plus_no_ratio,extra_trees,0.1139945367855763,0.0004322408041734088,0.0004322408041734088,0.38061999402001623,0.38061999402001623,baseline,cs137_plus_20
241,0.0988389807479079,50.96273,29.92281,nuclide_mode,env_plus_no_ratio,extra_trees,0.100318223383802,0.0014792426358941069,0.0014792426358941069,1.4966186667454255,1.4966186667454255,baseline,cs137_plus_20
242,0.0972960404319819,50.96457,29.91055,nuclide_mode,env_plus_no_ratio,extra_trees,0.0973651392912376,6.90988592557118e-05,6.90988592557118e-05,0.07101918942325068,0.07101918942325068,baseline,cs137_plus_20
243,0.1061891430521343,50.96309,29.88077,nuclide_mode,env_plus_no_ratio,extra_trees,0.1079586504087324,0.0017695073565981018,0.0017695073565981018,1.6663731392288852,1.6663731392288852,baseline,cs137_plus_20
244,0.1034124600522586,50.96238,29.86654,nuclide_mode,env_plus_no_ratio,extra_trees,0.1047014682100292,0.0012890081577705964,0.0012890081577705964,1.2464727723518108,1.2464727723518108,baseline,cs137_plus_20
245,0.1032768218271693,50.96257,29.82359,nuclide_mode,env_plus_no_ratio,extra_trees,0.104737544557741,0.001460722730571698,0.001460722730571698,1.4143761443551914,1.4143761443551914,baseline,cs137_plus_20
246,0.1114934448181495,50.96294,29.7816,nuclide_mode,env_plus_no_ratio,extra_trees,0.111398631702891,-9.481311525851022e-05,9.481311525851022e-05,-0.085039183615821,0.085039183615821,baseline,cs137_plus_20
247,0.1016689338706617,50.96336,29.75333,nuclide_mode,env_plus_no_ratio,extra_trees,0.1016788664438861,9.932573224402663e-06,9.932573224402663e-06,0.009769526291126847,0.009769526291126847,baseline,cs137_plus_20
248,0.0997387872991942,50.96312,29.73859,nuclide_mode,env_plus_no_ratio,extra_trees,0.100497522104578,0.0007587348053837983,0.0007587348053837983,0.7607219076243252,0.7607219076243252,baseline,cs137_plus_20
249,0.0992593207412562,50.961887,29.695044,nuclide_mode,env_plus_no_ratio,extra_trees,0.1011755622954385,0.0019162415541823102,0.0019162415541823102,1.9305406684954702,1.9305406684954702,baseline,cs137_plus_20
250,0.0989048082506559,50.962583,29.651804,nuclide_mode,env_plus_no_ratio,extra_trees,0.1006787080905184,0.0017738998398625083,0.0017738998398625083,1.7935425701113419,1.7935425701113419,baseline,cs137_plus_20
251,0.0993635402516202,50.962043,29.609604,nuclide_mode,env_plus_no_ratio,extra_trees,0.0997527051881991,0.00038916493657890905,0.00038916493657890905,0.39165768006395424,0.39165768006395424,baseline,cs137_plus_20
252,0.0968589400713295,50.963843,29.568409,nuclide_mode,env_plus_no_ratio,extra_trees,0.0968270772530245,-3.1862818305000706e-05,3.1862818305000706e-05,-0.032896104666782514,0.032896104666782514,baseline,cs137_plus_20
253,0.0983983799253421,50.962981,29.52422,nuclide_mode,env_plus_no_ratio,extra_trees,0.0987571294349445,0.0003587495096023935,0.0003587495096023935,0.36458883761560695,0.36458883761560695,baseline,cs137_plus_20
254,0.0985654442350082,50.96309,29.48104,nuclide_mode,env_plus_no_ratio,extra_trees,0.0990780443329856,0.0005126000979774059,0.0005126000979774059,0.5200606581300651,0.5200606581300651,baseline,cs137_plus_20
255,0.1032796539542675,50.96295,29.43806,nuclide_mode,env_plus_no_ratio,extra_trees,0.10462825398336,0.0013486000290924977,0.0013486000290924977,1.305775123616953,1.305775123616953,baseline,cs137_plus_20
256,0.1022933469713623,50.95675,29.88591,nuclide_mode,env_plus_no_ratio,extra_trees,0.103382919216284,0.001089572244921691,0.001089572244921691,1.0651447793830853,1.0651447793830853,baseline,cs137_plus_20
257,0.0978596107611635,50.956985,29.466881,nuclide_mode,env_plus_no_ratio,extra_trees,0.0978085480212818,-5.106273988170207e-05,5.106273988170207e-05,-0.052179586128056406,0.052179586128056406,baseline,cs137_plus_20
258,0.099243715856859,50.95397,29.481144,nuclide_mode,env_plus_no_ratio,extra_trees,0.0994768295357525,0.00023311367889350398,0.00023311367889350398,0.23489011559152828,0.23489011559152828,baseline,cs137_plus_20
259,0.1008859104255281,50.953985,29.495439,nuclide_mode,env_plus_no_ratio,extra_trees,0.1007879590923901,-9.795133313798832e-05,9.795133313798832e-05,-0.09709119214451059,0.09709119214451059,baseline,cs137_plus_20
260,0.0981047763534544,50.953985,29.566834,nuclide_mode,env_plus_no_ratio,extra_trees,0.0983496491768917,0.00024487282343731154,0.00024487282343731154,0.24960336544173697,0.24960336544173697,baseline,cs137_plus_20
261,0.0988527537357165,50.953985,29.576353,nuclide_mode,env_plus_no_ratio,extra_trees,0.098709195727646,-0.00014355800807050456,0.00014355800807050456,-0.1452240859716542,0.1452240859716542,baseline,cs137_plus_20
262,0.1058526048394395,50.95394,29.75214,nuclide_mode,env_plus_no_ratio,extra_trees,0.1089515164063952,0.0030989115669556866,0.0030989115669556866,2.927572327252798,2.927572327252798,baseline,cs137_plus_20
263,0.1073306251915958,50.95425,29.7667,nuclide_mode,env_plus_no_ratio,extra_trees,0.1140977393104099,0.006767114118814102,0.006767114118814102,6.304923787347865,6.304923787347865,baseline,cs137_plus_20
264,0.1086062238598413,50.953443,29.927568,nuclide_mode,env_plus_no_ratio,extra_trees,0.1119343437269046,0.0033281198670633005,0.0033281198670633005,3.064391476641626,3.064391476641626,baseline,cs137_plus_20
265,0.0980879657314581,50.95103,29.67626,nuclide_mode,env_plus_no_ratio,extra_trees,0.0999603257190431,0.0018723599875850039,0.0018723599875850039,1.9088580068130758,1.9088580068130758,baseline,cs137_plus_20
266,0.0973665888539732,50.950989,29.581112,nuclide_mode,env_plus_no_ratio,extra_trees,0.0976218029514383,0.00025521409746509516,0.00025521409746509516,0.2621167080710364,0.2621167080710364,baseline,cs137_plus_20
267,0.1046758326810434,50.94813,29.45218,nuclide_mode,env_plus_no_ratio,extra_trees,0.1042105185085179,-0.0004653141725255022,0.0004653141725255022,-0.4445287518689782,0.4445287518689782,baseline,cs137_plus_20
268,0.104101402495147,50.947991,29.7477,nuclide_mode,env_plus_no_ratio,extra_trees,0.1047332448101512,0.0006318423150041969,0.0006318423150041969,0.6069488977669173,0.6069488977669173,baseline,cs137_plus_20
269,0.1187921189844043,50.94781,29.89494,nuclide_mode,env_plus_no_ratio,extra_trees,0.1182240471445141,-0.0005680718398902024,0.0005680718398902024,-0.47820667292312724,0.47820667292312724,baseline,cs137_plus_20
270,0.1092403967615027,50.94806,29.90969,nuclide_mode,env_plus_no_ratio,extra_trees,0.109772980154457,0.0005325833929542972,0.0005325833929542972,0.4875333747798914,0.4875333747798914,baseline,cs137_plus_20
271,0.106961677621441,50.94785,29.98131,nuclide_mode,env_plus_no_ratio,extra_trees,0.1101344293981811,0.0031727517767401042,0.0031727517767401042,2.9662509482780495,2.9662509482780495,baseline,cs137_plus_20
272,0.1103578309587035,50.94508,29.90914,nuclide_mode,env_plus_no_ratio,extra_trees,0.1109752887205791,0.0006174577618756061,0.0006174577618756061,0.5595051628974678,0.5595051628974678,baseline,cs137_plus_20
273,0.1092239889643895,50.94423,29.89427,nuclide_mode,env_plus_no_ratio,extra_trees,0.1106353852634861,0.00141139629909659,0.00141139629909659,1.2922035831860619,1.2922035831860619,baseline,cs137_plus_20
274,0.1011180946162478,50.94487,29.8806,nuclide_mode,env_plus_no_ratio,extra_trees,0.102063105953819,0.0009450113375712027,0.0009450113375712027,0.9345620496090291,0.9345620496090291,baseline,cs137_plus_20
275,0.1134825585042465,50.943449,29.876318,nuclide_mode,env_plus_no_ratio,extra_trees,0.1133847198911269,-9.783861311959963e-05,9.783861311959963e-05,-0.08621466982165239,0.08621466982165239,baseline,cs137_plus_20
276,0.1068655541428479,50.94224,29.97181,nuclide_mode,env_plus_no_ratio,extra_trees,0.1083335736055342,0.001468019462686293,0.001468019462686293,1.3737068735207059,1.3737068735207059,baseline,cs137_plus_20
277,0.1006858683103989,50.935984,29.481144,nuclide_mode,env_plus_no_ratio,extra_trees,0.101336784364378,0.0006509160539791004,0.0006509160539791004,0.6464820385443042,0.6464820385443042,baseline,cs137_plus_20
278,0.1019646094802377,50.935984,29.523983,nuclide_mode,env_plus_no_ratio,extra_trees,0.1018467926395424,-0.00011781684069529785,0.00011781684069529785,-0.1155467973602474,0.1155467973602474,baseline,cs137_plus_20
279,0.1051478124602854,50.936001,29.566834,nuclide_mode,env_plus_no_ratio,extra_trees,0.104826893271905,-0.00032091918838039746,0.00032091918838039746,-0.30520766991858195,0.30520766991858195,baseline,cs137_plus_20
280,0.0988395349341208,50.935984,29.609661,nuclide_mode,env_plus_no_ratio,extra_trees,0.1010148322646767,0.002175297330555895,0.002175297330555895,2.2008372783277346,2.2008372783277346,baseline,cs137_plus_20
281,0.0977118191005934,50.93602,29.65263,nuclide_mode,env_plus_no_ratio,extra_trees,0.0981879188842274,0.00047609978363399863,0.00047609978363399863,0.4872489203622935,0.4872489203622935,baseline,cs137_plus_20
282,0.0994460599399436,50.936559,29.695122,nuclide_mode,env_plus_no_ratio,extra_trees,0.1016587521364025,0.002212692196458907,0.002212692196458907,2.225017459510384,2.225017459510384,baseline,cs137_plus_20
283,0.0987122580511497,50.93682,29.73937,nuclide_mode,env_plus_no_ratio,extra_trees,0.0992181365615072,0.0005058785103574936,0.0005058785103574936,0.5124779032968354,0.5124779032968354,baseline,cs137_plus_20
284,0.1086397681731166,50.935877,29.780267,nuclide_mode,env_plus_no_ratio,extra_trees,0.1117034962476679,0.0030637280745512974,0.0030637280745512974,2.820079724092628,2.820079724092628,baseline,cs137_plus_20
285,0.099640503673367,50.93575,29.82374,nuclide_mode,env_plus_no_ratio,extra_trees,0.1024967847463441,0.0028562810729770988,0.0028562810729770988,2.8665863455892553,2.8665863455892553,baseline,cs137_plus_20
286,0.1025629231492669,50.935984,29.866694,nuclide_mode,env_plus_no_ratio,extra_trees,0.104268067763354,0.0017051446140870924,0.0017051446140870924,1.6625351167160844,1.6625351167160844,baseline,cs137_plus_20
287,0.1087699326014782,50.93631,29.88148,nuclide_mode,env_plus_no_ratio,extra_trees,0.1114477746120579,0.0026778420105797035,0.0026778420105797035,2.4619322146599463,2.4619322146599463,baseline,cs137_plus_20
288,0.1101886707351844,50.936001,29.895249,nuclide_mode,env_plus_no_ratio,extra_trees,0.1111632034390471,0.0009745327038627044,0.0009745327038627044,0.8844218714687933,0.8844218714687933,baseline,cs137_plus_20
289,0.1038303837860652,50.93622,29.90966,nuclide_mode,env_plus_no_ratio,extra_trees,0.1035641442841049,-0.0002662395019602942,0.0002662395019602942,-0.25641771921874135,0.25641771921874135,baseline,cs137_plus_20
290,0.1108306458290198,50.93609,29.95312,nuclide_mode,env_plus_no_ratio,extra_trees,0.1110908868413415,0.0002602410123216936,0.0002602410123216936,0.23480961459267463,0.23480961459267463,baseline,cs137_plus_20
291,0.1201281141010076,50.936169,29.997449,nuclide_mode,env_plus_no_ratio,extra_trees,0.1230635960893976,0.0029354819883899985,0.0029354819883899985,2.4436261322821986,2.4436261322821986,baseline,cs137_plus_20
292,0.1376460339293773,50.93582,30.03905,nuclide_mode,env_plus_no_ratio,extra_trees,0.1394023750463437,0.0017563411169664034,0.0017563411169664034,1.2759838164807116,1.2759838164807116,baseline,cs137_plus_20
293,0.1038478874368505,50.935984,30.080888,nuclide_mode,env_plus_no_ratio,extra_trees,0.1243262357120408,0.020478348275190295,0.020478348275190295,19.719561736528437,19.719561736528437,baseline,cs137_plus_20
294,0.0986229188290422,50.93321,29.63793,nuclide_mode,env_plus_no_ratio,extra_trees,0.09904701069721,0.000424091868167803,0.000424091868167803,0.4300135031522892,0.4300135031522892,baseline,cs137_plus_20
295,0.1046203207627383,50.93013,29.96157,nuclide_mode,env_plus_no_ratio,extra_trees,0.1078950655204737,0.0032747447577353983,0.0032747447577353983,3.130123033327322,3.130123033327322,baseline,cs137_plus_20
296,0.1021290352903527,50.92674,29.89579,nuclide_mode,env_plus_no_ratio,extra_trees,0.1021677484204182,3.871313006550969e-05,3.871313006550969e-05,0.03790609590646609,0.03790609590646609,baseline,cs137_plus_20
297,0.1020724902352453,50.92687,29.49577,nuclide_mode,env_plus_no_ratio,extra_trees,0.1020514033755577,-2.1086859687602377e-05,2.1086859687602377e-05,-0.020658709941340447,0.020658709941340447,baseline,cs137_plus_20
298,0.0984863251003843,50.92461,29.51027,nuclide_mode,env_plus_no_ratio,extra_trees,0.0994220062438908,0.000935681143506506,0.000935681143506506,0.9500619934318728,0.9500619934318728,baseline,cs137_plus_20
299,0.0993341655884653,50.92474,29.523996,nuclide_mode,env_plus_no_ratio,extra_trees,0.1006108245447714,0.0012766589563060898,0.0012766589563060898,1.285216369154598,1.285216369154598,baseline,cs137_plus_20
300,0.0990724787424489,50.92395,29.65255,nuclide_mode,env_plus_no_ratio,extra_trees,0.0991178973019998,4.541855955089713e-05,4.541855955089713e-05,0.04584377026537134,0.04584377026537134,baseline,cs137_plus_20
301,0.0984172624789908,50.9239,29.70967,nuclide_mode,env_plus_no_ratio,extra_trees,0.0988254051311266,0.0004081426521358039,0.0004081426521358039,0.4147063653827299,0.4147063653827299,baseline,cs137_plus_20
302,0.0982035435289338,50.924011,29.723902,nuclide_mode,env_plus_no_ratio,extra_trees,0.0984049749933556,0.0002014314644217946,0.0002014314644217946,0.20511628927366216,0.20511628927366216,baseline,cs137_plus_20
303,0.1027985713496893,50.92377,29.85221,nuclide_mode,env_plus_no_ratio,extra_trees,0.1026619946507331,-0.00013657669895619784,0.00013657669895619784,-0.13285855743228736,0.13285855743228736,baseline,cs137_plus_20
304,0.1004622635626263,50.921013,29.571594,nuclide_mode,env_plus_no_ratio,extra_trees,0.1009994384115875,0.0005371748489611944,0.0005371748489611944,0.534703111309382,0.534703111309382,baseline,cs137_plus_20
305,0.0985137080392425,50.921013,29.538276,nuclide_mode,env_plus_no_ratio,extra_trees,0.0987051183471768,0.00019141030793429215,0.00019141030793429215,0.19429814565303408,0.19429814565303408,baseline,cs137_plus_20
306,0.096736118615512,50.91805,29.63337,nuclide_mode,env_plus_no_ratio,extra_trees,0.096823550808101,8.74321925889987e-05,8.74321925889987e-05,0.0903821590532356,0.0903821590532356,baseline,cs137_plus_20
307,0.0975470969964043,50.91794,29.66702,nuclide_mode,env_plus_no_ratio,extra_trees,0.0975381099730473,-8.987023357012736e-06,8.987023357012736e-06,-0.009213009544860169,0.009213009544860169,baseline,cs137_plus_20
308,0.1009319270480361,50.91771,29.83874,nuclide_mode,env_plus_no_ratio,extra_trees,0.1018045932389841,0.0008726661909480016,0.0008726661909480016,0.8646086689028313,0.8646086689028313,baseline,cs137_plus_20
309,0.0977495352907373,50.91783,29.8523,nuclide_mode,env_plus_no_ratio,extra_trees,0.0977769457041428,2.741041340550976e-05,2.741041340550976e-05,0.028041476948184693,0.028041476948184693,baseline,cs137_plus_20
310,0.115744647688107,50.918015,29.952364,nuclide_mode,env_plus_no_ratio,extra_trees,0.1157753351523532,3.068746424621238e-05,3.068746424621238e-05,0.026513074132727764,0.026513074132727764,baseline,cs137_plus_20
311,0.1060605441052272,50.91496,29.96711,nuclide_mode,env_plus_no_ratio,extra_trees,0.1067583866609255,0.0006978425556983109,0.0006978425556983109,0.6579662225812754,0.6579662225812754,baseline,cs137_plus_20
312,0.1089004436248317,50.91552,29.93895,nuclide_mode,env_plus_no_ratio,extra_trees,0.1089487220344821,4.827840965039576e-05,4.827840965039576e-05,0.044332610633541276,0.044332610633541276,baseline,cs137_plus_20
313,0.0996518381443508,50.915,29.84282,nuclide_mode,env_plus_no_ratio,extra_trees,0.1002515917170126,0.0005997535726618014,0.0005997535726618014,0.6018489812431033,0.6018489812431033,baseline,cs137_plus_20
314,0.0975627183619774,50.91491,29.64777,nuclide_mode,env_plus_no_ratio,extra_trees,0.0980321975935915,0.00046947923161409777,0.00046947923161409777,0.4812076164916141,0.4812076164916141,baseline,cs137_plus_20
315,0.0969410067452298,50.91179,29.6682,nuclide_mode,env_plus_no_ratio,extra_trees,0.0973731186735041,0.0004321119282742897,0.0004321119282742897,0.4457473083706681,0.4457473083706681,baseline,cs137_plus_20
316,0.1358242852538626,50.908769,30.064622,nuclide_mode,env_plus_no_ratio,extra_trees,0.1373103756409101,0.0014860903870475006,0.0014860903870475006,1.0941271542639972,1.0941271542639972,baseline,cs137_plus_20
317,0.1257017110695377,50.908879,30.037079,nuclide_mode,env_plus_no_ratio,extra_trees,0.1271963121020964,0.00149460103255869,0.00149460103255869,1.1890061160200776,1.1890061160200776,baseline,cs137_plus_20
318,0.1056512421403786,50.909004,29.99518,nuclide_mode,env_plus_no_ratio,extra_trees,0.1057030106219331,5.1768481554498313e-05,5.1768481554498313e-05,0.04899940644873217,0.04899940644873217,baseline,cs137_plus_20
319,0.1017571509636329,50.908862,29.950215,nuclide_mode,env_plus_no_ratio,extra_trees,0.1027744722829652,0.0010173213193322983,0.0010173213193322983,0.9997541300029911,0.9997541300029911,baseline,cs137_plus_20
320,0.1006521659991328,50.91015,29.90946,nuclide_mode,env_plus_no_ratio,extra_trees,0.1004523211148877,-0.00019984488424511226,0.00019984488424511226,-0.19855000859776237,0.19855000859776237,baseline,cs137_plus_20
321,0.0990050143802206,50.910072,29.86494,nuclide_mode,env_plus_no_ratio,extra_trees,0.1001342935895275,0.001129279209306902,0.001129279209306902,1.1406282968355506,1.1406282968355506,baseline,cs137_plus_20
322,0.1039873527290808,50.909023,29.838133,nuclide_mode,env_plus_no_ratio,extra_trees,0.1035140674692049,-0.0004732852598759024,0.0004732852598759024,-0.4551373291605536,0.4551373291605536,baseline,cs137_plus_20
323,0.0982206269474577,50.909004,29.823855,nuclide_mode,env_plus_no_ratio,extra_trees,0.098491060242793,0.00027043329533529836,0.00027043329533529836,0.2753324874213686,0.2753324874213686,baseline,cs137_plus_20
324,0.1021855591636671,50.9085,29.780774,nuclide_mode,env_plus_no_ratio,extra_trees,0.1022797758318081,9.421666814099505e-05,9.421666814099505e-05,0.09220154874339088,0.09220154874339088,baseline,cs137_plus_20
325,0.1008712268333798,50.908987,29.736924,nuclide_mode,env_plus_no_ratio,extra_trees,0.1012043030851614,0.00033307625178159717,0.00033307625178159717,0.33019946543505035,0.33019946543505035,baseline,cs137_plus_20
326,0.0972151845256485,50.908891,29.695276,nuclide_mode,env_plus_no_ratio,extra_trees,0.0971890709646221,-2.611356102638629e-05,2.611356102638629e-05,-0.02686160722093439,0.02686160722093439,baseline,cs137_plus_20
327,0.0963914435050687,50.90976,29.6514,nuclide_mode,env_plus_no_ratio,extra_trees,0.0965800564333245,0.00018861292825579634,0.00018861292825579634,0.19567393266174937,0.19567393266174937,baseline,cs137_plus_20
328,0.1015383026414183,50.909185,29.610752,nuclide_mode,env_plus_no_ratio,extra_trees,0.1016638948768199,0.0001255922354015948,0.0001255922354015948,0.1236895163051157,0.1236895163051157,baseline,cs137_plus_20
329,0.0974316658060373,50.909004,29.566716,nuclide_mode,env_plus_no_ratio,extra_trees,0.0977314205641932,0.00029975475815591235,0.00029975475815591235,0.3076564027475944,0.3076564027475944,baseline,cs137_plus_20
330,0.0971793683154859,50.90913,29.52413,nuclide_mode,env_plus_no_ratio,extra_trees,0.0973940864050703,0.00021471808958439809,0.00021471808958439809,0.22095028328166436,0.22095028328166436,baseline,cs137_plus_20
331,0.1040619693984121,50.909023,29.48116,nuclide_mode,env_plus_no_ratio,extra_trees,0.1035854907873907,-0.00047647861102140254,0.00047647861102140254,-0.4578796785953133,0.4578796785953133,baseline,cs137_plus_20
332,0.0975792571534354,50.90598,29.6809,nuclide_mode,env_plus_no_ratio,extra_trees,0.0978446951069281,0.00026543795349269483,0.00026543795349269483,0.2720229290896479,0.2720229290896479,baseline,cs137_plus_20
333,0.1010321181385968,50.9006,29.61066,nuclide_mode,env_plus_no_ratio,extra_trees,0.1050391433545592,0.004007025215962398,0.004007025215962398,3.9660904767586125,3.9660904767586125,baseline,cs137_plus_20
334,0.1245782984054808,50.900031,29.995201,nuclide_mode,env_plus_no_ratio,extra_trees,0.1215608138342603,-0.0030174845712205023,0.0030174845712205023,-2.4221590837588036,2.4221590837588036,baseline,cs137_plus_20
335,0.1019709724644525,50.897033,29.502,nuclide_mode,env_plus_no_ratio,extra_trees,0.1017618498496876,-0.0002091226147648978,0.0002091226147648978,-0.205080533911549,0.205080533911549,baseline,cs137_plus_20
336,0.0972816271494173,50.8945,29.7048,nuclide_mode,env_plus_no_ratio,extra_trees,0.0976785672875801,0.00039694013816281293,0.00039694013816281293,0.40803196841387385,0.40803196841387385,baseline,cs137_plus_20
337,0.0987666124898656,50.89129,29.61509,nuclide_mode,env_plus_no_ratio,extra_trees,0.1004925812516313,0.0017259687617657005,0.0017259687617657005,1.7475224858428766,1.7475224858428766,baseline,cs137_plus_20
338,0.1073163209134037,50.885522,29.986943,nuclide_mode,env_plus_no_ratio,extra_trees,0.1100851913694426,0.002768870456038894,0.002768870456038894,2.580101919700701,2.580101919700701,baseline,cs137_plus_20
339,0.1047384392645151,50.885042,29.885729,nuclide_mode,env_plus_no_ratio,extra_trees,0.1068190897715296,0.0020806505070144893,0.0020806505070144893,1.9865204423753562,1.9865204423753562,baseline,cs137_plus_20
340,0.0977538963764198,50.88525,29.71897,nuclide_mode,env_plus_no_ratio,extra_trees,0.0993636968080787,0.0016098004316588976,0.0016098004316588976,1.646789019498576,1.646789019498576,baseline,cs137_plus_20
341,0.0973982626252045,50.88231,29.5246,nuclide_mode,env_plus_no_ratio,extra_trees,0.097643461340337,0.0002451987151324969,0.0002451987151324969,0.2517485512816991,0.2517485512816991,baseline,cs137_plus_20
342,0.097800919094256,50.88234,29.53874,nuclide_mode,env_plus_no_ratio,extra_trees,0.0979210765218545,0.00012015742759849402,0.00012015742759849402,0.12285920082478144,0.12285920082478144,baseline,cs137_plus_20
343,0.0971593225082599,50.88215,29.55243,nuclide_mode,env_plus_no_ratio,extra_trees,0.097210755827893,5.143331963310127e-05,5.143331963310127e-05,0.052937091681273016,0.052937091681273016,baseline,cs137_plus_20
344,0.0981919969925877,50.88246,29.56604,nuclide_mode,env_plus_no_ratio,extra_trees,0.0986631383465533,0.0004711413539656012,0.0004711413539656012,0.47981644980819227,0.47981644980819227,baseline,cs137_plus_20
345,0.0973575954456323,50.882024,29.609562,nuclide_mode,env_plus_no_ratio,extra_trees,0.0979498759013982,0.0005922804557658978,0.0005922804557658978,0.6083556737970658,0.6083556737970658,baseline,cs137_plus_20
346,0.1166916395732342,50.881535,29.653384,nuclide_mode,env_plus_no_ratio,extra_trees,0.116632498332605,-5.914124062919579e-05,5.914124062919579e-05,-0.05068164338549678,0.05068164338549678,baseline,cs137_plus_20
347,0.0971294769677287,50.88203,29.69548,nuclide_mode,env_plus_no_ratio,extra_trees,0.0975452291196512,0.0004157521519225077,0.0004157521519225077,0.42803911325564076,0.42803911325564076,baseline,cs137_plus_20
348,0.100561465630693,50.88208,29.73746,nuclide_mode,env_plus_no_ratio,extra_trees,0.1044731608923417,0.0039116952616486955,0.0039116952616486955,3.889855062389606,3.889855062389606,baseline,cs137_plus_20
349,0.1004619894640973,50.882024,29.781016,nuclide_mode,env_plus_no_ratio,extra_trees,0.10331240230908,0.0028504128449826915,0.0028504128449826915,2.8373047957619435,2.8373047957619435,baseline,cs137_plus_20
350,0.0991131315878546,50.882024,29.823794,nuclide_mode,env_plus_no_ratio,extra_trees,0.105377845410832,0.0062647138229774,0.0062647138229774,6.320770742093151,6.320770742093151,baseline,cs137_plus_20
351,0.1005675505691098,50.882024,29.866694,nuclide_mode,env_plus_no_ratio,extra_trees,0.1024402227145356,0.0018726721454257883,0.0018726721454257883,1.8621037649106231,1.8621037649106231,baseline,cs137_plus_20
352,0.1132241750625168,50.882044,29.909528,nuclide_mode,env_plus_no_ratio,extra_trees,0.1158402215567861,0.002616046494269303,0.002616046494269303,2.310501704097072,2.310501704097072,baseline,cs137_plus_20
353,0.109996755540818,50.882024,29.952371,nuclide_mode,env_plus_no_ratio,extra_trees,0.1127698274583402,0.002773071917522199,0.002773071917522199,2.521048829020377,2.521048829020377,baseline,cs137_plus_20
354,0.1018077833782579,50.882044,29.995201,nuclide_mode,env_plus_no_ratio,extra_trees,0.103719055509113,0.00191127213085511,0.00191127213085511,1.877333998869169,1.877333998869169,baseline,cs137_plus_20
355,0.1099475025873489,50.882024,30.080888,nuclide_mode,env_plus_no_ratio,extra_trees,0.1113888152054249,0.0014413126180760072,0.0014413126180760072,1.3109098289258019,1.3109098289258019,baseline,cs137_plus_20
356,0.1006316857605403,50.879047,29.87621,nuclide_mode,env_plus_no_ratio,extra_trees,0.1020554287729361,0.0014237430123957978,0.0014237430123957978,1.4148058850804586,1.4148058850804586,baseline,cs137_plus_20
357,0.1020264328534888,50.879047,29.847653,nuclide_mode,env_plus_no_ratio,extra_trees,0.1031743740905184,0.0011479412370296038,0.0011479412370296038,1.1251410099557844,1.1251410099557844,baseline,cs137_plus_20
358,0.0969361949405912,50.873052,29.838133,nuclide_mode,env_plus_no_ratio,extra_trees,0.0969982177432012,6.202280261000115e-05,6.202280261000115e-05,0.06398312069914931,0.06398312069914931,baseline,cs137_plus_20
359,0.0995735287038849,50.87312,29.54792,nuclide_mode,env_plus_no_ratio,extra_trees,0.0993967317399039,-0.0001767969639809991,0.0001767969639809991,-0.17755418160057762,0.17755418160057762,baseline,cs137_plus_20
360,0.1032004729183646,50.870054,29.86669,nuclide_mode,env_plus_no_ratio,extra_trees,0.1068479400086944,0.0036474670903298007,0.0036474670903298007,3.5343511392773195,3.5343511392773195,baseline,cs137_plus_20
361,0.1034934163074114,50.87019,29.99148,nuclide_mode,env_plus_no_ratio,extra_trees,0.105305031128812,0.0018116148214005895,0.0018116148214005895,1.7504638324233726,1.7504638324233726,baseline,cs137_plus_20
362,0.1022098015082774,50.86394,29.73887,nuclide_mode,env_plus_no_ratio,extra_trees,0.1038166434953722,0.0016068419870948064,0.0016068419870948064,1.5721016608810041,1.5721016608810041,baseline,cs137_plus_20
363,0.0981704440794663,50.86406,29.852412,nuclide_mode,env_plus_no_ratio,extra_trees,0.099842574271446,0.00167213019197969,0.00167213019197969,1.703292887853442,1.703292887853442,baseline,cs137_plus_20
364,0.1069822209393555,50.86422,29.995201,nuclide_mode,env_plus_no_ratio,extra_trees,0.1089664524731544,0.001984231533798897,0.001984231533798897,1.8547301751416143,1.8547301751416143,baseline,cs137_plus_20
365,0.1063934774052899,50.86163,30.05635,nuclide_mode,env_plus_no_ratio,extra_trees,0.1080343023314342,0.0016408249261442992,0.0016408249261442992,1.542223232251188,1.542223232251188,baseline,cs137_plus_20
366,0.0984397435451883,50.86114,29.55719,nuclide_mode,env_plus_no_ratio,extra_trees,0.0985806795634971,0.0001409360183088071,0.0001409360183088071,0.14316983489916457,0.14316983489916457,baseline,cs137_plus_20
367,0.1020368406694485,50.855044,30.066608,nuclide_mode,env_plus_no_ratio,extra_trees,0.1027235612831192,0.0006867206136706994,0.0006867206136706994,0.67301242293002,0.67301242293002,baseline,cs137_plus_20
368,0.1052304363371764,50.85485,30.03866,nuclide_mode,env_plus_no_ratio,extra_trees,0.1078016994489404,0.002571263111764005,0.002571263111764005,2.4434595172875992,2.4434595172875992,baseline,cs137_plus_20
369,0.1124777977758643,50.85492,29.99515,nuclide_mode,env_plus_no_ratio,extra_trees,0.1140492627203648,0.0015714649445005002,0.0015714649445005002,1.3971334570685454,1.3971334570685454,baseline,cs137_plus_20
370,0.1061132694426609,50.85538,29.98096,nuclide_mode,env_plus_no_ratio,extra_trees,0.107428410419024,0.001315140976363094,0.001315140976363094,1.2393746637631782,1.2393746637631782,baseline,cs137_plus_20
371,0.1067921135270163,50.85519,29.96151,nuclide_mode,env_plus_no_ratio,extra_trees,0.1104940797030743,0.0037019661760580025,0.0037019661760580025,3.4665164437648084,3.4665164437648084,baseline,cs137_plus_20
372,0.1056277093481949,50.85513,29.9514,nuclide_mode,env_plus_no_ratio,extra_trees,0.1076629099913994,0.0020352006432044906,0.0020352006432044906,1.926767754184258,1.926767754184258,baseline,cs137_plus_20
373,0.1016506586257147,50.855044,29.909532,nuclide_mode,env_plus_no_ratio,extra_trees,0.1027522178799401,0.0011015592542254066,0.0011015592542254066,1.0836715365332061,1.0836715365332061,baseline,cs137_plus_20
374,0.0998003173451395,50.855067,29.86669,nuclide_mode,env_plus_no_ratio,extra_trees,0.1044267789355101,0.004626461590370598,0.004626461590370598,4.635718315775393,4.635718315775393,baseline,cs137_plus_20
375,0.1029972458118241,50.85502,29.824691,nuclide_mode,env_plus_no_ratio,extra_trees,0.1054027817292618,0.0024055359174377094,0.0024055359174377094,2.3355342159659513,2.3355342159659513,baseline,cs137_plus_20
376,0.0981113863016824,50.8553,29.78149,nuclide_mode,env_plus_no_ratio,extra_trees,0.0987355738430314,0.0006241875413490056,0.0006241875413490056,0.6362029575544812,0.6362029575544812,baseline,cs137_plus_20
377,0.098266065426565,50.85599,29.73814,nuclide_mode,env_plus_no_ratio,extra_trees,0.0986592894255733,0.00039322399900829086,0.00039322399900829086,0.40016255591524647,0.40016255591524647,baseline,cs137_plus_20
378,0.0987361100892455,50.85507,29.72476,nuclide_mode,env_plus_no_ratio,extra_trees,0.09905594480975,0.00031983472050449435,0.00031983472050449435,0.3239288242319881,0.3239288242319881,baseline,cs137_plus_20
379,0.0978671903345022,50.85513,29.70952,nuclide_mode,env_plus_no_ratio,extra_trees,0.097968856804451,0.00010166646994880235,0.00010166646994880235,0.1038820769262043,0.1038820769262043,baseline,cs137_plus_20
380,0.0982480332998853,50.85502,29.69525,nuclide_mode,env_plus_no_ratio,extra_trees,0.0987110222244937,0.00046298892460840124,0.00046298892460840124,0.47124497972921947,0.47124497972921947,baseline,cs137_plus_20
381,0.0983376790352957,50.855044,29.652408,nuclide_mode,env_plus_no_ratio,extra_trees,0.0993979322897438,0.0010602532544481125,0.0010602532544481125,1.078176000134763,1.078176000134763,baseline,cs137_plus_20
382,0.0975758244305897,50.855067,29.60967,nuclide_mode,env_plus_no_ratio,extra_trees,0.0983012581988435,0.0007254337682538053,0.0007254337682538053,0.7434564580797786,0.7434564580797786,baseline,cs137_plus_20
383,0.1174021892574953,50.855485,29.566641,nuclide_mode,env_plus_no_ratio,extra_trees,0.1157902338992699,-0.001611955358225406,0.001611955358225406,-1.3730198460694325,1.3730198460694325,baseline,cs137_plus_20
384,0.1022737128740231,50.854414,29.524199,nuclide_mode,env_plus_no_ratio,extra_trees,0.1023548582581477,8.114538412459793e-05,8.114538412459793e-05,0.07934138875406797,0.07934138875406797,baseline,cs137_plus_20
385,0.0994623841191254,50.84633,29.72407,nuclide_mode,env_plus_no_ratio,extra_trees,0.1012732380117595,0.0018108538926340928,0.0018108538926340928,1.820641952906785,1.820641952906785,baseline,cs137_plus_20
386,0.0985990004919443,50.8461,29.7384,nuclide_mode,env_plus_no_ratio,extra_trees,0.0988261044619171,0.0002271039699728028,0.0002271039699728028,0.2303309048161777,0.2303309048161777,baseline,cs137_plus_20
387,0.1057265012682633,50.846,29.9565,nuclide_mode,env_plus_no_ratio,extra_trees,0.1071046796098764,0.0013781783416130927,0.0013781783416130927,1.3035315886564673,1.3035315886564673,baseline,cs137_plus_20
388,0.1044711948900922,50.84558,29.98077,nuclide_mode,env_plus_no_ratio,extra_trees,0.1069218393144314,0.0024506444243392045,0.0024506444243392045,2.345760883578846,2.345760883578846,baseline,cs137_plus_20
389,0.1008352961451956,50.84552,30.06597,nuclide_mode,env_plus_no_ratio,extra_trees,0.1023284113462057,0.0014931152010101006,0.0014931152010101006,1.4807465818914458,1.4807465818914458,baseline,cs137_plus_20
390,0.1007856155335001,50.84613,30.08079,nuclide_mode,env_plus_no_ratio,extra_trees,0.1021618043965812,0.0013761888630810931,0.0013761888630810931,1.3654615847671854,1.3654615847671854,baseline,cs137_plus_20
391,0.0990987015080899,50.84361,29.8196,nuclide_mode,env_plus_no_ratio,extra_trees,0.0993127125809618,0.00021401107287190302,0.00021401107287190302,0.21595749451311658,0.21595749451311658,baseline,cs137_plus_20
392,0.1015080948043946,50.84024,29.53695,nuclide_mode,env_plus_no_ratio,extra_trees,0.101375897320939,-0.00013219748345559557,0.00013219748345559557,-0.13023343971762963,0.13023343971762963,baseline,cs137_plus_20
393,0.0989419119859492,50.8405,29.54701,nuclide_mode,env_plus_no_ratio,extra_trees,0.0996618915783739,0.0007199795924247021,0.0007199795924247021,0.7276790775247468,0.7276790775247468,baseline,cs137_plus_20
394,0.1029984646853106,50.84052,29.67177,nuclide_mode,env_plus_no_ratio,extra_trees,0.1028946297643647,-0.00010383492094589997,0.00010383492094589997,-0.10081210556210228,0.10081210556210228,baseline,cs137_plus_20
395,0.106825495096902,50.84004,29.94798,nuclide_mode,env_plus_no_ratio,extra_trees,0.1089639378870961,0.002138442790194095,0.002138442790194095,2.0018093885306136,2.0018093885306136,baseline,cs137_plus_20
396,0.1008084080782315,50.83739,30.07978,nuclide_mode,env_plus_no_ratio,extra_trees,0.1025838471989395,0.001775439120707989,0.001775439120707989,1.7612014261054243,1.7612014261054243,baseline,cs137_plus_20
397,0.1016656799396012,50.837058,30.052328,nuclide_mode,env_plus_no_ratio,extra_trees,0.1065775431193727,0.004911863179771506,0.004911863179771506,4.831387723654243,4.831387723654243,baseline,cs137_plus_20
398,0.0995299864435798,50.83717,29.80961,nuclide_mode,env_plus_no_ratio,extra_trees,0.1011410755350841,0.0016110890915043002,0.0016110890915043002,1.6186971877239955,1.6186971877239955,baseline,cs137_plus_20
399,0.0978075578104336,50.83714,29.66121,nuclide_mode,env_plus_no_ratio,extra_trees,0.0995025663760039,0.0016950085655702968,0.0016950085655702968,1.7330036691596873,1.7330036691596873,baseline,cs137_plus_20
400,0.0988881942511114,50.83716,29.64882,nuclide_mode,env_plus_no_ratio,extra_trees,0.0991985745365171,0.00031038028540571194,0.00031038028540571194,0.3138699090991073,0.3138699090991073,baseline,cs137_plus_20
401,0.103964592714003,50.83403,29.52908,nuclide_mode,env_plus_no_ratio,extra_trees,0.1054284468578361,0.0014638541438330988,0.0014638541438330988,1.4080314322588907,1.4080314322588907,baseline,cs137_plus_20
402,0.1010443886910164,50.83419,29.55745,nuclide_mode,env_plus_no_ratio,extra_trees,0.1012100907709297,0.00016570207991330188,0.00016570207991330188,0.16398939323587994,0.16398939323587994,baseline,cs137_plus_20
403,0.1051041380582084,50.83407,29.79894,nuclide_mode,env_plus_no_ratio,extra_trees,0.1069370724177066,0.0018329343594982034,0.0018329343594982034,1.7439221645898415,1.7439221645898415,baseline,cs137_plus_20
404,0.1067962381071466,50.833328,29.937748,nuclide_mode,env_plus_no_ratio,extra_trees,0.1115282635383159,0.0047320254311692955,0.0047320254311692955,4.430891494906166,4.430891494906166,baseline,cs137_plus_20
405,0.0981748299934975,50.83024,29.78474,nuclide_mode,env_plus_no_ratio,extra_trees,0.101778358023685,0.0036035280301875,0.0036035280301875,3.6705212837406243,3.6705212837406243,baseline,cs137_plus_20
406,0.0982392837821256,50.831086,29.771498,nuclide_mode,env_plus_no_ratio,extra_trees,0.0998615727432557,0.0016222889611301056,0.0016222889611301056,1.6513648091409205,1.6513648091409205,baseline,cs137_plus_20
407,0.1001173776493323,50.83147,29.519772,nuclide_mode,env_plus_no_ratio,extra_trees,0.101339706363977,0.0012223287146446993,0.0012223287146446993,1.2208956560228594,1.2208956560228594,baseline,cs137_plus_20
408,0.0978726349462812,50.82844,29.523211,nuclide_mode,env_plus_no_ratio,extra_trees,0.0982845032857125,0.0004118683394312983,0.0004118683394312983,0.4208207326362043,0.4208207326362043,baseline,cs137_plus_20
409,0.0981150939103732,50.82792,29.56786,nuclide_mode,env_plus_no_ratio,extra_trees,0.0987514710312187,0.0006363771208455077,0.0006363771208455077,0.6486026721095833,0.6486026721095833,baseline,cs137_plus_20
410,0.0971425039777265,50.828065,29.595381,nuclide_mode,env_plus_no_ratio,extra_trees,0.0976311197317654,0.0004886157540388986,0.0004886157540388986,0.5029886342552295,0.5029886342552295,baseline,cs137_plus_20
411,0.0971995646284267,50.82841,29.6095,nuclide_mode,env_plus_no_ratio,extra_trees,0.097462647720005,0.0002630830915782978,0.0002630830915782978,0.270662829184481,0.270662829184481,baseline,cs137_plus_20
412,0.0976988568424679,50.8291,29.65034,nuclide_mode,env_plus_no_ratio,extra_trees,0.0981083561939772,0.0004094993515093015,0.0004094993515093015,0.419144465701977,0.419144465701977,baseline,cs137_plus_20
413,0.0970131754971145,50.828443,29.697905,nuclide_mode,env_plus_no_ratio,extra_trees,0.0971798892173605,0.00016671372024600062,0.00016671372024600062,0.17184647280302587,0.17184647280302587,baseline,cs137_plus_20
414,0.0992330295140697,50.82842,29.7381,nuclide_mode,env_plus_no_ratio,extra_trees,0.1002433149783901,0.0010102854643204012,0.0010102854643204012,1.0180939443929387,1.0180939443929387,baseline,cs137_plus_20
415,0.0973688906653055,50.8279,29.78119,nuclide_mode,env_plus_no_ratio,extra_trees,0.097953102538943,0.0005842118736374968,0.0005842118736374968,0.5999984899136407,0.5999984899136407,baseline,cs137_plus_20
416,0.1078948700328936,50.828089,29.795297,nuclide_mode,env_plus_no_ratio,extra_trees,0.1119267064020271,0.004031836369133512,0.004031836369133512,3.7368193389586906,3.7368193389586906,baseline,cs137_plus_20
417,0.1019438801786542,50.82773,29.82307,nuclide_mode,env_plus_no_ratio,extra_trees,0.106914466136242,0.0049705859575878,0.0049705859575878,4.875806128702349,4.875806128702349,baseline,cs137_plus_20
418,0.1019720199972622,50.828065,29.866694,nuclide_mode,env_plus_no_ratio,extra_trees,0.1023714575169284,0.00039943751966620145,0.00039943751966620145,0.39171286366292024,0.39171286366292024,baseline,cs137_plus_20
419,0.1061237485604394,50.82973,29.90933,nuclide_mode,env_plus_no_ratio,extra_trees,0.1088832577363684,0.002759509175929001,0.002759509175929001,2.6002748803745943,2.6002748803745943,baseline,cs137_plus_20
420,0.1084919569444023,50.828089,29.952364,nuclide_mode,env_plus_no_ratio,extra_trees,0.1137130527010566,0.00522109575665429,0.00522109575665429,4.812426564791239,4.812426564791239,baseline,cs137_plus_20
421,0.1146703608504827,50.828065,29.99521,nuclide_mode,env_plus_no_ratio,extra_trees,0.1260668902285572,0.01139652937807449,0.01139652937807449,9.938513573646365,9.938513573646365,baseline,cs137_plus_20
422,0.1052426346321376,50.828089,30.038037,nuclide_mode,env_plus_no_ratio,extra_trees,0.1054364110245539,0.00019377639241630051,0.00019377639241630051,0.18412347153187636,0.18412347153187636,baseline,cs137_plus_20
423,0.0990190745219642,50.827524,30.081477,nuclide_mode,env_plus_no_ratio,extra_trees,0.1000721596040418,0.00105308508207759,0.00105308508207759,1.0635173951701566,1.0635173951701566,baseline,cs137_plus_20
424,0.1015910221885285,50.8251,30.09468,nuclide_mode,env_plus_no_ratio,extra_trees,0.1029299080974923,0.001338885908963805,0.001338885908963805,1.3179175483431547,1.3179175483431547,baseline,cs137_plus_20
425,0.1029504006469213,50.81948,29.89986,nuclide_mode,env_plus_no_ratio,extra_trees,0.1060083416051624,0.0030579409582410927,0.0030579409582410927,2.970305058577292,2.970305058577292,baseline,cs137_plus_20
426,0.0998652757094361,50.81923,29.59508,nuclide_mode,env_plus_no_ratio,extra_trees,0.1000724915888161,0.00020721587938000996,0.00020721587938000996,0.20749542612080377,0.20749542612080377,baseline,cs137_plus_20
427,0.1013000252654743,50.81824,29.58169,nuclide_mode,env_plus_no_ratio,extra_trees,0.1012360781276976,-6.394713777670147e-05,6.394713777670147e-05,-0.06312647761845755,0.06312647761845755,baseline,cs137_plus_20
428,0.1002387540307508,50.816099,29.638228,nuclide_mode,env_plus_no_ratio,extra_trees,0.1020954771435147,0.0018567231127639,0.0018567231127639,1.852300670252049,1.852300670252049,baseline,cs137_plus_20
429,0.0979772158486267,50.810078,29.581102,nuclide_mode,env_plus_no_ratio,extra_trees,0.0994858052366206,0.0015085893879938916,0.0015085893879938916,1.539734901555724,1.539734901555724,baseline,cs137_plus_20
430,0.1055273498115013,50.81033,29.91423,nuclide_mode,env_plus_no_ratio,extra_trees,0.1074880085802611,0.001960658768759796,0.001960658768759796,1.8579626724844613,1.8579626724844613,baseline,cs137_plus_20
431,0.1032043339788926,50.800511,30.08088,nuclide_mode,env_plus_no_ratio,extra_trees,0.1047080041228872,0.0015036701439945926,0.0015036701439945926,1.4569835258101893,1.4569835258101893,baseline,cs137_plus_20
432,0.1035374134985954,50.80111,30.038037,nuclide_mode,env_plus_no_ratio,extra_trees,0.1067569798137075,0.00321956631511211,0.00321956631511211,3.1095680356703013,3.1095680356703013,baseline,cs137_plus_20
433,0.1032002835132643,50.801379,30.008669,nuclide_mode,env_plus_no_ratio,extra_trees,0.1044787253877732,0.001278441874508901,0.001278441874508901,1.2387968627475556,1.2387968627475556,baseline,cs137_plus_20
434,0.1067763837525931,50.801488,29.995708,nuclide_mode,env_plus_no_ratio,extra_trees,0.1098863148121205,0.0031099310595273932,0.0031099310595273932,2.9125645112062224,2.9125645112062224,baseline,cs137_plus_20
435,0.116902977703869,50.800727,29.951162,nuclide_mode,env_plus_no_ratio,extra_trees,0.1188632774108851,0.001960299707016097,0.001960299707016097,1.6768603721812807,1.6768603721812807,baseline,cs137_plus_20
436,0.1033982839748484,50.80116,29.91087,nuclide_mode,env_plus_no_ratio,extra_trees,0.1064203676945491,0.0030220837197006967,0.0030220837197006967,2.9227600338471937,2.9227600338471937,baseline,cs137_plus_20
437,0.0981427232124458,50.801085,29.86691,nuclide_mode,env_plus_no_ratio,extra_trees,0.0985598458780363,0.00041712266559050526,0.00041712266559050526,0.4250163964653556,0.4250163964653556,baseline,cs137_plus_20
438,0.1017571451070569,50.80162,29.82391,nuclide_mode,env_plus_no_ratio,extra_trees,0.1023868557341138,0.0006297106270568981,0.0006297106270568981,0.6188367670834226,0.6188367670834226,baseline,cs137_plus_20
439,0.0938286717727342,50.80108,29.737545,nuclide_mode,env_plus_no_ratio,extra_trees,0.0946110258977317,0.0007823541249974975,0.0007823541249974975,0.8338113608732153,0.8338113608732153,baseline,cs137_plus_20
440,0.0970696472735757,50.800773,29.695775,nuclide_mode,env_plus_no_ratio,extra_trees,0.097925610613953,0.000855963340377297,0.000855963340377297,0.8818032870407961,0.8818032870407961,baseline,cs137_plus_20
441,0.0984844725825222,50.800875,29.652148,nuclide_mode,env_plus_no_ratio,extra_trees,0.1029405484995902,0.004456075917067995,0.004456075917067995,4.524648201100082,4.524648201100082,baseline,cs137_plus_20
442,0.0976344642049996,50.80111,29.60967,nuclide_mode,env_plus_no_ratio,extra_trees,0.0977777315007579,0.00014326729575829533,0.00014326729575829533,0.1467384462288666,0.1467384462288666,baseline,cs137_plus_20
443,0.1020531632314862,50.80115,29.52336,nuclide_mode,env_plus_no_ratio,extra_trees,0.101961081821444,-9.20814100421885e-05,9.20814100421885e-05,-0.09022886417868414,0.09022886417868414,baseline,cs137_plus_20
444,0.0978453566169238,50.79814,29.5096,nuclide_mode,env_plus_no_ratio,extra_trees,0.0994581446558497,0.001612788038925908,0.001612788038925908,1.6483030924402113,1.6483030924402113,baseline,cs137_plus_20
445,0.1023856672627886,50.795115,30.052317,nuclide_mode,env_plus_no_ratio,extra_trees,0.1043523858304611,0.0019667185676724985,0.0019667185676724985,1.9208924649820487,1.9208924649820487,baseline,cs137_plus_20
446,0.1016310514132412,50.795115,30.033279,nuclide_mode,env_plus_no_ratio,extra_trees,0.1027074322687623,0.0010763808555211002,0.0010763808555211002,1.0591062874518897,1.0591062874518897,baseline,cs137_plus_20
447,0.098101922791997,50.79279,29.52362,nuclide_mode,env_plus_no_ratio,extra_trees,0.0993381867623233,0.0012362639703262929,0.0012362639703262929,1.2601832208197505,1.2601832208197505,baseline,cs137_plus_20
448,0.0979844419566564,50.78891,29.55187,nuclide_mode,env_plus_no_ratio,extra_trees,0.099676090278241,0.0016916483215845962,0.0016916483215845962,1.7264458395679794,1.7264458395679794,baseline,cs137_plus_20
449,0.1008730448965963,50.78651,29.53798,nuclide_mode,env_plus_no_ratio,extra_trees,0.1010664348893374,0.0001933899927410998,0.0001933899927410998,0.19171622403124786,0.19171622403124786,baseline,cs137_plus_20
450,0.098927262201862,50.78292,29.52433,nuclide_mode,env_plus_no_ratio,extra_trees,0.1003523893056639,0.0014251271038018959,0.0014251271038018959,1.4405807581068106,1.4405807581068106,baseline,cs137_plus_20
451,0.0969884533901725,50.78271,29.51032,nuclide_mode,env_plus_no_ratio,extra_trees,0.0975024980300464,0.000514044639873909,0.000514044639873909,0.5300060181452438,0.5300060181452438,baseline,cs137_plus_20
452,0.0985071519328446,50.774105,29.481023,nuclide_mode,env_plus_no_ratio,extra_trees,0.0988000130191607,0.0002928610863161124,0.0002928610863161124,0.297299313369414,0.297299313369414,baseline,cs137_plus_20
453,0.0983443168702017,50.77541,29.52476,nuclide_mode,env_plus_no_ratio,extra_trees,0.0987473574339698,0.00040304056376809505,0.00040304056376809505,0.40982598343739807,0.40982598343739807,baseline,cs137_plus_20
454,0.1063632609196547,50.772658,29.565394,nuclide_mode,env_plus_no_ratio,extra_trees,0.1059129512870629,-0.00045030963259179435,0.00045030963259179435,-0.4233695250580479,0.4233695250580479,baseline,cs137_plus_20
455,0.097412732659583,50.774105,29.652408,nuclide_mode,env_plus_no_ratio,extra_trees,0.0980166058594529,0.0006038731998699032,0.0006038731998699032,0.6199119800695757,0.6199119800695757,baseline,cs137_plus_20
456,0.0968253125875363,50.774132,29.695343,nuclide_mode,env_plus_no_ratio,extra_trees,0.097705857053611,0.0008805444660747036,0.0008805444660747036,0.9094155676271481,0.9094155676271481,baseline,cs137_plus_20
457,0.0988143741388597,50.774132,29.738181,nuclide_mode,env_plus_no_ratio,extra_trees,0.0988665612089611,5.2187070101406e-05,5.2187070101406e-05,0.05281323750335118,0.05281323750335118,baseline,cs137_plus_20
458,0.0991826929790881,50.774105,29.780948,nuclide_mode,env_plus_no_ratio,extra_trees,0.0993943313240138,0.00021163834492569922,0.00021163834492569922,0.21338233372058318,0.21338233372058318,baseline,cs137_plus_20
459,0.1035224636746715,50.774105,29.952371,nuclide_mode,env_plus_no_ratio,extra_trees,0.1076829948394499,0.004160531164778408,0.004160531164778408,4.018964596759642,4.018964596759642,baseline,cs137_plus_20
460,0.1145799205420447,50.774105,29.99521,nuclide_mode,env_plus_no_ratio,extra_trees,0.1165219219612996,0.0019420014192548934,0.0019420014192548934,1.6948880834162234,1.6948880834162234,baseline,cs137_plus_20
461,0.1002146602932528,50.774132,30.038037,nuclide_mode,env_plus_no_ratio,extra_trees,0.1003563316775207,0.00014167138426790515,0.00014167138426790515,0.1413679234688216,0.1413679234688216,baseline,cs137_plus_20
462,0.0981243045214156,51.151822,29.823855,nuclide_mode,env_plus_no_ratio,extra_trees,0.0998391605759648,0.0017148560545491992,0.0017148560545491992,1.7476363913233466,1.7476363913233466,baseline,cs137_plus_20
463,0.0969702995988891,51.123834,29.781093,nuclide_mode,env_plus_no_ratio,extra_trees,0.0970710651248114,0.00010076552592229449,0.00010076552592229449,0.10391380282323978,0.10391380282323978,baseline,cs137_plus_20
464,0.1019784732578362,51.152105,29.778549,nuclide_mode,env_plus_no_ratio,extra_trees,0.1022031675829077,0.00022469432507150888,0.00022469432507150888,0.2203350549320398,0.2203350549320398,baseline,cs137_plus_20
465,0.0969491486532636,51.12511,29.73936,nuclide_mode,env_plus_no_ratio,extra_trees,0.0970001213482089,5.0972694945305985e-05,5.0972694945305985e-05,0.052576732909340604,0.052576732909340604,baseline,cs137_plus_20
466,0.0969604166311191,51.152375,29.739076,nuclide_mode,env_plus_no_ratio,extra_trees,0.0969736723024864,1.3255671367298771e-05,1.3255671367298771e-05,0.013671219480965401,0.013671219480965401,baseline,cs137_plus_20
467,0.0979715874086053,51.151822,29.695338,nuclide_mode,env_plus_no_ratio,extra_trees,0.098598481682158,0.0006268942735526972,0.0006268942735526972,0.6398735491935431,0.6398735491935431,baseline,cs137_plus_20
468,0.0972703406730663,51.12492,29.696735,nuclide_mode,env_plus_no_ratio,extra_trees,0.097268952602236,-1.3880708302910216e-06,1.3880708302910216e-06,-0.0014270237162594538,0.0014270237162594538,baseline,cs137_plus_20
469,0.1001997939568618,51.125291,29.656334,nuclide_mode,env_plus_no_ratio,extra_trees,0.1002187649215819,1.8970964720102512e-05,1.8970964720102512e-05,0.01893313745562184,0.01893313745562184,baseline,cs137_plus_20
470,0.0978144837742707,51.097862,29.695255,nuclide_mode,env_plus_no_ratio,extra_trees,0.0978342504272372,1.9766652966504705e-05,1.9766652966504705e-05,0.020208308835039993,0.020208308835039993,baseline,cs137_plus_20
471,0.0978157834227462,51.070635,29.735813,nuclide_mode,env_plus_no_ratio,extra_trees,0.0977999136211226,-1.586980162360252e-05,1.586980162360252e-05,-0.016224172693087215,0.016224172693087215,baseline,cs137_plus_20
472,0.0993025062241475,51.072272,29.694579,nuclide_mode,env_plus_no_ratio,extra_trees,0.0993503778750004,4.787165085289036e-05,4.787165085289036e-05,0.048207897940494626,0.048207897940494626,baseline,cs137_plus_20
473,0.1180574413718893,51.0435,29.65191,nuclide_mode,env_plus_no_ratio,extra_trees,0.1166803006750732,-0.0013771406968160899,0.0013771406968160899,-1.166500544830545,1.166500544830545,baseline,cs137_plus_20
474,0.1017158284517118,51.043935,29.607021,nuclide_mode,env_plus_no_ratio,extra_trees,0.1018173794954819,0.00010155104377010393,0.00010155104377010393,0.09983799504549472,0.09983799504549472,baseline,cs137_plus_20
475,0.1017118885106578,51.043315,29.566834,nuclide_mode,env_plus_no_ratio,extra_trees,0.1016086118263767,-0.00010327668428108949,0.00010327668428108949,-0.10153845906643226,0.10153845906643226,baseline,cs137_plus_20
476,0.1033580754092425,51.043903,29.523869,nuclide_mode,env_plus_no_ratio,extra_trees,0.1034830671190705,0.00012499170982800678,0.00012499170982800678,0.12093076359356218,0.12093076359356218,baseline,cs137_plus_20
477,0.1026996600178465,51.070883,29.523869,nuclide_mode,env_plus_no_ratio,extra_trees,0.1027267387947366,2.7078776890093748e-05,2.7078776890093748e-05,0.026366958649510785,0.026366958649510785,baseline,cs137_plus_20
478,0.1016711401843387,51.070892,29.480208,nuclide_mode,env_plus_no_ratio,extra_trees,0.1046738975565731,0.003002757372234391,0.003002757372234391,2.9534018865040053,2.9534018865040053,baseline,cs137_plus_20
479,0.1016231908158156,51.043914,29.48116,nuclide_mode,env_plus_no_ratio,extra_trees,0.1013000834614672,-0.0003231073543484009,0.0003231073543484009,-0.317946476345157,0.317946476345157,baseline,cs137_plus_20
480,0.1102039201674336,51.043903,29.438176,nuclide_mode,env_plus_no_ratio,extra_trees,0.1120499195913677,0.001845999423934097,0.001845999423934097,1.675076005580797,1.675076005580797,baseline,cs137_plus_20
481,0.1087172068561866,51.016936,29.438323,nuclide_mode,env_plus_no_ratio,extra_trees,0.1106354557793824,0.001918248923195795,0.001918248923195795,1.764439115634469,1.764439115634469,baseline,cs137_plus_20
482,0.0988643592000742,50.988598,29.438219,nuclide_mode,env_plus_no_ratio,extra_trees,0.0991071326134597,0.00024277341338549419,0.00024277341338549419,0.24556211697502406,0.24556211697502406,baseline,cs137_plus_20
483,0.1032639527067165,50.989943,29.39533,nuclide_mode,env_plus_no_ratio,extra_trees,0.1043902637110171,0.0011263110043006064,0.0011263110043006064,1.090710722162148,1.090710722162148,baseline,cs137_plus_20
484,0.0983031841337185,50.962981,29.395487,nuclide_mode,env_plus_no_ratio,extra_trees,0.0999402613635983,0.0016370772298798103,0.0016370772298798103,1.665334896632595,1.665334896632595,baseline,cs137_plus_20
485,0.1027821510178769,50.93645,29.438323,nuclide_mode,env_plus_no_ratio,extra_trees,0.1034125836131368,0.0006304325952598971,0.0006304325952598971,0.6133677773976982,0.6133677773976982,baseline,cs137_plus_20
486,0.09875914042807,50.90868,29.4383,nuclide_mode,env_plus_no_ratio,extra_trees,0.0992624176871184,0.0005032772590483903,0.0005032772590483903,0.5096006879636078,0.5096006879636078,baseline,cs137_plus_20
487,0.0972457649697158,50.882024,29.481023,nuclide_mode,env_plus_no_ratio,extra_trees,0.0975597266954051,0.00031396172568928793,0.00031396172568928793,0.3228538803587607,0.3228538803587607,baseline,cs137_plus_20
488,0.0968913511922961,50.855044,29.481023,nuclide_mode,env_plus_no_ratio,extra_trees,0.0975024179929271,0.0006110668006309994,0.0006110668006309994,0.6306721839581341,0.6306721839581341,baseline,cs137_plus_20
489,0.09905161835374,50.827867,29.478841,nuclide_mode,env_plus_no_ratio,extra_trees,0.0996014929872111,0.0005498746334711008,0.0005498746334711008,0.5551394743570472,0.5551394743570472,baseline,cs137_plus_20
490,0.0980863580212666,50.800762,29.479558,nuclide_mode,env_plus_no_ratio,extra_trees,0.0985275985625699,0.00044124054130330326,0.00044124054130330326,0.44984904140047255,0.44984904140047255,baseline,cs137_plus_20
491,0.0972313372816802,50.773533,29.438323,nuclide_mode,env_plus_no_ratio,extra_trees,0.0976597630488796,0.0004284257671994113,0.0004284257671994113,0.4406251926354333,0.4406251926354333,baseline,cs137_plus_20
492,0.0967678258954647,50.7463,29.47899,nuclide_mode,env_plus_no_ratio,extra_trees,0.0975050381098588,0.0007372122143941007,0.0007372122143941007,0.7618360829874263,0.7618360829874263,baseline,cs137_plus_20
493,0.0969218638488712,50.747125,29.523869,nuclide_mode,env_plus_no_ratio,extra_trees,0.0969118638488712,-1.0000000000010001e-05,1.0000000000010001e-05,-0.010317589450820766,0.010317589450820766,baseline,cs137_plus_20
494,0.0971357575038358,50.747125,29.566822,nuclide_mode,env_plus_no_ratio,extra_trees,0.0970997610036244,-3.5996500211396554e-05,3.5996500211396554e-05,-0.03705792916679018,0.03705792916679018,baseline,cs137_plus_20
495,0.0979414805793735,50.774105,29.609562,nuclide_mode,env_plus_no_ratio,extra_trees,0.0980481507458287,0.0001066701664552,0.0001066701664552,0.10891214409277038,0.10891214409277038,baseline,cs137_plus_20
496,0.0987930578575639,50.747154,29.60967,nuclide_mode,env_plus_no_ratio,extra_trees,0.0992012888627278,0.000408231005163906,0.000408231005163906,0.41321831110084484,0.41321831110084484,baseline,cs137_plus_20
497,0.0967392740226036,50.747154,29.652507,nuclide_mode,env_plus_no_ratio,extra_trees,0.0975107971452824,0.0007715231226787939,0.0007715231226787939,0.7975283363182194,0.7975283363182194,baseline,cs137_plus_20
498,0.1034538136898852,50.747753,29.695343,nuclide_mode,env_plus_no_ratio,extra_trees,0.1040387563200972,0.0005849426302119987,0.0005849426302119987,0.5654142745915892,0.5654142745915892,baseline,cs137_plus_20
499,0.0979959529069607,50.747125,29.738101,nuclide_mode,env_plus_no_ratio,extra_trees,0.0987348759192369,0.0007389230122761964,0.0007389230122761964,0.7540342130023926,0.7540342130023926,baseline,cs137_plus_20
500,0.0977030114778707,50.747125,29.780948,nuclide_mode,env_plus_no_ratio,extra_trees,0.0979287111887985,0.0002256997109278125,0.0002256997109278125,0.23100588969965627,0.23100588969965627,baseline,cs137_plus_20
501,0.09746686076657,50.774132,29.823854,nuclide_mode,env_plus_no_ratio,extra_trees,0.0979433170931575,0.00047645632658749326,0.00047645632658749326,0.48883930685793897,0.48883930685793897,baseline,cs137_plus_20
502,0.0965896383959853,50.747154,29.823854,nuclide_mode,env_plus_no_ratio,extra_trees,0.097195683201826,0.0006060448058406998,0.0006060448058406998,0.627442876798149,0.627442876798149,baseline,cs137_plus_20
503,0.1048047315687721,50.77465,29.86633,nuclide_mode,env_plus_no_ratio,extra_trees,0.1102104317941846,0.0054057002254125075,0.0054057002254125075,5.157878031360948,5.157878031360948,baseline,cs137_plus_20
504,0.1052879609637925,50.747154,29.86669,nuclide_mode,env_plus_no_ratio,extra_trees,0.1090398561313343,0.003751895167541791,0.003751895167541791,3.5634607539147147,3.5634607539147147,baseline,cs137_plus_20
505,0.0980326767282704,50.747503,29.909794,nuclide_mode,env_plus_no_ratio,extra_trees,0.0983721201961589,0.00033944346788850055,0.00033944346788850055,0.3462554315734732,0.3462554315734732,baseline,cs137_plus_20
506,0.1016250495581393,50.774105,29.909532,nuclide_mode,env_plus_no_ratio,extra_trees,0.1041174661574368,0.0024924165992975117,0.0024924165992975117,2.4525612633247573,2.4525612633247573,baseline,cs137_plus_20
507,0.1021420527970868,50.74714,29.95358,nuclide_mode,env_plus_no_ratio,extra_trees,0.1023748468699128,0.00023279407282600362,0.00023279407282600362,0.227912075830772,0.227912075830772,baseline,cs137_plus_20
508,0.1158951488711948,50.747665,29.994827,nuclide_mode,env_plus_no_ratio,extra_trees,0.1189202023544586,0.0030250534832638037,0.0030250534832638037,2.610164025610624,2.610164025610624,baseline,cs137_plus_20
509,0.0972778703622809,50.747154,30.03899,nuclide_mode,env_plus_no_ratio,extra_trees,0.0977762289860552,0.0004983586237743004,0.0004983586237743004,0.5123042084682982,0.5123042084682982,baseline,cs137_plus_20
510,0.0968856098908211,50.747296,30.080938,nuclide_mode,env_plus_no_ratio,extra_trees,0.0972597650603916,0.0003741551695705114,0.0003741551695705114,0.38618239591219083,0.38618239591219083,baseline,cs137_plus_20
511,0.1003134480131489,50.774132,30.079923,nuclide_mode,env_plus_no_ratio,extra_trees,0.1021044430878153,0.0017909950746664016,0.0017909950746664016,1.7853987776710074,1.7853987776710074,baseline,cs137_plus_20
512,0.1031251907279557,50.774162,30.121927,nuclide_mode,env_plus_no_ratio,extra_trees,0.1058760297240689,0.0027508389961131974,0.0027508389961131974,2.6674753052044404,2.6674753052044404,baseline,cs137_plus_20
513,0.1019205112260741,50.801309,30.123328,nuclide_mode,env_plus_no_ratio,extra_trees,0.1019518635360616,3.1352309987506266e-05,3.1352309987506266e-05,0.030761531325095508,0.030761531325095508,baseline,cs137_plus_20
514,0.0994692410305849,50.829576,30.122386,nuclide_mode,env_plus_no_ratio,extra_trees,0.1037437492374292,0.004274508206844302,0.004274508206844302,4.297316600143729,4.297316600143729,baseline,cs137_plus_20
515,0.1097650716457877,50.85554,30.123768,nuclide_mode,env_plus_no_ratio,extra_trees,0.1137059964920362,0.003940924846248486,0.003940924846248486,3.590326856402796,3.590326856402796,baseline,cs137_plus_20
516,0.1010279394108345,50.854993,30.080178,nuclide_mode,env_plus_no_ratio,extra_trees,0.102450111354037,0.001422171943202502,0.001422171943202502,1.4077016234283253,1.4077016234283253,baseline,cs137_plus_20
517,0.1065069635179778,50.882024,30.123719,nuclide_mode,env_plus_no_ratio,extra_trees,0.1115539870175697,0.005047023499591907,0.005047023499591907,4.738679362255969,4.738679362255969,baseline,cs137_plus_20
518,0.10949717017121,50.908554,30.122395,nuclide_mode,env_plus_no_ratio,extra_trees,0.1129440599710485,0.0034468897998385095,0.0034468897998385095,3.1479259184953783,3.1479259184953783,baseline,cs137_plus_20
519,0.119178409444757,50.935336,30.122566,nuclide_mode,env_plus_no_ratio,extra_trees,0.1266664577680438,0.007488048323286811,0.007488048323286811,6.283057777136857,6.283057777136857,baseline,cs137_plus_20
520,0.1081162018230049,50.963576,30.078535,nuclide_mode,env_plus_no_ratio,extra_trees,0.1103425548536797,0.0022263530306748103,0.0022263530306748103,2.059222385854373,2.059222385854373,baseline,cs137_plus_20
521,0.106001931785976,50.990691,30.081797,nuclide_mode,env_plus_no_ratio,extra_trees,0.1079083980397907,0.001906466253814701,0.001906466253814701,1.7985202926904822,1.7985202926904822,baseline,cs137_plus_20
522,0.1202116117741009,51.01667,30.166168,nuclide_mode,env_plus_no_ratio,extra_trees,0.1325144657231204,0.01230285394901949,0.01230285394901949,10.234330750126494,10.234330750126494,baseline,cs137_plus_20
523,0.1127965495807201,51.017658,30.211893,nuclide_mode,env_plus_no_ratio,extra_trees,0.1134214441598742,0.0006248945791540866,0.0006248945791540866,0.5540015022417827,0.5540015022417827,baseline,cs137_plus_20
524,0.1089209851471124,51.016184,30.252025,nuclide_mode,env_plus_no_ratio,extra_trees,0.1161247417653454,0.007203756618232998,0.007203756618232998,6.613745375607243,6.613745375607243,baseline,cs137_plus_20
525,0.1279762146172516,51.018467,30.338781,nuclide_mode,env_plus_no_ratio,extra_trees,0.1293234075336289,0.0013471929163773044,0.0013471929163773044,1.052690080267227,1.052690080267227,baseline,cs137_plus_20
526,0.1345992797885141,51.017858,30.380573,nuclide_mode,env_plus_no_ratio,extra_trees,0.131767077328873,-0.002832202459641109,0.002832202459641109,-2.1041735617687842,2.1041735617687842,baseline,cs137_plus_20
527,0.0940108791710965,51.178653,29.864102,nuclide_mode,env_plus_no_ratio,extra_trees,0.0952629371192341,0.001252057948137597,0.001252057948137597,1.3318224009573354,1.3318224009573354,baseline,cs137_plus_20
528,0.0975319254155762,51.178802,29.823794,nuclide_mode,env_plus_no_ratio,extra_trees,0.0987568701569669,0.0012249447413906905,0.0012249447413906905,1.255942334954727,1.255942334954727,baseline,cs137_plus_20
529,0.1047312228577882,50.818897,29.452915,nuclide_mode,env_plus_no_ratio,extra_trees,0.1044577312463749,-0.0002734916114132957,0.0002734916114132957,-0.26113665433341005,0.26113665433341005,baseline,cs137_plus_20
530,0.1206674987673083,50.989958,30.123711,nuclide_mode,env_plus_no_ratio,extra_trees,0.1272537906904551,0.006586291923146789,0.006586291923146789,5.4582153358856,5.4582153358856,baseline,cs137_plus_20
531,0.112716630196078,51.07074,29.65233,nuclide_mode,env_plus_no_ratio,extra_trees,0.112686630196078,-3.0000000000002247e-05,3.0000000000002247e-05,-0.026615415975278247,0.026615415975278247,baseline,cs137_plus_20
532,0.1088698739360847,50.951421,29.872403,nuclide_mode,env_plus_no_ratio,extra_trees,0.1114823667714755,0.0026124928353907922,0.0026124928353907922,2.3996471576007647,2.3996471576007647,baseline,cs137_plus_20
533,0.121601196416845,50.94914,29.87865,nuclide_mode,env_plus_no_ratio,extra_trees,0.1221734476447288,0.0005722512278838049,0.0005722512278838049,0.470596708540717,0.470596708540717,baseline,cs137_plus_20
534,0.0987370237194208,50.94783,29.86594,nuclide_mode,env_plus_no_ratio,extra_trees,0.1006590859999809,0.001922062280560105,0.001922062280560105,1.9466479828498726,1.9466479828498726,baseline,cs137_plus_20
535,0.0979157544145766,50.944693,29.866018,nuclide_mode,env_plus_no_ratio,extra_trees,0.0982609384085717,0.0003451839939950935,0.0003451839939950935,0.3525316186949649,0.3525316186949649,baseline,cs137_plus_20
536,0.0987688336747727,50.938095,29.86207,nuclide_mode,env_plus_no_ratio,extra_trees,0.0993297650848299,0.0005609314100571972,0.0005609314100571972,0.5679234928542737,0.5679234928542737,baseline,cs137_plus_20
537,0.1009910710663737,50.93631,29.85117,nuclide_mode,env_plus_no_ratio,extra_trees,0.1066113963686955,0.005620325302321802,0.005620325302321802,5.5651705076263545,5.5651705076263545,baseline,cs137_plus_20
538,0.1030050390545453,50.933984,29.862585,nuclide_mode,env_plus_no_ratio,extra_trees,0.1028931012838006,-0.00011193777074471056,0.00011193777074471056,-0.10867213077355858,0.10867213077355858,baseline,cs137_plus_20
539,0.1001523398634015,50.93393,29.86825,nuclide_mode,env_plus_no_ratio,extra_trees,0.1002025542281696,5.0214364768097486e-05,5.0214364768097486e-05,0.05013798463079866,0.05013798463079866,baseline,cs137_plus_20
540,0.0996843515934303,50.932329,29.878773,nuclide_mode,env_plus_no_ratio,extra_trees,0.1004178231316151,0.0007334715381848017,0.0007334715381848017,0.7357940604121271,0.7357940604121271,baseline,cs137_plus_20
541,0.1092716731434978,51.0759,30.2851,nuclide_mode,env_plus_no_ratio,extra_trees,0.1096817052950834,0.0004100321515856098,0.0004100321515856098,0.375241029802067,0.375241029802067,baseline,cs137_plus_20
542,0.1092716731434978,51.075759,30.285121,nuclide_mode,env_plus_no_ratio,extra_trees,0.1096817052950834,0.0004100321515856098,0.0004100321515856098,0.375241029802067,0.375241029802067,baseline,cs137_plus_20
543,0.1035622588623543,51.021745,30.04811,nuclide_mode,env_plus_no_ratio,extra_trees,0.1048075694331712,0.0012453105708168932,0.0012453105708168932,1.202475288292088,1.202475288292088,baseline,cs137_plus_20
544,0.1084263383305646,51.022164,30.04918,nuclide_mode,env_plus_no_ratio,extra_trees,0.1100588015692723,0.0016324632387076932,0.0016324632387076932,1.5055965772179116,1.5055965772179116,baseline,cs137_plus_20
