point_id,prediction_baseline,latitude,longitude,model_mode,feature_set,model_name,prediction_remediation_light,delta_abs,delta_abs_abs,delta_pct,delta_pct_abs,baseline_label,scenario_label
0,0.1012497106603482,51.151183,29.86728,nuclide_mode,env_plus_no_ratio,extra_trees,0.100727708125151,-0.0005220025351971996,0.0005220025351971996,-0.5155595327559077,0.5155595327559077,baseline,remediation_light
1,0.0979547612670844,51.14306,29.85566,nuclide_mode,env_plus_no_ratio,extra_trees,0.0976447859586272,-0.00030997530845719434,0.00030997530845719434,-0.31644741352797817,0.31644741352797817,baseline,remediation_light
2,0.1041413404421007,51.13967,29.86646,nuclide_mode,env_plus_no_ratio,extra_trees,0.101810105994989,-0.0023312344471116964,0.0023312344471116964,-2.238529326792936,2.238529326792936,baseline,remediation_light
3,0.1019009105537128,51.133835,29.88057,nuclide_mode,env_plus_no_ratio,extra_trees,0.1006146752380635,-0.001286235315649295,0.001286235315649295,-1.2622412387289808,1.2622412387289808,baseline,remediation_light
4,0.1072390667896111,51.125783,30.037053,nuclide_mode,env_plus_no_ratio,extra_trees,0.1086569442774736,0.0014178774878624983,0.0014178774878624983,1.3221650750133687,1.3221650750133687,baseline,remediation_light
5,0.1021929712211295,51.12493,29.95222,nuclide_mode,env_plus_no_ratio,extra_trees,0.1020032273761928,-0.00018974384493669616,0.00018974384493669616,-0.18567210902021858,0.18567210902021858,baseline,remediation_light
6,0.1004276904234213,51.12447,29.93698,nuclide_mode,env_plus_no_ratio,extra_trees,0.0994067614220562,-0.0010209290013650923,0.0010209290013650923,-1.0165811810076195,1.0165811810076195,baseline,remediation_light
7,0.1053648241185471,51.1256,29.92359,nuclide_mode,env_plus_no_ratio,extra_trees,0.1028782211778507,-0.0024866029406964,0.0024866029406964,-2.359993443256448,2.359993443256448,baseline,remediation_light
8,0.1047175386945623,51.12606,29.90969,nuclide_mode,env_plus_no_ratio,extra_trees,0.1032491780687405,-0.001468360625821799,0.001468360625821799,-1.4022107892591702,1.4022107892591702,baseline,remediation_light
9,0.0975798902233475,51.12501,29.86512,nuclide_mode,env_plus_no_ratio,extra_trees,0.0975798902233475,0.0,0.0,0.0,0.0,baseline,remediation_light
10,0.1034197013580432,51.12458,29.82432,nuclide_mode,env_plus_no_ratio,extra_trees,0.1020754400258665,-0.0013442613321766883,0.0013442613321766883,-1.2998116553467904,1.2998116553467904,baseline,remediation_light
11,0.1043672003499249,51.12767,29.83336,nuclide_mode,env_plus_no_ratio,extra_trees,0.1020708414303942,-0.0022963589195307,0.0022963589195307,-2.200268773936075,2.200268773936075,baseline,remediation_light
12,0.1015470676773888,51.12198,29.86163,nuclide_mode,env_plus_no_ratio,extra_trees,0.1007916536643632,-0.0007554140130256043,0.0007554140130256043,-0.7439052946615121,0.7439052946615121,baseline,remediation_light
13,0.1203432471879079,51.121852,30.019,nuclide_mode,env_plus_no_ratio,extra_trees,0.1136954008220616,-0.006647846365846297,0.006647846365846297,-5.524070956358798,5.524070956358798,baseline,remediation_light
14,0.1036324851305478,51.11882,29.85284,nuclide_mode,env_plus_no_ratio,extra_trees,0.1037785084639727,0.00014602333342489393,0.00014602333342489393,0.14090498094390536,0.14090498094390536,baseline,remediation_light
15,0.1049674761553552,51.11565,29.8666,nuclide_mode,env_plus_no_ratio,extra_trees,0.1034615325354993,-0.0015059436198558984,0.0015059436198558984,-1.4346764112219426,1.4346764112219426,baseline,remediation_light
16,0.1017915867096723,51.11545,29.88094,nuclide_mode,env_plus_no_ratio,extra_trees,0.1005847111257002,-0.001206875583972103,0.001206875583972103,-1.18563392416146,1.18563392416146,baseline,remediation_light
17,0.1213437212501881,51.116417,30.02203,nuclide_mode,env_plus_no_ratio,extra_trees,0.1141739584989576,-0.007169762751230491,0.007169762751230491,-5.908639258266836,5.908639258266836,baseline,remediation_light
18,0.1111725901838234,51.115856,30.080875,nuclide_mode,env_plus_no_ratio,extra_trees,0.107326777831036,-0.0038458123527874005,0.0038458123527874005,-3.459317037075745,3.459317037075745,baseline,remediation_light
19,0.1093287413857577,51.115856,30.109432,nuclide_mode,env_plus_no_ratio,extra_trees,0.1063858042613569,-0.002942937124400802,0.002942937124400802,-2.691823839823495,2.691823839823495,baseline,remediation_light
20,0.1358857898655286,51.11586,30.13847,nuclide_mode,env_plus_no_ratio,extra_trees,0.1272181381276615,-0.0086676517378671,0.0086676517378671,-6.378629985110681,6.378629985110681,baseline,remediation_light
21,0.1077516635136902,51.115849,30.209404,nuclide_mode,env_plus_no_ratio,extra_trees,0.106550186704984,-0.0012014768087061922,0.0012014768087061922,-1.1150424685123683,1.1150424685123683,baseline,remediation_light
22,0.1043559409673731,51.11654,30.28486,nuclide_mode,env_plus_no_ratio,extra_trees,0.1052504004682695,0.000894459500896394,0.000894459500896394,0.8571236985693483,0.8571236985693483,baseline,remediation_light
23,0.1046026498987787,51.11642,30.30774,nuclide_mode,env_plus_no_ratio,extra_trees,0.1038182675994192,-0.0007843822993594957,0.0007843822993594957,-0.7498684785887568,0.7498684785887568,baseline,remediation_light
24,0.1050871588828319,51.11399,30.14742,nuclide_mode,env_plus_no_ratio,extra_trees,0.1040360685372132,-0.0010510903456187048,0.0010510903456187048,-1.0002081670041434,1.0002081670041434,baseline,remediation_light
25,0.1195531933891426,51.11288,30.01851,nuclide_mode,env_plus_no_ratio,extra_trees,0.1100184137738496,-0.00953477961529299,0.00953477961529299,-7.975344986609874,7.975344986609874,baseline,remediation_light
26,0.097230647689367,51.112858,29.738181,nuclide_mode,env_plus_no_ratio,extra_trees,0.0971985777459856,-3.206994338139646e-05,3.206994338139646e-05,-0.03298336907499957,0.03298336907499957,baseline,remediation_light
27,0.0971386521879377,51.11255,29.72871,nuclide_mode,env_plus_no_ratio,extra_trees,0.097047599867931,-9.105232000669594e-05,9.105232000669594e-05,-0.0937343868335065,0.0937343868335065,baseline,remediation_light
28,0.0976289016049754,51.10995,29.74291,nuclide_mode,env_plus_no_ratio,extra_trees,0.0975401974886712,-8.870411630419739e-05,8.870411630419739e-05,-0.09085845978592555,0.09085845978592555,baseline,remediation_light
29,0.102534775920953,51.10971,30.27507,nuclide_mode,env_plus_no_ratio,extra_trees,0.1007202484953057,-0.0018145274256473054,0.0018145274256473054,-1.769670250263361,1.769670250263361,baseline,remediation_light
30,0.1061332060119472,51.10977,30.28535,nuclide_mode,env_plus_no_ratio,extra_trees,0.1042568857077322,-0.0018763203042150012,0.0018763203042150012,-1.7678918546979423,1.7678918546979423,baseline,remediation_light
31,0.10526891823002,51.10672,30.30873,nuclide_mode,env_plus_no_ratio,extra_trees,0.1060756634184216,0.0008067451884015975,0.0008067451884015975,0.766365990993469,0.766365990993469,baseline,remediation_light
32,0.105115847459066,51.107,30.29606,nuclide_mode,env_plus_no_ratio,extra_trees,0.1039586929298296,-0.0011571545292364122,0.0011571545292364122,-1.100837368682233,1.100837368682233,baseline,remediation_light
33,0.1061234337994387,51.10643,30.2664,nuclide_mode,env_plus_no_ratio,extra_trees,0.103917853539749,-0.002205580259689699,0.002205580259689699,-2.0783159578665695,2.0783159578665695,baseline,remediation_light
34,0.1087094312672245,51.10683,30.25109,nuclide_mode,env_plus_no_ratio,extra_trees,0.1063388383210127,-0.002370592946211808,0.002370592946211808,-2.1806690722026922,2.1806690722026922,baseline,remediation_light
35,0.1095474129997369,51.10669,30.22462,nuclide_mode,env_plus_no_ratio,extra_trees,0.1082399728084918,-0.0013074401912450961,0.0013074401912450961,-1.1934925302601496,1.1934925302601496,baseline,remediation_light
36,0.1055437203235365,51.1069,30.21022,nuclide_mode,env_plus_no_ratio,extra_trees,0.1039129775677137,-0.0016307427558227977,0.0016307427558227977,-1.5450874299521336,1.5450874299521336,baseline,remediation_light
37,0.1069023441017802,51.10735,30.16653,nuclide_mode,env_plus_no_ratio,extra_trees,0.1062589092491237,-0.0006434348526564992,0.0006434348526564992,-0.6018903121936167,0.6018903121936167,baseline,remediation_light
38,0.1076505148002356,51.1073,30.152575,nuclide_mode,env_plus_no_ratio,extra_trees,0.1044237947325501,-0.0032267200676854985,0.0032267200676854985,-2.997403285690963,2.997403285690963,baseline,remediation_light
39,0.113338933435272,51.10651,30.13886,nuclide_mode,env_plus_no_ratio,extra_trees,0.1082674347729001,-0.005071498662371901,0.005071498662371901,-4.474630657494443,4.474630657494443,baseline,remediation_light
40,0.1125520542748948,51.10657,30.12264,nuclide_mode,env_plus_no_ratio,extra_trees,0.1105715727333455,-0.0019804815415492977,0.0019804815415492977,-1.7596138553919334,1.7596138553919334,baseline,remediation_light
41,0.1154129231075836,51.106865,30.109789,nuclide_mode,env_plus_no_ratio,extra_trees,0.1112144586776016,-0.004198464429981993,0.004198464429981993,-3.6377767037997493,3.6377767037997493,baseline,remediation_light
42,0.1136901918207664,51.107079,30.095488,nuclide_mode,env_plus_no_ratio,extra_trees,0.1079265278897059,-0.005763663931060495,0.005763663931060495,-5.069622839714232,5.069622839714232,baseline,remediation_light
43,0.1145053158110987,51.106864,30.080875,nuclide_mode,env_plus_no_ratio,extra_trees,0.1076147815317722,-0.006890534279326496,0.006890534279326496,-6.017654490987933,6.017654490987933,baseline,remediation_light
44,0.1131549021163127,51.10712,29.98087,nuclide_mode,env_plus_no_ratio,extra_trees,0.1076602865977658,-0.005494615518546894,0.005494615518546894,-4.855835156747289,4.855835156747289,baseline,remediation_light
45,0.1061970225914792,51.10735,29.96643,nuclide_mode,env_plus_no_ratio,extra_trees,0.1037365377592372,-0.0024604848322419964,0.0024604848322419964,-2.316905664772767,2.316905664772767,baseline,remediation_light
46,0.1030089393629916,51.107076,29.955287,nuclide_mode,env_plus_no_ratio,extra_trees,0.1010844158559535,-0.0019245235070381034,0.0019245235070381034,-1.8683072740476485,1.8683072740476485,baseline,remediation_light
47,0.1088705127278444,51.10574,29.90955,nuclide_mode,env_plus_no_ratio,extra_trees,0.1030830715274287,-0.005787441200415702,0.005787441200415702,-5.315894134606683,5.315894134606683,baseline,remediation_light
48,0.0986437323446767,51.10689,29.77648,nuclide_mode,env_plus_no_ratio,extra_trees,0.098389163703673,-0.00025456864100370513,0.00025456864100370513,-0.2580687439057986,0.2580687439057986,baseline,remediation_light
49,0.0971304727127628,51.10423,29.76188,nuclide_mode,env_plus_no_ratio,extra_trees,0.0969971618383609,-0.0001333108744018957,0.0001333108744018957,-0.1372492799413493,0.1372492799413493,baseline,remediation_light
50,0.096636071104778,51.097862,29.738101,nuclide_mode,env_plus_no_ratio,extra_trees,0.0966042765443628,-3.179456041520201e-05,3.179456041520201e-05,-0.03290133803218122,0.03290133803218122,baseline,remediation_light
51,0.0985672600828685,51.09808,29.76195,nuclide_mode,env_plus_no_ratio,extra_trees,0.098250503212865,-0.0003167568700034873,0.0003167568700034873,-0.3213611393247415,0.3213611393247415,baseline,remediation_light
52,0.097060540150516,51.098832,29.779019,nuclide_mode,env_plus_no_ratio,extra_trees,0.096997982013352,-6.25581371640066e-05,6.25581371640066e-05,-0.06445269835403242,0.06445269835403242,baseline,remediation_light
53,0.0959933630412611,51.098953,29.825965,nuclide_mode,env_plus_no_ratio,extra_trees,0.0960166776559817,2.3314614720590376e-05,2.3314614720590376e-05,0.02428773613293347,0.02428773613293347,baseline,remediation_light
54,0.0996404519828754,51.097862,29.866694,nuclide_mode,env_plus_no_ratio,extra_trees,0.0978503859121146,-0.001790066070760793,0.001790066070760793,-1.7965254423659587,1.7965254423659587,baseline,remediation_light
55,0.1076017813918154,51.09713,29.95382,nuclide_mode,env_plus_no_ratio,extra_trees,0.1058481712669164,-0.0017536101248989966,0.0017536101248989966,-1.6297222055399754,1.6297222055399754,baseline,remediation_light
56,0.1415541536470264,51.09827,29.99426,nuclide_mode,env_plus_no_ratio,extra_trees,0.120920348374985,-0.020633805272041394,0.020633805272041394,-14.576615903121432,14.576615903121432,baseline,remediation_light
57,0.113997375382735,51.097862,30.023769,nuclide_mode,env_plus_no_ratio,extra_trees,0.1115184375047239,-0.002478937878011095,0.002478937878011095,-2.1745569752709697,2.1745569752709697,baseline,remediation_light
58,0.1116663820683513,51.09832,30.07888,nuclide_mode,env_plus_no_ratio,extra_trees,0.1094646049055463,-0.0022017771628050076,0.0022017771628050076,-1.9717457680838029,1.9717457680838029,baseline,remediation_light
59,0.1133888522044016,51.09823,30.12301,nuclide_mode,env_plus_no_ratio,extra_trees,0.1089828443188688,-0.004406007885532803,0.004406007885532803,-3.8857504947578683,3.8857504947578683,baseline,remediation_light
60,0.1092903633651651,51.09777,30.16727,nuclide_mode,env_plus_no_ratio,extra_trees,0.1057885874937815,-0.003501775871383589,0.003501775871383589,-3.204103054981456,3.204103054981456,baseline,remediation_light
61,0.1075835633393497,51.09787,30.20979,nuclide_mode,env_plus_no_ratio,extra_trees,0.1059213177134626,-0.0016622456258870988,0.0016622456258870988,-1.5450739632446409,1.5450739632446409,baseline,remediation_light
62,0.1041543282936543,51.09777,30.22431,nuclide_mode,env_plus_no_ratio,extra_trees,0.1025253860489973,-0.0016289422446569973,0.0016289422446569973,-1.5639698045618735,1.5639698045618735,baseline,remediation_light
63,0.106059684364872,51.098,30.25237,nuclide_mode,env_plus_no_ratio,extra_trees,0.1043770699243207,-0.0016826144405512888,0.0016826144405512888,-1.5864788308841953,1.5864788308841953,baseline,remediation_light
64,0.1093383994381455,51.09788,30.26656,nuclide_mode,env_plus_no_ratio,extra_trees,0.104896880993132,-0.00444151844501349,0.00444151844501349,-4.062176205099956,4.062176205099956,baseline,remediation_light
65,0.1074710340525884,51.0983,30.29691,nuclide_mode,env_plus_no_ratio,extra_trees,0.1063913360607846,-0.0010796979918037963,0.0010796979918037963,-1.0046409261080262,1.0046409261080262,baseline,remediation_light
66,0.0970753355581154,51.09198,29.75775,nuclide_mode,env_plus_no_ratio,extra_trees,0.0968850517384356,-0.00019028381967979568,0.00019028381967979568,-0.19601664891065954,0.19601664891065954,baseline,remediation_light
67,0.1131144879203962,51.09238,30.03711,nuclide_mode,env_plus_no_ratio,extra_trees,0.1082512180977663,-0.004863269822629898,0.004863269822629898,-4.299422569151709,4.299422569151709,baseline,remediation_light
68,0.1141721207735428,51.09123,30.05345,nuclide_mode,env_plus_no_ratio,extra_trees,0.1053270266747968,-0.008845094098745995,0.008845094098745995,-7.747157571234043,7.747157571234043,baseline,remediation_light
69,0.1061139639841477,51.08926,30.33778,nuclide_mode,env_plus_no_ratio,extra_trees,0.106081230689956,-3.2733294191705786e-05,3.2733294191705786e-05,-0.030847301300134064,0.030847301300134064,baseline,remediation_light
70,0.1068028832962774,51.08871,30.30723,nuclide_mode,env_plus_no_ratio,extra_trees,0.1035112278950353,-0.0032916554012421134,0.0032916554012421134,-3.08199114073622,3.08199114073622,baseline,remediation_light
71,0.1029074630280535,51.08875,30.2943,nuclide_mode,env_plus_no_ratio,extra_trees,0.1014745796560496,-0.0014328833720038958,0.0014328833720038958,-1.3923998608470982,1.3923998608470982,baseline,remediation_light
72,0.1056070321772351,51.08902,30.28173,nuclide_mode,env_plus_no_ratio,extra_trees,0.1022078585614881,-0.0033991736157470004,0.0033991736157470004,-3.2187000672856083,3.2187000672856083,baseline,remediation_light
73,0.1469072783474464,51.08904,30.25095,nuclide_mode,env_plus_no_ratio,extra_trees,0.1193835867190534,-0.027523691628393007,0.027523691628393007,-18.735417290420063,18.735417290420063,baseline,remediation_light
74,0.1067141310361769,51.08882,30.22364,nuclide_mode,env_plus_no_ratio,extra_trees,0.1055715680943858,-0.0011425629417911032,0.0011425629417911032,-1.070676330020216,1.070676330020216,baseline,remediation_light
75,0.1093028290844321,51.08949,30.0375,nuclide_mode,env_plus_no_ratio,extra_trees,0.1061934339448465,-0.003109395139585608,0.003109395139585608,-2.844752661601946,2.844752661601946,baseline,remediation_light
76,0.1113744152728581,51.08838,30.02322,nuclide_mode,env_plus_no_ratio,extra_trees,0.1079042072051257,-0.0034702080677324054,0.0034702080677324054,-3.1158036244057334,3.1158036244057334,baseline,remediation_light
77,0.1081757700322409,51.089414,30.009772,nuclide_mode,env_plus_no_ratio,extra_trees,0.1049438075230287,-0.003231962509212191,0.003231962509212191,-2.987695403738685,2.987695403738685,baseline,remediation_light
78,0.1027869666415951,51.08329,29.90467,nuclide_mode,env_plus_no_ratio,extra_trees,0.102097716304942,-0.0006892503366531105,0.0006892503366531105,-0.6705619974723426,0.6705619974723426,baseline,remediation_light
79,0.1055291447558459,51.081516,29.99411,nuclide_mode,env_plus_no_ratio,extra_trees,0.104037032732501,-0.0014921120233448992,0.0014921120233448992,-1.4139335884859827,1.4139335884859827,baseline,remediation_light
80,0.1130746804918883,51.079876,30.237963,nuclide_mode,env_plus_no_ratio,extra_trees,0.1123714255045558,-0.0007032549873325078,0.0007032549873325078,-0.6219385137974877,0.6219385137974877,baseline,remediation_light
81,0.1137494568909425,51.079876,30.252243,nuclide_mode,env_plus_no_ratio,extra_trees,0.1100209074491463,-0.0037285494417961945,0.0037285494417961945,-3.27786131354539,3.27786131354539,baseline,remediation_light
82,0.1093402458290989,51.07945,30.28069,nuclide_mode,env_plus_no_ratio,extra_trees,0.1082817198709536,-0.0010585259581453038,0.0010585259581453038,-0.9681027787332782,0.9681027787332782,baseline,remediation_light
83,0.1072132218143199,51.07985,30.29523,nuclide_mode,env_plus_no_ratio,extra_trees,0.1043599181579478,-0.002853303656372097,0.002853303656372097,-2.6613356152225958,2.6613356152225958,baseline,remediation_light
84,0.1026948755982633,51.079876,30.309361,nuclide_mode,env_plus_no_ratio,extra_trees,0.0994387247531767,-0.003256150845086611,0.003256150845086611,-3.170704308386812,3.170704308386812,baseline,remediation_light
85,0.1056903762816073,51.07903,30.33656,nuclide_mode,env_plus_no_ratio,extra_trees,0.1041857387197849,-0.0015046375618223973,0.0015046375618223973,-1.423627784059882,1.423627784059882,baseline,remediation_light
86,0.0996061977073475,51.0802,30.3521,nuclide_mode,env_plus_no_ratio,extra_trees,0.0992531287305991,-0.00035306897674838855,0.00035306897674838855,-0.3544648675233431,0.3544648675233431,baseline,remediation_light
87,0.105953429877825,51.07991,30.38073,nuclide_mode,env_plus_no_ratio,extra_trees,0.1039991141910455,-0.0019543156867794925,0.0019543156867794925,-1.8445044101290688,1.8445044101290688,baseline,remediation_light
88,0.1077266377233284,51.07956,30.39463,nuclide_mode,env_plus_no_ratio,extra_trees,0.1048883198370688,-0.0028383178862596004,0.0028383178862596004,-2.6347409946546185,2.6347409946546185,baseline,remediation_light
89,0.1118598604466445,51.07692,29.99038,nuclide_mode,env_plus_no_ratio,extra_trees,0.1103717243474092,-0.0014881360992353015,0.0014881360992353015,-1.3303575503253202,1.3303575503253202,baseline,remediation_light
90,0.1069263026238167,51.07718,29.90931,nuclide_mode,env_plus_no_ratio,extra_trees,0.1043191178347749,-0.0026071847890417887,0.0026071847890417887,-2.4383007034426964,2.4383007034426964,baseline,remediation_light
91,0.1011562858495249,51.07401,29.9243,nuclide_mode,env_plus_no_ratio,extra_trees,0.1008085895446846,-0.00034769630484030034,0.00034769630484030034,-0.3437218971814725,0.3437218971814725,baseline,remediation_light
92,0.1070062426846112,51.07378,29.96635,nuclide_mode,env_plus_no_ratio,extra_trees,0.1045192820340371,-0.002486960650574105,0.002486960650574105,-2.3241266940884375,2.3241266940884375,baseline,remediation_light
93,0.1039666334846588,51.07352,29.98019,nuclide_mode,env_plus_no_ratio,extra_trees,0.1031065276580366,-0.0008601058266222011,0.0008601058266222011,-0.8272902543767731,0.8272902543767731,baseline,remediation_light
94,0.1044948680211727,51.070883,30.380797,nuclide_mode,env_plus_no_ratio,extra_trees,0.1023420652328288,-0.0021528027883438994,0.0021528027883438994,-2.0601995381320544,2.0601995381320544,baseline,remediation_light
95,0.1075089969510451,51.07149,30.35115,nuclide_mode,env_plus_no_ratio,extra_trees,0.1050164089208259,-0.002492588030219206,0.002492588030219206,-2.318492499147975,2.318492499147975,baseline,remediation_light
96,0.1109399288766821,51.0716,30.29536,nuclide_mode,env_plus_no_ratio,extra_trees,0.1094822610973206,-0.0014576677793615017,0.0014576677793615017,-1.3139252874245186,1.3139252874245186,baseline,remediation_light
97,0.114341737467818,51.07112,30.28154,nuclide_mode,env_plus_no_ratio,extra_trees,0.1123619666065995,-0.001979770861218505,0.001979770861218505,-1.7314507414894937,1.7314507414894937,baseline,remediation_light
98,0.1107022920312239,51.07061,30.2655,nuclide_mode,env_plus_no_ratio,extra_trees,0.1093980086890793,-0.0013042833421446076,0.0013042833421446076,-1.1781900069212032,1.1781900069212032,baseline,remediation_light
99,0.1120241245803468,51.07076,30.25218,nuclide_mode,env_plus_no_ratio,extra_trees,0.1117571611224612,-0.0002669634578855995,0.0002669634578855995,-0.23830889898552693,0.23830889898552693,baseline,remediation_light
100,0.1114333423763695,51.07117,30.23779,nuclide_mode,env_plus_no_ratio,extra_trees,0.1095329089647499,-0.0019004334116195926,0.0019004334116195926,-1.7054441436395409,1.7054441436395409,baseline,remediation_light
101,0.1049819530404434,51.070892,30.209384,nuclide_mode,env_plus_no_ratio,extra_trees,0.1031452991270405,-0.0018366539134029025,0.0018366539134029025,-1.74949489908551,1.74949489908551,baseline,remediation_light
102,0.1137412221575503,51.07092,30.19519,nuclide_mode,env_plus_no_ratio,extra_trees,0.1091398098704345,-0.004601412287115789,0.004601412287115789,-4.045509798322789,4.045509798322789,baseline,remediation_light
103,0.1042102353723809,51.07084,30.1686,nuclide_mode,env_plus_no_ratio,extra_trees,0.1071135335434629,0.0029032981710819944,0.0029032981710819944,2.7860009726563413,2.7860009726563413,baseline,remediation_light
104,0.1504225231513647,51.07126,30.12382,nuclide_mode,env_plus_no_ratio,extra_trees,0.1392590746917122,-0.011163448459652503,0.011163448459652503,-7.421394233906802,7.421394233906802,baseline,remediation_light
105,0.1154821407773227,51.06958,30.08226,nuclide_mode,env_plus_no_ratio,extra_trees,0.1068521393828489,-0.008630001394473799,0.008630001394473799,-7.473018196912815,7.473018196912815,baseline,remediation_light
106,0.1053800352405235,51.07047,30.039138,nuclide_mode,env_plus_no_ratio,extra_trees,0.1010334624029594,-0.004346572837564094,0.004346572837564094,-4.12466443728483,4.12466443728483,baseline,remediation_light
107,0.1094102194657331,51.07107,29.99345,nuclide_mode,env_plus_no_ratio,extra_trees,0.1060410389168998,-0.0033691805488332977,0.0033691805488332977,-3.0794020570340903,3.0794020570340903,baseline,remediation_light
108,0.1094247842362929,51.071267,29.953709,nuclide_mode,env_plus_no_ratio,extra_trees,0.1045308141106219,-0.004893970125670999,0.004893970125670999,-4.472451245691208,4.472451245691208,baseline,remediation_light
109,0.1013838183927468,51.07154,29.90879,nuclide_mode,env_plus_no_ratio,extra_trees,0.1006334418901297,-0.0007503765026170978,0.0007503765026170978,-0.740134386840949,0.740134386840949,baseline,remediation_light
110,0.1018727132758231,51.069372,29.866127,nuclide_mode,env_plus_no_ratio,extra_trees,0.0990997522129489,-0.00277296106287421,0.00277296106287421,-2.7219860684051316,2.7219860684051316,baseline,remediation_light
111,0.1005312590053387,51.06997,29.82462,nuclide_mode,env_plus_no_ratio,extra_trees,0.0996906532219501,-0.0008406057833885983,0.0008406057833885983,-0.8361635890225526,0.8361635890225526,baseline,remediation_light
112,0.095739206076342,51.07151,29.78159,nuclide_mode,env_plus_no_ratio,extra_trees,0.0951094459700931,-0.0006297601062488917,0.0006297601062488917,-0.6577870572132423,0.6577870572132423,baseline,remediation_light
113,0.0991348744830794,51.067894,29.804816,nuclide_mode,env_plus_no_ratio,extra_trees,0.0987926667826365,-0.0003422077004428953,0.0003422077004428953,-0.3451940623592601,0.3451940623592601,baseline,remediation_light
114,0.1007936603350601,51.067894,29.819094,nuclide_mode,env_plus_no_ratio,extra_trees,0.1004949697019979,-0.0002986906330622041,0.0002986906330622041,-0.2963387102614305,0.2963387102614305,baseline,remediation_light
115,0.1112181492458078,51.06536,30.26233,nuclide_mode,env_plus_no_ratio,extra_trees,0.1078305571633447,-0.0033875920824631006,0.0033875920824631006,-3.0458986284478122,3.0458986284478122,baseline,remediation_light
116,0.1066509694026618,51.06477,30.24661,nuclide_mode,env_plus_no_ratio,extra_trees,0.1035030256528609,-0.003147943749800902,0.003147943749800902,-2.9516316330101127,2.9516316330101127,baseline,remediation_light
117,0.1075019306369451,51.064896,30.047557,nuclide_mode,env_plus_no_ratio,extra_trees,0.103950926990045,-0.0035510036469001,0.0035510036469001,-3.3031998828863167,3.3031998828863167,baseline,remediation_light
118,0.1496781346147653,51.061889,30.123726,nuclide_mode,env_plus_no_ratio,extra_trees,0.1207332610353792,-0.02894487357938612,0.02894487357938612,-19.3380774378857,19.3380774378857,baseline,remediation_light
119,0.1090959301629868,51.061004,30.195435,nuclide_mode,env_plus_no_ratio,extra_trees,0.1082281296911015,-0.0008678004718852966,0.0008678004718852966,-0.7954471542511464,0.7954471542511464,baseline,remediation_light
120,0.1103662563895594,51.061738,30.199676,nuclide_mode,env_plus_no_ratio,extra_trees,0.1082668622808899,-0.0020993941086694945,0.0020993941086694945,-1.902206505273922,1.902206505273922,baseline,remediation_light
121,0.0972722937061006,51.05862,29.71945,nuclide_mode,env_plus_no_ratio,extra_trees,0.0971882210248554,-8.407268124520362e-05,8.407268124520362e-05,-0.08643024446326061,0.08643024446326061,baseline,remediation_light
122,0.1094321866552302,51.0527,30.26792,nuclide_mode,env_plus_no_ratio,extra_trees,0.1027544190609355,-0.006677767594294698,0.006677767594294698,-6.1021969846341735,6.1021969846341735,baseline,remediation_light
123,0.1098205000068578,51.05272,30.20061,nuclide_mode,env_plus_no_ratio,extra_trees,0.1055565778048125,-0.0042639222020453005,0.0042639222020453005,-3.8826286547402695,3.8826286547402695,baseline,remediation_light
124,0.1359919974445503,51.05289,30.13888,nuclide_mode,env_plus_no_ratio,extra_trees,0.1118796069324365,-0.024112390512113793,0.024112390512113793,-17.73074222396464,17.73074222396464,baseline,remediation_light
125,0.106612658910983,51.05303,30.12438,nuclide_mode,env_plus_no_ratio,extra_trees,0.1034995983865465,-0.003113060524436495,0.003113060524436495,-2.919972690143454,2.919972690143454,baseline,remediation_light
126,0.0995424522546118,51.05195,29.78041,nuclide_mode,env_plus_no_ratio,extra_trees,0.0992052137283965,-0.00033723852621529715,0.00033723852621529715,-0.3387886460268241,0.3387886460268241,baseline,remediation_light
127,0.1094814856642437,51.05307,29.76716,nuclide_mode,env_plus_no_ratio,extra_trees,0.109932302828133,0.00045081716388929716,0.00045081716388929716,0.4117747956689745,0.4117747956689745,baseline,remediation_light
128,0.1027622190894767,51.05312,29.75195,nuclide_mode,env_plus_no_ratio,extra_trees,0.1028421828554514,7.99637659746888e-05,7.99637659746888e-05,0.0778143627913125,0.0778143627913125,baseline,remediation_light
129,0.0992291314078962,51.05297,29.73811,nuclide_mode,env_plus_no_ratio,extra_trees,0.0990836272431505,-0.00014550416474570782,0.00014550416474570782,-0.14663452423824125,0.14663452423824125,baseline,remediation_light
130,0.105385411707541,51.04988,29.79071,nuclide_mode,env_plus_no_ratio,extra_trees,0.1069975370613423,0.0016121253538012997,0.0016121253538012997,1.5297424260913544,1.5297424260913544,baseline,remediation_light
131,0.1085716884576553,51.04561,30.19134,nuclide_mode,env_plus_no_ratio,extra_trees,0.1054528342077959,-0.0031188542498594013,0.0031188542498594013,-2.8726220381806113,2.8726220381806113,baseline,remediation_light
132,0.1030881194615299,51.04714,30.14791,nuclide_mode,env_plus_no_ratio,extra_trees,0.1050090808159594,0.0019209613544294984,0.0019209613544294984,1.863416817052674,1.863416817052674,baseline,remediation_light
133,0.1149639769437885,51.046912,30.133231,nuclide_mode,env_plus_no_ratio,extra_trees,0.1099923828446735,-0.004971594099115004,0.004971594099115004,-4.324479920824119,4.324479920824119,baseline,remediation_light
134,0.0996683696388325,51.04704,30.1141,nuclide_mode,env_plus_no_ratio,extra_trees,0.0977943872675583,-0.0018739823712741882,0.0018739823712741882,-1.8802177441699146,1.8802177441699146,baseline,remediation_light
135,0.1022517590253016,51.04676,29.77086,nuclide_mode,env_plus_no_ratio,extra_trees,0.1025899360130995,0.0003381769877978946,0.0003381769877978946,0.3307297507852307,0.3307297507852307,baseline,remediation_light
136,0.1046595640325094,51.043838,29.694039,nuclide_mode,env_plus_no_ratio,extra_trees,0.1046402045773486,-1.9359455160794514e-05,1.9359455160794514e-05,-0.01849754997525221,0.01849754997525221,baseline,remediation_light
137,0.0986172790551493,51.044,29.73761,nuclide_mode,env_plus_no_ratio,extra_trees,0.0986265097830688,9.230727919501414e-06,9.230727919501414e-06,0.009360152711513522,0.009360152711513522,baseline,remediation_light
138,0.0982866513330011,51.044203,29.78018,nuclide_mode,env_plus_no_ratio,extra_trees,0.0979305367147305,-0.000356114618270606,0.000356114618270606,-0.36232246540180535,0.36232246540180535,baseline,remediation_light
139,0.1008975463038253,51.04325,29.82336,nuclide_mode,env_plus_no_ratio,extra_trees,0.1009080841539285,1.0537850103201074e-05,1.0537850103201074e-05,0.010444109385444546,0.010444109385444546,baseline,remediation_light
140,0.1109089959208549,51.04469,29.86551,nuclide_mode,env_plus_no_ratio,extra_trees,0.1043953004345571,-0.0065136954862978075,0.0065136954862978075,-5.873009156936202,5.873009156936202,baseline,remediation_light
141,0.1059305250638293,51.04398,29.90843,nuclide_mode,env_plus_no_ratio,extra_trees,0.1076658129033538,0.0017352878395244936,0.0017352878395244936,1.6381376741773739,1.6381376741773739,baseline,remediation_light
142,0.1053496150624905,51.044055,29.952572,nuclide_mode,env_plus_no_ratio,extra_trees,0.1034848689589457,-0.001864746103544812,0.001864746103544812,-1.770054975937687,1.770054975937687,baseline,remediation_light
143,0.108478852798741,51.04321,30.03807,nuclide_mode,env_plus_no_ratio,extra_trees,0.1059653167687198,-0.0025135360300212045,0.0025135360300212045,-2.317074678771286,2.317074678771286,baseline,remediation_light
144,0.1105715285827977,51.04409,30.07969,nuclide_mode,env_plus_no_ratio,extra_trees,0.1069573496737239,-0.003614178909073798,0.003614178909073798,-3.268634299802995,3.268634299802995,baseline,remediation_light
145,0.1167585291709336,51.043903,30.123726,nuclide_mode,env_plus_no_ratio,extra_trees,0.114052453557968,-0.002706075612965597,0.002706075612965597,-2.317668466861143,2.317668466861143,baseline,remediation_light
146,0.1107739179544022,51.04356,30.16552,nuclide_mode,env_plus_no_ratio,extra_trees,0.1088083447498627,-0.0019655732045394947,0.0019655732045394947,-1.7744007261245218,1.7744007261245218,baseline,remediation_light
147,0.1057668293286174,51.04325,30.18084,nuclide_mode,env_plus_no_ratio,extra_trees,0.1060942666802543,0.0003274373516369,0.0003274373516369,0.30958416141941114,0.30958416141941114,baseline,remediation_light
148,0.1132913298778349,51.044871,30.254171,nuclide_mode,env_plus_no_ratio,extra_trees,0.1091881865396822,-0.004103143338152704,0.004103143338152704,-3.621762885630554,3.621762885630554,baseline,remediation_light
149,0.1096326654763249,51.0379,29.91425,nuclide_mode,env_plus_no_ratio,extra_trees,0.1071567181144893,-0.0024759473618355954,0.0024759473618355954,-2.2584029596272788,2.2584029596272788,baseline,remediation_light
150,0.1075214276459981,51.0377,30.09093,nuclide_mode,env_plus_no_ratio,extra_trees,0.1060871812236318,-0.0014342464223663087,0.0014342464223663087,-1.3339168329204107,1.3339168329204107,baseline,remediation_light
151,0.1096491254685274,51.0352,30.08228,nuclide_mode,env_plus_no_ratio,extra_trees,0.1083909281578934,-0.0012581973106339933,0.0012581973106339933,-1.1474759194455535,1.1474759194455535,baseline,remediation_light
152,0.1039015640475521,51.02865,29.91425,nuclide_mode,env_plus_no_ratio,extra_trees,0.1033429073882082,-0.0005586566593439035,0.0005586566593439035,-0.5376787774707857,0.5376787774707857,baseline,remediation_light
153,0.1003846144063231,51.02773,29.90069,nuclide_mode,env_plus_no_ratio,extra_trees,0.0998270946206388,-0.0005575197856843017,0.0005575197856843017,-0.5553836999638705,0.5553836999638705,baseline,remediation_light
154,0.0985601113880395,51.02546,29.52588,nuclide_mode,env_plus_no_ratio,extra_trees,0.0983523636738334,-0.00020774771420609128,0.00020774771420609128,-0.21078275103420993,0.21078275103420993,baseline,remediation_light
155,0.0981213570146611,51.02572,29.7098,nuclide_mode,env_plus_no_ratio,extra_trees,0.0980897465689234,-3.161044573769811e-05,3.161044573769811e-05,-0.03221566303141827,0.03221566303141827,baseline,remediation_light
156,0.1023653675152439,51.02575,30.06114,nuclide_mode,env_plus_no_ratio,extra_trees,0.1009219824596591,-0.001443385055584806,0.001443385055584806,-1.4100326024520569,1.4100326024520569,baseline,remediation_light
157,0.1033958656480853,51.02256,29.94257,nuclide_mode,env_plus_no_ratio,extra_trees,0.1017488191067082,-0.0016470465413770952,0.0016470465413770952,-1.5929520305801466,1.5929520305801466,baseline,remediation_light
158,0.099956571479043,51.02296,29.49086,nuclide_mode,env_plus_no_ratio,extra_trees,0.1003836452548501,0.00042707377580711303,0.00042707377580711303,0.42725932821400725,0.42725932821400725,baseline,remediation_light
159,0.1018305798355028,51.02015,29.86218,nuclide_mode,env_plus_no_ratio,extra_trees,0.1018550737924365,2.449395693369938e-05,2.449395693369938e-05,0.024053635924755547,0.024053635924755547,baseline,remediation_light
160,0.107219142294486,51.018467,30.082277,nuclide_mode,env_plus_no_ratio,extra_trees,0.1046471684370387,-0.002571973857447299,0.002571973857447299,-2.3988009999027655,2.3988009999027655,baseline,remediation_light
161,0.1088325930235085,51.01669,30.05093,nuclide_mode,env_plus_no_ratio,extra_trees,0.1043876552535822,-0.004444937769926299,0.004444937769926299,-4.084197248673626,4.084197248673626,baseline,remediation_light
162,0.1085197233806798,51.01683,30.0377,nuclide_mode,env_plus_no_ratio,extra_trees,0.1049707175736409,-0.003549005807038902,0.003549005807038902,-3.2703785970677712,3.2703785970677712,baseline,remediation_light
163,0.1066253020984084,51.01689,30.02491,nuclide_mode,env_plus_no_ratio,extra_trees,0.103027198382039,-0.0035981037163693996,0.0035981037163693996,-3.3745308529570006,3.3745308529570006,baseline,remediation_light
164,0.1035133857931416,51.01733,30.01091,nuclide_mode,env_plus_no_ratio,extra_trees,0.1011621944390567,-0.002351191354084889,0.002351191354084889,-2.2713887059818982,2.2713887059818982,baseline,remediation_light
165,0.1057303253097919,51.015104,29.995365,nuclide_mode,env_plus_no_ratio,extra_trees,0.1020068220596599,-0.0037235032501320015,0.0037235032501320015,-3.5216984712967303,3.5216984712967303,baseline,remediation_light
166,0.1095664801699954,51.01733,29.96693,nuclide_mode,env_plus_no_ratio,extra_trees,0.1050046562184902,-0.004561823951505201,0.004561823951505201,-4.163521493459866,4.163521493459866,baseline,remediation_light
167,0.103800058287339,51.016923,29.952333,nuclide_mode,env_plus_no_ratio,extra_trees,0.1025808260914562,-0.0012192321958827967,0.0012192321958827967,-1.1745968316392674,1.1745968316392674,baseline,remediation_light
168,0.1029674555289185,51.016923,29.938092,nuclide_mode,env_plus_no_ratio,extra_trees,0.102148379729686,-0.0008190757992325021,0.0008190757992325021,-0.7954705640001601,0.7954705640001601,baseline,remediation_light
169,0.1047640689234203,51.01651,29.9092,nuclide_mode,env_plus_no_ratio,extra_trees,0.1036667644723528,-0.0010973044510674962,0.0010973044510674962,-1.0474053388185944,1.0474053388185944,baseline,remediation_light
170,0.1008947612948376,51.01713,29.86675,nuclide_mode,env_plus_no_ratio,extra_trees,0.1005251450456626,-0.00036961624917500324,0.00036961624917500324,-0.36633839500833937,0.36633839500833937,baseline,remediation_light
171,0.1033391277313749,51.01694,29.85252,nuclide_mode,env_plus_no_ratio,extra_trees,0.1010347220910417,-0.0023044056403331986,0.0023044056403331986,-2.2299449307559382,2.2299449307559382,baseline,remediation_light
172,0.0975522905979266,51.01673,29.82278,nuclide_mode,env_plus_no_ratio,extra_trees,0.0974575213868773,-9.476921104929759e-05,9.476921104929759e-05,-0.09714708949264983,0.09714708949264983,baseline,remediation_light
173,0.0980071867646902,51.01672,29.7806,nuclide_mode,env_plus_no_ratio,extra_trees,0.0977505247644925,-0.0002566620001976938,0.0002566620001976938,-0.2618807953481258,0.2618807953481258,baseline,remediation_light
174,0.0996059427988089,51.017546,29.740941,nuclide_mode,env_plus_no_ratio,extra_trees,0.0993461277557263,-0.0002598150430826035,0.0002598150430826035,-0.26084291336652093,0.26084291336652093,baseline,remediation_light
175,0.1064571621173995,51.01699,29.69527,nuclide_mode,env_plus_no_ratio,extra_trees,0.1063785429498312,-7.861916756829457e-05,7.861916756829457e-05,-0.07385051978146329,0.07385051978146329,baseline,remediation_light
176,0.1030188476103122,51.016936,29.652507,nuclide_mode,env_plus_no_ratio,extra_trees,0.1036426139608405,0.0006237663505282987,0.0006237663505282987,0.6054876025092126,0.6054876025092126,baseline,remediation_light
177,0.1109947662845906,51.016936,29.62395,nuclide_mode,env_plus_no_ratio,extra_trees,0.1105569539668788,-0.00043781231771179707,0.00043781231771179707,-0.39444410972427857,0.39444410972427857,baseline,remediation_light
178,0.1021027585478595,51.017298,29.610322,nuclide_mode,env_plus_no_ratio,extra_trees,0.1022034092804332,0.00010065073257370383,0.00010065073257370383,0.09857787782151346,0.09857787782151346,baseline,remediation_light
179,0.0991039569320445,51.016936,29.566834,nuclide_mode,env_plus_no_ratio,extra_trees,0.0988554729227692,-0.0002484840092753099,0.0002484840092753099,-0.2507306640094049,0.2507306640094049,baseline,remediation_light
180,0.1074592604356263,51.01683,29.52235,nuclide_mode,env_plus_no_ratio,extra_trees,0.1046324943243284,-0.002826766111297896,0.002826766111297896,-2.63054677636766,2.63054677636766,baseline,remediation_light
181,0.1036165923868782,51.01756,29.5101,nuclide_mode,env_plus_no_ratio,extra_trees,0.1033485283538147,-0.0002680640330635087,0.0002680640330635087,-0.25870763252146456,0.25870763252146456,baseline,remediation_light
182,0.0975870358872168,51.016936,29.494968,nuclide_mode,env_plus_no_ratio,extra_trees,0.0975306175597056,-5.641832751120124e-05,5.641832751120124e-05,-0.05781334272352013,0.05781334272352013,baseline,remediation_light
183,0.0986293467516517,51.016923,29.481023,nuclide_mode,env_plus_no_ratio,extra_trees,0.098497377485099,-0.00013196926655270613,0.00013196926655270613,-0.13380324507775987,0.13380324507775987,baseline,remediation_light
184,0.1087966189198201,51.0116,30.02819,nuclide_mode,env_plus_no_ratio,extra_trees,0.1047083866430355,-0.004088232276784606,0.004088232276784606,-3.7576832050245175,3.7576832050245175,baseline,remediation_light
185,0.1039112157903205,51.01114,29.85768,nuclide_mode,env_plus_no_ratio,extra_trees,0.1023714679160512,-0.0015397478742693038,0.0015397478742693038,-1.4817917994303111,1.4817917994303111,baseline,remediation_light
186,0.1022885283029214,51.010941,29.695343,nuclide_mode,env_plus_no_ratio,extra_trees,0.1052536096863619,0.002965081383440496,0.002965081383440496,2.898742833272157,2.898742833272157,baseline,remediation_light
187,0.1036214920949421,51.010941,29.681065,nuclide_mode,env_plus_no_ratio,extra_trees,0.1035129714342615,-0.00010852066068060828,0.00010852066068060828,-0.10472794638121728,0.10472794638121728,baseline,remediation_light
188,0.1106183070915996,51.011283,29.61909,nuclide_mode,env_plus_no_ratio,extra_trees,0.1105245575554214,-9.374953617820314e-05,9.374953617820314e-05,-0.08475047091488395,0.08475047091488395,baseline,remediation_light
189,0.1025685991919577,51.00804,29.52415,nuclide_mode,env_plus_no_ratio,extra_trees,0.102702457328896,0.0001338581369383085,0.0001338581369383085,0.13050596185660318,0.13050596185660318,baseline,remediation_light
190,0.0976720457739358,51.008,29.77188,nuclide_mode,env_plus_no_ratio,extra_trees,0.0974081689465228,-0.00026387682741300933,0.00026387682741300933,-0.27016617223699635,0.27016617223699635,baseline,remediation_light
191,0.101682096674673,51.0079,29.86667,nuclide_mode,env_plus_no_ratio,extra_trees,0.1014168976349931,-0.000265199039679892,0.000265199039679892,-0.26081193086368354,0.26081193086368354,baseline,remediation_light
192,0.1083763604951641,51.00832,29.95249,nuclide_mode,env_plus_no_ratio,extra_trees,0.104407154851165,-0.003969205643999094,0.003969205643999094,-3.662427512664263,3.662427512664263,baseline,remediation_light
193,0.1105877973402835,51.0072,30.01928,nuclide_mode,env_plus_no_ratio,extra_trees,0.1055042219241206,-0.005083575416162903,0.005083575416162903,-4.596868314973775,4.596868314973775,baseline,remediation_light
194,0.1122695763559807,51.00467,30.00338,nuclide_mode,env_plus_no_ratio,extra_trees,0.1099236553316653,-0.0023459210243153977,0.0023459210243153977,-2.08954295585567,2.08954295585567,baseline,remediation_light
195,0.0987821318032893,51.0051,29.79124,nuclide_mode,env_plus_no_ratio,extra_trees,0.0979989507357084,-0.000783181067580907,0.000783181067580907,-0.7928367745094849,0.7928367745094849,baseline,remediation_light
196,0.1022485066028932,51.001948,29.695343,nuclide_mode,env_plus_no_ratio,extra_trees,0.1027454653960275,0.0004969587931343,0.0004969587931343,0.48603036821296536,0.48603036821296536,baseline,remediation_light
197,0.1060421465689241,50.99842,29.76682,nuclide_mode,env_plus_no_ratio,extra_trees,0.1085585746784835,0.0025164281095593904,0.0025164281095593904,2.3730452381250036,2.3730452381250036,baseline,remediation_light
198,0.0977695291419507,50.99902,29.52905,nuclide_mode,env_plus_no_ratio,extra_trees,0.0977184557562367,-5.107338571400111e-05,5.107338571400111e-05,-0.05223855137918085,0.05223855137918085,baseline,remediation_light
199,0.102579902946923,50.99581,29.92384,nuclide_mode,env_plus_no_ratio,extra_trees,0.1023236734427254,-0.00025622950419759705,0.00025622950419759705,-0.24978528623698892,0.24978528623698892,baseline,remediation_light
200,0.1021261442789498,50.98989,29.52395,nuclide_mode,env_plus_no_ratio,extra_trees,0.1017942864568243,-0.0003318578221254975,0.0003318578221254975,-0.3249489388525754,0.3249489388525754,baseline,remediation_light
201,0.0995309033032998,50.99044,29.56701,nuclide_mode,env_plus_no_ratio,extra_trees,0.0993744751971834,-0.00015642810611640745,0.00015642810611640745,-0.15716536364562594,0.15716536364562594,baseline,remediation_light
202,0.0977009564923632,50.99004,29.58575,nuclide_mode,env_plus_no_ratio,extra_trees,0.0976176736181375,-8.32828742256958e-05,8.32828742256958e-05,-0.08524263959709096,0.08524263959709096,baseline,remediation_light
203,0.1019189312973938,50.98957,29.60909,nuclide_mode,env_plus_no_ratio,extra_trees,0.1021639474490505,0.00024501615165670176,0.00024501615165670176,0.24040298356520065,0.24040298356520065,baseline,remediation_light
204,0.1078159742516321,50.989943,29.6525,nuclide_mode,env_plus_no_ratio,extra_trees,0.1078919640890223,7.598983739019738e-05,7.598983739019738e-05,0.07048105618639072,0.07048105618639072,baseline,remediation_light
205,0.0983742530185106,50.989943,29.695338,nuclide_mode,env_plus_no_ratio,extra_trees,0.0978603068497833,-0.0005139461687273111,0.0005139461687273111,-0.5224397166508643,0.5224397166508643,baseline,remediation_light
206,0.0994392081481102,50.98956,29.73812,nuclide_mode,env_plus_no_ratio,extra_trees,0.1005461209393859,0.0011069127912756993,0.0011069127912756993,1.1131552753587928,1.1131552753587928,baseline,remediation_light
207,0.1021146555025987,50.98991,29.7527,nuclide_mode,env_plus_no_ratio,extra_trees,0.1024753790691995,0.0003607235666008013,0.0003607235666008013,0.35325347260425444,0.35325347260425444,baseline,remediation_light
208,0.1098579272593449,50.99019,29.767031,nuclide_mode,env_plus_no_ratio,extra_trees,0.1053886071118627,-0.004469320147482206,0.004469320147482206,-4.068272776466415,4.068272776466415,baseline,remediation_light
209,0.1017887446543772,50.99056,29.78161,nuclide_mode,env_plus_no_ratio,extra_trees,0.1017596680903158,-2.907656406141157e-05,2.907656406141157e-05,-0.028565598446214056,0.028565598446214056,baseline,remediation_light
210,0.0976502496997286,50.98869,29.82286,nuclide_mode,env_plus_no_ratio,extra_trees,0.0975797186642795,-7.053103544910067e-05,7.053103544910067e-05,-0.07222821822369256,0.07222821822369256,baseline,remediation_light
211,0.1024939919735471,50.991258,29.865266,nuclide_mode,env_plus_no_ratio,extra_trees,0.0985047321202852,-0.003989259853261901,0.003989259853261901,-3.8921889726877823,3.8921889726877823,baseline,remediation_light
212,0.1048445493773917,50.98952,29.90993,nuclide_mode,env_plus_no_ratio,extra_trees,0.1027517967943297,-0.002092752583061991,0.002092752583061991,-1.996052818663041,1.996052818663041,baseline,remediation_light
213,0.1124282669097823,50.99009,29.95323,nuclide_mode,env_plus_no_ratio,extra_trees,0.1063882576727509,-0.006040009237031407,0.006040009237031407,-5.3723226400689725,5.3723226400689725,baseline,remediation_light
214,0.1055554090205393,50.99025,29.99456,nuclide_mode,env_plus_no_ratio,extra_trees,0.1027994602052363,-0.002755948815303,0.002755948815303,-2.6109025021794374,2.6109025021794374,baseline,remediation_light
215,0.1118830984344701,50.98754,29.98126,nuclide_mode,env_plus_no_ratio,extra_trees,0.1044146272755026,-0.007468471158967496,0.007468471158967496,-6.6752452009914425,6.6752452009914425,baseline,remediation_light
216,0.1133901948656578,50.986961,29.966644,nuclide_mode,env_plus_no_ratio,extra_trees,0.1117798918581044,-0.0016103030075533958,0.0016103030075533958,-1.4201430815611944,1.4201430815611944,baseline,remediation_light
217,0.10752591018978,50.986,29.91985,nuclide_mode,env_plus_no_ratio,extra_trees,0.1049413704836838,-0.002584539706096206,0.002584539706096206,-2.4036436441547635,2.4036436441547635,baseline,remediation_light
218,0.1013336013548846,50.983963,29.666786,nuclide_mode,env_plus_no_ratio,extra_trees,0.1010341583545643,-0.0002994430003203097,0.0002994430003203097,-0.29550217925406397,0.29550217925406397,baseline,remediation_light
219,0.0968510892080693,50.980965,30.052317,nuclide_mode,env_plus_no_ratio,extra_trees,0.09667959905876,-0.0001714901493092974,0.0001714901493092974,-0.17706579317954582,0.17706579317954582,baseline,remediation_light
220,0.1089314925853855,50.98092,29.97109,nuclide_mode,env_plus_no_ratio,extra_trees,0.1041175929819306,-0.004813899603454894,0.004813899603454894,-4.419199158298082,4.419199158298082,baseline,remediation_light
221,0.1079320032860266,50.980922,29.952048,nuclide_mode,env_plus_no_ratio,extra_trees,0.1073372890997706,-0.0005947141862560068,0.0005947141862560068,-0.5510081978928685,0.5510081978928685,baseline,remediation_light
222,0.1012951371585012,50.98036,29.78619,nuclide_mode,env_plus_no_ratio,extra_trees,0.1013104345950844,1.52974365831976e-05,1.52974365831976e-05,0.015101846951706072,0.015101846951706072,baseline,remediation_light
223,0.1020903270981447,50.98055,29.7714,nuclide_mode,env_plus_no_ratio,extra_trees,0.1005464559037871,-0.0015438711943576017,0.0015438711943576017,-1.512260013500984,1.512260013500984,baseline,remediation_light
224,0.1051401466987556,50.98108,29.75715,nuclide_mode,env_plus_no_ratio,extra_trees,0.1029400122644774,-0.002200134434278203,0.002200134434278203,-2.0925731068094877,2.0925731068094877,baseline,remediation_light
225,0.0979719656043391,50.98098,29.60994,nuclide_mode,env_plus_no_ratio,extra_trees,0.0977212073769031,-0.0002507582274360043,0.0002507582274360043,-0.25594896038800957,0.25594896038800957,baseline,remediation_light
226,0.0990126715232741,50.980348,29.595394,nuclide_mode,env_plus_no_ratio,extra_trees,0.09894667141103,-6.600011224409952e-05,6.600011224409952e-05,-0.06665824810977392,0.06665824810977392,baseline,remediation_light
227,0.1002802476522334,50.9809,29.58118,nuclide_mode,env_plus_no_ratio,extra_trees,0.1006498707162486,0.0003696230640152093,0.0003696230640152093,0.3685900989166307,0.3685900989166307,baseline,remediation_light
228,0.0981336075041491,50.98112,29.43281,nuclide_mode,env_plus_no_ratio,extra_trees,0.0977467692804693,-0.00038683822367979737,0.00038683822367979737,-0.3941954581293079,0.3941954581293079,baseline,remediation_light
229,0.101017507155379,50.977968,29.662026,nuclide_mode,env_plus_no_ratio,extra_trees,0.1004534476749315,-0.000564059480447493,0.000564059480447493,-0.5583779449040362,0.5583779449040362,baseline,remediation_light
230,0.1119723910891164,50.97835,30.01494,nuclide_mode,env_plus_no_ratio,extra_trees,0.107682418937901,-0.004289972151215404,0.004289972151215404,-3.8312767187414156,3.8312767187414156,baseline,remediation_light
231,0.0999094967787527,50.97511,29.5334,nuclide_mode,env_plus_no_ratio,extra_trees,0.0998540104903531,-5.5486288399603234e-05,5.5486288399603234e-05,-0.05553655076701703,0.05553655076701703,baseline,remediation_light
232,0.0990008246566636,50.97487,29.52447,nuclide_mode,env_plus_no_ratio,extra_trees,0.0989469644090193,-5.3860247644296755e-05,5.3860247644296755e-05,-0.05440383737315819,0.05440383737315819,baseline,remediation_light
233,0.0976194278462332,50.9752,29.51049,nuclide_mode,env_plus_no_ratio,extra_trees,0.0969691465548751,-0.0006502812913581069,0.0006502812913581069,-0.6661392160404871,0.6661392160404871,baseline,remediation_light
234,0.1049936357689363,50.97223,29.77673,nuclide_mode,env_plus_no_ratio,extra_trees,0.1064181281005609,0.0014244923316245883,0.0014244923316245883,1.3567415978998247,1.3567415978998247,baseline,remediation_light
235,0.1024836731050738,50.97124,29.92359,nuclide_mode,env_plus_no_ratio,extra_trees,0.1028084882340508,0.0003248151289770018,0.0003248151289770018,0.3169432936346626,0.3169432936346626,baseline,remediation_light
236,0.1091436408781199,50.97261,30.00841,nuclide_mode,env_plus_no_ratio,extra_trees,0.1088349501725872,-0.00030869070553270206,0.00030869070553270206,-0.2828297673131642,0.2828297673131642,baseline,remediation_light
237,0.1031427648238852,50.96872,29.948,nuclide_mode,env_plus_no_ratio,extra_trees,0.1022475640286505,-0.0008952007952346963,0.0008952007952346963,-0.8679239855197202,0.8679239855197202,baseline,remediation_light
238,0.0989686673588453,50.96917,29.87584,nuclide_mode,env_plus_no_ratio,extra_trees,0.098549022991115,-0.00041964436773030134,0.00041964436773030134,-0.4240173975554655,0.4240173975554655,baseline,remediation_light
239,0.1269582054608184,50.962413,29.996578,nuclide_mode,env_plus_no_ratio,extra_trees,0.1181635094585701,-0.008794696002248303,0.008794696002248303,-6.927237172521712,6.927237172521712,baseline,remediation_light
240,0.1135622959814029,50.9628,29.93671,nuclide_mode,env_plus_no_ratio,extra_trees,0.1058690017413758,-0.007693294240027099,0.007693294240027099,-6.774514528384458,6.774514528384458,baseline,remediation_light
241,0.0988389807479079,50.96273,29.92281,nuclide_mode,env_plus_no_ratio,extra_trees,0.0978601324042978,-0.0009788483436100892,0.0009788483436100892,-0.9903464566340222,0.9903464566340222,baseline,remediation_light
242,0.0972960404319819,50.96457,29.91055,nuclide_mode,env_plus_no_ratio,extra_trees,0.097250008535976,-4.603189600589641e-05,4.603189600589641e-05,-0.04731117093924965,0.04731117093924965,baseline,remediation_light
243,0.1061891430521343,50.96309,29.88077,nuclide_mode,env_plus_no_ratio,extra_trees,0.1023256774285334,-0.0038634656236009035,0.0038634656236009035,-3.638286846051774,3.638286846051774,baseline,remediation_light
244,0.1034124600522586,50.96238,29.86654,nuclide_mode,env_plus_no_ratio,extra_trees,0.1008260345980692,-0.0025864254541893977,0.0025864254541893977,-2.5010771940657537,2.5010771940657537,baseline,remediation_light
245,0.1032768218271693,50.96257,29.82359,nuclide_mode,env_plus_no_ratio,extra_trees,0.1016348445462433,-0.0016419772809259936,0.0016419772809259936,-1.5898797541173313,1.5898797541173313,baseline,remediation_light
246,0.1114934448181495,50.96294,29.7816,nuclide_mode,env_plus_no_ratio,extra_trees,0.1113515794934092,-0.000141865324740309,0.000141865324740309,-0.12724095570972563,0.12724095570972563,baseline,remediation_light
247,0.1016689338706617,50.96336,29.75333,nuclide_mode,env_plus_no_ratio,extra_trees,0.1018068742180552,0.0001379403473935059,0.0001379403473935059,0.13567600459840265,0.13567600459840265,baseline,remediation_light
248,0.0997387872991942,50.96312,29.73859,nuclide_mode,env_plus_no_ratio,extra_trees,0.0995921104432656,-0.00014667685592860413,0.00014667685592860413,-0.14706099793313723,0.14706099793313723,baseline,remediation_light
249,0.0992593207412562,50.961887,29.695044,nuclide_mode,env_plus_no_ratio,extra_trees,0.0986780519829452,-0.0005812687583109932,0.0005812687583109932,-0.5856062221362698,0.5856062221362698,baseline,remediation_light
250,0.0989048082506559,50.962583,29.651804,nuclide_mode,env_plus_no_ratio,extra_trees,0.0980125511650768,-0.0008922570855790929,0.0008922570855790929,-0.9021372179579306,0.9021372179579306,baseline,remediation_light
251,0.0993635402516202,50.962043,29.609604,nuclide_mode,env_plus_no_ratio,extra_trees,0.0982134745064566,-0.0011500657451636032,0.0011500657451636032,-1.1574323360975964,1.1574323360975964,baseline,remediation_light
252,0.0968589400713295,50.963843,29.568409,nuclide_mode,env_plus_no_ratio,extra_trees,0.096771653459736,-8.728661159350393e-05,8.728661159350393e-05,-0.09011724837090282,0.09011724837090282,baseline,remediation_light
253,0.0983983799253421,50.962981,29.52422,nuclide_mode,env_plus_no_ratio,extra_trees,0.0979449954928265,-0.0004533844325156078,0.0004533844325156078,-0.4607641232097567,0.4607641232097567,baseline,remediation_light
254,0.0985654442350082,50.96309,29.48104,nuclide_mode,env_plus_no_ratio,extra_trees,0.0982666737837859,-0.0002987704512222994,0.0002987704512222994,-0.3031188603076198,0.3031188603076198,baseline,remediation_light
255,0.1032796539542675,50.96295,29.43806,nuclide_mode,env_plus_no_ratio,extra_trees,0.1012409967031252,-0.0020386572511423007,0.0020386572511423007,-1.9739195215013243,1.9739195215013243,baseline,remediation_light
256,0.1022933469713623,50.95675,29.88591,nuclide_mode,env_plus_no_ratio,extra_trees,0.1011469028851736,-0.0011464440861887054,0.0011464440861887054,-1.120741592813128,1.120741592813128,baseline,remediation_light
257,0.0978596107611635,50.956985,29.466881,nuclide_mode,env_plus_no_ratio,extra_trees,0.0977902860297115,-6.932473145200568e-05,6.932473145200568e-05,-0.07084100469314134,0.07084100469314134,baseline,remediation_light
258,0.099243715856859,50.95397,29.481144,nuclide_mode,env_plus_no_ratio,extra_trees,0.0991328953992581,-0.0001108204576008992,0.0001108204576008992,-0.11166496200196449,0.11166496200196449,baseline,remediation_light
259,0.1008859104255281,50.953985,29.495439,nuclide_mode,env_plus_no_ratio,extra_trees,0.1002593857734819,-0.0006265246520461981,0.0006265246520461981,-0.6210229450312448,0.6210229450312448,baseline,remediation_light
260,0.0981047763534544,50.953985,29.566834,nuclide_mode,env_plus_no_ratio,extra_trees,0.0977391827222506,-0.00036559363120379496,0.00036559363120379496,-0.37265630155113433,0.37265630155113433,baseline,remediation_light
261,0.0988527537357165,50.953985,29.576353,nuclide_mode,env_plus_no_ratio,extra_trees,0.0985652035708448,-0.00028755016487169716,0.00028755016487169716,-0.2908873592337796,0.2908873592337796,baseline,remediation_light
262,0.1058526048394395,50.95394,29.75214,nuclide_mode,env_plus_no_ratio,extra_trees,0.1042428682333819,-0.0016097366060576074,0.0016097366060576074,-1.520734051372005,1.520734051372005,baseline,remediation_light
263,0.1073306251915958,50.95425,29.7667,nuclide_mode,env_plus_no_ratio,extra_trees,0.1059096311166002,-0.001420994074995588,0.001420994074995588,-1.3239409278190384,1.3239409278190384,baseline,remediation_light
264,0.1086062238598413,50.953443,29.927568,nuclide_mode,env_plus_no_ratio,extra_trees,0.1089643495238164,0.00035812566397509793,0.00035812566397509793,0.3297469069887439,0.3297469069887439,baseline,remediation_light
265,0.0980879657314581,50.95103,29.67626,nuclide_mode,env_plus_no_ratio,extra_trees,0.0974407264738324,-0.0006472392576257063,0.0006472392576257063,-0.6598559291133593,0.6598559291133593,baseline,remediation_light
266,0.0973665888539732,50.950989,29.581112,nuclide_mode,env_plus_no_ratio,extra_trees,0.096975261520653,-0.00039132733332020164,0.00039132733332020164,-0.40191131056989154,0.40191131056989154,baseline,remediation_light
267,0.1046758326810434,50.94813,29.45218,nuclide_mode,env_plus_no_ratio,extra_trees,0.1051997903477093,0.0005239576666658946,0.0005239576666658946,0.5005526617232082,0.5005526617232082,baseline,remediation_light
268,0.104101402495147,50.947991,29.7477,nuclide_mode,env_plus_no_ratio,extra_trees,0.1029772997072172,-0.0011241027879298066,0.0011241027879298066,-1.0798152195713309,1.0798152195713309,baseline,remediation_light
269,0.1187921189844043,50.94781,29.89494,nuclide_mode,env_plus_no_ratio,extra_trees,0.1104888337639286,-0.0083032852204757,0.0083032852204757,-6.989761013999425,6.989761013999425,baseline,remediation_light
270,0.1092403967615027,50.94806,29.90969,nuclide_mode,env_plus_no_ratio,extra_trees,0.1072984748466007,-0.0019419219149020006,0.0019419219149020006,-1.7776591558356105,1.7776591558356105,baseline,remediation_light
271,0.106961677621441,50.94785,29.98131,nuclide_mode,env_plus_no_ratio,extra_trees,0.1057702397932544,-0.0011914378281866062,0.0011914378281866062,-1.113892241297248,1.113892241297248,baseline,remediation_light
272,0.1103578309587035,50.94508,29.90914,nuclide_mode,env_plus_no_ratio,extra_trees,0.1032488804187634,-0.007108950539940095,0.007108950539940095,-6.441727313941413,6.441727313941413,baseline,remediation_light
273,0.1092239889643895,50.94423,29.89427,nuclide_mode,env_plus_no_ratio,extra_trees,0.1057626678241527,-0.0034613211402368116,0.0034613211402368116,-3.1690118380178482,3.1690118380178482,baseline,remediation_light
274,0.1011180946162478,50.94487,29.8806,nuclide_mode,env_plus_no_ratio,extra_trees,0.1009850888807975,-0.00013300573545028949,0.00013300573545028949,-0.1315350491472947,0.1315350491472947,baseline,remediation_light
275,0.1134825585042465,50.943449,29.876318,nuclide_mode,env_plus_no_ratio,extra_trees,0.1074771281655751,-0.0060054303386714025,0.0060054303386714025,-5.2919412620104795,5.2919412620104795,baseline,remediation_light
276,0.1068655541428479,50.94224,29.97181,nuclide_mode,env_plus_no_ratio,extra_trees,0.1066820779674556,-0.00018347617539229977,0.00018347617539229977,-0.17168878865031284,0.17168878865031284,baseline,remediation_light
277,0.1006858683103989,50.935984,29.481144,nuclide_mode,env_plus_no_ratio,extra_trees,0.1006269193974975,-5.894891290139648e-05,5.894891290139648e-05,-0.058547355145874225,0.058547355145874225,baseline,remediation_light
278,0.1019646094802377,50.935984,29.523983,nuclide_mode,env_plus_no_ratio,extra_trees,0.102278552413185,0.00031394293294730036,0.00031394293294730036,0.3078940178828884,0.3078940178828884,baseline,remediation_light
279,0.1051478124602854,50.936001,29.566834,nuclide_mode,env_plus_no_ratio,extra_trees,0.1055646369700094,0.0004168245097239953,0.0004168245097239953,0.3964176714388909,0.3964176714388909,baseline,remediation_light
280,0.0988395349341208,50.935984,29.609661,nuclide_mode,env_plus_no_ratio,extra_trees,0.0980111205665981,-0.0008284143675227063,0.0008284143675227063,-0.838140697520346,0.838140697520346,baseline,remediation_light
281,0.0977118191005934,50.93602,29.65263,nuclide_mode,env_plus_no_ratio,extra_trees,0.0972248492373365,-0.0004869698632569003,0.0004869698632569003,-0.498373551673999,0.498373551673999,baseline,remediation_light
282,0.0994460599399436,50.936559,29.695122,nuclide_mode,env_plus_no_ratio,extra_trees,0.0985046267964654,-0.0009414331434781931,0.0009414331434781931,-0.9466771675486523,0.9466771675486523,baseline,remediation_light
283,0.0987122580511497,50.93682,29.73937,nuclide_mode,env_plus_no_ratio,extra_trees,0.0980709002089539,-0.0006413578421958083,0.0006413578421958083,-0.6497246186623307,0.6497246186623307,baseline,remediation_light
284,0.1086397681731166,50.935877,29.780267,nuclide_mode,env_plus_no_ratio,extra_trees,0.1053163584502439,-0.0033234097228727055,0.0033234097228727055,-3.059109733718208,3.059109733718208,baseline,remediation_light
285,0.099640503673367,50.93575,29.82374,nuclide_mode,env_plus_no_ratio,extra_trees,0.0980219730466627,-0.0016185306267043065,0.0016185306267043065,-1.6243701778245074,1.6243701778245074,baseline,remediation_light
286,0.1025629231492669,50.935984,29.866694,nuclide_mode,env_plus_no_ratio,extra_trees,0.1006933060745752,-0.0018696170746917012,0.0018696170746917012,-1.822897609861137,1.822897609861137,baseline,remediation_light
287,0.1087699326014782,50.93631,29.88148,nuclide_mode,env_plus_no_ratio,extra_trees,0.1042178698310372,-0.004552062770440998,0.004552062770440998,-4.1850377779669,4.1850377779669,baseline,remediation_light
288,0.1101886707351844,50.936001,29.895249,nuclide_mode,env_plus_no_ratio,extra_trees,0.1055525812285,-0.004636089506684399,0.004636089506684399,-4.207410322451641,4.207410322451641,baseline,remediation_light
289,0.1038303837860652,50.93622,29.90966,nuclide_mode,env_plus_no_ratio,extra_trees,0.1039106297849273,8.024599886209682e-05,8.024599886209682e-05,0.07728566141818155,0.07728566141818155,baseline,remediation_light
290,0.1108306458290198,50.93609,29.95312,nuclide_mode,env_plus_no_ratio,extra_trees,0.1062275749782214,-0.004603070850798405,0.004603070850798405,-4.153247340902114,4.153247340902114,baseline,remediation_light
291,0.1201281141010076,50.936169,29.997449,nuclide_mode,env_plus_no_ratio,extra_trees,0.1107223654051399,-0.009405748695867702,0.009405748695867702,-7.82976471932211,7.82976471932211,baseline,remediation_light
292,0.1376460339293773,50.93582,30.03905,nuclide_mode,env_plus_no_ratio,extra_trees,0.1243466837284751,-0.013299350200902199,0.013299350200902199,-9.661993027511247,9.661993027511247,baseline,remediation_light
293,0.1038478874368505,50.935984,30.080888,nuclide_mode,env_plus_no_ratio,extra_trees,0.1045883606138667,0.0007404731770161987,0.0007404731770161987,0.7130363412221338,0.7130363412221338,baseline,remediation_light
294,0.0986229188290422,50.93321,29.63793,nuclide_mode,env_plus_no_ratio,extra_trees,0.0978414658878639,-0.0007814529411783039,0.0007814529411783039,-0.7923644427244266,0.7923644427244266,baseline,remediation_light
295,0.1046203207627383,50.93013,29.96157,nuclide_mode,env_plus_no_ratio,extra_trees,0.1025920583887636,-0.0020282623739747013,0.0020282623739747013,-1.9386887357901215,1.9386887357901215,baseline,remediation_light
296,0.1021290352903527,50.92674,29.89579,nuclide_mode,env_plus_no_ratio,extra_trees,0.1027773559569077,0.0006483206665550134,0.0006483206665550134,0.6348054348225641,0.6348054348225641,baseline,remediation_light
297,0.1020724902352453,50.92687,29.49577,nuclide_mode,env_plus_no_ratio,extra_trees,0.1021333676115609,6.0877376315604526e-05,6.0877376315604526e-05,0.059641315868067035,0.059641315868067035,baseline,remediation_light
298,0.0984863251003843,50.92461,29.51027,nuclide_mode,env_plus_no_ratio,extra_trees,0.09790815101956,-0.0005781740808242924,0.0005781740808242924,-0.5870602646966228,0.5870602646966228,baseline,remediation_light
299,0.0993341655884653,50.92474,29.523996,nuclide_mode,env_plus_no_ratio,extra_trees,0.0992792547774677,-5.491081099760764e-05,5.491081099760764e-05,-0.05527887678152892,0.05527887678152892,baseline,remediation_light
300,0.0990724787424489,50.92395,29.65255,nuclide_mode,env_plus_no_ratio,extra_trees,0.0976820192022173,-0.0013904595402316061,0.0013904595402316061,-1.40347708857298,1.40347708857298,baseline,remediation_light
301,0.0984172624789908,50.9239,29.70967,nuclide_mode,env_plus_no_ratio,extra_trees,0.097765419509022,-0.0006518429699687994,0.0006518429699687994,-0.6623258497033981,0.6623258497033981,baseline,remediation_light
302,0.0982035435289338,50.924011,29.723902,nuclide_mode,env_plus_no_ratio,extra_trees,0.0979978672756375,-0.00020567625329630246,0.00020567625329630246,-0.20943872889444554,0.20943872889444554,baseline,remediation_light
303,0.1027985713496893,50.92377,29.85221,nuclide_mode,env_plus_no_ratio,extra_trees,0.1035482640468985,0.0007496926972092033,0.0007496926972092033,0.7292831868829948,0.7292831868829948,baseline,remediation_light
304,0.1004622635626263,50.921013,29.571594,nuclide_mode,env_plus_no_ratio,extra_trees,0.1004147187053267,-4.7544857299602894e-05,4.7544857299602894e-05,-0.047326086048184966,0.047326086048184966,baseline,remediation_light
305,0.0985137080392425,50.921013,29.538276,nuclide_mode,env_plus_no_ratio,extra_trees,0.0985157584263224,2.0503870798993518e-06,2.0503870798993518e-06,0.0020813215954500353,0.0020813215954500353,baseline,remediation_light
306,0.096736118615512,50.91805,29.63337,nuclide_mode,env_plus_no_ratio,extra_trees,0.096756118615512,2.0000000000006124e-05,2.0000000000006124e-05,0.020674800980488222,0.020674800980488222,baseline,remediation_light
307,0.0975470969964043,50.91794,29.66702,nuclide_mode,env_plus_no_ratio,extra_trees,0.0974856282840878,-6.146871231650641e-05,6.146871231650641e-05,-0.06301439428666157,0.06301439428666157,baseline,remediation_light
308,0.1009319270480361,50.91771,29.83874,nuclide_mode,env_plus_no_ratio,extra_trees,0.1013609727640357,0.0004290457159996097,0.0004290457159996097,0.4250842409809692,0.4250842409809692,baseline,remediation_light
309,0.0977495352907373,50.91783,29.8523,nuclide_mode,env_plus_no_ratio,extra_trees,0.0975740611618257,-0.00017547412891159853,0.00017547412891159853,-0.17951402877740982,0.17951402877740982,baseline,remediation_light
310,0.115744647688107,50.918015,29.952364,nuclide_mode,env_plus_no_ratio,extra_trees,0.1109334900331484,-0.004811157654958598,0.004811157654958598,-4.156699900217463,4.156699900217463,baseline,remediation_light
311,0.1060605441052272,50.91496,29.96711,nuclide_mode,env_plus_no_ratio,extra_trees,0.1036077584921409,-0.002452785613086289,0.002452785613086289,-2.312627786118819,2.312627786118819,baseline,remediation_light
312,0.1089004436248317,50.91552,29.93895,nuclide_mode,env_plus_no_ratio,extra_trees,0.1036903163816415,-0.005210127243190199,0.005210127243190199,-4.784303047597664,4.784303047597664,baseline,remediation_light
313,0.0996518381443508,50.915,29.84282,nuclide_mode,env_plus_no_ratio,extra_trees,0.0992683956892321,-0.00038344245511870434,0.00038344245511870434,-0.38478211968681225,0.38478211968681225,baseline,remediation_light
314,0.0975627183619774,50.91491,29.64777,nuclide_mode,env_plus_no_ratio,extra_trees,0.097117063781059,-0.0004456545809184004,0.0004456545809184004,-0.45678778574509565,0.45678778574509565,baseline,remediation_light
315,0.0969410067452298,50.91179,29.6682,nuclide_mode,env_plus_no_ratio,extra_trees,0.0966372680659026,-0.00030373867932720344,0.00030373867932720344,-0.3133232153504013,0.3133232153504013,baseline,remediation_light
316,0.1358242852538626,50.908769,30.064622,nuclide_mode,env_plus_no_ratio,extra_trees,0.1171804206974719,-0.018643864556390694,0.018643864556390694,-13.726458800459984,13.726458800459984,baseline,remediation_light
317,0.1257017110695377,50.908879,30.037079,nuclide_mode,env_plus_no_ratio,extra_trees,0.1181070641490523,-0.007594646920485407,0.007594646920485407,-6.041800748666084,6.041800748666084,baseline,remediation_light
318,0.1056512421403786,50.909004,29.99518,nuclide_mode,env_plus_no_ratio,extra_trees,0.1020899616459313,-0.0035612804944473025,0.0035612804944473025,-3.3707890435546757,3.3707890435546757,baseline,remediation_light
319,0.1017571509636329,50.908862,29.950215,nuclide_mode,env_plus_no_ratio,extra_trees,0.1005297048302838,-0.0012274461333491027,0.0012274461333491027,-1.2062504912188245,1.2062504912188245,baseline,remediation_light
320,0.1006521659991328,50.91015,29.90946,nuclide_mode,env_plus_no_ratio,extra_trees,0.1003029478464068,-0.00034921815272601076,0.00034921815272601076,-0.34695542739638563,0.34695542739638563,baseline,remediation_light
321,0.0990050143802206,50.910072,29.86494,nuclide_mode,env_plus_no_ratio,extra_trees,0.0986753878828602,-0.0003296264973603885,0.0003296264973603885,-0.33293919446795406,0.33293919446795406,baseline,remediation_light
322,0.1039873527290808,50.909023,29.838133,nuclide_mode,env_plus_no_ratio,extra_trees,0.1037178767203513,-0.00026947600872949395,0.00026947600872949395,-0.2591430608216004,0.2591430608216004,baseline,remediation_light
323,0.0982206269474577,50.909004,29.823855,nuclide_mode,env_plus_no_ratio,extra_trees,0.0977012586468525,-0.0005193683006051997,0.0005193683006051997,-0.5287772199652435,0.5287772199652435,baseline,remediation_light
324,0.1021855591636671,50.9085,29.780774,nuclide_mode,env_plus_no_ratio,extra_trees,0.100410769842689,-0.001774789320978104,0.001774789320978104,-1.7368298764559138,1.7368298764559138,baseline,remediation_light
325,0.1008712268333798,50.908987,29.736924,nuclide_mode,env_plus_no_ratio,extra_trees,0.0998837328004038,-0.0009874940329760024,0.0009874940329760024,-0.9789650269716217,0.9789650269716217,baseline,remediation_light
326,0.0972151845256485,50.908891,29.695276,nuclide_mode,env_plus_no_ratio,extra_trees,0.097112897914055,-0.00010228661159349117,0.00010228661159349117,-0.105216702609359,0.105216702609359,baseline,remediation_light
327,0.0963914435050687,50.90976,29.6514,nuclide_mode,env_plus_no_ratio,extra_trees,0.0963523913249135,-3.905218015520795e-05,3.905218015520795e-05,-0.04051415637649872,0.04051415637649872,baseline,remediation_light
328,0.1015383026414183,50.909185,29.610752,nuclide_mode,env_plus_no_ratio,extra_trees,0.1016401867851909,0.00010188414377260147,0.00010188414377260147,0.10034060164704989,0.10034060164704989,baseline,remediation_light
329,0.0974316658060373,50.909004,29.566716,nuclide_mode,env_plus_no_ratio,extra_trees,0.0974087836943457,-2.288211169158838e-05,2.288211169158838e-05,-0.023485292489139095,0.023485292489139095,baseline,remediation_light
330,0.0971793683154859,50.90913,29.52413,nuclide_mode,env_plus_no_ratio,extra_trees,0.0971314760891921,-4.789222629379697e-05,4.789222629379697e-05,-0.04928229841782699,0.04928229841782699,baseline,remediation_light
331,0.1040619693984121,50.909023,29.48116,nuclide_mode,env_plus_no_ratio,extra_trees,0.104398608674443,0.00033663927603090615,0.00033663927603090615,0.32349885167178377,0.32349885167178377,baseline,remediation_light
332,0.0975792571534354,50.90598,29.6809,nuclide_mode,env_plus_no_ratio,extra_trees,0.0973518303112935,-0.00022742684214190068,0.00022742684214190068,-0.23306883939922862,0.23306883939922862,baseline,remediation_light
333,0.1010321181385968,50.9006,29.61066,nuclide_mode,env_plus_no_ratio,extra_trees,0.0982528889683382,-0.002779229170258607,0.002779229170258607,-2.750837279731218,2.750837279731218,baseline,remediation_light
334,0.1245782984054808,50.900031,29.995201,nuclide_mode,env_plus_no_ratio,extra_trees,0.1157794000410086,-0.008798898364472202,0.008798898364472202,-7.06294633743777,7.06294633743777,baseline,remediation_light
335,0.1019709724644525,50.897033,29.502,nuclide_mode,env_plus_no_ratio,extra_trees,0.101760792554843,-0.0002101799096095036,0.0002101799096095036,-0.20611739255774303,0.20611739255774303,baseline,remediation_light
336,0.0972816271494173,50.8945,29.7048,nuclide_mode,env_plus_no_ratio,extra_trees,0.0969552677934382,-0.0003263593559790917,0.0003263593559790917,-0.33547892396765544,0.33547892396765544,baseline,remediation_light
337,0.0987666124898656,50.89129,29.61509,nuclide_mode,env_plus_no_ratio,extra_trees,0.0977984190497677,-0.0009681934400978948,0.0009681934400978948,-0.980284142272512,0.980284142272512,baseline,remediation_light
338,0.1073163209134037,50.885522,29.986943,nuclide_mode,env_plus_no_ratio,extra_trees,0.1039024135753256,-0.003413907338078101,0.003413907338078101,-3.1811632275698964,3.1811632275698964,baseline,remediation_light
339,0.1047384392645151,50.885042,29.885729,nuclide_mode,env_plus_no_ratio,extra_trees,0.1015463082538205,-0.0031921310106946127,0.0031921310106946127,-3.047716801119159,3.047716801119159,baseline,remediation_light
340,0.0977538963764198,50.88525,29.71897,nuclide_mode,env_plus_no_ratio,extra_trees,0.0973357108425379,-0.0004181855338818985,0.0004181855338818985,-0.42779423571168584,0.42779423571168584,baseline,remediation_light
341,0.0973982626252045,50.88231,29.5246,nuclide_mode,env_plus_no_ratio,extra_trees,0.0973731068257361,-2.5155799468393192e-05,2.5155799468393192e-05,-0.02582777021926409,0.02582777021926409,baseline,remediation_light
342,0.097800919094256,50.88234,29.53874,nuclide_mode,env_plus_no_ratio,extra_trees,0.0978023602012956,1.441107039590328e-06,1.441107039590328e-06,0.0014735107327585087,0.0014735107327585087,baseline,remediation_light
343,0.0971593225082599,50.88215,29.55243,nuclide_mode,env_plus_no_ratio,extra_trees,0.0971266831466478,-3.263936161210235e-05,3.263936161210235e-05,-0.03359364883316014,0.03359364883316014,baseline,remediation_light
344,0.0981919969925877,50.88246,29.56604,nuclide_mode,env_plus_no_ratio,extra_trees,0.0977588483904029,-0.00043314860218479634,0.00043314860218479634,-0.4411241399006212,0.4411241399006212,baseline,remediation_light
345,0.0973575954456323,50.882024,29.609562,nuclide_mode,env_plus_no_ratio,extra_trees,0.0967251637076001,-0.0006324317380321937,0.0006324317380321937,-0.6495967111116302,0.6495967111116302,baseline,remediation_light
346,0.1166916395732342,50.881535,29.653384,nuclide_mode,env_plus_no_ratio,extra_trees,0.1156883709050179,-0.0010032686682162895,0.0010032686682162895,-0.8597605380175078,0.8597605380175078,baseline,remediation_light
347,0.0971294769677287,50.88203,29.69548,nuclide_mode,env_plus_no_ratio,extra_trees,0.0968139365396352,-0.00031554042809349425,0.00031554042809349425,-0.324865774988506,0.324865774988506,baseline,remediation_light
348,0.100561465630693,50.88208,29.73746,nuclide_mode,env_plus_no_ratio,extra_trees,0.0981835640821597,-0.002377901548533304,0.002377901548533304,-2.364624991908958,2.364624991908958,baseline,remediation_light
349,0.1004619894640973,50.882024,29.781016,nuclide_mode,env_plus_no_ratio,extra_trees,0.0982596161151714,-0.0022023733489259095,0.0022023733489259095,-2.1922454061224665,2.1922454061224665,baseline,remediation_light
350,0.0991131315878546,50.882024,29.823794,nuclide_mode,env_plus_no_ratio,extra_trees,0.097981651511915,-0.001131480075939606,0.001131480075939606,-1.1416046065870231,1.1416046065870231,baseline,remediation_light
351,0.1005675505691098,50.882024,29.866694,nuclide_mode,env_plus_no_ratio,extra_trees,0.0984349547639806,-0.0021325958051292004,0.0021325958051292004,-2.120560551649993,2.120560551649993,baseline,remediation_light
352,0.1132241750625168,50.882044,29.909528,nuclide_mode,env_plus_no_ratio,extra_trees,0.1060112903908349,-0.007212884671681893,0.007212884671681893,-6.370445770701615,6.370445770701615,baseline,remediation_light
353,0.109996755540818,50.882024,29.952371,nuclide_mode,env_plus_no_ratio,extra_trees,0.1046832935422404,-0.005313461998577601,0.005313461998577601,-4.8305624765503765,4.8305624765503765,baseline,remediation_light
354,0.1018077833782579,50.882044,29.995201,nuclide_mode,env_plus_no_ratio,extra_trees,0.0995107161330353,-0.002297067245222592,0.002297067245222592,-2.256278615445383,2.256278615445383,baseline,remediation_light
355,0.1099475025873489,50.882024,30.080888,nuclide_mode,env_plus_no_ratio,extra_trees,0.1043414464475744,-0.005606056139774496,0.005606056139774496,-5.098848093726102,5.098848093726102,baseline,remediation_light
356,0.1006316857605403,50.879047,29.87621,nuclide_mode,env_plus_no_ratio,extra_trees,0.1009320840848249,0.00030039832428460644,0.00030039832428460644,0.29851266230342594,0.29851266230342594,baseline,remediation_light
357,0.1020264328534888,50.879047,29.847653,nuclide_mode,env_plus_no_ratio,extra_trees,0.1003634970872712,-0.0016629357662175936,0.0016629357662175936,-1.6299067993542318,1.6299067993542318,baseline,remediation_light
358,0.0969361949405912,50.873052,29.838133,nuclide_mode,env_plus_no_ratio,extra_trees,0.0967590753642102,-0.00017711957638100184,0.00017711957638100184,-0.1827176902183464,0.1827176902183464,baseline,remediation_light
359,0.0995735287038849,50.87312,29.54792,nuclide_mode,env_plus_no_ratio,extra_trees,0.0992247111916688,-0.00034881751221610413,0.00034881751221610413,-0.35031149016866653,0.35031149016866653,baseline,remediation_light
360,0.1032004729183646,50.870054,29.86669,nuclide_mode,env_plus_no_ratio,extra_trees,0.0999024225843212,-0.003298050334043401,0.003298050334043401,-3.1957705626526356,3.1957705626526356,baseline,remediation_light
361,0.1034934163074114,50.87019,29.99148,nuclide_mode,env_plus_no_ratio,extra_trees,0.1032925746134968,-0.00020084169391461348,0.00020084169391461348,-0.19406229022148025,0.19406229022148025,baseline,remediation_light
362,0.1022098015082774,50.86394,29.73887,nuclide_mode,env_plus_no_ratio,extra_trees,0.1011717894949101,-0.0010380120133672982,0.0010380120133672982,-1.0155699336557613,1.0155699336557613,baseline,remediation_light
363,0.0981704440794663,50.86406,29.852412,nuclide_mode,env_plus_no_ratio,extra_trees,0.0975491565800163,-0.0006212874994500073,0.0006212874994500073,-0.6328661393719397,0.6328661393719397,baseline,remediation_light
364,0.1069822209393555,50.86422,29.995201,nuclide_mode,env_plus_no_ratio,extra_trees,0.1043008310571897,-0.002681389882165805,0.002681389882165805,-2.506388312583071,2.506388312583071,baseline,remediation_light
365,0.1063934774052899,50.86163,30.05635,nuclide_mode,env_plus_no_ratio,extra_trees,0.103086499694924,-0.0033069777103658937,0.0033069777103658937,-3.1082523017538577,3.1082523017538577,baseline,remediation_light
366,0.0984397435451883,50.86114,29.55719,nuclide_mode,env_plus_no_ratio,extra_trees,0.0979264833879298,-0.0005132601572584994,0.0005132601572584994,-0.5213952604649866,0.5213952604649866,baseline,remediation_light
367,0.1020368406694485,50.855044,30.066608,nuclide_mode,env_plus_no_ratio,extra_trees,0.1009711154115747,-0.0010657252578737952,0.0010657252578737952,-1.0444514460480456,1.0444514460480456,baseline,remediation_light
368,0.1052304363371764,50.85485,30.03866,nuclide_mode,env_plus_no_ratio,extra_trees,0.1003765810383075,-0.004853855298868892,0.004853855298868892,-4.612596381636493,4.612596381636493,baseline,remediation_light
369,0.1124777977758643,50.85492,29.99515,nuclide_mode,env_plus_no_ratio,extra_trees,0.1070716626699704,-0.005406135105893897,0.005406135105893897,-4.806401985809466,4.806401985809466,baseline,remediation_light
370,0.1061132694426609,50.85538,29.98096,nuclide_mode,env_plus_no_ratio,extra_trees,0.1018007530924196,-0.0043125163502413105,0.0043125163502413105,-4.064068869889652,4.064068869889652,baseline,remediation_light
371,0.1067921135270163,50.85519,29.96151,nuclide_mode,env_plus_no_ratio,extra_trees,0.1064817947936007,-0.000310318733415596,0.000310318733415596,-0.290582069374525,0.290582069374525,baseline,remediation_light
372,0.1056277093481949,50.85513,29.9514,nuclide_mode,env_plus_no_ratio,extra_trees,0.1021327884350947,-0.003494920913100205,0.003494920913100205,-3.3087159938112682,3.3087159938112682,baseline,remediation_light
373,0.1016506586257147,50.855044,29.909532,nuclide_mode,env_plus_no_ratio,extra_trees,0.1015551280751962,-9.553055051848836e-05,9.553055051848836e-05,-0.09397927353352324,0.09397927353352324,baseline,remediation_light
374,0.0998003173451395,50.855067,29.86669,nuclide_mode,env_plus_no_ratio,extra_trees,0.0987403472061595,-0.0010599701389800015,0.0010599701389800015,-1.062090950386767,1.062090950386767,baseline,remediation_light
375,0.1029972458118241,50.85502,29.824691,nuclide_mode,env_plus_no_ratio,extra_trees,0.1003369611842454,-0.002660284627578696,0.002660284627578696,-2.5828696744367656,2.5828696744367656,baseline,remediation_light
376,0.0981113863016824,50.8553,29.78149,nuclide_mode,env_plus_no_ratio,extra_trees,0.0970229767987634,-0.0010884095029189966,0.0010884095029189966,-1.1093610476283045,1.1093610476283045,baseline,remediation_light
377,0.098266065426565,50.85599,29.73814,nuclide_mode,env_plus_no_ratio,extra_trees,0.0985686138365976,0.0003025484100325909,0.0003025484100325909,0.3078869686287457,0.3078869686287457,baseline,remediation_light
378,0.0987361100892455,50.85507,29.72476,nuclide_mode,env_plus_no_ratio,extra_trees,0.0978934297828314,-0.0008426803064141009,0.0008426803064141009,-0.8534671921472496,0.8534671921472496,baseline,remediation_light
379,0.0978671903345022,50.85513,29.70952,nuclide_mode,env_plus_no_ratio,extra_trees,0.09706351326668,-0.000803677067822195,0.000803677067822195,-0.8211915199315433,0.8211915199315433,baseline,remediation_light
380,0.0982480332998853,50.85502,29.69525,nuclide_mode,env_plus_no_ratio,extra_trees,0.0979089949361904,-0.0003390383636948935,0.0003390383636948935,-0.3450841226104109,0.3450841226104109,baseline,remediation_light
381,0.0983376790352957,50.855044,29.652408,nuclide_mode,env_plus_no_ratio,extra_trees,0.0973125123276513,-0.0010251667076443954,0.0010251667076443954,-1.0424963429088447,1.0424963429088447,baseline,remediation_light
382,0.0975758244305897,50.855067,29.60967,nuclide_mode,env_plus_no_ratio,extra_trees,0.0974917958572291,-8.4028573360595e-05,8.4028573360595e-05,-0.08611618077628286,0.08611618077628286,baseline,remediation_light
383,0.1174021892574953,50.855485,29.566641,nuclide_mode,env_plus_no_ratio,extra_trees,0.1134713055066932,-0.003930883750802111,0.003930883750802111,-3.3482201444988404,3.3482201444988404,baseline,remediation_light
384,0.1022737128740231,50.854414,29.524199,nuclide_mode,env_plus_no_ratio,extra_trees,0.1026175477727748,0.00034383489875169926,0.00034383489875169926,0.33619088335555203,0.33619088335555203,baseline,remediation_light
385,0.0994623841191254,50.84633,29.72407,nuclide_mode,env_plus_no_ratio,extra_trees,0.0989913886478447,-0.00047099547128071073,0.00047099547128071073,-0.4735413045363991,0.4735413045363991,baseline,remediation_light
386,0.0985990004919443,50.8461,29.7384,nuclide_mode,env_plus_no_ratio,extra_trees,0.0976945203634284,-0.0009044801285158915,0.0009044801285158915,-0.917331944546222,0.917331944546222,baseline,remediation_light
387,0.1057265012682633,50.846,29.9565,nuclide_mode,env_plus_no_ratio,extra_trees,0.1024875814554433,-0.0032389198128199986,0.0032389198128199986,-3.063489072244793,3.063489072244793,baseline,remediation_light
388,0.1044711948900922,50.84558,29.98077,nuclide_mode,env_plus_no_ratio,extra_trees,0.1026221637438078,-0.0018490311462844022,0.0018490311462844022,-1.7698956618900124,1.7698956618900124,baseline,remediation_light
389,0.1008352961451956,50.84552,30.06597,nuclide_mode,env_plus_no_ratio,extra_trees,0.1006866015309022,-0.0001486946142933987,0.0001486946142933987,-0.1474628626857892,0.1474628626857892,baseline,remediation_light
390,0.1007856155335001,50.84613,30.08079,nuclide_mode,env_plus_no_ratio,extra_trees,0.1005205232856464,-0.00026509224785370433,0.00026509224785370433,-0.26302587571694735,0.26302587571694735,baseline,remediation_light
391,0.0990987015080899,50.84361,29.8196,nuclide_mode,env_plus_no_ratio,extra_trees,0.0979922098667633,-0.001106491641326604,0.001106491641326604,-1.1165551359280683,1.1165551359280683,baseline,remediation_light
392,0.1015080948043946,50.84024,29.53695,nuclide_mode,env_plus_no_ratio,extra_trees,0.1014405093529086,-6.758545148599637e-05,6.758545148599637e-05,-0.06658134173066008,0.06658134173066008,baseline,remediation_light
393,0.0989419119859492,50.8405,29.54701,nuclide_mode,env_plus_no_ratio,extra_trees,0.0983819289636823,-0.0005599830222669105,0.0005599830222669105,-0.5659714988592843,0.5659714988592843,baseline,remediation_light
394,0.1029984646853106,50.84052,29.67177,nuclide_mode,env_plus_no_ratio,extra_trees,0.1026922101468976,-0.00030625453841300054,0.00030625453841300054,-0.29733893543820744,0.29733893543820744,baseline,remediation_light
395,0.106825495096902,50.84004,29.94798,nuclide_mode,env_plus_no_ratio,extra_trees,0.1030544317055796,-0.00377106339132241,0.00377106339132241,-3.5301155289771016,3.5301155289771016,baseline,remediation_light
396,0.1008084080782315,50.83739,30.07978,nuclide_mode,env_plus_no_ratio,extra_trees,0.1017203043530333,0.0009118962748017878,0.0009118962748017878,0.9045835483227932,0.9045835483227932,baseline,remediation_light
397,0.1016656799396012,50.837058,30.052328,nuclide_mode,env_plus_no_ratio,extra_trees,0.0980936253668899,-0.0035720545727113,0.0035720545727113,-3.513530401639403,3.513530401639403,baseline,remediation_light
398,0.0995299864435798,50.83717,29.80961,nuclide_mode,env_plus_no_ratio,extra_trees,0.0983093659282251,-0.001220620515354695,0.001220620515354695,-1.2263846896499115,1.2263846896499115,baseline,remediation_light
399,0.0978075578104336,50.83714,29.66121,nuclide_mode,env_plus_no_ratio,extra_trees,0.0972404887426246,-0.0005670690678089979,0.0005670690678089979,-0.5797804183068008,0.5797804183068008,baseline,remediation_light
400,0.0988881942511114,50.83716,29.64882,nuclide_mode,env_plus_no_ratio,extra_trees,0.0980711073625869,-0.0008170868885244986,0.0008170868885244986,-0.8262734441784141,0.8262734441784141,baseline,remediation_light
401,0.103964592714003,50.83403,29.52908,nuclide_mode,env_plus_no_ratio,extra_trees,0.1042585545011541,0.00029396178715108967,0.00029396178715108967,0.2827518287497662,0.2827518287497662,baseline,remediation_light
402,0.1010443886910164,50.83419,29.55745,nuclide_mode,env_plus_no_ratio,extra_trees,0.1007997819581888,-0.0002446067328275986,0.0002446067328275986,-0.24207849242928414,0.24207849242928414,baseline,remediation_light
403,0.1051041380582084,50.83407,29.79894,nuclide_mode,env_plus_no_ratio,extra_trees,0.1009277543120419,-0.0041763837461664954,0.0041763837461664954,-3.9735673811943975,3.9735673811943975,baseline,remediation_light
404,0.1067962381071466,50.833328,29.937748,nuclide_mode,env_plus_no_ratio,extra_trees,0.103597779995538,-0.0031984581116085986,0.0031984581116085986,-2.994916458011983,2.994916458011983,baseline,remediation_light
405,0.0981748299934975,50.83024,29.78474,nuclide_mode,env_plus_no_ratio,extra_trees,0.0975288041292716,-0.0006460258642258937,0.0006460258642258937,-0.6580361425313214,0.6580361425313214,baseline,remediation_light
406,0.0982392837821256,50.831086,29.771498,nuclide_mode,env_plus_no_ratio,extra_trees,0.098124735217848,-0.00011454856427760285,0.00011454856427760285,-0.11660158733612908,0.11660158733612908,baseline,remediation_light
407,0.1001173776493323,50.83147,29.519772,nuclide_mode,env_plus_no_ratio,extra_trees,0.0994016231729841,-0.0007157544763482099,0.0007157544763482099,-0.7149153255443695,0.7149153255443695,baseline,remediation_light
408,0.0978726349462812,50.82844,29.523211,nuclide_mode,env_plus_no_ratio,extra_trees,0.0976187906179841,-0.0002538443282971009,0.0002538443282971009,-0.25936190277949195,0.25936190277949195,baseline,remediation_light
409,0.0981150939103732,50.82792,29.56786,nuclide_mode,env_plus_no_ratio,extra_trees,0.097681157471901,-0.00043393643847219887,0.00043393643847219887,-0.4422728666688062,0.4422728666688062,baseline,remediation_light
410,0.0971425039777265,50.828065,29.595381,nuclide_mode,env_plus_no_ratio,extra_trees,0.0969649710893771,-0.00017753288834940206,0.00017753288834940206,-0.18275510829956373,0.18275510829956373,baseline,remediation_light
411,0.0971995646284267,50.82841,29.6095,nuclide_mode,env_plus_no_ratio,extra_trees,0.0965683286020365,-0.0006312360263902028,0.0006312360263902028,-0.6494226890864009,0.6494226890864009,baseline,remediation_light
412,0.0976988568424679,50.8291,29.65034,nuclide_mode,env_plus_no_ratio,extra_trees,0.0980041550665555,0.0003052982240876051,0.0003052982240876051,0.31248904434969554,0.31248904434969554,baseline,remediation_light
413,0.0970131754971145,50.828443,29.697905,nuclide_mode,env_plus_no_ratio,extra_trees,0.0968974567946185,-0.0001157187024959927,0.0001157187024959927,-0.11928142945844976,0.11928142945844976,baseline,remediation_light
414,0.0992330295140697,50.82842,29.7381,nuclide_mode,env_plus_no_ratio,extra_trees,0.0974674985840539,-0.0017655309300158017,0.0017655309300158017,-1.779176690121586,1.779176690121586,baseline,remediation_light
415,0.0973688906653055,50.8279,29.78119,nuclide_mode,env_plus_no_ratio,extra_trees,0.0973068112778929,-6.207938741260854e-05,6.207938741260854e-05,-0.06375690119136652,0.06375690119136652,baseline,remediation_light
416,0.1078948700328936,50.828089,29.795297,nuclide_mode,env_plus_no_ratio,extra_trees,0.108805047300617,0.000910177267723411,0.000910177267723411,0.8435778897049766,0.8435778897049766,baseline,remediation_light
417,0.1019438801786542,50.82773,29.82307,nuclide_mode,env_plus_no_ratio,extra_trees,0.0994293946597288,-0.0025144855189253995,0.0025144855189253995,-2.4665389570407013,2.4665389570407013,baseline,remediation_light
418,0.1019720199972622,50.828065,29.866694,nuclide_mode,env_plus_no_ratio,extra_trees,0.0992368683934256,-0.002735151603836597,0.002735151603836597,-2.682256960203428,2.682256960203428,baseline,remediation_light
419,0.1061237485604394,50.82973,29.90933,nuclide_mode,env_plus_no_ratio,extra_trees,0.1037734403205145,-0.002350308239924895,0.002350308239924895,-2.2146864126141868,2.2146864126141868,baseline,remediation_light
420,0.1084919569444023,50.828089,29.952364,nuclide_mode,env_plus_no_ratio,extra_trees,0.1011037125922503,-0.007388244352152004,0.007388244352152004,-6.809946617460478,6.809946617460478,baseline,remediation_light
421,0.1146703608504827,50.828065,29.99521,nuclide_mode,env_plus_no_ratio,extra_trees,0.1097513995274034,-0.004918961323079299,0.004918961323079299,-4.289653652954902,4.289653652954902,baseline,remediation_light
422,0.1052426346321376,50.828089,30.038037,nuclide_mode,env_plus_no_ratio,extra_trees,0.1052450129879482,2.37835581060053e-06,2.37835581060053e-06,0.0022598786308550465,0.0022598786308550465,baseline,remediation_light
423,0.0990190745219642,50.827524,30.081477,nuclide_mode,env_plus_no_ratio,extra_trees,0.0983554455036357,-0.0006636290183285043,0.0006636290183285043,-0.6702032123934863,0.6702032123934863,baseline,remediation_light
424,0.1015910221885285,50.8251,30.09468,nuclide_mode,env_plus_no_ratio,extra_trees,0.1005074520857545,-0.0010835701027740036,0.0010835701027740036,-1.0666002560375445,1.0666002560375445,baseline,remediation_light
425,0.1029504006469213,50.81948,29.89986,nuclide_mode,env_plus_no_ratio,extra_trees,0.1007794111168994,-0.0021709895300218995,0.0021709895300218995,-2.108772298485292,2.108772298485292,baseline,remediation_light
426,0.0998652757094361,50.81923,29.59508,nuclide_mode,env_plus_no_ratio,extra_trees,0.0994987110478501,-0.0003665646615859941,0.0003665646615859941,-0.36705917946147326,0.36705917946147326,baseline,remediation_light
427,0.1013000252654743,50.81824,29.58169,nuclide_mode,env_plus_no_ratio,extra_trees,0.1014523076762667,0.00015228241079240368,0.00015228241079240368,0.15032810741490063,0.15032810741490063,baseline,remediation_light
428,0.1002387540307508,50.816099,29.638228,nuclide_mode,env_plus_no_ratio,extra_trees,0.0983736537279826,-0.0018651003027682078,0.0018651003027682078,-1.8606579070167217,1.8606579070167217,baseline,remediation_light
429,0.0979772158486267,50.810078,29.581102,nuclide_mode,env_plus_no_ratio,extra_trees,0.0975355517148391,-0.0004416641337876004,0.0004416641337876004,-0.45078249056389263,0.45078249056389263,baseline,remediation_light
430,0.1055273498115013,50.81033,29.91423,nuclide_mode,env_plus_no_ratio,extra_trees,0.1019771681678321,-0.0035501816436692007,0.0035501816436692007,-3.3642289416068234,3.3642289416068234,baseline,remediation_light
431,0.1032043339788926,50.800511,30.08088,nuclide_mode,env_plus_no_ratio,extra_trees,0.101289087437835,-0.001915246541057597,0.001915246541057597,-1.855781116178032,1.855781116178032,baseline,remediation_light
432,0.1035374134985954,50.80111,30.038037,nuclide_mode,env_plus_no_ratio,extra_trees,0.1003253745583301,-0.0032120389402652966,0.0032120389402652966,-3.1022978377848616,3.1022978377848616,baseline,remediation_light
433,0.1032002835132643,50.801379,30.008669,nuclide_mode,env_plus_no_ratio,extra_trees,0.1011062091048337,-0.0020940744084305962,0.0020940744084305962,-2.029136294147337,2.029136294147337,baseline,remediation_light
434,0.1067763837525931,50.801488,29.995708,nuclide_mode,env_plus_no_ratio,extra_trees,0.102667744809814,-0.004108638942779103,0.004108638942779103,-3.8478910770185384,3.8478910770185384,baseline,remediation_light
435,0.116902977703869,50.800727,29.951162,nuclide_mode,env_plus_no_ratio,extra_trees,0.1084172059281372,-0.008485771775731801,0.008485771775731801,-7.258815765349798,7.258815765349798,baseline,remediation_light
436,0.1033982839748484,50.80116,29.91087,nuclide_mode,env_plus_no_ratio,extra_trees,0.1008597814110782,-0.002538502563770209,0.002538502563770209,-2.455072237357149,2.455072237357149,baseline,remediation_light
437,0.0981427232124458,50.801085,29.86691,nuclide_mode,env_plus_no_ratio,extra_trees,0.0972073886700149,-0.0009353345424309017,0.0009353345424309017,-0.9530350410251189,0.9530350410251189,baseline,remediation_light
438,0.1017571451070569,50.80162,29.82391,nuclide_mode,env_plus_no_ratio,extra_trees,0.0995071790859649,-0.0022499660210919953,0.0022499660210919953,-2.2111135475792345,2.2111135475792345,baseline,remediation_light
439,0.0938286717727342,50.80108,29.737545,nuclide_mode,env_plus_no_ratio,extra_trees,0.0938623096587899,3.363788605570406e-05,3.363788605570406e-05,0.0358503274320877,0.0358503274320877,baseline,remediation_light
440,0.0970696472735757,50.800773,29.695775,nuclide_mode,env_plus_no_ratio,extra_trees,0.0970088642849995,-6.0782988576202346e-05,6.0782988576202346e-05,-0.06261791433618272,0.06261791433618272,baseline,remediation_light
441,0.0984844725825222,50.800875,29.652148,nuclide_mode,env_plus_no_ratio,extra_trees,0.0979611185015284,-0.0005233540809937987,0.0005233540809937987,-0.5314077105457099,0.5314077105457099,baseline,remediation_light
442,0.0976344642049996,50.80111,29.60967,nuclide_mode,env_plus_no_ratio,extra_trees,0.0970644706310927,-0.000569993573906899,0.000569993573906899,-0.5838036584193301,0.5838036584193301,baseline,remediation_light
443,0.1020531632314862,50.80115,29.52336,nuclide_mode,env_plus_no_ratio,extra_trees,0.1021813256248364,0.00012816239335020074,0.00012816239335020074,0.12558394986688579,0.12558394986688579,baseline,remediation_light
444,0.0978453566169238,50.79814,29.5096,nuclide_mode,env_plus_no_ratio,extra_trees,0.0972059056935376,-0.0006394509233862006,0.0006394509233862006,-0.6535322119471924,0.6535322119471924,baseline,remediation_light
445,0.1023856672627886,50.795115,30.052317,nuclide_mode,env_plus_no_ratio,extra_trees,0.1005307550238517,-0.0018549122389368983,0.0018549122389368983,-1.811691312394322,1.811691312394322,baseline,remediation_light
446,0.1016310514132412,50.795115,30.033279,nuclide_mode,env_plus_no_ratio,extra_trees,0.1010894575423717,-0.0005415938708695084,0.0005415938708695084,-0.5329019658247339,0.5329019658247339,baseline,remediation_light
447,0.098101922791997,50.79279,29.52362,nuclide_mode,env_plus_no_ratio,extra_trees,0.0974505764442338,-0.0006513463477632042,0.0006513463477632042,-0.6639486049057746,0.6639486049057746,baseline,remediation_light
448,0.0979844419566564,50.78891,29.55187,nuclide_mode,env_plus_no_ratio,extra_trees,0.0979569458649924,-2.749609166399769e-05,2.749609166399769e-05,-0.02806169134091781,0.02806169134091781,baseline,remediation_light
449,0.1008730448965963,50.78651,29.53798,nuclide_mode,env_plus_no_ratio,extra_trees,0.1011109856063577,0.00023794070976139448,0.00023794070976139448,0.2358813595894766,0.2358813595894766,baseline,remediation_light
450,0.098927262201862,50.78292,29.52433,nuclide_mode,env_plus_no_ratio,extra_trees,0.0979372625942508,-0.0009899996076112028,0.0009899996076112028,-1.0007348688080535,1.0007348688080535,baseline,remediation_light
451,0.0969884533901725,50.78271,29.51032,nuclide_mode,env_plus_no_ratio,extra_trees,0.0964869993264603,-0.0005014540637122006,0.0005014540637122006,-0.5170244974367343,0.5170244974367343,baseline,remediation_light
452,0.0985071519328446,50.774105,29.481023,nuclide_mode,env_plus_no_ratio,extra_trees,0.0975044302151985,-0.0010027217176460934,0.0010027217176460934,-1.0179176820883828,1.0179176820883828,baseline,remediation_light
453,0.0983443168702017,50.77541,29.52476,nuclide_mode,env_plus_no_ratio,extra_trees,0.0993182658045253,0.000973948934323593,0.000973948934323593,0.9903459247259251,0.9903459247259251,baseline,remediation_light
454,0.1063632609196547,50.772658,29.565394,nuclide_mode,env_plus_no_ratio,extra_trees,0.1077480538139334,0.0013847928942787024,0.0013847928942787024,1.3019466329870757,1.3019466329870757,baseline,remediation_light
455,0.097412732659583,50.774105,29.652408,nuclide_mode,env_plus_no_ratio,extra_trees,0.0971671642110491,-0.000245568448533906,0.000245568448533906,-0.252090709119172,0.252090709119172,baseline,remediation_light
456,0.0968253125875363,50.774132,29.695343,nuclide_mode,env_plus_no_ratio,extra_trees,0.0966244036114746,-0.00020090897606168945,0.00020090897606168945,-0.2074963361260051,0.2074963361260051,baseline,remediation_light
457,0.0988143741388597,50.774132,29.738181,nuclide_mode,env_plus_no_ratio,extra_trees,0.098642408588148,-0.00017196555071169461,0.00017196555071169461,-0.17402888214425025,0.17402888214425025,baseline,remediation_light
458,0.0991826929790881,50.774105,29.780948,nuclide_mode,env_plus_no_ratio,extra_trees,0.097942820343359,-0.0012398726357291112,0.0012398726357291112,-1.2500897066694172,1.2500897066694172,baseline,remediation_light
459,0.1035224636746715,50.774105,29.952371,nuclide_mode,env_plus_no_ratio,extra_trees,0.101671450047952,-0.0018510136267194943,0.0018510136267194943,-1.7880308881910585,1.7880308881910585,baseline,remediation_light
460,0.1145799205420447,50.774105,29.99521,nuclide_mode,env_plus_no_ratio,extra_trees,0.1068655561638933,-0.0077143643781514,0.0077143643781514,-6.732736714824865,6.732736714824865,baseline,remediation_light
461,0.1002146602932528,50.774132,30.038037,nuclide_mode,env_plus_no_ratio,extra_trees,0.098814093376836,-0.0014005669164167955,0.0014005669164167955,-1.39756689522111,1.39756689522111,baseline,remediation_light
462,0.0981243045214156,51.151822,29.823855,nuclide_mode,env_plus_no_ratio,extra_trees,0.0974676512046958,-0.0006566533167197963,0.0006566533167197963,-0.6692055754407736,0.6692055754407736,baseline,remediation_light
463,0.0969702995988891,51.123834,29.781093,nuclide_mode,env_plus_no_ratio,extra_trees,0.096926199767602,-4.409983128710049e-05,4.409983128710049e-05,-0.04547766838868847,0.04547766838868847,baseline,remediation_light
464,0.1019784732578362,51.152105,29.778549,nuclide_mode,env_plus_no_ratio,extra_trees,0.0989788023626978,-0.002999670895138404,0.002999670895138404,-2.941474606659601,2.941474606659601,baseline,remediation_light
465,0.0969491486532636,51.12511,29.73936,nuclide_mode,env_plus_no_ratio,extra_trees,0.0969624819865969,1.333333333330966e-05,1.333333333330966e-05,0.013752914304586647,0.013752914304586647,baseline,remediation_light
466,0.0969604166311191,51.152375,29.739076,nuclide_mode,env_plus_no_ratio,extra_trees,0.0969198287983587,-4.0587832760397013e-05,4.0587832760397013e-05,-0.04186020870229068,0.04186020870229068,baseline,remediation_light
467,0.0979715874086053,51.151822,29.695338,nuclide_mode,env_plus_no_ratio,extra_trees,0.0979276884488295,-4.389895977580105e-05,4.389895977580105e-05,-0.044807847802561175,0.044807847802561175,baseline,remediation_light
468,0.0972703406730663,51.12492,29.696735,nuclide_mode,env_plus_no_ratio,extra_trees,0.0971579346584878,-0.00011240601457850052,0.00011240601457850052,-0.11556042037141258,0.11556042037141258,baseline,remediation_light
469,0.1001997939568618,51.125291,29.656334,nuclide_mode,env_plus_no_ratio,extra_trees,0.1001843545854854,-1.543937137639395e-05,1.543937137639395e-05,-0.015408585952822356,0.015408585952822356,baseline,remediation_light
470,0.0978144837742707,51.097862,29.695255,nuclide_mode,env_plus_no_ratio,extra_trees,0.0976520796218586,-0.0001624041524121017,0.0001624041524121017,-0.16603282678144726,0.16603282678144726,baseline,remediation_light
471,0.0978157834227462,51.070635,29.735813,nuclide_mode,env_plus_no_ratio,extra_trees,0.0977860233585404,-2.9760064205797132e-05,2.9760064205797132e-05,-0.030424603437645924,0.030424603437645924,baseline,remediation_light
472,0.0993025062241475,51.072272,29.694579,nuclide_mode,env_plus_no_ratio,extra_trees,0.0993437213936136,4.121516946609116e-05,4.121516946609116e-05,0.041504661899529,0.041504661899529,baseline,remediation_light
473,0.1180574413718893,51.0435,29.65191,nuclide_mode,env_plus_no_ratio,extra_trees,0.1178091566445824,-0.00024828472730689666,0.00024828472730689666,-0.21030840955190805,0.21030840955190805,baseline,remediation_light
474,0.1017158284517118,51.043935,29.607021,nuclide_mode,env_plus_no_ratio,extra_trees,0.101992539625647,0.0002767111739351985,0.0002767111739351985,0.27204337628392156,0.27204337628392156,baseline,remediation_light
475,0.1017118885106578,51.043315,29.566834,nuclide_mode,env_plus_no_ratio,extra_trees,0.1021528186024987,0.00044093009184090204,0.00044093009184090204,0.43350890274217996,0.43350890274217996,baseline,remediation_light
476,0.1033580754092425,51.043903,29.523869,nuclide_mode,env_plus_no_ratio,extra_trees,0.1034142192932748,5.6143884032300306e-05,5.6143884032300306e-05,0.054319784699938214,0.054319784699938214,baseline,remediation_light
477,0.1026996600178465,51.070883,29.523869,nuclide_mode,env_plus_no_ratio,extra_trees,0.1026803802653085,-1.9279752538001182e-05,1.9279752538001182e-05,-0.018772946799094435,0.018772946799094435,baseline,remediation_light
478,0.1016711401843387,51.070892,29.480208,nuclide_mode,env_plus_no_ratio,extra_trees,0.100920001658547,-0.0007511385257917003,0.0007511385257917003,-0.7387922712677562,0.7387922712677562,baseline,remediation_light
479,0.1016231908158156,51.043914,29.48116,nuclide_mode,env_plus_no_ratio,extra_trees,0.1004511113697463,-0.001172079446069299,0.001172079446069299,-1.1533582410274885,1.1533582410274885,baseline,remediation_light
480,0.1102039201674336,51.043903,29.438176,nuclide_mode,env_plus_no_ratio,extra_trees,0.1057220625440816,-0.004481857623352001,0.004481857623352001,-4.066876764948726,4.066876764948726,baseline,remediation_light
481,0.1087172068561866,51.016936,29.438323,nuclide_mode,env_plus_no_ratio,extra_trees,0.1065532449069646,-0.0021639619492219986,0.0021639619492219986,-1.9904502808690925,1.9904502808690925,baseline,remediation_light
482,0.0988643592000742,50.988598,29.438219,nuclide_mode,env_plus_no_ratio,extra_trees,0.0985017862905346,-0.00036257290953960186,0.00036257290953960186,-0.3667377328627137,0.3667377328627137,baseline,remediation_light
483,0.1032639527067165,50.989943,29.39533,nuclide_mode,env_plus_no_ratio,extra_trees,0.0994379489442458,-0.003826003762470692,0.003826003762470692,-3.7050719657585227,3.7050719657585227,baseline,remediation_light
484,0.0983031841337185,50.962981,29.395487,nuclide_mode,env_plus_no_ratio,extra_trees,0.0979361089736099,-0.0003670751601086014,0.0003670751601086014,-0.3734112616426356,0.3734112616426356,baseline,remediation_light
485,0.1027821510178769,50.93645,29.438323,nuclide_mode,env_plus_no_ratio,extra_trees,0.1025403558405668,-0.00024179517731010014,0.00024179517731010014,-0.23525016251902015,0.23525016251902015,baseline,remediation_light
486,0.09875914042807,50.90868,29.4383,nuclide_mode,env_plus_no_ratio,extra_trees,0.0978661302619828,-0.0008930101660871992,0.0008930101660871992,-0.9042303955020873,0.9042303955020873,baseline,remediation_light
487,0.0972457649697158,50.882024,29.481023,nuclide_mode,env_plus_no_ratio,extra_trees,0.0971051159148243,-0.0001406490548915007,0.0001406490548915007,-0.14463257596390086,0.14463257596390086,baseline,remediation_light
488,0.0968913511922961,50.855044,29.481023,nuclide_mode,env_plus_no_ratio,extra_trees,0.0966552319741951,-0.00023611921810100245,0.00023611921810100245,-0.24369483467351674,0.24369483467351674,baseline,remediation_light
489,0.09905161835374,50.827867,29.478841,nuclide_mode,env_plus_no_ratio,extra_trees,0.0983512802748147,-0.0007003380789253055,0.0007003380789253055,-0.7070435501863378,0.7070435501863378,baseline,remediation_light
490,0.0980863580212666,50.800762,29.479558,nuclide_mode,env_plus_no_ratio,extra_trees,0.0977806591645306,-0.00030569885673599473,0.00030569885673599473,-0.3116629701652442,0.3116629701652442,baseline,remediation_light
491,0.0972313372816802,50.773533,29.438323,nuclide_mode,env_plus_no_ratio,extra_trees,0.0973573320020701,0.00012599472038990478,0.00012599472038990478,0.12958242055737315,0.12958242055737315,baseline,remediation_light
492,0.0967678258954647,50.7463,29.47899,nuclide_mode,env_plus_no_ratio,extra_trees,0.0964192376234151,-0.00034858827204960197,0.00034858827204960197,-0.36023158402480915,0.36023158402480915,baseline,remediation_light
493,0.0969218638488712,50.747125,29.523869,nuclide_mode,env_plus_no_ratio,extra_trees,0.0963615790992035,-0.000560284749667711,0.000560284749667711,-0.5780788022621547,0.5780788022621547,baseline,remediation_light
494,0.0971357575038358,50.747125,29.566822,nuclide_mode,env_plus_no_ratio,extra_trees,0.0970731483115971,-6.260919223870232e-05,6.260919223870232e-05,-0.06445534975750813,0.06445534975750813,baseline,remediation_light
495,0.0979414805793735,50.774105,29.609562,nuclide_mode,env_plus_no_ratio,extra_trees,0.0977694407361804,-0.00017203984319311139,0.00017203984319311139,-0.1756557509396514,0.1756557509396514,baseline,remediation_light
496,0.0987930578575639,50.747154,29.60967,nuclide_mode,env_plus_no_ratio,extra_trees,0.0982727038767414,-0.0005203539808224938,0.0005203539808224938,-0.5267110788014281,0.5267110788014281,baseline,remediation_light
497,0.0967392740226036,50.747154,29.652507,nuclide_mode,env_plus_no_ratio,extra_trees,0.0966009734919329,-0.0001383005306706958,0.0001383005306706958,-0.14296213411564493,0.14296213411564493,baseline,remediation_light
498,0.1034538136898852,50.747753,29.695343,nuclide_mode,env_plus_no_ratio,extra_trees,0.1010693760237907,-0.002384437666094502,0.002384437666094502,-2.30483302746299,2.30483302746299,baseline,remediation_light
499,0.0979959529069607,50.747125,29.738101,nuclide_mode,env_plus_no_ratio,extra_trees,0.0973837940881641,-0.0006121588187966015,0.0006121588187966015,-0.6246776531453266,0.6246776531453266,baseline,remediation_light
500,0.0977030114778707,50.747125,29.780948,nuclide_mode,env_plus_no_ratio,extra_trees,0.0975513885403775,-0.00015162293749319822,0.00015162293749319822,-0.15518757835580138,0.15518757835580138,baseline,remediation_light
501,0.09746686076657,50.774132,29.823854,nuclide_mode,env_plus_no_ratio,extra_trees,0.0970062875206451,-0.0004605732459249112,0.0004605732459249112,-0.472543428917824,0.472543428917824,baseline,remediation_light
502,0.0965896383959853,50.747154,29.823854,nuclide_mode,env_plus_no_ratio,extra_trees,0.0963144543805351,-0.0002751840154502083,0.0002751840154502083,-0.2849001404498955,0.2849001404498955,baseline,remediation_light
503,0.1048047315687721,50.77465,29.86633,nuclide_mode,env_plus_no_ratio,extra_trees,0.1043628797920777,-0.00044185177669439635,0.00044185177669439635,-0.4215952563214729,0.4215952563214729,baseline,remediation_light
504,0.1052879609637925,50.747154,29.86669,nuclide_mode,env_plus_no_ratio,extra_trees,0.102943359911238,-0.002344601052554504,0.002344601052554504,-2.226846290014857,2.226846290014857,baseline,remediation_light
505,0.0980326767282704,50.747503,29.909794,nuclide_mode,env_plus_no_ratio,extra_trees,0.0980108783283604,-2.1798399909997435e-05,2.1798399909997435e-05,-0.02223585098101404,0.02223585098101404,baseline,remediation_light
506,0.1016250495581393,50.774105,29.909532,nuclide_mode,env_plus_no_ratio,extra_trees,0.0998736075303534,-0.0017514420277858905,0.0017514420277858905,-1.723435349257958,1.723435349257958,baseline,remediation_light
507,0.1021420527970868,50.74714,29.95358,nuclide_mode,env_plus_no_ratio,extra_trees,0.1009227031185041,-0.0012193496785826985,0.0012193496785826985,-1.193778316757577,1.193778316757577,baseline,remediation_light
508,0.1158951488711948,50.747665,29.994827,nuclide_mode,env_plus_no_ratio,extra_trees,0.1043519316873698,-0.011543217183825005,0.011543217183825005,-9.96005207832648,9.96005207832648,baseline,remediation_light
509,0.0972778703622809,50.747154,30.03899,nuclide_mode,env_plus_no_ratio,extra_trees,0.0972130620634838,-6.480829879709771e-05,6.480829879709771e-05,-0.0666218314152433,0.0666218314152433,baseline,remediation_light
510,0.0968856098908211,50.747296,30.080938,nuclide_mode,env_plus_no_ratio,extra_trees,0.096846272589281,-3.9337301540098846e-05,3.9337301540098846e-05,-0.04060179998291537,0.04060179998291537,baseline,remediation_light
511,0.1003134480131489,50.774132,30.079923,nuclide_mode,env_plus_no_ratio,extra_trees,0.0995775173919702,-0.0007359306211787014,0.0007359306211787014,-0.7336310691685496,0.7336310691685496,baseline,remediation_light
512,0.1031251907279557,50.774162,30.121927,nuclide_mode,env_plus_no_ratio,extra_trees,0.1003392337295771,-0.002785956998378608,0.002785956998378608,-2.7015290626011677,2.7015290626011677,baseline,remediation_light
513,0.1019205112260741,50.801309,30.123328,nuclide_mode,env_plus_no_ratio,extra_trees,0.1021532121110799,0.0002327008850058071,0.0002327008850058071,0.22831604964151292,0.22831604964151292,baseline,remediation_light
514,0.0994692410305849,50.829576,30.122386,nuclide_mode,env_plus_no_ratio,extra_trees,0.0981000056359774,-0.0013692353946074959,0.0013692353946074959,-1.3765415121509594,1.3765415121509594,baseline,remediation_light
515,0.1097650716457877,50.85554,30.123768,nuclide_mode,env_plus_no_ratio,extra_trees,0.1021473719468553,-0.007617699698932404,0.007617699698932404,-6.940003395173602,6.940003395173602,baseline,remediation_light
516,0.1010279394108345,50.854993,30.080178,nuclide_mode,env_plus_no_ratio,extra_trees,0.1006282998706209,-0.00039963954021360326,0.00039963954021360326,-0.3955732865029066,0.3955732865029066,baseline,remediation_light
517,0.1065069635179778,50.882024,30.123719,nuclide_mode,env_plus_no_ratio,extra_trees,0.1017163335997279,-0.004790629918249897,0.004790629918249897,-4.497949955583199,4.497949955583199,baseline,remediation_light
518,0.10949717017121,50.908554,30.122395,nuclide_mode,env_plus_no_ratio,extra_trees,0.1031502204208821,-0.0063469497503279015,0.0063469497503279015,-5.796450940607687,5.796450940607687,baseline,remediation_light
519,0.119178409444757,50.935336,30.122566,nuclide_mode,env_plus_no_ratio,extra_trees,0.1117612054144588,-0.007417204030298191,0.007417204030298191,-6.223613878431817,6.223613878431817,baseline,remediation_light
520,0.1081162018230049,50.963576,30.078535,nuclide_mode,env_plus_no_ratio,extra_trees,0.105883632115072,-0.0022325697079328966,0.0022325697079328966,-2.0649723818339427,2.0649723818339427,baseline,remediation_light
521,0.106001931785976,50.990691,30.081797,nuclide_mode,env_plus_no_ratio,extra_trees,0.1070039814988147,0.0010020497128386957,0.0010020497128386957,0.9453126900195477,0.9453126900195477,baseline,remediation_light
522,0.1202116117741009,51.01667,30.166168,nuclide_mode,env_plus_no_ratio,extra_trees,0.1144024426073117,-0.00580916916678921,0.00580916916678921,-4.832452606746241,4.832452606746241,baseline,remediation_light
523,0.1127965495807201,51.017658,30.211893,nuclide_mode,env_plus_no_ratio,extra_trees,0.1063601069866486,-0.006436442594071501,0.006436442594071501,-5.706240676684367,5.706240676684367,baseline,remediation_light
524,0.1089209851471124,51.016184,30.252025,nuclide_mode,env_plus_no_ratio,extra_trees,0.1120477641032202,0.0031267789561078008,0.0031267789561078008,2.8706855266546354,2.8706855266546354,baseline,remediation_light
525,0.1279762146172516,51.018467,30.338781,nuclide_mode,env_plus_no_ratio,extra_trees,0.1125851773039612,-0.01539103731329039,0.01539103731329039,-12.026482701743884,12.026482701743884,baseline,remediation_light
526,0.1345992797885141,51.017858,30.380573,nuclide_mode,env_plus_no_ratio,extra_trees,0.1211244494282552,-0.0134748303602589,0.0134748303602589,-10.011071665042268,10.011071665042268,baseline,remediation_light
527,0.0940108791710965,51.178653,29.864102,nuclide_mode,env_plus_no_ratio,extra_trees,0.0939879311408184,-2.294803027810821e-05,2.294803027810821e-05,-0.024409973058909067,0.024409973058909067,baseline,remediation_light
528,0.0975319254155762,51.178802,29.823794,nuclide_mode,env_plus_no_ratio,extra_trees,0.0958999358017877,-0.0016319896137885065,0.0016319896137885065,-1.6732875997625611,1.6732875997625611,baseline,remediation_light
529,0.1047312228577882,50.818897,29.452915,nuclide_mode,env_plus_no_ratio,extra_trees,0.1045002648555818,-0.00023095800220640506,0.00023095800220640506,-0.2205244968064747,0.2205244968064747,baseline,remediation_light
530,0.1206674987673083,50.989958,30.123711,nuclide_mode,env_plus_no_ratio,extra_trees,0.1188140126344109,-0.0018534861328974028,0.0018534861328974028,-1.5360276394488062,1.5360276394488062,baseline,remediation_light
531,0.112716630196078,51.07074,29.65233,nuclide_mode,env_plus_no_ratio,extra_trees,0.1125775900930845,-0.00013904010299349567,0.00013904010299349567,-0.12335367261390467,0.12335367261390467,baseline,remediation_light
532,0.1088698739360847,50.951421,29.872403,nuclide_mode,env_plus_no_ratio,extra_trees,0.1017348775702054,-0.007134996365879304,0.007134996365879304,-6.55369213531754,6.55369213531754,baseline,remediation_light
533,0.121601196416845,50.94914,29.87865,nuclide_mode,env_plus_no_ratio,extra_trees,0.1115205439345613,-0.010080652482283695,0.010080652482283695,-8.28992870080615,8.28992870080615,baseline,remediation_light
534,0.0987370237194208,50.94783,29.86594,nuclide_mode,env_plus_no_ratio,extra_trees,0.097808320858216,-0.0009287028612047915,0.0009287028612047915,-0.9405821911787311,0.9405821911787311,baseline,remediation_light
535,0.0979157544145766,50.944693,29.866018,nuclide_mode,env_plus_no_ratio,extra_trees,0.0969949212775119,-0.0009208331370647027,0.0009208331370647027,-0.9404340931346789,0.9404340931346789,baseline,remediation_light
536,0.0987688336747727,50.938095,29.86207,nuclide_mode,env_plus_no_ratio,extra_trees,0.0977967486303949,-0.0009720850443777906,0.0009720850443777906,-0.9842022105664271,0.9842022105664271,baseline,remediation_light
537,0.1009910710663737,50.93631,29.85117,nuclide_mode,env_plus_no_ratio,extra_trees,0.0982697585664393,-0.002721312499934403,0.002721312499934403,-2.6946070293143958,2.6946070293143958,baseline,remediation_light
538,0.1030050390545453,50.933984,29.862585,nuclide_mode,env_plus_no_ratio,extra_trees,0.1027931688739973,-0.00021187018054801,0.00021187018054801,-0.2056891415145391,0.2056891415145391,baseline,remediation_light
539,0.1001523398634015,50.93393,29.86825,nuclide_mode,env_plus_no_ratio,extra_trees,0.0988552530649937,-0.001297086798407801,0.001297086798407801,-1.295113823777764,1.295113823777764,baseline,remediation_light
540,0.0996843515934303,50.932329,29.878773,nuclide_mode,env_plus_no_ratio,extra_trees,0.0992211807631284,-0.00046317083030189554,0.00046317083030189554,-0.4646374510123421,0.4646374510123421,baseline,remediation_light
541,0.1092716731434978,51.0759,30.2851,nuclide_mode,env_plus_no_ratio,extra_trees,0.1077012673154653,-0.0015704058280325006,0.0015704058280325006,-1.437157300566096,1.437157300566096,baseline,remediation_light
542,0.1092716731434978,51.075759,30.285121,nuclide_mode,env_plus_no_ratio,extra_trees,0.1077012673154653,-0.0015704058280325006,0.0015704058280325006,-1.437157300566096,1.437157300566096,baseline,remediation_light
543,0.1035622588623543,51.021745,30.04811,nuclide_mode,env_plus_no_ratio,extra_trees,0.1025810665049345,-0.0009811923574198078,0.0009811923574198078,-0.9474420200933633,0.9474420200933633,baseline,remediation_light
544,0.1084263383305646,51.022164,30.04918,nuclide_mode,env_plus_no_ratio,extra_trees,0.1046727721708731,-0.003753566159691496,0.003753566159691496,-3.461858269388216,3.461858269388216,baseline,remediation_light
