point_id,prediction_baseline,latitude,longitude,model_mode,feature_set,model_name,prediction_cs137_minus_20,delta_abs,delta_abs_abs,delta_pct,delta_pct_abs,baseline_label,scenario_label
0,0.1012497106603482,51.151183,29.86728,nuclide_mode,env_plus_no_ratio,extra_trees,0.1010184147157828,-0.00023129594456540448,0.00023129594456540448,-0.22844109188747092,0.22844109188747092,baseline,cs137_minus_20
1,0.0979547612670844,51.14306,29.85566,nuclide_mode,env_plus_no_ratio,extra_trees,0.0978730433895391,-8.171787754529536e-05,8.171787754529536e-05,-0.08342409954170844,0.08342409954170844,baseline,cs137_minus_20
2,0.1041413404421007,51.13967,29.86646,nuclide_mode,env_plus_no_ratio,extra_trees,0.1029484427096475,-0.0011928977324532075,0.0011928977324532075,-1.1454603209341452,1.1454603209341452,baseline,cs137_minus_20
3,0.1019009105537128,51.133835,29.88057,nuclide_mode,env_plus_no_ratio,extra_trees,0.1006224078129751,-0.0012785027407376942,0.0012785027407376942,-1.254652911137418,1.254652911137418,baseline,cs137_minus_20
4,0.1072390667896111,51.125783,30.037053,nuclide_mode,env_plus_no_ratio,extra_trees,0.1086349024250871,0.0013958356354759893,0.0013958356354759893,1.301611135999938,1.301611135999938,baseline,cs137_minus_20
5,0.1021929712211295,51.12493,29.95222,nuclide_mode,env_plus_no_ratio,extra_trees,0.1023594501568394,0.00016647893570989614,0.00016647893570989614,0.16290644426969633,0.16290644426969633,baseline,cs137_minus_20
6,0.1004276904234213,51.12447,29.93698,nuclide_mode,env_plus_no_ratio,extra_trees,0.1003587675274406,-6.892289598069146e-05,6.892289598069146e-05,-0.06862937471737135,0.06862937471737135,baseline,cs137_minus_20
7,0.1053648241185471,51.1256,29.92359,nuclide_mode,env_plus_no_ratio,extra_trees,0.1041079530006683,-0.0012568711178787967,0.0012568711178787967,-1.192875448133124,1.192875448133124,baseline,cs137_minus_20
8,0.1047175386945623,51.12606,29.90969,nuclide_mode,env_plus_no_ratio,extra_trees,0.1045856156549769,-0.00013192303958539653,0.00013192303958539653,-0.12597988954857564,0.12597988954857564,baseline,cs137_minus_20
9,0.0975798902233475,51.12501,29.86512,nuclide_mode,env_plus_no_ratio,extra_trees,0.0975798902233475,0.0,0.0,0.0,0.0,baseline,cs137_minus_20
10,0.1034197013580432,51.12458,29.82432,nuclide_mode,env_plus_no_ratio,extra_trees,0.1032850857530733,-0.00013461560496989822,0.00013461560496989822,-0.1301643721672078,0.1301643721672078,baseline,cs137_minus_20
11,0.1043672003499249,51.12767,29.83336,nuclide_mode,env_plus_no_ratio,extra_trees,0.1033975076069778,-0.0009696927429471008,0.0009696927429471008,-0.9291163696026064,0.9291163696026064,baseline,cs137_minus_20
12,0.1015470676773888,51.12198,29.86163,nuclide_mode,env_plus_no_ratio,extra_trees,0.1012158738203818,-0.00033119385700700055,0.00033119385700700055,-0.32614812478799576,0.32614812478799576,baseline,cs137_minus_20
13,0.1203432471879079,51.121852,30.019,nuclide_mode,env_plus_no_ratio,extra_trees,0.1157951083372736,-0.004548138850634292,0.004548138850634292,-3.779305409245505,3.779305409245505,baseline,cs137_minus_20
14,0.1036324851305478,51.11882,29.85284,nuclide_mode,env_plus_no_ratio,extra_trees,0.1037460659090992,0.00011358077855139204,0.00011358077855139204,0.1095995897505615,0.1095995897505615,baseline,cs137_minus_20
15,0.1049674761553552,51.11565,29.8666,nuclide_mode,env_plus_no_ratio,extra_trees,0.1039895693176212,-0.0009779068377340078,0.0009779068377340078,-0.9316284182032486,0.9316284182032486,baseline,cs137_minus_20
16,0.1017915867096723,51.11545,29.88094,nuclide_mode,env_plus_no_ratio,extra_trees,0.1006264990860967,-0.001165087623575603,0.001165087623575603,-1.144581454357952,1.144581454357952,baseline,cs137_minus_20
17,0.1213437212501881,51.116417,30.02203,nuclide_mode,env_plus_no_ratio,extra_trees,0.1161654448278859,-0.005178276422302189,0.005178276422302189,-4.267444882150556,4.267444882150556,baseline,cs137_minus_20
18,0.1111725901838234,51.115856,30.080875,nuclide_mode,env_plus_no_ratio,extra_trees,0.1093600673525104,-0.0018125228313130015,0.0018125228313130015,-1.6303684463193695,1.6303684463193695,baseline,cs137_minus_20
19,0.1093287413857577,51.115856,30.109432,nuclide_mode,env_plus_no_ratio,extra_trees,0.1081102025671465,-0.0012185388186111978,0.0012185388186111978,-1.1145640232989433,1.1145640232989433,baseline,cs137_minus_20
20,0.1358857898655286,51.11586,30.13847,nuclide_mode,env_plus_no_ratio,extra_trees,0.1287846092198983,-0.007101180645630312,0.007101180645630312,-5.225844919220457,5.225844919220457,baseline,cs137_minus_20
21,0.1077516635136902,51.115849,30.209404,nuclide_mode,env_plus_no_ratio,extra_trees,0.1064669800593811,-0.001284683454309099,0.001284683454309099,-1.1922632212038895,1.1922632212038895,baseline,cs137_minus_20
22,0.1043559409673731,51.11654,30.28486,nuclide_mode,env_plus_no_ratio,extra_trees,0.1051992541613232,0.0008433131939500904,0.0008433131939500904,0.808112299244901,0.808112299244901,baseline,cs137_minus_20
23,0.1046026498987787,51.11642,30.30774,nuclide_mode,env_plus_no_ratio,extra_trees,0.1041410261871898,-0.00046162371158889326,0.00046162371158889326,-0.4413116799962474,0.4413116799962474,baseline,cs137_minus_20
24,0.1050871588828319,51.11399,30.14742,nuclide_mode,env_plus_no_ratio,extra_trees,0.1044136923082252,-0.000673466574606707,0.000673466574606707,-0.6408647657489686,0.6408647657489686,baseline,cs137_minus_20
25,0.1195531933891426,51.11288,30.01851,nuclide_mode,env_plus_no_ratio,extra_trees,0.1126147461528533,-0.006938447236289294,0.006938447236289294,-5.803648601593456,5.803648601593456,baseline,cs137_minus_20
26,0.097230647689367,51.112858,29.738181,nuclide_mode,env_plus_no_ratio,extra_trees,0.0972366777322855,6.030042918506173e-06,6.030042918506173e-06,0.0062017923996258734,0.0062017923996258734,baseline,cs137_minus_20
27,0.0971386521879377,51.11255,29.72871,nuclide_mode,env_plus_no_ratio,extra_trees,0.0971386521879377,0.0,0.0,0.0,0.0,baseline,cs137_minus_20
28,0.0976289016049754,51.10995,29.74291,nuclide_mode,env_plus_no_ratio,extra_trees,0.0976011308829077,-2.777072206769371e-05,2.777072206769371e-05,-0.028445185402227707,0.028445185402227707,baseline,cs137_minus_20
29,0.102534775920953,51.10971,30.27507,nuclide_mode,env_plus_no_ratio,extra_trees,0.1009555741255071,-0.0015792017954459059,0.0015792017954459059,-1.5401621364671025,1.5401621364671025,baseline,cs137_minus_20
30,0.1061332060119472,51.10977,30.28535,nuclide_mode,env_plus_no_ratio,extra_trees,0.1056156429781336,-0.0005175630338136034,0.0005175630338136034,-0.48765419726917736,0.48765419726917736,baseline,cs137_minus_20
31,0.10526891823002,51.10672,30.30873,nuclide_mode,env_plus_no_ratio,extra_trees,0.1062190783385096,0.0009501601084895978,0.0009501601084895978,0.902602709769878,0.902602709769878,baseline,cs137_minus_20
32,0.105115847459066,51.107,30.29606,nuclide_mode,env_plus_no_ratio,extra_trees,0.1039913025104855,-0.001124544948580511,0.001124544948580511,-1.0698148526257458,1.0698148526257458,baseline,cs137_minus_20
33,0.1061234337994387,51.10643,30.2664,nuclide_mode,env_plus_no_ratio,extra_trees,0.1043518361109288,-0.0017715976885099016,0.0017715976885099016,-1.6693746377053922,1.6693746377053922,baseline,cs137_minus_20
34,0.1087094312672245,51.10683,30.25109,nuclide_mode,env_plus_no_ratio,extra_trees,0.1074316684389859,-0.0012777628282386044,0.0012777628282386044,-1.1753928001864593,1.1753928001864593,baseline,cs137_minus_20
35,0.1095474129997369,51.10669,30.22462,nuclide_mode,env_plus_no_ratio,extra_trees,0.1091131008872222,-0.00043431211251469815,0.00043431211251469815,-0.39646040068124766,0.39646040068124766,baseline,cs137_minus_20
36,0.1055437203235365,51.1069,30.21022,nuclide_mode,env_plus_no_ratio,extra_trees,0.1049706668725639,-0.0005730534509725965,0.0005730534509725965,-0.5429536207516121,0.5429536207516121,baseline,cs137_minus_20
37,0.1069023441017802,51.10735,30.16653,nuclide_mode,env_plus_no_ratio,extra_trees,0.1074093457052908,0.0005070016035105956,0.0005070016035105956,0.4742661236949927,0.4742661236949927,baseline,cs137_minus_20
38,0.1076505148002356,51.1073,30.152575,nuclide_mode,env_plus_no_ratio,extra_trees,0.1058911757855673,-0.0017593390146683069,0.0017593390146683069,-1.6343061785938215,1.6343061785938215,baseline,cs137_minus_20
39,0.113338933435272,51.10651,30.13886,nuclide_mode,env_plus_no_ratio,extra_trees,0.1102900642153314,-0.003048869219940603,0.003048869219940603,-2.690045801147243,2.690045801147243,baseline,cs137_minus_20
40,0.1125520542748948,51.10657,30.12264,nuclide_mode,env_plus_no_ratio,extra_trees,0.1113500813576615,-0.0012019729172332988,0.0012019729172332988,-1.0679262364217939,1.0679262364217939,baseline,cs137_minus_20
41,0.1154129231075836,51.106865,30.109789,nuclide_mode,env_plus_no_ratio,extra_trees,0.1127548328935541,-0.0026580902140294904,0.0026580902140294904,-2.3031131544530057,2.3031131544530057,baseline,cs137_minus_20
42,0.1136901918207664,51.107079,30.095488,nuclide_mode,env_plus_no_ratio,extra_trees,0.1105878947245768,-0.003102297096189602,0.003102297096189602,-2.7287288784598065,2.7287288784598065,baseline,cs137_minus_20
43,0.1145053158110987,51.106864,30.080875,nuclide_mode,env_plus_no_ratio,extra_trees,0.111004770823387,-0.0035005449877116984,0.0035005449877116984,-3.057102600796809,3.057102600796809,baseline,cs137_minus_20
44,0.1131549021163127,51.10712,29.98087,nuclide_mode,env_plus_no_ratio,extra_trees,0.1094806676734865,-0.003674234442826191,0.003674234442826191,-3.24708375342804,3.24708375342804,baseline,cs137_minus_20
45,0.1061970225914792,51.10735,29.96643,nuclide_mode,env_plus_no_ratio,extra_trees,0.1040475247990945,-0.0021494977923846997,0.0021494977923846997,-2.0240659671349075,2.0240659671349075,baseline,cs137_minus_20
46,0.1030089393629916,51.107076,29.955287,nuclide_mode,env_plus_no_ratio,extra_trees,0.1017575136233132,-0.0012514257396784023,0.0012514257396784023,-1.2148710077176141,1.2148710077176141,baseline,cs137_minus_20
47,0.1088705127278444,51.10574,29.90955,nuclide_mode,env_plus_no_ratio,extra_trees,0.1054914093648813,-0.0033791033629630984,0.0033791033629630984,-3.103781986781136,3.103781986781136,baseline,cs137_minus_20
48,0.0986437323446767,51.10689,29.77648,nuclide_mode,env_plus_no_ratio,extra_trees,0.0986247623875952,-1.896995708150495e-05,1.896995708150495e-05,-0.01923077790205762,0.01923077790205762,baseline,cs137_minus_20
49,0.0971304727127628,51.10423,29.76188,nuclide_mode,env_plus_no_ratio,extra_trees,0.0970364000315176,-9.407268124519974e-05,9.407268124519974e-05,-0.09685187214458879,0.09685187214458879,baseline,cs137_minus_20
50,0.096636071104778,51.097862,29.738101,nuclide_mode,env_plus_no_ratio,extra_trees,0.0966531365073393,1.7065402561300402e-05,1.7065402561300402e-05,0.017659454038437862,0.017659454038437862,baseline,cs137_minus_20
51,0.0985672600828685,51.09808,29.76195,nuclide_mode,env_plus_no_ratio,extra_trees,0.0985526089663667,-1.4651116501798733e-05,1.4651116501798733e-05,-0.014864080110861448,0.014864080110861448,baseline,cs137_minus_20
52,0.097060540150516,51.098832,29.779019,nuclide_mode,env_plus_no_ratio,extra_trees,0.0970522844791488,-8.255671367196626e-06,8.255671367196626e-06,-0.008505692791729984,0.008505692791729984,baseline,cs137_minus_20
53,0.0959933630412611,51.098953,29.825965,nuclide_mode,env_plus_no_ratio,extra_trees,0.0960292258595661,3.586281830499083e-05,3.586281830499083e-05,0.03735968526238195,0.03735968526238195,baseline,cs137_minus_20
54,0.0996404519828754,51.097862,29.866694,nuclide_mode,env_plus_no_ratio,extra_trees,0.0984836986171539,-0.0011567533657214912,0.0011567533657214912,-1.1609274573747372,1.1609274573747372,baseline,cs137_minus_20
55,0.1076017813918154,51.09713,29.95382,nuclide_mode,env_plus_no_ratio,extra_trees,0.1056008986929924,-0.002000882698822995,0.002000882698822995,-1.8595256258231334,1.8595256258231334,baseline,cs137_minus_20
56,0.1415541536470264,51.09827,29.99426,nuclide_mode,env_plus_no_ratio,extra_trees,0.1254705627015395,-0.016083590945486892,0.016083590945486892,-11.362146945961241,11.362146945961241,baseline,cs137_minus_20
57,0.113997375382735,51.097862,30.023769,nuclide_mode,env_plus_no_ratio,extra_trees,0.1130758349419529,-0.0009215404407820899,0.0009215404407820899,-0.8083874191735628,0.8083874191735628,baseline,cs137_minus_20
58,0.1116663820683513,51.09832,30.07888,nuclide_mode,env_plus_no_ratio,extra_trees,0.1108551340341969,-0.000811248034154402,0.000811248034154402,-0.7264926284240452,0.7264926284240452,baseline,cs137_minus_20
59,0.1133888522044016,51.09823,30.12301,nuclide_mode,env_plus_no_ratio,extra_trees,0.1118714098126142,-0.001517442391787402,0.001517442391787402,-1.3382641787853786,1.3382641787853786,baseline,cs137_minus_20
60,0.1092903633651651,51.09777,30.16727,nuclide_mode,env_plus_no_ratio,extra_trees,0.1070792950976196,-0.0022110682675454962,0.0022110682675454962,-2.0231136574757205,2.0231136574757205,baseline,cs137_minus_20
61,0.1075835633393497,51.09787,30.20979,nuclide_mode,env_plus_no_ratio,extra_trees,0.1058452989096205,-0.0017382644297292,0.0017382644297292,-1.6157342030456927,1.6157342030456927,baseline,cs137_minus_20
62,0.1041543282936543,51.09777,30.22431,nuclide_mode,env_plus_no_ratio,extra_trees,0.1038100157068144,-0.0003443125868398955,0.0003443125868398955,-0.3305792399420362,0.3305792399420362,baseline,cs137_minus_20
63,0.106059684364872,51.098,30.25237,nuclide_mode,env_plus_no_ratio,extra_trees,0.1045782090263629,-0.0014814753385090917,0.0014814753385090917,-1.3968317437306752,1.3968317437306752,baseline,cs137_minus_20
64,0.1093383994381455,51.09788,30.26656,nuclide_mode,env_plus_no_ratio,extra_trees,0.1063619665329148,-0.002976432905230697,0.002976432905230697,-2.7222210317012308,2.7222210317012308,baseline,cs137_minus_20
65,0.1074710340525884,51.0983,30.29691,nuclide_mode,env_plus_no_ratio,extra_trees,0.1064063379461305,-0.001064696106457902,0.001064696106457902,-0.9906819226629178,0.9906819226629178,baseline,cs137_minus_20
66,0.0970753355581154,51.09198,29.75775,nuclide_mode,env_plus_no_ratio,extra_trees,0.0970704491191417,-4.8864389737002245e-06,4.8864389737002245e-06,-0.005033656536551341,0.005033656536551341,baseline,cs137_minus_20
67,0.1131144879203962,51.09238,30.03711,nuclide_mode,env_plus_no_ratio,extra_trees,0.1112597858568796,-0.0018547020635166084,0.0018547020635166084,-1.6396680015223568,1.6396680015223568,baseline,cs137_minus_20
68,0.1141721207735428,51.09123,30.05345,nuclide_mode,env_plus_no_ratio,extra_trees,0.1077208953211042,-0.006451225452438605,0.006451225452438605,-5.650438485971921,5.650438485971921,baseline,cs137_minus_20
69,0.1061139639841477,51.08926,30.33778,nuclide_mode,env_plus_no_ratio,extra_trees,0.1057727465539316,-0.0003412174302161036,0.0003412174302161036,-0.3215575192979106,0.3215575192979106,baseline,cs137_minus_20
70,0.1068028832962774,51.08871,30.30723,nuclide_mode,env_plus_no_ratio,extra_trees,0.1047360039719038,-0.002066879324373605,0.002066879324373605,-1.9352280206143515,1.9352280206143515,baseline,cs137_minus_20
71,0.1029074630280535,51.08875,30.2943,nuclide_mode,env_plus_no_ratio,extra_trees,0.1014946477349981,-0.0014128152930553972,0.0014128152930553972,-1.372898768935982,1.372898768935982,baseline,cs137_minus_20
72,0.1056070321772351,51.08902,30.28173,nuclide_mode,env_plus_no_ratio,extra_trees,0.1038233811794807,-0.0017836509977544046,0.0017836509977544046,-1.6889509732277965,1.6889509732277965,baseline,cs137_minus_20
73,0.1469072783474464,51.08904,30.25095,nuclide_mode,env_plus_no_ratio,extra_trees,0.1267294906704275,-0.020177787677018916,0.020177787677018916,-13.735049688482404,13.735049688482404,baseline,cs137_minus_20
74,0.1067141310361769,51.08882,30.22364,nuclide_mode,env_plus_no_ratio,extra_trees,0.10625361274197,-0.00046051829420690193,0.00046051829420690193,-0.4315438730891064,0.4315438730891064,baseline,cs137_minus_20
75,0.1093028290844321,51.08949,30.0375,nuclide_mode,env_plus_no_ratio,extra_trees,0.1074417921130976,-0.0018610369713345093,0.0018610369713345093,-1.702643002860367,1.702643002860367,baseline,cs137_minus_20
76,0.1113744152728581,51.08838,30.02322,nuclide_mode,env_plus_no_ratio,extra_trees,0.1092978994646604,-0.002076515808197704,0.002076515808197704,-1.8644459799051807,1.8644459799051807,baseline,cs137_minus_20
77,0.1081757700322409,51.089414,30.009772,nuclide_mode,env_plus_no_ratio,extra_trees,0.1057080063758579,-0.0024677636563830013,0.0024677636563830013,-2.2812536075754344,2.2812536075754344,baseline,cs137_minus_20
78,0.1027869666415951,51.08329,29.90467,nuclide_mode,env_plus_no_ratio,extra_trees,0.1023821932691119,-0.0004047733724832081,0.0004047733724832081,-0.3937983440007532,0.3937983440007532,baseline,cs137_minus_20
79,0.1055291447558459,51.081516,29.99411,nuclide_mode,env_plus_no_ratio,extra_trees,0.1049263555772867,-0.0006027891785592016,0.0006027891785592016,-0.5712063524762048,0.5712063524762048,baseline,cs137_minus_20
80,0.1130746804918883,51.079876,30.237963,nuclide_mode,env_plus_no_ratio,extra_trees,0.1122362251578633,-0.0008384553340250039,0.0008384553340250039,-0.7415058175513949,0.7415058175513949,baseline,cs137_minus_20
81,0.1137494568909425,51.079876,30.252243,nuclide_mode,env_plus_no_ratio,extra_trees,0.1113965885053251,-0.002352868385617393,0.002352868385617393,-2.0684655996847616,2.0684655996847616,baseline,cs137_minus_20
82,0.1093402458290989,51.07945,30.28069,nuclide_mode,env_plus_no_ratio,extra_trees,0.1093816079459895,4.1362116890597544e-05,4.1362116890597544e-05,0.037828812782483956,0.037828812782483956,baseline,cs137_minus_20
83,0.1072132218143199,51.07985,30.29523,nuclide_mode,env_plus_no_ratio,extra_trees,0.104911143031109,-0.002302078783210898,0.002302078783210898,-2.147196720939713,2.147196720939713,baseline,cs137_minus_20
84,0.1026948755982633,51.079876,30.309361,nuclide_mode,env_plus_no_ratio,extra_trees,0.1013452665886287,-0.0013496090096346003,0.0013496090096346003,-1.3141931394066793,1.3141931394066793,baseline,cs137_minus_20
85,0.1056903762816073,51.07903,30.33656,nuclide_mode,env_plus_no_ratio,extra_trees,0.1042513660545155,-0.0014390102270917943,0.0014390102270917943,-1.3615338290192247,1.3615338290192247,baseline,cs137_minus_20
86,0.0996061977073475,51.0802,30.3521,nuclide_mode,env_plus_no_ratio,extra_trees,0.0995839473269855,-2.2250380361993338e-05,2.2250380361993338e-05,-0.022338349293652467,0.022338349293652467,baseline,cs137_minus_20
87,0.105953429877825,51.07991,30.38073,nuclide_mode,env_plus_no_ratio,extra_trees,0.1048119611781052,-0.0011414686997197887,0.0011414686997197887,-1.0773305791384171,1.0773305791384171,baseline,cs137_minus_20
88,0.1077266377233284,51.07956,30.39463,nuclide_mode,env_plus_no_ratio,extra_trees,0.1059748516309977,-0.0017517860923307038,0.0017517860923307038,-1.6261401352094287,1.6261401352094287,baseline,cs137_minus_20
89,0.1118598604466445,51.07692,29.99038,nuclide_mode,env_plus_no_ratio,extra_trees,0.1110337354976299,-0.0008261249490146005,0.0008261249490146005,-0.7385356514088,0.7385356514088,baseline,cs137_minus_20
90,0.1069263026238167,51.07718,29.90931,nuclide_mode,env_plus_no_ratio,extra_trees,0.1051679373183134,-0.0017583653055032872,0.0017583653055032872,-1.6444647035907423,1.6444647035907423,baseline,cs137_minus_20
91,0.1011562858495249,51.07401,29.9243,nuclide_mode,env_plus_no_ratio,extra_trees,0.1010367436304792,-0.0001195422190456985,0.0001195422190456985,-0.11817576934717,0.11817576934717,baseline,cs137_minus_20
92,0.1070062426846112,51.07378,29.96635,nuclide_mode,env_plus_no_ratio,extra_trees,0.105595261857841,-0.0014109808267702,0.0014109808267702,-1.3185967391911018,1.3185967391911018,baseline,cs137_minus_20
93,0.1039666334846588,51.07352,29.98019,nuclide_mode,env_plus_no_ratio,extra_trees,0.1032984903094432,-0.000668143175215602,0.000668143175215602,-0.6426515438861377,0.6426515438861377,baseline,cs137_minus_20
94,0.1044948680211727,51.070883,30.380797,nuclide_mode,env_plus_no_ratio,extra_trees,0.1037334210572577,-0.0007614469639149885,0.0007614469639149885,-0.7286931677455245,0.7286931677455245,baseline,cs137_minus_20
95,0.1075089969510451,51.07149,30.35115,nuclide_mode,env_plus_no_ratio,extra_trees,0.1059186478535684,-0.0015903490974766982,0.0015903490974766982,-1.4792707053167593,1.4792707053167593,baseline,cs137_minus_20
96,0.1109399288766821,51.0716,30.29536,nuclide_mode,env_plus_no_ratio,extra_trees,0.1103438176409825,-0.0005961112356995951,0.0005961112356995951,-0.5373279411078555,0.5373279411078555,baseline,cs137_minus_20
97,0.114341737467818,51.07112,30.28154,nuclide_mode,env_plus_no_ratio,extra_trees,0.1132288405160011,-0.0011128969518169052,0.0011128969518169052,-0.9733077146305696,0.9733077146305696,baseline,cs137_minus_20
98,0.1107022920312239,51.07061,30.2655,nuclide_mode,env_plus_no_ratio,extra_trees,0.1106225775317123,-7.971449951160725e-05,7.971449951160725e-05,-0.07200799373614011,0.07200799373614011,baseline,cs137_minus_20
99,0.1120241245803468,51.07076,30.25218,nuclide_mode,env_plus_no_ratio,extra_trees,0.111591096646479,-0.000433027933867805,0.000433027933867805,-0.38654882195238705,0.38654882195238705,baseline,cs137_minus_20
100,0.1114333423763695,51.07117,30.23779,nuclide_mode,env_plus_no_ratio,extra_trees,0.1110278479205069,-0.00040549445586259003,0.00040549445586259003,-0.36388970052878805,0.36388970052878805,baseline,cs137_minus_20
101,0.1049819530404434,51.070892,30.209384,nuclide_mode,env_plus_no_ratio,extra_trees,0.1034145440839689,-0.001567408956474503,0.001567408956474503,-1.4930270499641707,1.4930270499641707,baseline,cs137_minus_20
102,0.1137412221575503,51.07092,30.19519,nuclide_mode,env_plus_no_ratio,extra_trees,0.1112788957642054,-0.002462326393344899,0.002462326393344899,-2.1648496003798625,2.1648496003798625,baseline,cs137_minus_20
103,0.1042102353723809,51.07084,30.1686,nuclide_mode,env_plus_no_ratio,extra_trees,0.1056266779267136,0.0014164425543326947,0.0014164425543326947,1.359216346907991,1.359216346907991,baseline,cs137_minus_20
104,0.1504225231513647,51.07126,30.12382,nuclide_mode,env_plus_no_ratio,extra_trees,0.1437210629548077,-0.006701460196557013,0.006701460196557013,-4.455090937288412,4.455090937288412,baseline,cs137_minus_20
105,0.1154821407773227,51.06958,30.08226,nuclide_mode,env_plus_no_ratio,extra_trees,0.1105393896010495,-0.0049427511762732,0.0049427511762732,-4.2801000596308745,4.2801000596308745,baseline,cs137_minus_20
106,0.1053800352405235,51.07047,30.039138,nuclide_mode,env_plus_no_ratio,extra_trees,0.1029585203445616,-0.0024215148959619015,0.0024215148959619015,-2.2978877264891224,2.2978877264891224,baseline,cs137_minus_20
107,0.1094102194657331,51.07107,29.99345,nuclide_mode,env_plus_no_ratio,extra_trees,0.1075143027943317,-0.0018959166714013903,0.0018959166714013903,-1.732851538603471,1.732851538603471,baseline,cs137_minus_20
108,0.1094247842362929,51.071267,29.953709,nuclide_mode,env_plus_no_ratio,extra_trees,0.1056499860216798,-0.003774798214613101,0.003774798214613101,-3.4496738933126583,3.4496738933126583,baseline,cs137_minus_20
109,0.1013838183927468,51.07154,29.90879,nuclide_mode,env_plus_no_ratio,extra_trees,0.1011902702961128,-0.0001935480966339942,0.0001935480966339942,-0.19090630013974796,0.19090630013974796,baseline,cs137_minus_20
110,0.1018727132758231,51.069372,29.866127,nuclide_mode,env_plus_no_ratio,extra_trees,0.1000557804131114,-0.001816932862711701,0.001816932862711701,-1.7835324144084654,1.7835324144084654,baseline,cs137_minus_20
111,0.1005312590053387,51.06997,29.82462,nuclide_mode,env_plus_no_ratio,extra_trees,0.1003315410954225,-0.00019971790991619998,0.00019971790991619998,-0.1986624975079582,0.1986624975079582,baseline,cs137_minus_20
112,0.095739206076342,51.07151,29.78159,nuclide_mode,env_plus_no_ratio,extra_trees,0.0951053958171967,-0.000633810259145301,0.000633810259145301,-0.6620174588035581,0.6620174588035581,baseline,cs137_minus_20
113,0.0991348744830794,51.067894,29.804816,nuclide_mode,env_plus_no_ratio,extra_trees,0.0990954031675349,-3.947131554449257e-05,3.947131554449257e-05,-0.03981577194736817,0.03981577194736817,baseline,cs137_minus_20
114,0.1007936603350601,51.067894,29.819094,nuclide_mode,env_plus_no_ratio,extra_trees,0.1005578394806274,-0.00023582085443270284,0.00023582085443270284,-0.23396397516350026,0.23396397516350026,baseline,cs137_minus_20
115,0.1112181492458078,51.06536,30.26233,nuclide_mode,env_plus_no_ratio,extra_trees,0.1088429915036167,-0.002375157742191103,0.002375157742191103,-2.13558466697883,2.13558466697883,baseline,cs137_minus_20
116,0.1066509694026618,51.06477,30.24661,nuclide_mode,env_plus_no_ratio,extra_trees,0.1042521320829613,-0.002398837319700503,0.002398837319700503,-2.2492409896844623,2.2492409896844623,baseline,cs137_minus_20
117,0.1075019306369451,51.064896,30.047557,nuclide_mode,env_plus_no_ratio,extra_trees,0.105711120987883,-0.0017908096490621,0.0017908096490621,-1.6658395234872683,1.6658395234872683,baseline,cs137_minus_20
118,0.1496781346147653,51.061889,30.123726,nuclide_mode,env_plus_no_ratio,extra_trees,0.1264203406276266,-0.023257793987138703,0.023257793987138703,-15.538538108454212,15.538538108454212,baseline,cs137_minus_20
119,0.1090959301629868,51.061004,30.195435,nuclide_mode,env_plus_no_ratio,extra_trees,0.108959337067131,-0.00013659309585579982,0.00013659309585579982,-0.12520457514018432,0.12520457514018432,baseline,cs137_minus_20
120,0.1103662563895594,51.061738,30.199676,nuclide_mode,env_plus_no_ratio,extra_trees,0.1090491257731989,-0.0013171306163604901,0.0013171306163604901,-1.1934178610819404,1.1934178610819404,baseline,cs137_minus_20
121,0.0972722937061006,51.05862,29.71945,nuclide_mode,env_plus_no_ratio,extra_trees,0.0972058603864675,-6.64333196331024e-05,6.64333196331024e-05,-0.06829624048326097,0.06829624048326097,baseline,cs137_minus_20
122,0.1094321866552302,51.0527,30.26792,nuclide_mode,env_plus_no_ratio,extra_trees,0.1048308802442491,-0.00460130641098111,0.00460130641098111,-4.204710288278969,4.204710288278969,baseline,cs137_minus_20
123,0.1098205000068578,51.05272,30.20061,nuclide_mode,env_plus_no_ratio,extra_trees,0.1065980673138938,-0.003222432692963989,0.003222432692963989,-2.934272465307263,2.934272465307263,baseline,cs137_minus_20
124,0.1359919974445503,51.05289,30.13888,nuclide_mode,env_plus_no_ratio,extra_trees,0.1160991515501882,-0.01989284589436209,0.01989284589436209,-14.627953312086065,14.627953312086065,baseline,cs137_minus_20
125,0.106612658910983,51.05303,30.12438,nuclide_mode,env_plus_no_ratio,extra_trees,0.1047715934344142,-0.0018410654765688012,0.0018410654765688012,-1.726873239420857,1.726873239420857,baseline,cs137_minus_20
126,0.0995424522546118,51.05195,29.78041,nuclide_mode,env_plus_no_ratio,extra_trees,0.0994283216213253,-0.00011413063328649664,0.00011413063328649664,-0.11465523573256049,0.11465523573256049,baseline,cs137_minus_20
127,0.1094814856642437,51.05307,29.76716,nuclide_mode,env_plus_no_ratio,extra_trees,0.1099539595906444,0.0004724739264006933,0.0004724739264006933,0.4315560055968456,0.4315560055968456,baseline,cs137_minus_20
128,0.1027622190894767,51.05312,29.75195,nuclide_mode,env_plus_no_ratio,extra_trees,0.1027980521626982,3.5833073221497314e-05,3.5833073221497314e-05,0.03486989045098071,0.03486989045098071,baseline,cs137_minus_20
129,0.0992291314078962,51.05297,29.73811,nuclide_mode,env_plus_no_ratio,extra_trees,0.0991582157034326,-7.091570446360329e-05,7.091570446360329e-05,-0.07146661817696828,0.07146661817696828,baseline,cs137_minus_20
130,0.105385411707541,51.04988,29.79071,nuclide_mode,env_plus_no_ratio,extra_trees,0.1062000878011234,0.000814676093582406,0.000814676093582406,0.7730444663851996,0.7730444663851996,baseline,cs137_minus_20
131,0.1085716884576553,51.04561,30.19134,nuclide_mode,env_plus_no_ratio,extra_trees,0.1067836304516076,-0.0017880580060476992,0.0017880580060476992,-1.6468915897398708,1.6468915897398708,baseline,cs137_minus_20
132,0.1030881194615299,51.04714,30.14791,nuclide_mode,env_plus_no_ratio,extra_trees,0.1056125363436437,0.0025244168821138002,0.0025244168821138002,2.448795162138789,2.448795162138789,baseline,cs137_minus_20
133,0.1149639769437885,51.046912,30.133231,nuclide_mode,env_plus_no_ratio,extra_trees,0.1123836131076191,-0.0025803638361694,0.0025803638361694,-2.2444977155157617,2.2444977155157617,baseline,cs137_minus_20
134,0.0996683696388325,51.04704,30.1141,nuclide_mode,env_plus_no_ratio,extra_trees,0.0983511959989956,-0.0013171736398368966,0.0013171736398368966,-1.3215563218400468,1.3215563218400468,baseline,cs137_minus_20
135,0.1022517590253016,51.04676,29.77086,nuclide_mode,env_plus_no_ratio,extra_trees,0.1024868194934902,0.00023506046818859427,0.00023506046818859427,0.22988403371176228,0.22988403371176228,baseline,cs137_minus_20
136,0.1046595640325094,51.043838,29.694039,nuclide_mode,env_plus_no_ratio,extra_trees,0.1048443909776148,0.00018482694510540965,0.00018482694510540965,0.17659823716444933,0.17659823716444933,baseline,cs137_minus_20
137,0.0986172790551493,51.044,29.73761,nuclide_mode,env_plus_no_ratio,extra_trees,0.0986497790551493,3.249999999999087e-05,3.249999999999087e-05,0.03295568516123431,0.03295568516123431,baseline,cs137_minus_20
138,0.0982866513330011,51.044203,29.78018,nuclide_mode,env_plus_no_ratio,extra_trees,0.0981808327724138,-0.00010581856058730632,0.00010581856058730632,-0.10766320670422137,0.10766320670422137,baseline,cs137_minus_20
139,0.1008975463038253,51.04325,29.82336,nuclide_mode,env_plus_no_ratio,extra_trees,0.1008531979167172,-4.4348387108109066e-05,4.4348387108109066e-05,-0.04395388067670749,0.04395388067670749,baseline,cs137_minus_20
140,0.1109089959208549,51.04469,29.86551,nuclide_mode,env_plus_no_ratio,extra_trees,0.106943379078738,-0.003965616842116909,0.003965616842116909,-3.575559231414185,3.575559231414185,baseline,cs137_minus_20
141,0.1059305250638293,51.04398,29.90843,nuclide_mode,env_plus_no_ratio,extra_trees,0.1067681611744727,0.0008376361106433999,0.0008376361106433999,0.7907410164715747,0.7907410164715747,baseline,cs137_minus_20
142,0.1053496150624905,51.044055,29.952572,nuclide_mode,env_plus_no_ratio,extra_trees,0.1035822592321114,-0.001767355830379111,0.001767355830379111,-1.6776101453534156,1.6776101453534156,baseline,cs137_minus_20
143,0.108478852798741,51.04321,30.03807,nuclide_mode,env_plus_no_ratio,extra_trees,0.1070593583786564,-0.0014194944200845994,0.0014194944200845994,-1.3085448301321583,1.3085448301321583,baseline,cs137_minus_20
144,0.1105715285827977,51.04409,30.07969,nuclide_mode,env_plus_no_ratio,extra_trees,0.1087680912552984,-0.0018034373274992965,0.0018034373274992965,-1.6310141956198554,1.6310141956198554,baseline,cs137_minus_20
145,0.1167585291709336,51.043903,30.123726,nuclide_mode,env_plus_no_ratio,extra_trees,0.1150200253702047,-0.0017385038007289022,0.0017385038007289022,-1.4889737075941971,1.4889737075941971,baseline,cs137_minus_20
146,0.1107739179544022,51.04356,30.16552,nuclide_mode,env_plus_no_ratio,extra_trees,0.1089048930575138,-0.0018690248968883938,0.0018690248968883938,-1.6872427475732503,1.6872427475732503,baseline,cs137_minus_20
147,0.1057668293286174,51.04325,30.18084,nuclide_mode,env_plus_no_ratio,extra_trees,0.1055655145064802,-0.00020131482213719964,0.00020131482213719964,-0.19033833519932297,0.19033833519932297,baseline,cs137_minus_20
148,0.1132913298778349,51.044871,30.254171,nuclide_mode,env_plus_no_ratio,extra_trees,0.1107374467695631,-0.002553883108271801,0.002553883108271801,-2.254261743617735,2.254261743617735,baseline,cs137_minus_20
149,0.1096326654763249,51.0379,29.91425,nuclide_mode,env_plus_no_ratio,extra_trees,0.1081079079640035,-0.0015247575123213952,0.0015247575123213952,-1.3907875957377553,1.3907875957377553,baseline,cs137_minus_20
150,0.1075214276459981,51.0377,30.09093,nuclide_mode,env_plus_no_ratio,extra_trees,0.1066538008519637,-0.000867626794034404,0.000867626794034404,-0.8069338484706186,0.8069338484706186,baseline,cs137_minus_20
151,0.1096491254685274,51.0352,30.08228,nuclide_mode,env_plus_no_ratio,extra_trees,0.1090128219367443,-0.0006363035317830945,0.0006363035317830945,-0.580308806900364,0.580308806900364,baseline,cs137_minus_20
152,0.1039015640475521,51.02865,29.91425,nuclide_mode,env_plus_no_ratio,extra_trees,0.103155261942846,-0.0007463021047061091,0.0007463021047061091,-0.7182780274265678,0.7182780274265678,baseline,cs137_minus_20
153,0.1003846144063231,51.02773,29.90069,nuclide_mode,env_plus_no_ratio,extra_trees,0.1001234549976404,-0.0002611594086826957,0.0002611594086826957,-0.2601588004568214,0.2601588004568214,baseline,cs137_minus_20
154,0.0985601113880395,51.02546,29.52588,nuclide_mode,env_plus_no_ratio,extra_trees,0.0983918207281711,-0.00016829065986839753,0.00016829065986839753,-0.1707492590038002,0.1707492590038002,baseline,cs137_minus_20
155,0.0981213570146611,51.02572,29.7098,nuclide_mode,env_plus_no_ratio,extra_trees,0.0980823870575796,-3.89699570814972e-05,3.89699570814972e-05,-0.03971608044074888,0.03971608044074888,baseline,cs137_minus_20
156,0.1023653675152439,51.02575,30.06114,nuclide_mode,env_plus_no_ratio,extra_trees,0.101375491329832,-0.0009898761854119087,0.0009898761854119087,-0.9670030103340367,0.9670030103340367,baseline,cs137_minus_20
157,0.1033958656480853,51.02256,29.94257,nuclide_mode,env_plus_no_ratio,extra_trees,0.1021882640952551,-0.0012076015528302009,0.0012076015528302009,-1.16793988353495,1.16793988353495,baseline,cs137_minus_20
158,0.099956571479043,51.02296,29.49086,nuclide_mode,env_plus_no_ratio,extra_trees,0.1001785901414095,0.00022201866236649936,0.00022201866236649936,0.22211512367953523,0.22211512367953523,baseline,cs137_minus_20
159,0.1018305798355028,51.02015,29.86218,nuclide_mode,env_plus_no_ratio,extra_trees,0.1018541346038603,2.3554768357497702e-05,2.3554768357497702e-05,0.023131330878747913,0.023131330878747913,baseline,cs137_minus_20
160,0.107219142294486,51.018467,30.082277,nuclide_mode,env_plus_no_ratio,extra_trees,0.1063445550438106,-0.0008745872506753932,0.0008745872506753932,-0.815700659377846,0.815700659377846,baseline,cs137_minus_20
161,0.1088325930235085,51.01669,30.05093,nuclide_mode,env_plus_no_ratio,extra_trees,0.1054819428038139,-0.0033506502196946064,0.0033506502196946064,-3.078719459501296,3.078719459501296,baseline,cs137_minus_20
162,0.1085197233806798,51.01683,30.0377,nuclide_mode,env_plus_no_ratio,extra_trees,0.1057861151795977,-0.0027336082010821078,0.0027336082010821078,-2.518996654177597,2.518996654177597,baseline,cs137_minus_20
163,0.1066253020984084,51.01689,30.02491,nuclide_mode,env_plus_no_ratio,extra_trees,0.103624208818039,-0.0030010932803694046,0.0030010932803694046,-2.814616438413075,2.814616438413075,baseline,cs137_minus_20
164,0.1035133857931416,51.01733,30.01091,nuclide_mode,env_plus_no_ratio,extra_trees,0.1021795824048062,-0.0013338033883354,0.0013338033883354,-1.2885322783285607,1.2885322783285607,baseline,cs137_minus_20
165,0.1057303253097919,51.015104,29.995365,nuclide_mode,env_plus_no_ratio,extra_trees,0.1043549872492653,-0.0013753380605266013,0.0013753380605266013,-1.3007980978937066,1.3007980978937066,baseline,cs137_minus_20
166,0.1095664801699954,51.01733,29.96693,nuclide_mode,env_plus_no_ratio,extra_trees,0.1074502667812424,-0.002116213388752994,0.002116213388752994,-1.9314423402756304,1.9314423402756304,baseline,cs137_minus_20
167,0.103800058287339,51.016923,29.952333,nuclide_mode,env_plus_no_ratio,extra_trees,0.1031720766853844,-0.000627981601954597,0.000627981601954597,-0.6049915696735162,0.6049915696735162,baseline,cs137_minus_20
168,0.1029674555289185,51.016923,29.938092,nuclide_mode,env_plus_no_ratio,extra_trees,0.1019606458800714,-0.0010068096488471123,0.0010068096488471123,-0.9777940453858732,0.9777940453858732,baseline,cs137_minus_20
169,0.1047640689234203,51.01651,29.9092,nuclide_mode,env_plus_no_ratio,extra_trees,0.1032387814921565,-0.0015252874312638026,0.0015252874312638026,-1.4559261080044021,1.4559261080044021,baseline,cs137_minus_20
170,0.1008947612948376,51.01713,29.86675,nuclide_mode,env_plus_no_ratio,extra_trees,0.1008974021925079,2.640897670297404e-06,2.640897670297404e-06,0.0026174774947730897,0.0026174774947730897,baseline,cs137_minus_20
171,0.1033391277313749,51.01694,29.85252,nuclide_mode,env_plus_no_ratio,extra_trees,0.102137341512221,-0.0012017862191538997,0.0012017862191538997,-1.1629537093422013,1.1629537093422013,baseline,cs137_minus_20
172,0.0975522905979266,51.01673,29.82278,nuclide_mode,env_plus_no_ratio,extra_trees,0.0974707770582446,-8.151353968199881e-05,8.151353968199881e-05,-0.08355881669449115,0.08355881669449115,baseline,cs137_minus_20
173,0.0980071867646902,51.01672,29.7806,nuclide_mode,env_plus_no_ratio,extra_trees,0.09800347603717,-3.7107275202008516e-06,3.7107275202008516e-06,-0.003786178996352688,0.003786178996352688,baseline,cs137_minus_20
174,0.0996059427988089,51.017546,29.740941,nuclide_mode,env_plus_no_ratio,extra_trees,0.0994609701321343,-0.00014497266667459763,0.00014497266667459763,-0.14554620196449888,0.14554620196449888,baseline,cs137_minus_20
175,0.1064571621173995,51.01699,29.69527,nuclide_mode,env_plus_no_ratio,extra_trees,0.1064559325241699,-1.2295932295958156e-06,1.2295932295958156e-06,-0.0011550122181914234,0.0011550122181914234,baseline,cs137_minus_20
176,0.1030188476103122,51.016936,29.652507,nuclide_mode,env_plus_no_ratio,extra_trees,0.1037816634760584,0.000762815865746197,0.000762815865746197,0.7404624332740439,0.7404624332740439,baseline,cs137_minus_20
177,0.1109947662845906,51.016936,29.62395,nuclide_mode,env_plus_no_ratio,extra_trees,0.1108199744754481,-0.0001747918091424966,0.0001747918091424966,-0.1574775234846032,0.1574775234846032,baseline,cs137_minus_20
178,0.1021027585478595,51.017298,29.610322,nuclide_mode,env_plus_no_ratio,extra_trees,0.102162788590778,6.003004291850467e-05,6.003004291850467e-05,0.05879375226710087,0.05879375226710087,baseline,cs137_minus_20
179,0.0991039569320445,51.016936,29.566834,nuclide_mode,env_plus_no_ratio,extra_trees,0.0989414234848454,-0.00016253344719910356,0.00016253344719910356,-0.16400298457361556,0.16400298457361556,baseline,cs137_minus_20
180,0.1074592604356263,51.01683,29.52235,nuclide_mode,env_plus_no_ratio,extra_trees,0.1050546044459237,-0.002404655989702603,0.002404655989702603,-2.2377373340877567,2.2377373340877567,baseline,cs137_minus_20
181,0.1036165923868782,51.01756,29.5101,nuclide_mode,env_plus_no_ratio,extra_trees,0.1029965301371233,-0.0006200622497549019,0.0006200622497549019,-0.5984198432619228,0.5984198432619228,baseline,cs137_minus_20
182,0.0975870358872168,51.016936,29.494968,nuclide_mode,env_plus_no_ratio,extra_trees,0.0975566373587067,-3.0398528510097722e-05,3.0398528510097722e-05,-0.03115017095634494,0.03115017095634494,baseline,cs137_minus_20
183,0.0986293467516517,51.016923,29.481023,nuclide_mode,env_plus_no_ratio,extra_trees,0.0986401952595079,1.08485078561954e-05,1.08485078561954e-05,0.010999269703683527,0.010999269703683527,baseline,cs137_minus_20
184,0.1087966189198201,51.0116,30.02819,nuclide_mode,env_plus_no_ratio,extra_trees,0.1051342654193265,-0.003662353500493612,0.003662353500493612,-3.36623834164613,3.36623834164613,baseline,cs137_minus_20
185,0.1039112157903205,51.01114,29.85768,nuclide_mode,env_plus_no_ratio,extra_trees,0.1026091932992619,-0.0013020224910586103,0.0013020224910586103,-1.253014394217006,1.253014394217006,baseline,cs137_minus_20
186,0.1022885283029214,51.010941,29.695343,nuclide_mode,env_plus_no_ratio,extra_trees,0.1044192910848431,0.0021307627819217023,0.0021307627819217023,2.083090662534097,2.083090662534097,baseline,cs137_minus_20
187,0.1036214920949421,51.010941,29.681065,nuclide_mode,env_plus_no_ratio,extra_trees,0.1035475328377703,-7.395925717181007e-05,7.395925717181007e-05,-0.07137443755784338,0.07137443755784338,baseline,cs137_minus_20
188,0.1106183070915996,51.011283,29.61909,nuclide_mode,env_plus_no_ratio,extra_trees,0.1106404283037208,2.2121212121195555e-05,2.2121212121195555e-05,0.019997785812141983,0.019997785812141983,baseline,cs137_minus_20
189,0.1025685991919577,51.00804,29.52415,nuclide_mode,env_plus_no_ratio,extra_trees,0.1026158239182831,4.722472632540109e-05,4.722472632540109e-05,0.04604208958437636,0.04604208958437636,baseline,cs137_minus_20
190,0.0976720457739358,51.008,29.77188,nuclide_mode,env_plus_no_ratio,extra_trees,0.0976065413603943,-6.55044135415006e-05,6.55044135415006e-05,-0.0670656716796043,0.0670656716796043,baseline,cs137_minus_20
191,0.101682096674673,51.0079,29.86667,nuclide_mode,env_plus_no_ratio,extra_trees,0.1015375830130738,-0.000144513661599191,0.000144513661599191,-0.1421230150884433,0.1421230150884433,baseline,cs137_minus_20
192,0.1083763604951641,51.00832,29.95249,nuclide_mode,env_plus_no_ratio,extra_trees,0.1056909047443432,-0.002685455750820895,0.002685455750820895,-2.4778980753286355,2.4778980753286355,baseline,cs137_minus_20
193,0.1105877973402835,51.0072,30.01928,nuclide_mode,env_plus_no_ratio,extra_trees,0.1073188801158126,-0.0032689172244708964,0.0032689172244708964,-2.955947494290256,2.955947494290256,baseline,cs137_minus_20
194,0.1122695763559807,51.00467,30.00338,nuclide_mode,env_plus_no_ratio,extra_trees,0.1113328919505042,-0.0009366844054764928,0.0009366844054764928,-0.8343172174325166,0.8343172174325166,baseline,cs137_minus_20
195,0.0987821318032893,51.0051,29.79124,nuclide_mode,env_plus_no_ratio,extra_trees,0.0984349160775854,-0.00034721572570391157,0.00034721572570391157,-0.3514964896640849,0.3514964896640849,baseline,cs137_minus_20
196,0.1022485066028932,51.001948,29.695343,nuclide_mode,env_plus_no_ratio,extra_trees,0.1025440326791022,0.00029552607620900173,0.00029552607620900173,0.2890272787618784,0.2890272787618784,baseline,cs137_minus_20
197,0.1060421465689241,50.99842,29.76682,nuclide_mode,env_plus_no_ratio,extra_trees,0.1074496636887971,0.0014075171198729974,0.0014075171198729974,1.3273185855004876,1.3273185855004876,baseline,cs137_minus_20
198,0.0977695291419507,50.99902,29.52905,nuclide_mode,env_plus_no_ratio,extra_trees,0.0977102083442284,-5.9320797722292595e-05,5.9320797722292595e-05,-0.06067411620256989,0.06067411620256989,baseline,cs137_minus_20
199,0.102579902946923,50.99581,29.92384,nuclide_mode,env_plus_no_ratio,extra_trees,0.1025466633889339,-3.323955798910372e-05,3.323955798910372e-05,-0.032403577147370244,0.032403577147370244,baseline,cs137_minus_20
200,0.1021261442789498,50.98989,29.52395,nuclide_mode,env_plus_no_ratio,extra_trees,0.1018390821020599,-0.0002870621768898962,0.0002870621768898962,-0.281085885418143,0.281085885418143,baseline,cs137_minus_20
201,0.0995309033032998,50.99044,29.56701,nuclide_mode,env_plus_no_ratio,extra_trees,0.0995048835042987,-2.6019799001103516e-05,2.6019799001103516e-05,-0.026142432287400798,0.026142432287400798,baseline,cs137_minus_20
202,0.0977009564923632,50.99004,29.58575,nuclide_mode,env_plus_no_ratio,extra_trees,0.0976656269892074,-3.5329503155795416e-05,3.5329503155795416e-05,-0.03616085699074702,0.03616085699074702,baseline,cs137_minus_20
203,0.1019189312973938,50.98957,29.60909,nuclide_mode,env_plus_no_ratio,extra_trees,0.1021023535763449,0.00018342227895110086,0.00018342227895110086,0.17996880129745946,0.17996880129745946,baseline,cs137_minus_20
204,0.1078159742516321,50.989943,29.6525,nuclide_mode,env_plus_no_ratio,extra_trees,0.1078925254925311,7.655124089900323e-05,7.655124089900323e-05,0.07100176150181604,0.07100176150181604,baseline,cs137_minus_20
205,0.0983742530185106,50.989943,29.695338,nuclide_mode,env_plus_no_ratio,extra_trees,0.0979655620552919,-0.00040869096321870246,0.00040869096321870246,-0.41544504855533804,0.41544504855533804,baseline,cs137_minus_20
206,0.0994392081481102,50.98956,29.73812,nuclide_mode,env_plus_no_ratio,extra_trees,0.100010817513472,0.0005716093653617971,0.0005716093653617971,0.5748329818861899,0.5748329818861899,baseline,cs137_minus_20
207,0.1021146555025987,50.98991,29.7527,nuclide_mode,env_plus_no_ratio,extra_trees,0.1022604095276522,0.00014575402505349888,0.00014575402505349888,0.14273565761556098,0.14273565761556098,baseline,cs137_minus_20
208,0.1098579272593449,50.99019,29.767031,nuclide_mode,env_plus_no_ratio,extra_trees,0.107772764149261,-0.0020851631100839013,0.0020851631100839013,-1.8980542980402262,1.8980542980402262,baseline,cs137_minus_20
209,0.1017887446543772,50.99056,29.78161,nuclide_mode,env_plus_no_ratio,extra_trees,0.101789545666451,8.010120737950155e-07,8.010120737950155e-07,0.000786935801708573,0.000786935801708573,baseline,cs137_minus_20
210,0.0976502496997286,50.98869,29.82286,nuclide_mode,env_plus_no_ratio,extra_trees,0.0976326607215479,-1.7588978180702042e-05,1.7588978180702042e-05,-0.018012220383242836,0.018012220383242836,baseline,cs137_minus_20
211,0.1024939919735471,50.991258,29.865266,nuclide_mode,env_plus_no_ratio,extra_trees,0.1001521626897054,-0.00234182928384169,0.00234182928384169,-2.284845422399098,2.284845422399098,baseline,cs137_minus_20
212,0.1048445493773917,50.98952,29.90993,nuclide_mode,env_plus_no_ratio,extra_trees,0.1033057406652013,-0.0015388087121903926,0.0015388087121903926,-1.4677050178845215,1.4677050178845215,baseline,cs137_minus_20
213,0.1124282669097823,50.99009,29.95323,nuclide_mode,env_plus_no_ratio,extra_trees,0.1086156170765001,-0.0038126498332822084,0.0038126498332822084,-3.3911843863444564,3.3911843863444564,baseline,cs137_minus_20
214,0.1055554090205393,50.99025,29.99456,nuclide_mode,env_plus_no_ratio,extra_trees,0.1042622387076457,-0.0012931703128935962,0.0012931703128935962,-1.2251104182088548,1.2251104182088548,baseline,cs137_minus_20
215,0.1118830984344701,50.98754,29.98126,nuclide_mode,env_plus_no_ratio,extra_trees,0.1067592737068796,-0.005123824727590501,0.005123824727590501,-4.579623552874274,4.579623552874274,baseline,cs137_minus_20
216,0.1133901948656578,50.986961,29.966644,nuclide_mode,env_plus_no_ratio,extra_trees,0.1128237774514713,-0.0005664174141864903,0.0005664174141864903,-0.4995294477247959,0.4995294477247959,baseline,cs137_minus_20
217,0.10752591018978,50.986,29.91985,nuclide_mode,env_plus_no_ratio,extra_trees,0.1058371383465325,-0.0016887718432475052,0.0016887718432475052,-1.570572004707399,1.570572004707399,baseline,cs137_minus_20
218,0.1013336013548846,50.983963,29.666786,nuclide_mode,env_plus_no_ratio,extra_trees,0.1012062148277573,-0.00012738652712730725,0.00012738652712730725,-0.12571005611572178,0.12571005611572178,baseline,cs137_minus_20
219,0.0968510892080693,50.980965,30.052317,nuclide_mode,env_plus_no_ratio,extra_trees,0.0968510892080692,-9.71445146547012e-17,9.71445146547012e-17,-1.003029655619066e-13,1.003029655619066e-13,baseline,cs137_minus_20
220,0.1089314925853855,50.98092,29.97109,nuclide_mode,env_plus_no_ratio,extra_trees,0.1068186045367585,-0.0021128880486269985,0.0021128880486269985,-1.939648487760158,1.939648487760158,baseline,cs137_minus_20
221,0.1079320032860266,50.980922,29.952048,nuclide_mode,env_plus_no_ratio,extra_trees,0.1074237351393008,-0.0005082681467258043,0.0005082681467258043,-0.47091514217415364,0.47091514217415364,baseline,cs137_minus_20
222,0.1012951371585012,50.98036,29.78619,nuclide_mode,env_plus_no_ratio,extra_trees,0.1013005435878758,5.406429374590904e-06,5.406429374590904e-06,0.0053373039676437905,0.0053373039676437905,baseline,cs137_minus_20
223,0.1020903270981447,50.98055,29.7714,nuclide_mode,env_plus_no_ratio,extra_trees,0.1018712021669486,-0.00021912493119609355,0.00021912493119609355,-0.2146382888806277,0.2146382888806277,baseline,cs137_minus_20
224,0.1051401466987556,50.98108,29.75715,nuclide_mode,env_plus_no_ratio,extra_trees,0.1036297511526412,-0.0015103955461144014,0.0015103955461144014,-1.4365545355780618,1.4365545355780618,baseline,cs137_minus_20
225,0.0979719656043391,50.98098,29.60994,nuclide_mode,env_plus_no_ratio,extra_trees,0.0977311480103224,-0.00024081759401670122,0.00024081759401670122,-0.24580255436462897,0.24580255436462897,baseline,cs137_minus_20
226,0.0990126715232741,50.980348,29.595394,nuclide_mode,env_plus_no_ratio,extra_trees,0.0989970713268971,-1.5600196377002495e-05,1.5600196377002495e-05,-0.01575575745710031,0.01575575745710031,baseline,cs137_minus_20
227,0.1002802476522334,50.9809,29.58118,nuclide_mode,env_plus_no_ratio,extra_trees,0.1004729324784113,0.0001926848261779024,0.0001926848261779024,0.1921463405696037,0.1921463405696037,baseline,cs137_minus_20
228,0.0981336075041491,50.98112,29.43281,nuclide_mode,env_plus_no_ratio,extra_trees,0.0979581862774997,-0.00017542122664938875,0.00017542122664938875,-0.1787575440370639,0.1787575440370639,baseline,cs137_minus_20
229,0.101017507155379,50.977968,29.662026,nuclide_mode,env_plus_no_ratio,extra_trees,0.1007904779272974,-0.00022702922808159887,0.00022702922808159887,-0.22474245749540847,0.22474245749540847,baseline,cs137_minus_20
230,0.1119723910891164,50.97835,30.01494,nuclide_mode,env_plus_no_ratio,extra_trees,0.109977210942835,-0.001995180146281403,0.001995180146281403,-1.781850085431758,1.781850085431758,baseline,cs137_minus_20
231,0.0999094967787527,50.97511,29.5334,nuclide_mode,env_plus_no_ratio,extra_trees,0.0998400104903531,-6.948628839960336e-05,6.948628839960336e-05,-0.0695492326955456,0.0695492326955456,baseline,cs137_minus_20
232,0.0990008246566636,50.97487,29.52447,nuclide_mode,env_plus_no_ratio,extra_trees,0.0989469644090193,-5.3860247644296755e-05,5.3860247644296755e-05,-0.05440383737315819,0.05440383737315819,baseline,cs137_minus_20
233,0.0976194278462332,50.9752,29.51049,nuclide_mode,env_plus_no_ratio,extra_trees,0.0971937133755855,-0.00042571447064770895,0.00042571447064770895,-0.436096051821037,0.436096051821037,baseline,cs137_minus_20
234,0.1049936357689363,50.97223,29.77673,nuclide_mode,env_plus_no_ratio,extra_trees,0.1056910134270256,0.0006973776580892904,0.0006973776580892904,0.6642094570608426,0.6642094570608426,baseline,cs137_minus_20
235,0.1024836731050738,50.97124,29.92359,nuclide_mode,env_plus_no_ratio,extra_trees,0.1028340799781358,0.00035040687306200913,0.00035040687306200913,0.34191482647459975,0.34191482647459975,baseline,cs137_minus_20
236,0.1091436408781199,50.97261,30.00841,nuclide_mode,env_plus_no_ratio,extra_trees,0.1091602097598781,1.6568881758202703e-05,1.6568881758202703e-05,0.015180803595057893,0.015180803595057893,baseline,cs137_minus_20
237,0.1031427648238852,50.96872,29.948,nuclide_mode,env_plus_no_ratio,extra_trees,0.1021983029471079,-0.0009444618767772972,0.0009444618767772972,-0.9156840796249281,0.9156840796249281,baseline,cs137_minus_20
238,0.0989686673588453,50.96917,29.87584,nuclide_mode,env_plus_no_ratio,extra_trees,0.0989106144766011,-5.8052882244197246e-05,5.8052882244197246e-05,-0.05865783969153222,0.05865783969153222,baseline,cs137_minus_20
239,0.1269582054608184,50.962413,29.996578,nuclide_mode,env_plus_no_ratio,extra_trees,0.1211301912657769,-0.005828014195041503,0.005828014195041503,-4.590498246165061,4.590498246165061,baseline,cs137_minus_20
240,0.1135622959814029,50.9628,29.93671,nuclide_mode,env_plus_no_ratio,extra_trees,0.1092931171907127,-0.004269178790690192,0.004269178790690192,-3.7593276481388846,3.7593276481388846,baseline,cs137_minus_20
241,0.0988389807479079,50.96273,29.92281,nuclide_mode,env_plus_no_ratio,extra_trees,0.0986994177764982,-0.00013956297140969853,0.00013956297140969853,-0.14120235797013989,0.14120235797013989,baseline,cs137_minus_20
242,0.0972960404319819,50.96457,29.91055,nuclide_mode,env_plus_no_ratio,extra_trees,0.0972960404319819,0.0,0.0,0.0,0.0,baseline,cs137_minus_20
243,0.1061891430521343,50.96309,29.88077,nuclide_mode,env_plus_no_ratio,extra_trees,0.1037090364038482,-0.002480106648286101,0.002480106648286101,-2.3355557611652213,2.3355557611652213,baseline,cs137_minus_20
244,0.1034124600522586,50.96238,29.86654,nuclide_mode,env_plus_no_ratio,extra_trees,0.1017875757347772,-0.0016248843174813954,0.0016248843174813954,-1.5712655096496824,1.5712655096496824,baseline,cs137_minus_20
245,0.1032768218271693,50.96257,29.82359,nuclide_mode,env_plus_no_ratio,extra_trees,0.1017980665205961,-0.0014787553065731956,0.0014787553065731956,-1.431836573212767,1.431836573212767,baseline,cs137_minus_20
246,0.1114934448181495,50.96294,29.7816,nuclide_mode,env_plus_no_ratio,extra_trees,0.1115036181227258,1.0173304576296949e-05,1.0173304576296949e-05,0.009124576420515158,0.009124576420515158,baseline,cs137_minus_20
247,0.1016689338706617,50.96336,29.75333,nuclide_mode,env_plus_no_ratio,extra_trees,0.1016539564743468,-1.4977396314896918e-05,1.4977396314896918e-05,-0.014731536709089953,0.014731536709089953,baseline,cs137_minus_20
248,0.0997387872991942,50.96312,29.73859,nuclide_mode,env_plus_no_ratio,extra_trees,0.0997716549258545,3.2867626660298965e-05,3.2867626660298965e-05,0.03295370592556273,0.03295370592556273,baseline,cs137_minus_20
249,0.0992593207412562,50.961887,29.695044,nuclide_mode,env_plus_no_ratio,extra_trees,0.0987922960741465,-0.00046702466710969726,0.00046702466710969726,-0.4705096343819557,0.4705096343819557,baseline,cs137_minus_20
250,0.0989048082506559,50.962583,29.651804,nuclide_mode,env_plus_no_ratio,extra_trees,0.0983842235930111,-0.0005205846576447903,0.0005205846576447903,-0.5263491905524603,0.5263491905524603,baseline,cs137_minus_20
251,0.0993635402516202,50.962043,29.609604,nuclide_mode,env_plus_no_ratio,extra_trees,0.0987585305588224,-0.0006050096927977949,0.0006050096927977949,-0.6088850007414363,0.6088850007414363,baseline,cs137_minus_20
252,0.0968589400713295,50.963843,29.568409,nuclide_mode,env_plus_no_ratio,extra_trees,0.0968329202723285,-2.6019799001006372e-05,2.6019799001006372e-05,-0.026863600801169927,0.026863600801169927,baseline,cs137_minus_20
253,0.0983983799253421,50.962981,29.52422,nuclide_mode,env_plus_no_ratio,extra_trees,0.0980787322023885,-0.000319647722953606,0.000319647722953606,-0.32485059530058585,0.32485059530058585,baseline,cs137_minus_20
254,0.0985654442350082,50.96309,29.48104,nuclide_mode,env_plus_no_ratio,extra_trees,0.0982973104075341,-0.000268133827474093,0.000268133827474093,-0.2720363404793117,0.2720363404793117,baseline,cs137_minus_20
255,0.1032796539542675,50.96295,29.43806,nuclide_mode,env_plus_no_ratio,extra_trees,0.1014275811497099,-0.0018520728045575974,0.0018520728045575974,-1.7932600794515636,1.7932600794515636,baseline,cs137_minus_20
256,0.1022933469713623,50.95675,29.88591,nuclide_mode,env_plus_no_ratio,extra_trees,0.1015927245043196,-0.000700622467042708,0.000700622467042708,-0.684914989866205,0.684914989866205,baseline,cs137_minus_20
257,0.0978596107611635,50.956985,29.466881,nuclide_mode,env_plus_no_ratio,extra_trees,0.0977969265183676,-6.268424279590179e-05,6.268424279590179e-05,-0.06405527500910377,0.06405527500910377,baseline,cs137_minus_20
258,0.099243715856859,50.95397,29.481144,nuclide_mode,env_plus_no_ratio,extra_trees,0.0991926438495182,-5.107200734079387e-05,5.107200734079387e-05,-0.051461200238064386,0.051461200238064386,baseline,cs137_minus_20
259,0.1008859104255281,50.953985,29.495439,nuclide_mode,env_plus_no_ratio,extra_trees,0.1006925254270561,-0.00019338499847199042,0.00019338499847199042,-0.19168682490578628,0.19168682490578628,baseline,cs137_minus_20
260,0.0981047763534544,50.953985,29.566834,nuclide_mode,env_plus_no_ratio,extra_trees,0.0979041012729137,-0.0002006750805406965,0.0002006750805406965,-0.20455179451987046,0.20455179451987046,baseline,cs137_minus_20
261,0.0988527537357165,50.953985,29.576353,nuclide_mode,env_plus_no_ratio,extra_trees,0.0986046944343318,-0.0002480593013847038,0.0002480593013847038,-0.25093818028366915,0.25093818028366915,baseline,cs137_minus_20
262,0.1058526048394395,50.95394,29.75214,nuclide_mode,env_plus_no_ratio,extra_trees,0.1042858227570283,-0.0015667820824112055,0.0015667820824112055,-1.4801544891481404,1.4801544891481404,baseline,cs137_minus_20
263,0.1073306251915958,50.95425,29.7667,nuclide_mode,env_plus_no_ratio,extra_trees,0.1074826223454076,0.00015199715381181145,0.00015199715381181145,0.14161582823213922,0.14161582823213922,baseline,cs137_minus_20
264,0.1086062238598413,50.953443,29.927568,nuclide_mode,env_plus_no_ratio,extra_trees,0.1103066651309627,0.0017004412711214,0.0017004412711214,1.565694129386044,1.565694129386044,baseline,cs137_minus_20
265,0.0980879657314581,50.95103,29.67626,nuclide_mode,env_plus_no_ratio,extra_trees,0.0979254436625702,-0.00016252206888790754,0.00016252206888790754,-0.1656901207767474,0.1656901207767474,baseline,cs137_minus_20
266,0.0973665888539732,50.950989,29.581112,nuclide_mode,env_plus_no_ratio,extra_trees,0.097075215255018,-0.00029137359895520243,0.00029137359895520243,-0.2992541922077539,0.2992541922077539,baseline,cs137_minus_20
267,0.1046758326810434,50.94813,29.45218,nuclide_mode,env_plus_no_ratio,extra_trees,0.1050368829602246,0.0003610502791812076,0.0003610502791812076,0.344922290020238,0.344922290020238,baseline,cs137_minus_20
268,0.104101402495147,50.947991,29.7477,nuclide_mode,env_plus_no_ratio,extra_trees,0.1030881316497517,-0.001013270845395306,0.001013270845395306,-0.9733498503466778,0.9733498503466778,baseline,cs137_minus_20
269,0.1187921189844043,50.94781,29.89494,nuclide_mode,env_plus_no_ratio,extra_trees,0.1130410779856477,-0.00575104099875659,0.00575104099875659,-4.841264763962683,4.841264763962683,baseline,cs137_minus_20
270,0.1092403967615027,50.94806,29.90969,nuclide_mode,env_plus_no_ratio,extra_trees,0.1083232313725272,-0.0009171653889755021,0.0009171653889755021,-0.8395844542544901,0.8395844542544901,baseline,cs137_minus_20
271,0.106961677621441,50.94785,29.98131,nuclide_mode,env_plus_no_ratio,extra_trees,0.1065368282345598,-0.00042484938688119867,0.00042484938688119867,-0.39719775935529594,0.39719775935529594,baseline,cs137_minus_20
272,0.1103578309587035,50.94508,29.90914,nuclide_mode,env_plus_no_ratio,extra_trees,0.1044777899884243,-0.005880040970279193,0.005880040970279193,-5.328159242708872,5.328159242708872,baseline,cs137_minus_20
273,0.1092239889643895,50.94423,29.89427,nuclide_mode,env_plus_no_ratio,extra_trees,0.1087122233927562,-0.0005117655716333075,0.0005117655716333075,-0.4685468608916667,0.4685468608916667,baseline,cs137_minus_20
274,0.1011180946162478,50.94487,29.8806,nuclide_mode,env_plus_no_ratio,extra_trees,0.1009924071151762,-0.0001256875010716002,0.0001256875010716002,-0.12429773479078646,0.12429773479078646,baseline,cs137_minus_20
275,0.1134825585042465,50.943449,29.876318,nuclide_mode,env_plus_no_ratio,extra_trees,0.1098113330403665,-0.003671225463880004,0.003671225463880004,-3.2350570098775373,3.2350570098775373,baseline,cs137_minus_20
276,0.1068655541428479,50.94224,29.97181,nuclide_mode,env_plus_no_ratio,extra_trees,0.1072391968150929,0.00037364267224500314,0.00037364267224500314,0.34963808052270284,0.34963808052270284,baseline,cs137_minus_20
277,0.1006858683103989,50.935984,29.481144,nuclide_mode,env_plus_no_ratio,extra_trees,0.1006916334013968,5.765090997894573e-06,5.765090997894573e-06,0.005725819417002684,0.005725819417002684,baseline,cs137_minus_20
278,0.1019646094802377,50.935984,29.523983,nuclide_mode,env_plus_no_ratio,extra_trees,0.1022086439708574,0.00024403449061970173,0.00024403449061970173,0.23933254083319894,0.23933254083319894,baseline,cs137_minus_20
279,0.1051478124602854,50.936001,29.566834,nuclide_mode,env_plus_no_ratio,extra_trees,0.1056775763639488,0.0005297639036633967,0.0005297639036633967,0.5038277937199025,0.5038277937199025,baseline,cs137_minus_20
280,0.0988395349341208,50.935984,29.609661,nuclide_mode,env_plus_no_ratio,extra_trees,0.0983377958811578,-0.0005017390529629961,0.0005017390529629961,-0.5076299208585094,0.5076299208585094,baseline,cs137_minus_20
281,0.0977118191005934,50.93602,29.65263,nuclide_mode,env_plus_no_ratio,extra_trees,0.0972918720399465,-0.00041994706064689413,0.00041994706064689413,-0.42978123272330293,0.42978123272330293,baseline,cs137_minus_20
282,0.0994460599399436,50.936559,29.695122,nuclide_mode,env_plus_no_ratio,extra_trees,0.0989866544955938,-0.000459405444349803,0.000459405444349803,-0.46196445050436613,0.46196445050436613,baseline,cs137_minus_20
283,0.0987122580511497,50.93682,29.73937,nuclide_mode,env_plus_no_ratio,extra_trees,0.0982328648003236,-0.0004793932508261045,0.0004793932508261045,-0.4856471326769745,0.4856471326769745,baseline,cs137_minus_20
284,0.1086397681731166,50.935877,29.780267,nuclide_mode,env_plus_no_ratio,extra_trees,0.1078732183091585,-0.0007665498639581048,0.0007665498639581048,-0.7055886411103287,0.7055886411103287,baseline,cs137_minus_20
285,0.099640503673367,50.93575,29.82374,nuclide_mode,env_plus_no_ratio,extra_trees,0.098437405595602,-0.0012030980777650024,0.0012030980777650024,-1.2074387758103833,1.2074387758103833,baseline,cs137_minus_20
286,0.1025629231492669,50.935984,29.866694,nuclide_mode,env_plus_no_ratio,extra_trees,0.100823745352519,-0.0017391777967478983,0.0017391777967478983,-1.6957178513884132,1.6957178513884132,baseline,cs137_minus_20
287,0.1087699326014782,50.93631,29.88148,nuclide_mode,env_plus_no_ratio,extra_trees,0.1057112270362681,-0.003058705565210096,0.003058705565210096,-2.8120873958954054,2.8120873958954054,baseline,cs137_minus_20
288,0.1101886707351844,50.936001,29.895249,nuclide_mode,env_plus_no_ratio,extra_trees,0.1073740449465918,-0.002814625788592595,0.002814625788592595,-2.554369491721126,2.554369491721126,baseline,cs137_minus_20
289,0.1038303837860652,50.93622,29.90966,nuclide_mode,env_plus_no_ratio,extra_trees,0.1042038541466305,0.0003734703605653006,0.0003734703605653006,0.35969274787119015,0.35969274787119015,baseline,cs137_minus_20
290,0.1108306458290198,50.93609,29.95312,nuclide_mode,env_plus_no_ratio,extra_trees,0.1084207817487856,-0.002409864080234206,0.002409864080234206,-2.1743661802277514,2.1743661802277514,baseline,cs137_minus_20
291,0.1201281141010076,50.936169,29.997449,nuclide_mode,env_plus_no_ratio,extra_trees,0.1142951618128037,-0.005832952288203894,0.005832952288203894,-4.855609639638027,4.855609639638027,baseline,cs137_minus_20
292,0.1376460339293773,50.93582,30.03905,nuclide_mode,env_plus_no_ratio,extra_trees,0.1318910921834272,-0.005754941745950093,0.005754941745950093,-4.180971715394872,4.180971715394872,baseline,cs137_minus_20
293,0.1038478874368505,50.935984,30.080888,nuclide_mode,env_plus_no_ratio,extra_trees,0.1040999648817241,0.0002520774448735996,0.0002520774448735996,0.24273719099667476,0.24273719099667476,baseline,cs137_minus_20
294,0.0986229188290422,50.93321,29.63793,nuclide_mode,env_plus_no_ratio,extra_trees,0.0982550693540592,-0.0003678494749830008,0.0003678494749830008,-0.37298579209630683,0.37298579209630683,baseline,cs137_minus_20
295,0.1046203207627383,50.93013,29.96157,nuclide_mode,env_plus_no_ratio,extra_trees,0.1037925844992033,-0.0008277362635350088,0.0008277362635350088,-0.7911811562996243,0.7911811562996243,baseline,cs137_minus_20
296,0.1021290352903527,50.92674,29.89579,nuclide_mode,env_plus_no_ratio,extra_trees,0.102541390593027,0.0004123553026743054,0.0004123553026743054,0.40375912834384453,0.40375912834384453,baseline,cs137_minus_20
297,0.1020724902352453,50.92687,29.49577,nuclide_mode,env_plus_no_ratio,extra_trees,0.1020127644960064,-5.9725739238902786e-05,5.9725739238902786e-05,-0.05851306174783584,0.05851306174783584,baseline,cs137_minus_20
298,0.0984863251003843,50.92461,29.51027,nuclide_mode,env_plus_no_ratio,extra_trees,0.0982257042542711,-0.00026062084611319647,0.00026062084611319647,-0.26462642996126934,0.26462642996126934,baseline,cs137_minus_20
299,0.0993341655884653,50.92474,29.523996,nuclide_mode,env_plus_no_ratio,extra_trees,0.0994201383393853,8.597275091999645e-05,8.597275091999645e-05,0.08654902410533724,0.08654902410533724,baseline,cs137_minus_20
300,0.0990724787424489,50.92395,29.65255,nuclide_mode,env_plus_no_ratio,extra_trees,0.0985653255858238,-0.0005071531566250981,0.0005071531566250981,-0.511901148595974,0.511901148595974,baseline,cs137_minus_20
301,0.0984172624789908,50.9239,29.70967,nuclide_mode,env_plus_no_ratio,extra_trees,0.0979730031384855,-0.00044425934050529303,0.00044425934050529303,-0.451403879070635,0.451403879070635,baseline,cs137_minus_20
302,0.0982035435289338,50.924011,29.723902,nuclide_mode,env_plus_no_ratio,extra_trees,0.0981771295225697,-2.641400636410607e-05,2.641400636410607e-05,-0.026897202906251225,0.026897202906251225,baseline,cs137_minus_20
303,0.1027985713496893,50.92377,29.85221,nuclide_mode,env_plus_no_ratio,extra_trees,0.1034938243364798,0.0006952529867905038,0.0006952529867905038,0.6763255341608454,0.6763255341608454,baseline,cs137_minus_20
304,0.1004622635626263,50.921013,29.571594,nuclide_mode,env_plus_no_ratio,extra_trees,0.1003521628390192,-0.00011010072360710665,0.00011010072360710665,-0.10959410996993106,0.10959410996993106,baseline,cs137_minus_20
305,0.0985137080392425,50.921013,29.538276,nuclide_mode,env_plus_no_ratio,extra_trees,0.0984726021835169,-4.1105855725601104e-05,4.1105855725601104e-05,-0.041726026300042185,0.041726026300042185,baseline,cs137_minus_20
306,0.096736118615512,50.91805,29.63337,nuclide_mode,env_plus_no_ratio,extra_trees,0.096746118615512,9.999999999996123e-06,9.999999999996123e-06,0.010337400490236938,0.010337400490236938,baseline,cs137_minus_20
307,0.0975470969964043,50.91794,29.66702,nuclide_mode,env_plus_no_ratio,extra_trees,0.0975412489102054,-5.8480861989118615e-06,5.8480861989118615e-06,-0.005995141197413008,0.005995141197413008,baseline,cs137_minus_20
308,0.1009319270480361,50.91771,29.83874,nuclide_mode,env_plus_no_ratio,extra_trees,0.1011929558145587,0.00026102876652260576,0.00026102876652260576,0.258618629562453,0.258618629562453,baseline,cs137_minus_20
309,0.0977495352907373,50.91783,29.8523,nuclide_mode,env_plus_no_ratio,extra_trees,0.0977396912047158,-9.84408602149045e-06,9.84408602149045e-06,-0.010070724113635016,0.010070724113635016,baseline,cs137_minus_20
310,0.115744647688107,50.918015,29.952364,nuclide_mode,env_plus_no_ratio,extra_trees,0.1125282183959296,-0.0032164292921774,0.0032164292921774,-2.7789011037854623,2.7789011037854623,baseline,cs137_minus_20
311,0.1060605441052272,50.91496,29.96711,nuclide_mode,env_plus_no_ratio,extra_trees,0.1052864377121003,-0.0007741063931268888,0.0007741063931268888,-0.7298721684464157,0.7298721684464157,baseline,cs137_minus_20
312,0.1089004436248317,50.91552,29.93895,nuclide_mode,env_plus_no_ratio,extra_trees,0.1054733901633918,-0.0034270534614398995,0.0034270534614398995,-3.146960055779292,3.146960055779292,baseline,cs137_minus_20
313,0.0996518381443508,50.915,29.84282,nuclide_mode,env_plus_no_ratio,extra_trees,0.0995278745223846,-0.00012396362196620547,0.00012396362196620547,-0.12439672390853222,0.12439672390853222,baseline,cs137_minus_20
314,0.0975627183619774,50.91491,29.64777,nuclide_mode,env_plus_no_ratio,extra_trees,0.0971859647669689,-0.00037675359500849437,0.00037675359500849437,-0.3861655367275258,0.3861655367275258,baseline,cs137_minus_20
315,0.0969410067452298,50.91179,29.6682,nuclide_mode,env_plus_no_ratio,extra_trees,0.096682743249465,-0.0002582634957647989,0.0002582634957647989,-0.2664130530886067,0.2664130530886067,baseline,cs137_minus_20
316,0.1358242852538626,50.908769,30.064622,nuclide_mode,env_plus_no_ratio,extra_trees,0.1228291175035759,-0.012995167750286682,0.012995167750286682,-9.567631978329976,9.567631978329976,baseline,cs137_minus_20
317,0.1257017110695377,50.908879,30.037079,nuclide_mode,env_plus_no_ratio,extra_trees,0.1209237414969963,-0.004777969572541396,0.004777969572541396,-3.801037815545917,3.801037815545917,baseline,cs137_minus_20
318,0.1056512421403786,50.909004,29.99518,nuclide_mode,env_plus_no_ratio,extra_trees,0.102820351208171,-0.0028308909322076053,0.0028308909322076053,-2.6794677231018316,2.6794677231018316,baseline,cs137_minus_20
319,0.1017571509636329,50.908862,29.950215,nuclide_mode,env_plus_no_ratio,extra_trees,0.1009613244544215,-0.0007958265092113948,0.0007958265092113948,-0.7820841107233988,0.7820841107233988,baseline,cs137_minus_20
320,0.1006521659991328,50.91015,29.90946,nuclide_mode,env_plus_no_ratio,extra_trees,0.1006455255104766,-6.640488656201038e-06,6.640488656201038e-06,-0.006597462250597022,0.006597462250597022,baseline,cs137_minus_20
321,0.0990050143802206,50.910072,29.86494,nuclide_mode,env_plus_no_ratio,extra_trees,0.0987697438975474,-0.00023527048267318884,0.00023527048267318884,-0.23763491591410912,0.23763491591410912,baseline,cs137_minus_20
322,0.1039873527290808,50.909023,29.838133,nuclide_mode,env_plus_no_ratio,extra_trees,0.1039560650835459,-3.128764553489427e-05,3.128764553489427e-05,-0.030087933497459307,0.030087933497459307,baseline,cs137_minus_20
323,0.0982206269474577,50.909004,29.823855,nuclide_mode,env_plus_no_ratio,extra_trees,0.0978274721999227,-0.0003931547475349989,0.0003931547475349989,-0.40027717166304966,0.40027717166304966,baseline,cs137_minus_20
324,0.1021855591636671,50.9085,29.780774,nuclide_mode,env_plus_no_ratio,extra_trees,0.1006291748545373,-0.001556384309129799,0.001556384309129799,-1.523096141830561,1.523096141830561,baseline,cs137_minus_20
325,0.1008712268333798,50.908987,29.736924,nuclide_mode,env_plus_no_ratio,extra_trees,0.1000847997340937,-0.0007864270992860994,0.0007864270992860994,-0.7796347124687284,0.7796347124687284,baseline,cs137_minus_20
326,0.0972151845256485,50.908891,29.695276,nuclide_mode,env_plus_no_ratio,extra_trees,0.0972085440369923,-6.64048865618716e-06,6.64048865618716e-06,-0.006830711363238925,0.006830711363238925,baseline,cs137_minus_20
327,0.0963914435050687,50.90976,29.6514,nuclide_mode,env_plus_no_ratio,extra_trees,0.0963590318135698,-3.241169149889589e-05,3.241169149889589e-05,-0.03362507118921975,0.03362507118921975,baseline,cs137_minus_20
328,0.1015383026414183,50.909185,29.610752,nuclide_mode,env_plus_no_ratio,extra_trees,0.101571453896458,3.315125503969285e-05,3.315125503969285e-05,0.032649014388950584,0.032649014388950584,baseline,cs137_minus_20
329,0.0974316658060373,50.909004,29.566716,nuclide_mode,env_plus_no_ratio,extra_trees,0.0974087836943457,-2.288211169158838e-05,2.288211169158838e-05,-0.023485292489139095,0.023485292489139095,baseline,cs137_minus_20
330,0.0971793683154859,50.90913,29.52413,nuclide_mode,env_plus_no_ratio,extra_trees,0.0971314760891922,-4.7892226293699824e-05,4.7892226293699824e-05,-0.04928229841772702,0.04928229841772702,baseline,cs137_minus_20
331,0.1040619693984121,50.909023,29.48116,nuclide_mode,env_plus_no_ratio,extra_trees,0.1043252407989729,0.0002632714005608022,0.0002632714005608022,0.2529948280652274,0.2529948280652274,baseline,cs137_minus_20
332,0.0975792571534354,50.90598,29.6809,nuclide_mode,env_plus_no_ratio,extra_trees,0.0974881593133393,-9.109784009610211e-05,9.109784009610211e-05,-0.09335779217181189,0.09335779217181189,baseline,cs137_minus_20
333,0.1010321181385968,50.9006,29.61066,nuclide_mode,env_plus_no_ratio,extra_trees,0.0991558810285516,-0.001876237110045198,0.001876237110045198,-1.8570699542014533,1.8570699542014533,baseline,cs137_minus_20
334,0.1245782984054808,50.900031,29.995201,nuclide_mode,env_plus_no_ratio,extra_trees,0.1180010107681292,-0.006577287637351603,0.006577287637351603,-5.279641576050164,5.279641576050164,baseline,cs137_minus_20
335,0.1019709724644525,50.897033,29.502,nuclide_mode,env_plus_no_ratio,extra_trees,0.101855788315511,-0.0001151841489415023,0.0001151841489415023,-0.11295778215869813,0.11295778215869813,baseline,cs137_minus_20
336,0.0972816271494173,50.8945,29.7048,nuclide_mode,env_plus_no_ratio,extra_trees,0.0970691465091339,-0.00021248064028339675,0.00021248064028339675,-0.2184180574581081,0.2184180574581081,baseline,cs137_minus_20
337,0.0987666124898656,50.89129,29.61509,nuclide_mode,env_plus_no_ratio,extra_trees,0.0984941899411288,-0.0002724225487368004,0.0002724225487368004,-0.2758245340901548,0.2758245340901548,baseline,cs137_minus_20
338,0.1073163209134037,50.885522,29.986943,nuclide_mode,env_plus_no_ratio,extra_trees,0.1057202941576895,-0.0015960267557142,0.0015960267557142,-1.4872171745452165,1.4872171745452165,baseline,cs137_minus_20
339,0.1047384392645151,50.885042,29.885729,nuclide_mode,env_plus_no_ratio,extra_trees,0.1023704329938812,-0.00236800627063391,0.00236800627063391,-2.260876032965845,2.260876032965845,baseline,cs137_minus_20
340,0.0977538963764198,50.88525,29.71897,nuclide_mode,env_plus_no_ratio,extra_trees,0.097577630651081,-0.00017626572533881169,0.00017626572533881169,-0.1803158051726831,0.1803158051726831,baseline,cs137_minus_20
341,0.0973982626252045,50.88231,29.5246,nuclide_mode,env_plus_no_ratio,extra_trees,0.0973797473143922,-1.8515310812303176e-05,1.8515310812303176e-05,-0.019009898445058945,0.019009898445058945,baseline,cs137_minus_20
342,0.097800919094256,50.88234,29.53874,nuclide_mode,env_plus_no_ratio,extra_trees,0.0977883602012956,-1.2558892960409795e-05,1.2558892960409795e-05,-0.012841283166578543,0.012841283166578543,baseline,cs137_minus_20
343,0.0971593225082599,50.88215,29.55243,nuclide_mode,env_plus_no_ratio,extra_trees,0.0971266831466478,-3.263936161210235e-05,3.263936161210235e-05,-0.03359364883316014,0.03359364883316014,baseline,cs137_minus_20
344,0.0981919969925877,50.88246,29.56604,nuclide_mode,env_plus_no_ratio,extra_trees,0.0977980308111248,-0.00039396618146289586,0.00039396618146289586,-0.4012202557532622,0.4012202557532622,baseline,cs137_minus_20
345,0.0973575954456323,50.882024,29.609562,nuclide_mode,env_plus_no_ratio,extra_trees,0.09672655826768,-0.0006310371779523066,0.0006310371779523066,-0.6481643009606771,0.6481643009606771,baseline,cs137_minus_20
346,0.1166916395732342,50.881535,29.653384,nuclide_mode,env_plus_no_ratio,extra_trees,0.1166351157763545,-5.652379687969e-05,5.652379687969e-05,-0.04843860030282322,0.04843860030282322,baseline,cs137_minus_20
347,0.0971294769677287,50.88203,29.69548,nuclide_mode,env_plus_no_ratio,extra_trees,0.0967941133822823,-0.000335363585446391,0.000335363585446391,-0.34527477745794477,0.34527477745794477,baseline,cs137_minus_20
348,0.100561465630693,50.88208,29.73746,nuclide_mode,env_plus_no_ratio,extra_trees,0.0987965355449937,-0.0017649300856993066,0.0017649300856993066,-1.7550759375175824,1.7550759375175824,baseline,cs137_minus_20
349,0.1004619894640973,50.882024,29.781016,nuclide_mode,env_plus_no_ratio,extra_trees,0.0986966000302439,-0.0017653894338534037,0.0017653894338534037,-1.7572710268537053,1.7572710268537053,baseline,cs137_minus_20
350,0.0991131315878546,50.882024,29.823794,nuclide_mode,env_plus_no_ratio,extra_trees,0.098383532043278,-0.0007295995445766035,0.0007295995445766035,-0.7361280315614698,0.7361280315614698,baseline,cs137_minus_20
351,0.1005675505691098,50.882024,29.866694,nuclide_mode,env_plus_no_ratio,extra_trees,0.0989399380668731,-0.001627612502236711,0.001627612502236711,-1.618427109963486,1.618427109963486,baseline,cs137_minus_20
352,0.1132241750625168,50.882044,29.909528,nuclide_mode,env_plus_no_ratio,extra_trees,0.1096007848383832,-0.003623390224133591,0.003623390224133591,-3.200191321449623,3.200191321449623,baseline,cs137_minus_20
353,0.109996755540818,50.882024,29.952371,nuclide_mode,env_plus_no_ratio,extra_trees,0.1054716068180902,-0.004525148722727801,0.004525148722727801,-4.113892905730835,4.113892905730835,baseline,cs137_minus_20
354,0.1018077833782579,50.882044,29.995201,nuclide_mode,env_plus_no_ratio,extra_trees,0.1008705550595189,-0.0009372283187389918,0.0009372283187389918,-0.9205861159522569,0.9205861159522569,baseline,cs137_minus_20
355,0.1099475025873489,50.882024,30.080888,nuclide_mode,env_plus_no_ratio,extra_trees,0.1061393713883373,-0.0038081311990115913,0.0038081311990115913,-3.463590449438525,3.463590449438525,baseline,cs137_minus_20
356,0.1006316857605403,50.879047,29.87621,nuclide_mode,env_plus_no_ratio,extra_trees,0.1008738804932781,0.00024219473273780212,0.00024219473273780212,0.24067442665535824,0.24067442665535824,baseline,cs137_minus_20
357,0.1020264328534888,50.879047,29.847653,nuclide_mode,env_plus_no_ratio,extra_trees,0.1008050400161191,-0.0012213928373696892,0.0012213928373696892,-1.197133726240948,1.197133726240948,baseline,cs137_minus_20
358,0.0969361949405912,50.873052,29.838133,nuclide_mode,env_plus_no_ratio,extra_trees,0.096939554451935,3.359511343795085e-06,3.359511343795085e-06,0.0034656934345875775,0.0034656934345875775,baseline,cs137_minus_20
359,0.0995735287038849,50.87312,29.54792,nuclide_mode,env_plus_no_ratio,extra_trees,0.0993498233257349,-0.00022370537815000202,0.00022370537815000202,-0.22466350350529865,0.22466350350529865,baseline,cs137_minus_20
360,0.1032004729183646,50.870054,29.86669,nuclide_mode,env_plus_no_ratio,extra_trees,0.1013397609658118,-0.0018607119525527877,0.0018607119525527877,-1.8030071955432607,1.8030071955432607,baseline,cs137_minus_20
361,0.1034934163074114,50.87019,29.99148,nuclide_mode,env_plus_no_ratio,extra_trees,0.1032753409682132,-0.00021807533919820932,0.00021807533919820932,-0.21071421446795202,0.21071421446795202,baseline,cs137_minus_20
362,0.1022098015082774,50.86394,29.73887,nuclide_mode,env_plus_no_ratio,extra_trees,0.1010978203057917,-0.0011119812024856929,0.0011119812024856929,-1.0879398903789474,1.0879398903789474,baseline,cs137_minus_20
363,0.0981704440794663,50.86406,29.852412,nuclide_mode,env_plus_no_ratio,extra_trees,0.0978743227361612,-0.000296121343305103,0.000296121343305103,-0.301640016077956,0.301640016077956,baseline,cs137_minus_20
364,0.1069822209393555,50.86422,29.995201,nuclide_mode,env_plus_no_ratio,extra_trees,0.1045011683124055,-0.0024810526269500033,0.0024810526269500033,-2.3191261175596884,2.3191261175596884,baseline,cs137_minus_20
365,0.1063934774052899,50.86163,30.05635,nuclide_mode,env_plus_no_ratio,extra_trees,0.1044282416154995,-0.0019652357897903955,0.0019652357897903955,-1.847139352635431,1.847139352635431,baseline,cs137_minus_20
366,0.0984397435451883,50.86114,29.55719,nuclide_mode,env_plus_no_ratio,extra_trees,0.0981480861421755,-0.00029165740301279053,0.00029165740301279053,-0.29628013291085686,0.29628013291085686,baseline,cs137_minus_20
367,0.1020368406694485,50.855044,30.066608,nuclide_mode,env_plus_no_ratio,extra_trees,0.1016537564919382,-0.0003830841775103039,0.0003830841775103039,-0.3754371215307586,0.3754371215307586,baseline,cs137_minus_20
368,0.1052304363371764,50.85485,30.03866,nuclide_mode,env_plus_no_ratio,extra_trees,0.1023623492340813,-0.0028680871030950933,0.0028680871030950933,-2.725529992012244,2.725529992012244,baseline,cs137_minus_20
369,0.1124777977758643,50.85492,29.99515,nuclide_mode,env_plus_no_ratio,extra_trees,0.1082720291949973,-0.004205768580866992,0.004205768580866992,-3.739198903278558,3.739198903278558,baseline,cs137_minus_20
370,0.1061132694426609,50.85538,29.98096,nuclide_mode,env_plus_no_ratio,extra_trees,0.1030735390815015,-0.0030397303611593984,0.0030397303611593984,-2.864609089065849,2.864609089065849,baseline,cs137_minus_20
371,0.1067921135270163,50.85519,29.96151,nuclide_mode,env_plus_no_ratio,extra_trees,0.1076630234819987,0.0008709099549824018,0.0008709099549824018,0.8155189800247551,0.8155189800247551,baseline,cs137_minus_20
372,0.1056277093481949,50.85513,29.9514,nuclide_mode,env_plus_no_ratio,extra_trees,0.1032258918452855,-0.002401817502909409,0.002401817502909409,-2.273851736187872,2.273851736187872,baseline,cs137_minus_20
373,0.1016506586257147,50.855044,29.909532,nuclide_mode,env_plus_no_ratio,extra_trees,0.1017004642694507,4.980564373600893e-05,4.980564373600893e-05,0.04899687263158523,0.04899687263158523,baseline,cs137_minus_20
374,0.0998003173451395,50.855067,29.86669,nuclide_mode,env_plus_no_ratio,extra_trees,0.0988838866216461,-0.0009164307234933999,0.0009164307234933999,-0.9182643381023599,0.9182643381023599,baseline,cs137_minus_20
375,0.1029972458118241,50.85502,29.824691,nuclide_mode,env_plus_no_ratio,extra_trees,0.1008687452589396,-0.0021285005528844936,0.0021285005528844936,-2.066560650343275,2.066560650343275,baseline,cs137_minus_20
376,0.0981113863016824,50.8553,29.78149,nuclide_mode,env_plus_no_ratio,extra_trees,0.0974642125212059,-0.0006471737804764899,0.0006471737804764899,-0.6596316746422247,0.6596316746422247,baseline,cs137_minus_20
377,0.098266065426565,50.85599,29.73814,nuclide_mode,env_plus_no_ratio,extra_trees,0.0984572072153832,0.0001911417888181971,0.0001911417888181971,0.1945145437425078,0.1945145437425078,baseline,cs137_minus_20
378,0.0987361100892455,50.85507,29.72476,nuclide_mode,env_plus_no_ratio,extra_trees,0.0984763112847318,-0.0002597988045136973,0.0002597988045136973,-0.2631244073509384,0.2631244073509384,baseline,cs137_minus_20
379,0.0978671903345022,50.85513,29.70952,nuclide_mode,env_plus_no_ratio,extra_trees,0.0974441533305496,-0.00042303700395260324,0.00042303700395260324,-0.43225620609593135,0.43225620609593135,baseline,cs137_minus_20
380,0.0982480332998853,50.85502,29.69525,nuclide_mode,env_plus_no_ratio,extra_trees,0.0978265984484458,-0.00042143485143950055,0.00042143485143950055,-0.4289499110411125,0.4289499110411125,baseline,cs137_minus_20
381,0.0983376790352957,50.855044,29.652408,nuclide_mode,env_plus_no_ratio,extra_trees,0.097886106005425,-0.0004515730298706999,0.0004515730298706999,-0.45920651605842744,0.45920651605842744,baseline,cs137_minus_20
382,0.0975758244305897,50.855067,29.60967,nuclide_mode,env_plus_no_ratio,extra_trees,0.0974857658143106,-9.005861627910117e-05,9.005861627910117e-05,-0.09229603419150624,0.09229603419150624,baseline,cs137_minus_20
383,0.1174021892574953,50.855485,29.566641,nuclide_mode,env_plus_no_ratio,extra_trees,0.1166621930319271,-0.0007399962255682097,0.0007399962255682097,-0.6303087108070824,0.6303087108070824,baseline,cs137_minus_20
384,0.1022737128740231,50.854414,29.524199,nuclide_mode,env_plus_no_ratio,extra_trees,0.1026115649398108,0.00033785206578769433,0.00033785206578769433,0.3303410586098969,0.3303410586098969,baseline,cs137_minus_20
385,0.0994623841191254,50.84633,29.72407,nuclide_mode,env_plus_no_ratio,extra_trees,0.0993267572241611,-0.0001356268949643108,0.0001356268949643108,-0.13635998791449783,0.13635998791449783,baseline,cs137_minus_20
386,0.0985990004919443,50.8461,29.7384,nuclide_mode,env_plus_no_ratio,extra_trees,0.0980801009120447,-0.0005188995798996038,0.0005188995798996038,-0.5262726572385474,0.5262726572385474,baseline,cs137_minus_20
387,0.1057265012682633,50.846,29.9565,nuclide_mode,env_plus_no_ratio,extra_trees,0.1030506266743292,-0.002675874593934105,0.002675874593934105,-2.530940267421241,2.530940267421241,baseline,cs137_minus_20
388,0.1044711948900922,50.84558,29.98077,nuclide_mode,env_plus_no_ratio,extra_trees,0.1031249399953591,-0.0013462548947330982,0.0013462548947330982,-1.2886374049319635,1.2886374049319635,baseline,cs137_minus_20
389,0.1008352961451956,50.84552,30.06597,nuclide_mode,env_plus_no_ratio,extra_trees,0.1008257688779687,-9.527267226902558e-06,9.527267226902558e-06,-0.009448345560649692,0.009448345560649692,baseline,cs137_minus_20
390,0.1007856155335001,50.84613,30.08079,nuclide_mode,env_plus_no_ratio,extra_trees,0.10075310770903,-3.250782447010436e-05,3.250782447010436e-05,-0.032254428668244926,0.032254428668244926,baseline,cs137_minus_20
391,0.0990987015080899,50.84361,29.8196,nuclide_mode,env_plus_no_ratio,extra_trees,0.0990766509793552,-2.2050528734704478e-05,2.2050528734704478e-05,-0.022251077359378302,0.022251077359378302,baseline,cs137_minus_20
392,0.1015080948043946,50.84024,29.53695,nuclide_mode,env_plus_no_ratio,extra_trees,0.1014163972839178,-9.169752047680224e-05,9.169752047680224e-05,-0.0903351803159174,0.0903351803159174,baseline,cs137_minus_20
393,0.0989419119859492,50.8405,29.54701,nuclide_mode,env_plus_no_ratio,extra_trees,0.0986483097142676,-0.0002936022716815978,0.0002936022716815978,-0.2967420638922891,0.2967420638922891,baseline,cs137_minus_20
394,0.1029984646853106,50.84052,29.67177,nuclide_mode,env_plus_no_ratio,extra_trees,0.1030144031936703,1.593850835970856e-05,1.593850835970856e-05,0.015474510623440072,0.015474510623440072,baseline,cs137_minus_20
395,0.106825495096902,50.84004,29.94798,nuclide_mode,env_plus_no_ratio,extra_trees,0.1040591699888498,-0.002766325108052206,0.002766325108052206,-2.5895738704911757,2.5895738704911757,baseline,cs137_minus_20
396,0.1008084080782315,50.83739,30.07978,nuclide_mode,env_plus_no_ratio,extra_trees,0.1013684021657846,0.0005599940875530979,0.0005599940875530979,0.5555033535680072,0.5555033535680072,baseline,cs137_minus_20
397,0.1016656799396012,50.837058,30.052328,nuclide_mode,env_plus_no_ratio,extra_trees,0.099496301276067,-0.0021693786635341994,0.0021693786635341994,-2.1338357888552073,2.1338357888552073,baseline,cs137_minus_20
398,0.0995299864435798,50.83717,29.80961,nuclide_mode,env_plus_no_ratio,extra_trees,0.09865636394064,-0.0008736225029398054,0.0008736225029398054,-0.8777480377082465,0.8777480377082465,baseline,cs137_minus_20
399,0.0978075578104336,50.83714,29.66121,nuclide_mode,env_plus_no_ratio,extra_trees,0.0976824250561622,-0.00012513275427139536,0.00012513275427139536,-0.12793771470495388,0.12793771470495388,baseline,cs137_minus_20
400,0.0988881942511114,50.83716,29.64882,nuclide_mode,env_plus_no_ratio,extra_trees,0.0985086565960207,-0.00037953765509068926,0.00037953765509068926,-0.38380481913433634,0.38380481913433634,baseline,cs137_minus_20
401,0.103964592714003,50.83403,29.52908,nuclide_mode,env_plus_no_ratio,extra_trees,0.1037842901792958,-0.00018030253470720237,0.00018030253470720237,-0.17342686582074918,0.17342686582074918,baseline,cs137_minus_20
402,0.1010443886910164,50.83419,29.55745,nuclide_mode,env_plus_no_ratio,extra_trees,0.1009268313318717,-0.00011755735914469045,0.00011755735914469045,-0.11634229338965973,0.11634229338965973,baseline,cs137_minus_20
403,0.1051041380582084,50.83407,29.79894,nuclide_mode,env_plus_no_ratio,extra_trees,0.1025166462977105,-0.002587491760497898,0.002587491760497898,-2.461836240039286,2.461836240039286,baseline,cs137_minus_20
404,0.1067962381071466,50.833328,29.937748,nuclide_mode,env_plus_no_ratio,extra_trees,0.1051474888735974,-0.0016487492335491988,0.0016487492335491988,-1.5438270699151788,1.5438270699151788,baseline,cs137_minus_20
405,0.0981748299934975,50.83024,29.78474,nuclide_mode,env_plus_no_ratio,extra_trees,0.0979453174446697,-0.0002295125488278038,0.0002295125488278038,-0.23377942069571733,0.23377942069571733,baseline,cs137_minus_20
406,0.0982392837821256,50.831086,29.771498,nuclide_mode,env_plus_no_ratio,extra_trees,0.098225381476249,-1.390230587659802e-05,1.390230587659802e-05,-0.014151473159587011,0.014151473159587011,baseline,cs137_minus_20
407,0.1001173776493323,50.83147,29.519772,nuclide_mode,env_plus_no_ratio,extra_trees,0.0995295487698728,-0.0005878288794595038,0.0005878288794595038,-0.587139708671169,0.587139708671169,baseline,cs137_minus_20
408,0.0978726349462812,50.82844,29.523211,nuclide_mode,env_plus_no_ratio,extra_trees,0.0976674468150626,-0.00020518813121860047,0.00020518813121860047,-0.20964811188665852,0.20964811188665852,baseline,cs137_minus_20
409,0.0981150939103732,50.82792,29.56786,nuclide_mode,env_plus_no_ratio,extra_trees,0.0978278896371135,-0.0002872042732596919,0.0002872042732596919,-0.2927218043760414,0.2927218043760414,baseline,cs137_minus_20
410,0.0971425039777265,50.828065,29.595381,nuclide_mode,env_plus_no_ratio,extra_trees,0.09698759315155,-0.00015491082617649643,0.00015491082617649643,-0.15946760669460963,0.15946760669460963,baseline,cs137_minus_20
411,0.0971995646284267,50.82841,29.6095,nuclide_mode,env_plus_no_ratio,extra_trees,0.0967926556057615,-0.0004069090226652,0.0004069090226652,-0.41863255686455675,0.41863255686455675,baseline,cs137_minus_20
412,0.0976988568424679,50.8291,29.65034,nuclide_mode,env_plus_no_ratio,extra_trees,0.0979295549819905,0.0002306981395226032,0.0002306981395226032,0.2361318719364206,0.2361318719364206,baseline,cs137_minus_20
413,0.0970131754971145,50.828443,29.697905,nuclide_mode,env_plus_no_ratio,extra_trees,0.0970391752370027,2.599973988820503e-05,2.599973988820503e-05,0.026800215285168513,0.026800215285168513,baseline,cs137_minus_20
414,0.0992330295140697,50.82842,29.7381,nuclide_mode,env_plus_no_ratio,extra_trees,0.0987037321532561,-0.0005292973608135992,0.0005292973608135992,-0.5333882915854676,0.5333882915854676,baseline,cs137_minus_20
415,0.0973688906653055,50.8279,29.78119,nuclide_mode,env_plus_no_ratio,extra_trees,0.0973719454028024,3.054737496899218e-06,3.054737496899218e-06,0.0031372828385192665,0.0031372828385192665,baseline,cs137_minus_20
416,0.1078948700328936,50.828089,29.795297,nuclide_mode,env_plus_no_ratio,extra_trees,0.1098039117449049,0.0019090417120113112,0.0019090417120113112,1.7693535489030268,1.7693535489030268,baseline,cs137_minus_20
417,0.1019438801786542,50.82773,29.82307,nuclide_mode,env_plus_no_ratio,extra_trees,0.100642665841177,-0.0013012143374772078,0.0013012143374772078,-1.2764026003295743,1.2764026003295743,baseline,cs137_minus_20
418,0.1019720199972622,50.828065,29.866694,nuclide_mode,env_plus_no_ratio,extra_trees,0.1004178775117586,-0.001554142485503604,0.001554142485503604,-1.5240871815085457,1.5240871815085457,baseline,cs137_minus_20
419,0.1061237485604394,50.82973,29.90933,nuclide_mode,env_plus_no_ratio,extra_trees,0.1046051511800025,-0.0015185973804368869,0.0015185973804368869,-1.4309684693921438,1.4309684693921438,baseline,cs137_minus_20
420,0.1084919569444023,50.828089,29.952364,nuclide_mode,env_plus_no_ratio,extra_trees,0.1056486730271045,-0.002843283917297809,0.002843283917297809,-2.6207324463276813,2.6207324463276813,baseline,cs137_minus_20
421,0.1146703608504827,50.828065,29.99521,nuclide_mode,env_plus_no_ratio,extra_trees,0.1106623096211095,-0.0040080512293732,0.0040080512293732,-3.495280907504293,3.495280907504293,baseline,cs137_minus_20
422,0.1052426346321376,50.828089,30.038037,nuclide_mode,env_plus_no_ratio,extra_trees,0.1054684105917469,0.0002257759596093062,0.0002257759596093062,0.21452898855913072,0.21452898855913072,baseline,cs137_minus_20
423,0.0990190745219642,50.827524,30.081477,nuclide_mode,env_plus_no_ratio,extra_trees,0.0987645349706179,-0.0002545395513463,0.0002545395513463,-0.2570611294592928,0.2570611294592928,baseline,cs137_minus_20
424,0.1015910221885285,50.8251,30.09468,nuclide_mode,env_plus_no_ratio,extra_trees,0.101349511215791,-0.000241510972737502,0.000241510972737502,-0.23772865705526197,0.23772865705526197,baseline,cs137_minus_20
425,0.1029504006469213,50.81948,29.89986,nuclide_mode,env_plus_no_ratio,extra_trees,0.1016303437402751,-0.0013200569066462026,0.0013200569066462026,-1.2822260995112296,1.2822260995112296,baseline,cs137_minus_20
426,0.0998652757094361,50.81923,29.59508,nuclide_mode,env_plus_no_ratio,extra_trees,0.0997362306455882,-0.0001290450638478935,0.0001290450638478935,-0.12921915343563234,0.12921915343563234,baseline,cs137_minus_20
427,0.1013000252654743,50.81824,29.58169,nuclide_mode,env_plus_no_ratio,extra_trees,0.1015739431908237,0.00027391792534940673,0.00027391792534940673,0.27040262293277545,0.27040262293277545,baseline,cs137_minus_20
428,0.1002387540307508,50.816099,29.638228,nuclide_mode,env_plus_no_ratio,extra_trees,0.098976733559509,-0.0012620204712417982,0.0012620204712417982,-1.2590145233196344,1.2590145233196344,baseline,cs137_minus_20
429,0.0979772158486267,50.810078,29.581102,nuclide_mode,env_plus_no_ratio,extra_trees,0.0978529198077195,-0.00012429604090720414,0.00012429604090720414,-0.12686218916369252,0.12686218916369252,baseline,cs137_minus_20
430,0.1055273498115013,50.81033,29.91423,nuclide_mode,env_plus_no_ratio,extra_trees,0.1029180400717506,-0.0026093097397507092,0.0026093097397507092,-2.4726383676000587,2.4726383676000587,baseline,cs137_minus_20
431,0.1032043339788926,50.800511,30.08088,nuclide_mode,env_plus_no_ratio,extra_trees,0.1015279661537028,-0.0016763678251898034,0.0016763678251898034,-1.624319212730596,1.624319212730596,baseline,cs137_minus_20
432,0.1035374134985954,50.80111,30.038037,nuclide_mode,env_plus_no_ratio,extra_trees,0.1020027528224004,-0.001534660676194996,0.001534660676194996,-1.4822281379627233,1.4822281379627233,baseline,cs137_minus_20
433,0.1032002835132643,50.801379,30.008669,nuclide_mode,env_plus_no_ratio,extra_trees,0.101664408334556,-0.0015358751787082903,0.0015358751787082903,-1.4882470536148138,1.4882470536148138,baseline,cs137_minus_20
434,0.1067763837525931,50.801488,29.995708,nuclide_mode,env_plus_no_ratio,extra_trees,0.104354477831075,-0.0024219059215181,0.0024219059215181,-2.268203732325111,2.268203732325111,baseline,cs137_minus_20
435,0.116902977703869,50.800727,29.951162,nuclide_mode,env_plus_no_ratio,extra_trees,0.1115211133365289,-0.005381864367340103,0.005381864367340103,-4.603701696096305,4.603701696096305,baseline,cs137_minus_20
436,0.1033982839748484,50.80116,29.91087,nuclide_mode,env_plus_no_ratio,extra_trees,0.102277962014558,-0.0011203219602904102,0.0011203219602904102,-1.0835015023681904,1.0835015023681904,baseline,cs137_minus_20
437,0.0981427232124458,50.801085,29.86691,nuclide_mode,env_plus_no_ratio,extra_trees,0.0976697695505648,-0.00047295366188099264,0.00047295366188099264,-0.48190395212206205,0.48190395212206205,baseline,cs137_minus_20
438,0.1017571451070569,50.80162,29.82391,nuclide_mode,env_plus_no_ratio,extra_trees,0.1008202334119666,-0.0009369116950903034,0.0009369116950903034,-0.9207330788463013,0.9207330788463013,baseline,cs137_minus_20
439,0.0938286717727342,50.80108,29.737545,nuclide_mode,env_plus_no_ratio,extra_trees,0.0938623096587899,3.363788605570406e-05,3.363788605570406e-05,0.0358503274320877,0.0358503274320877,baseline,cs137_minus_20
440,0.0970696472735757,50.800773,29.695775,nuclide_mode,env_plus_no_ratio,extra_trees,0.0970022279996114,-6.741927396429481e-05,6.741927396429481e-05,-0.06945453687936465,0.06945453687936465,baseline,cs137_minus_20
441,0.0984844725825222,50.800875,29.652148,nuclide_mode,env_plus_no_ratio,extra_trees,0.0980931872388417,-0.0003912853436805058,0.0003912853436805058,-0.39730663466024013,0.39730663466024013,baseline,cs137_minus_20
442,0.0976344642049996,50.80111,29.60967,nuclide_mode,env_plus_no_ratio,extra_trees,0.0971612420209909,-0.0004732221840087064,0.0004732221840087064,-0.4846876437147221,0.4846876437147221,baseline,cs137_minus_20
443,0.1020531632314862,50.80115,29.52336,nuclide_mode,env_plus_no_ratio,extra_trees,0.1020458132939884,-7.349937497791448e-06,7.349937497791448e-06,-0.007202067300079328,0.007202067300079328,baseline,cs137_minus_20
444,0.0978453566169238,50.79814,29.5096,nuclide_mode,env_plus_no_ratio,extra_trees,0.0976263105824351,-0.00021904603448870408,0.00021904603448870408,-0.22386962658462714,0.22386962658462714,baseline,cs137_minus_20
445,0.1023856672627886,50.795115,30.052317,nuclide_mode,env_plus_no_ratio,extra_trees,0.1008559058323561,-0.0015297614304324997,0.0015297614304324997,-1.494116775648032,1.494116775648032,baseline,cs137_minus_20
446,0.1016310514132412,50.795115,30.033279,nuclide_mode,env_plus_no_ratio,extra_trees,0.1015817029365783,-4.93484766629082e-05,4.93484766629082e-05,-0.04855649526073754,0.04855649526073754,baseline,cs137_minus_20
447,0.098101922791997,50.79279,29.52362,nuclide_mode,env_plus_no_ratio,extra_trees,0.0977671674581482,-0.00033475533384880185,0.00033475533384880185,-0.34123218416276613,0.34123218416276613,baseline,cs137_minus_20
448,0.0979844419566564,50.78891,29.55187,nuclide_mode,env_plus_no_ratio,extra_trees,0.0980673154356883,8.287347903189468e-05,8.287347903189468e-05,0.08457820178080304,0.08457820178080304,baseline,cs137_minus_20
449,0.1008730448965963,50.78651,29.53798,nuclide_mode,env_plus_no_ratio,extra_trees,0.1011496890098053,0.0002766441132089903,0.0002766441132089903,0.27424978941854555,0.27424978941854555,baseline,cs137_minus_20
450,0.098927262201862,50.78292,29.52433,nuclide_mode,env_plus_no_ratio,extra_trees,0.0984654468540119,-0.00046181534785010026,0.00046181534785010026,-0.4668231360812975,0.4668231360812975,baseline,cs137_minus_20
451,0.0969884533901725,50.78271,29.51032,nuclide_mode,env_plus_no_ratio,extra_trees,0.096762379960136,-0.0002260734300364997,0.0002260734300364997,-0.23309313854818822,0.23309313854818822,baseline,cs137_minus_20
452,0.0985071519328446,50.774105,29.481023,nuclide_mode,env_plus_no_ratio,extra_trees,0.0977760954265764,-0.0007310565062681879,0.0007310565062681879,-0.7421354611557259,0.7421354611557259,baseline,cs137_minus_20
453,0.0983443168702017,50.77541,29.52476,nuclide_mode,env_plus_no_ratio,extra_trees,0.0988657727651869,0.0005214558949852011,0.0005214558949852011,0.5302349048531568,0.5302349048531568,baseline,cs137_minus_20
454,0.1063632609196547,50.772658,29.565394,nuclide_mode,env_plus_no_ratio,extra_trees,0.1075895423640307,0.001226281444376004,0.001226281444376004,1.1529182480615365,1.1529182480615365,baseline,cs137_minus_20
455,0.097412732659583,50.774105,29.652408,nuclide_mode,env_plus_no_ratio,extra_trees,0.0971445116781364,-0.0002682209814466041,0.0002682209814466041,-0.27534488985533845,0.27534488985533845,baseline,cs137_minus_20
456,0.0968253125875363,50.774132,29.695343,nuclide_mode,env_plus_no_ratio,extra_trees,0.0966717018956316,-0.00015361069190469867,0.00015361069190469867,-0.1586472460554411,0.1586472460554411,baseline,cs137_minus_20
457,0.0988143741388597,50.774132,29.738181,nuclide_mode,env_plus_no_ratio,extra_trees,0.098788763693122,-2.561044573769211e-05,2.561044573769211e-05,-0.02591773308375442,0.02591773308375442,baseline,cs137_minus_20
458,0.0991826929790881,50.774105,29.780948,nuclide_mode,env_plus_no_ratio,extra_trees,0.0987768454438939,-0.00040584753519420924,0.00040584753519420924,-0.4091918892339201,0.4091918892339201,baseline,cs137_minus_20
459,0.1035224636746715,50.774105,29.952371,nuclide_mode,env_plus_no_ratio,extra_trees,0.1028697605829924,-0.0006527030916790993,0.0006527030916790993,-0.6304941637887179,0.6304941637887179,baseline,cs137_minus_20
460,0.1145799205420447,50.774105,29.99521,nuclide_mode,env_plus_no_ratio,extra_trees,0.1085079604048611,-0.006071960137183599,0.006071960137183599,-5.299323047580151,5.299323047580151,baseline,cs137_minus_20
461,0.1002146602932528,50.774132,30.038037,nuclide_mode,env_plus_no_ratio,extra_trees,0.099762553709879,-0.0004521065833737875,0.0004521065833737875,-0.4511381688575426,0.4511381688575426,baseline,cs137_minus_20
462,0.0981243045214156,51.151822,29.823855,nuclide_mode,env_plus_no_ratio,extra_trees,0.0978216725479741,-0.0003026319734415056,0.0003026319734415056,-0.3084169359645818,0.3084169359645818,baseline,cs137_minus_20
463,0.0969702995988891,51.123834,29.781093,nuclide_mode,env_plus_no_ratio,extra_trees,0.0969702995988891,0.0,0.0,0.0,0.0,baseline,cs137_minus_20
464,0.1019784732578362,51.152105,29.778549,nuclide_mode,env_plus_no_ratio,extra_trees,0.1013765038080752,-0.0006019694497610001,0.0006019694497610001,-0.5902907059993112,0.5902907059993112,baseline,cs137_minus_20
465,0.0969491486532636,51.12511,29.73936,nuclide_mode,env_plus_no_ratio,extra_trees,0.0969491486532636,0.0,0.0,0.0,0.0,baseline,cs137_minus_20
466,0.0969604166311191,51.152375,29.739076,nuclide_mode,env_plus_no_ratio,extra_trees,0.0969198287983587,-4.0587832760397013e-05,4.0587832760397013e-05,-0.04186020870229068,0.04186020870229068,baseline,cs137_minus_20
467,0.0979715874086053,51.151822,29.695338,nuclide_mode,env_plus_no_ratio,extra_trees,0.0979902505754834,1.866316687809677e-05,1.866316687809677e-05,0.01904957077020628,0.01904957077020628,baseline,cs137_minus_20
468,0.0972703406730663,51.12492,29.696735,nuclide_mode,env_plus_no_ratio,extra_trees,0.0972637001844101,-6.64048865618716e-06,6.64048865618716e-06,-0.006826838078532484,0.006826838078532484,baseline,cs137_minus_20
469,0.1001997939568618,51.125291,29.656334,nuclide_mode,env_plus_no_ratio,extra_trees,0.1002355058179621,3.571186110030988e-05,3.571186110030988e-05,0.03564065322897233,0.03564065322897233,baseline,cs137_minus_20
470,0.0978144837742707,51.097862,29.695255,nuclide_mode,env_plus_no_ratio,extra_trees,0.0977485110793253,-6.597269494539038e-05,6.597269494539038e-05,-0.06744675471337912,0.06744675471337912,baseline,cs137_minus_20
471,0.0978157834227462,51.070635,29.735813,nuclide_mode,env_plus_no_ratio,extra_trees,0.0978218134656647,6.0300429184922955e-06,6.0300429184922955e-06,0.006164693168618084,0.006164693168618084,baseline,cs137_minus_20
472,0.0993025062241475,51.072272,29.694579,nuclide_mode,env_plus_no_ratio,extra_trees,0.099256948933298,-4.555729084949889e-05,4.555729084949889e-05,-0.045877282036231905,0.045877282036231905,baseline,cs137_minus_20
473,0.1180574413718893,51.0435,29.65191,nuclide_mode,env_plus_no_ratio,extra_trees,0.1180162491925855,-4.119217930378949e-05,4.119217930378949e-05,-0.03489164158151726,0.03489164158151726,baseline,cs137_minus_20
474,0.1017158284517118,51.043935,29.607021,nuclide_mode,env_plus_no_ratio,extra_trees,0.1018971762493952,0.0001813477976834038,0.0001813477976834038,0.17828866995808446,0.17828866995808446,baseline,cs137_minus_20
475,0.1017118885106578,51.043315,29.566834,nuclide_mode,env_plus_no_ratio,extra_trees,0.1020582671570047,0.00034637864634690096,0.00034637864634690096,0.3405488300520602,0.3405488300520602,baseline,cs137_minus_20
476,0.1033580754092425,51.043903,29.523869,nuclide_mode,env_plus_no_ratio,extra_trees,0.1034252266642821,6.715125503960195e-05,6.715125503960195e-05,0.06496952925421554,0.06496952925421554,baseline,cs137_minus_20
477,0.1026996600178465,51.070883,29.523869,nuclide_mode,env_plus_no_ratio,extra_trees,0.1026409276857129,-5.873233213360418e-05,5.873233213360418e-05,-0.05718843871868518,0.05718843871868518,baseline,cs137_minus_20
478,0.1016711401843387,51.070892,29.480208,nuclide_mode,env_plus_no_ratio,extra_trees,0.1010740159171857,-0.0005971242671529986,0.0005971242671529986,-0.5873095020576733,0.5873095020576733,baseline,cs137_minus_20
479,0.1016231908158156,51.043914,29.48116,nuclide_mode,env_plus_no_ratio,extra_trees,0.1004988485799297,-0.0011243422358858945,0.0011243422358858945,-1.1063835201983379,1.1063835201983379,baseline,cs137_minus_20
480,0.1102039201674336,51.043903,29.438176,nuclide_mode,env_plus_no_ratio,extra_trees,0.1069912261845993,-0.0032126939828343026,0.0032126939828343026,-2.915226588993598,2.915226588993598,baseline,cs137_minus_20
481,0.1087172068561866,51.016936,29.438323,nuclide_mode,env_plus_no_ratio,extra_trees,0.1069491710589827,-0.0017680357972039012,0.0017680357972039012,-1.6262704389956375,1.6262704389956375,baseline,cs137_minus_20
482,0.0988643592000742,50.988598,29.438219,nuclide_mode,env_plus_no_ratio,extra_trees,0.0985482836038429,-0.00031607559623129944,0.00031607559623129944,-0.31970631154514395,0.31970631154514395,baseline,cs137_minus_20
483,0.1032639527067165,50.989943,29.39533,nuclide_mode,env_plus_no_ratio,extra_trees,0.09970996391756,-0.003553988789156498,0.003553988789156498,-3.4416548040246955,3.4416548040246955,baseline,cs137_minus_20
484,0.0983031841337185,50.962981,29.395487,nuclide_mode,env_plus_no_ratio,extra_trees,0.0980460998967662,-0.00025708423695229576,0.00025708423695229576,-0.26152178000927495,0.26152178000927495,baseline,cs137_minus_20
485,0.1027821510178769,50.93645,29.438323,nuclide_mode,env_plus_no_ratio,extra_trees,0.1024668628359163,-0.00031528818196059627,0.00031528818196059627,-0.3067538272338338,0.3067538272338338,baseline,cs137_minus_20
486,0.09875914042807,50.90868,29.4383,nuclide_mode,env_plus_no_ratio,extra_trees,0.098241419038538,-0.0005177213895320026,0.0005177213895320026,-0.5242263017761668,0.5242263017761668,baseline,cs137_minus_20
487,0.0972457649697158,50.882024,29.481023,nuclide_mode,env_plus_no_ratio,extra_trees,0.0971990310164542,-4.673395326160179e-05,4.673395326160179e-05,-0.04805757173708865,0.04805757173708865,baseline,cs137_minus_20
488,0.0968913511922961,50.855044,29.481023,nuclide_mode,env_plus_no_ratio,extra_trees,0.096784516681567,-0.000106834510729098,0.000106834510729098,-0.11026217450210611,0.11026217450210611,baseline,cs137_minus_20
489,0.09905161835374,50.827867,29.478841,nuclide_mode,env_plus_no_ratio,extra_trees,0.0985432344905037,-0.000508383863236303,0.000508383863236303,-0.513251445746931,0.513251445746931,baseline,cs137_minus_20
490,0.0980863580212666,50.800762,29.479558,nuclide_mode,env_plus_no_ratio,extra_trees,0.097806933784149,-0.00027942423711760367,0.00027942423711760367,-0.2848757388433367,0.2848757388433367,baseline,cs137_minus_20
491,0.0972313372816802,50.773533,29.438323,nuclide_mode,env_plus_no_ratio,extra_trees,0.0973585214713469,0.00012718418966670142,0.00012718418966670142,0.1308057599765881,0.1308057599765881,baseline,cs137_minus_20
492,0.0967678258954647,50.7463,29.47899,nuclide_mode,env_plus_no_ratio,extra_trees,0.0964033748051101,-0.00036445109035460055,0.00036445109035460055,-0.3766242415617623,0.3766242415617623,baseline,cs137_minus_20
493,0.0969218638488712,50.747125,29.523869,nuclide_mode,env_plus_no_ratio,extra_trees,0.0968245772372777,-9.728661159350005e-05,9.728661159350005e-05,-0.10037633174821894,0.10037633174821894,baseline,cs137_minus_20
494,0.0971357575038358,50.747125,29.566822,nuclide_mode,env_plus_no_ratio,extra_trees,0.0971291170151796,-6.640488656201038e-06,6.640488656201038e-06,-0.006836296773553047,0.006836296773553047,baseline,cs137_minus_20
495,0.0979414805793735,50.774105,29.609562,nuclide_mode,env_plus_no_ratio,extra_trees,0.0979414805793734,-1.1102230246251565e-16,1.1102230246251565e-16,-1.1335575264511263e-13,1.1335575264511263e-13,baseline,cs137_minus_20
496,0.0987930578575639,50.747154,29.60967,nuclide_mode,env_plus_no_ratio,extra_trees,0.0986162722826776,-0.00017678557488630398,0.00017678557488630398,-0.17894534162631826,0.17894534162631826,baseline,cs137_minus_20
497,0.0967392740226036,50.747154,29.652507,nuclide_mode,env_plus_no_ratio,extra_trees,0.0965643789711517,-0.00017489505145190654,0.00017489505145190654,-0.18079012192198327,0.18079012192198327,baseline,cs137_minus_20
498,0.1034538136898852,50.747753,29.695343,nuclide_mode,env_plus_no_ratio,extra_trees,0.1029594239674035,-0.0004943897224816973,0.0004943897224816973,-0.47788448279315043,0.47788448279315043,baseline,cs137_minus_20
499,0.0979959529069607,50.747125,29.738101,nuclide_mode,env_plus_no_ratio,extra_trees,0.0975873942085933,-0.000408558698367395,0.000408558698367395,-0.4169138482231901,0.4169138482231901,baseline,cs137_minus_20
500,0.0977030114778707,50.747125,29.780948,nuclide_mode,env_plus_no_ratio,extra_trees,0.0976695264700888,-3.348500778189989e-05,3.348500778189989e-05,-0.034272237135171725,0.034272237135171725,baseline,cs137_minus_20
501,0.09746686076657,50.774132,29.823854,nuclide_mode,env_plus_no_ratio,extra_trees,0.097146992188686,-0.00031986857788400547,0.00031986857788400547,-0.32818188189120034,0.32818188189120034,baseline,cs137_minus_20
502,0.0965896383959853,50.747154,29.823854,nuclide_mode,env_plus_no_ratio,extra_trees,0.0966192049445058,2.956654852048768e-05,2.956654852048768e-05,0.030610476456361384,0.030610476456361384,baseline,cs137_minus_20
503,0.1048047315687721,50.77465,29.86633,nuclide_mode,env_plus_no_ratio,extra_trees,0.1043433360642445,-0.0004613955045276036,0.0004613955045276036,-0.44024300966301244,0.44024300966301244,baseline,cs137_minus_20
504,0.1052879609637925,50.747154,29.86669,nuclide_mode,env_plus_no_ratio,extra_trees,0.1045203653541553,-0.0007675956096371978,0.0007675956096371978,-0.7290440451222779,0.7290440451222779,baseline,cs137_minus_20
505,0.0980326767282704,50.747503,29.909794,nuclide_mode,env_plus_no_ratio,extra_trees,0.0980363234772922,3.6467490217989562e-06,3.6467490217989562e-06,0.0037199321119294874,0.0037199321119294874,baseline,cs137_minus_20
506,0.1016250495581393,50.774105,29.909532,nuclide_mode,env_plus_no_ratio,extra_trees,0.1000538655744604,-0.0015711839836788921,0.0015711839836788921,-1.5460597465982282,1.5460597465982282,baseline,cs137_minus_20
507,0.1021420527970868,50.74714,29.95358,nuclide_mode,env_plus_no_ratio,extra_trees,0.10173220422849,-0.00040984856859679897,0.00040984856859679897,-0.40125350663452525,0.40125350663452525,baseline,cs137_minus_20
508,0.1158951488711948,50.747665,29.994827,nuclide_mode,env_plus_no_ratio,extra_trees,0.1099622042507426,-0.005932944620452199,0.005932944620452199,-5.119234651526303,5.119234651526303,baseline,cs137_minus_20
509,0.0972778703622809,50.747154,30.03899,nuclide_mode,env_plus_no_ratio,extra_trees,0.0971686941349423,-0.00010917622733860877,0.00010917622733860877,-0.11223130906548033,0.11223130906548033,baseline,cs137_minus_20
510,0.0968856098908211,50.747296,30.080938,nuclide_mode,env_plus_no_ratio,extra_trees,0.0968652425463625,-2.0367344458593895e-05,2.0367344458593895e-05,-0.021022053204336064,0.021022053204336064,baseline,cs137_minus_20
511,0.1003134480131489,50.774132,30.079923,nuclide_mode,env_plus_no_ratio,extra_trees,0.1001300822693656,-0.00018336574378330361,0.00018336574378330361,-0.18279278343544564,0.18279278343544564,baseline,cs137_minus_20
512,0.1031251907279557,50.774162,30.121927,nuclide_mode,env_plus_no_ratio,extra_trees,0.1027210536818331,-0.0004041370461226046,0.0004041370461226046,-0.39188974417387334,0.39188974417387334,baseline,cs137_minus_20
513,0.1019205112260741,50.801309,30.123328,nuclide_mode,env_plus_no_ratio,extra_trees,0.101925656453447,5.145227372910233e-06,5.145227372910233e-06,0.005048274690751297,0.005048274690751297,baseline,cs137_minus_20
514,0.0994692410305849,50.829576,30.122386,nuclide_mode,env_plus_no_ratio,extra_trees,0.0987805894459594,-0.0006886515846254992,0.0006886515846254992,-0.6923261678590188,0.6923261678590188,baseline,cs137_minus_20
515,0.1097650716457877,50.85554,30.123768,nuclide_mode,env_plus_no_ratio,extra_trees,0.1046854842829674,-0.005079587362820312,0.005079587362820312,-4.627690108208701,4.627690108208701,baseline,cs137_minus_20
516,0.1010279394108345,50.854993,30.080178,nuclide_mode,env_plus_no_ratio,extra_trees,0.1009031166011397,-0.00012482280969480786,0.00012482280969480786,-0.12355276215939681,0.12355276215939681,baseline,cs137_minus_20
517,0.1065069635179778,50.882024,30.123719,nuclide_mode,env_plus_no_ratio,extra_trees,0.1040766137325378,-0.002430349785439989,0.002430349785439989,-2.2818693775170478,2.2818693775170478,baseline,cs137_minus_20
518,0.10949717017121,50.908554,30.122395,nuclide_mode,env_plus_no_ratio,extra_trees,0.1059194164861604,-0.0035777536850495895,0.0035777536850495895,-3.267439404557585,3.267439404557585,baseline,cs137_minus_20
519,0.119178409444757,50.935336,30.122566,nuclide_mode,env_plus_no_ratio,extra_trees,0.1148217826530491,-0.004356626791707896,0.004356626791707896,-3.6555503735996178,3.6555503735996178,baseline,cs137_minus_20
520,0.1081162018230049,50.963576,30.078535,nuclide_mode,env_plus_no_ratio,extra_trees,0.1071558893897045,-0.0009603124333004004,0.0009603124333004004,-0.8882225023706537,0.8882225023706537,baseline,cs137_minus_20
521,0.106001931785976,50.990691,30.081797,nuclide_mode,env_plus_no_ratio,extra_trees,0.1063608370376146,0.0003589052516386054,0.0003589052516386054,0.33858368955318263,0.33858368955318263,baseline,cs137_minus_20
522,0.1202116117741009,51.01667,30.166168,nuclide_mode,env_plus_no_ratio,extra_trees,0.116275008861488,-0.003936602912612899,0.003936602912612899,-3.2747276694122354,3.2747276694122354,baseline,cs137_minus_20
523,0.1127965495807201,51.017658,30.211893,nuclide_mode,env_plus_no_ratio,extra_trees,0.1079564315040579,-0.004840118076662209,0.004840118076662209,-4.291016076868996,4.291016076868996,baseline,cs137_minus_20
524,0.1089209851471124,51.016184,30.252025,nuclide_mode,env_plus_no_ratio,extra_trees,0.110527517761241,0.001606532614128603,0.001606532614128603,1.4749523353638099,1.4749523353638099,baseline,cs137_minus_20
525,0.1279762146172516,51.018467,30.338781,nuclide_mode,env_plus_no_ratio,extra_trees,0.1212558380233327,-0.006720376593918886,0.006720376593918886,-5.251270022338166,5.251270022338166,baseline,cs137_minus_20
526,0.1345992797885141,51.017858,30.380573,nuclide_mode,env_plus_no_ratio,extra_trees,0.126611782668579,-0.0079874971199351,0.0079874971199351,-5.934279241675931,5.934279241675931,baseline,cs137_minus_20
527,0.0940108791710965,51.178653,29.864102,nuclide_mode,env_plus_no_ratio,extra_trees,0.0940375260405001,2.6646869403595952e-05,2.6646869403595952e-05,0.0283444529383664,0.0283444529383664,baseline,cs137_minus_20
528,0.0975319254155762,51.178802,29.823794,nuclide_mode,env_plus_no_ratio,extra_trees,0.0966945877439826,-0.0008373376715936076,0.0008373376715936076,-0.8585267521642527,0.8585267521642527,baseline,cs137_minus_20
529,0.1047312228577882,50.818897,29.452915,nuclide_mode,env_plus_no_ratio,extra_trees,0.1045913120656152,-0.00013991079217300084,0.00013991079217300084,-0.1335903356757154,0.1335903356757154,baseline,cs137_minus_20
530,0.1206674987673083,50.989958,30.123711,nuclide_mode,env_plus_no_ratio,extra_trees,0.1197518052240771,-0.0009156935432311913,0.0009156935432311913,-0.7588568194298849,0.7588568194298849,baseline,cs137_minus_20
531,0.112716630196078,51.07074,29.65233,nuclide_mode,env_plus_no_ratio,extra_trees,0.1126180114413991,-9.861875467889747e-05,9.861875467889747e-05,-0.08749263929141925,0.08749263929141925,baseline,cs137_minus_20
532,0.1088698739360847,50.951421,29.872403,nuclide_mode,env_plus_no_ratio,extra_trees,0.1032801414778647,-0.005589732458220004,0.005589732458220004,-5.134324360016824,5.134324360016824,baseline,cs137_minus_20
533,0.121601196416845,50.94914,29.87865,nuclide_mode,env_plus_no_ratio,extra_trees,0.1157950332437656,-0.005806163173079401,0.005806163173079401,-4.774758262390824,4.774758262390824,baseline,cs137_minus_20
534,0.0987370237194208,50.94783,29.86594,nuclide_mode,env_plus_no_ratio,extra_trees,0.0982398198739683,-0.0004972038454524874,0.0004972038454524874,-0.5035637359957118,0.5035637359957118,baseline,cs137_minus_20
535,0.0979157544145766,50.944693,29.866018,nuclide_mode,env_plus_no_ratio,extra_trees,0.0974965401267763,-0.00041921428780029857,0.00041921428780029857,-0.4281377295275076,0.4281377295275076,baseline,cs137_minus_20
536,0.0987688336747727,50.938095,29.86207,nuclide_mode,env_plus_no_ratio,extra_trees,0.0984709441863352,-0.0002978894884374944,0.0002978894884374944,-0.3016027195566456,0.3016027195566456,baseline,cs137_minus_20
537,0.1009910710663737,50.93631,29.85117,nuclide_mode,env_plus_no_ratio,extra_trees,0.0993654294348952,-0.0016256416314785055,0.0016256416314785055,-1.6096884747465405,1.6096884747465405,baseline,cs137_minus_20
538,0.1030050390545453,50.933984,29.862585,nuclide_mode,env_plus_no_ratio,extra_trees,0.103020692784879,1.5653730333700655e-05,1.5653730333700655e-05,0.015197052957196954,0.015197052957196954,baseline,cs137_minus_20
539,0.1001523398634015,50.93393,29.86825,nuclide_mode,env_plus_no_ratio,extra_trees,0.0997936620734643,-0.0003586777899372007,0.0003586777899372007,-0.35813221181492505,0.35813221181492505,baseline,cs137_minus_20
540,0.0996843515934303,50.932329,29.878773,nuclide_mode,env_plus_no_ratio,extra_trees,0.0995198359724114,-0.00016451562101889305,0.00016451562101889305,-0.16503655627904537,0.16503655627904537,baseline,cs137_minus_20
541,0.1092716731434978,51.0759,30.2851,nuclide_mode,env_plus_no_ratio,extra_trees,0.1081611892607601,-0.0011104838827376978,0.0011104838827376978,-1.01625961311985,1.01625961311985,baseline,cs137_minus_20
542,0.1092716731434978,51.075759,30.285121,nuclide_mode,env_plus_no_ratio,extra_trees,0.1081611892607601,-0.0011104838827376978,0.0011104838827376978,-1.01625961311985,1.01625961311985,baseline,cs137_minus_20
543,0.1035622588623543,51.021745,30.04811,nuclide_mode,env_plus_no_ratio,extra_trees,0.1028182702329402,-0.0007439886294141052,0.0007439886294141052,-0.7183974524956512,0.7183974524956512,baseline,cs137_minus_20
544,0.1084263383305646,51.022164,30.04918,nuclide_mode,env_plus_no_ratio,extra_trees,0.1068738761363901,-0.0015524621941745004,0.0015524621941745004,-1.4318128031230142,1.4318128031230142,baseline,cs137_minus_20
