point_id,prediction_baseline,latitude,longitude,model_mode,feature_set,model_name,prediction_sr90_plus_20,delta_abs,delta_abs_abs,delta_pct,delta_pct_abs,baseline_label,scenario_label
0,0.1012497106603482,51.151183,29.86728,nuclide_mode,env_plus_no_ratio,extra_trees,0.1021544425191447,0.0009047318587964981,0.0009047318587964981,0.8935648831940936,0.8935648831940936,baseline,sr90_plus_20
1,0.0979547612670844,51.14306,29.85566,nuclide_mode,env_plus_no_ratio,extra_trees,0.098611274486047,0.0006565132189625955,0.0006565132189625955,0.6702208350776745,0.6702208350776745,baseline,sr90_plus_20
2,0.1041413404421007,51.13967,29.86646,nuclide_mode,env_plus_no_ratio,extra_trees,0.1041923470972376,5.1006655136895396e-05,5.1006655136895396e-05,0.04897829711079386,0.04897829711079386,baseline,sr90_plus_20
3,0.1019009105537128,51.133835,29.88057,nuclide_mode,env_plus_no_ratio,extra_trees,0.1023306561669774,0.00042974561326460103,0.00042974561326460103,0.421728923646937,0.421728923646937,baseline,sr90_plus_20
4,0.1072390667896111,51.125783,30.037053,nuclide_mode,env_plus_no_ratio,extra_trees,0.1072390667896111,0.0,0.0,0.0,0.0,baseline,sr90_plus_20
5,0.1021929712211295,51.12493,29.95222,nuclide_mode,env_plus_no_ratio,extra_trees,0.1022540949576185,6.112373648900493e-05,6.112373648900493e-05,0.05981207489969422,0.05981207489969422,baseline,sr90_plus_20
6,0.1004276904234213,51.12447,29.93698,nuclide_mode,env_plus_no_ratio,extra_trees,0.1004872810002527,5.9590576831400344e-05,5.9590576831400344e-05,0.05933679902440821,0.05933679902440821,baseline,sr90_plus_20
7,0.1053648241185471,51.1256,29.92359,nuclide_mode,env_plus_no_ratio,extra_trees,0.1053338525383521,-3.097158019499391e-05,3.097158019499391e-05,-0.02939461101377387,0.02939461101377387,baseline,sr90_plus_20
8,0.1047175386945623,51.12606,29.90969,nuclide_mode,env_plus_no_ratio,extra_trees,0.1048248580474072,0.00010731935284490068,0.00010731935284490068,0.10248460208554683,0.10248460208554683,baseline,sr90_plus_20
9,0.0975798902233475,51.12501,29.86512,nuclide_mode,env_plus_no_ratio,extra_trees,0.0975928094780059,1.2919254658405599e-05,1.2919254658405599e-05,0.013239669186791592,0.013239669186791592,baseline,sr90_plus_20
10,0.1034197013580432,51.12458,29.82432,nuclide_mode,env_plus_no_ratio,extra_trees,0.1032371052547923,-0.00018259610325090103,0.00018259610325090103,-0.17655833545558783,0.17655833545558783,baseline,sr90_plus_20
11,0.1043672003499249,51.12767,29.83336,nuclide_mode,env_plus_no_ratio,extra_trees,0.1042415363266859,-0.0001256640232390055,0.0001256640232390055,-0.1204056665481838,0.1204056665481838,baseline,sr90_plus_20
12,0.1015470676773888,51.12198,29.86163,nuclide_mode,env_plus_no_ratio,extra_trees,0.101690584867891,0.00014351719050219314,0.00014351719050219314,0.14133070878830478,0.14133070878830478,baseline,sr90_plus_20
13,0.1203432471879079,51.121852,30.019,nuclide_mode,env_plus_no_ratio,extra_trees,0.1203432471879079,0.0,0.0,0.0,0.0,baseline,sr90_plus_20
14,0.1036324851305478,51.11882,29.85284,nuclide_mode,env_plus_no_ratio,extra_trees,0.1040647140692304,0.0004322289386825967,0.0004322289386825967,0.41707861983441746,0.41707861983441746,baseline,sr90_plus_20
15,0.1049674761553552,51.11565,29.8666,nuclide_mode,env_plus_no_ratio,extra_trees,0.1055333838270908,0.0005659076717355882,0.0005659076717355882,0.5391266823430401,0.5391266823430401,baseline,sr90_plus_20
16,0.1017915867096723,51.11545,29.88094,nuclide_mode,env_plus_no_ratio,extra_trees,0.1021414720976927,0.0003498853880204017,0.0003498853880204017,0.3437272168851607,0.3437272168851607,baseline,sr90_plus_20
17,0.1213437212501881,51.116417,30.02203,nuclide_mode,env_plus_no_ratio,extra_trees,0.1213223879168548,-2.1333333333289906e-05,2.1333333333289906e-05,-0.017580912397852505,0.017580912397852505,baseline,sr90_plus_20
18,0.1111725901838234,51.115856,30.080875,nuclide_mode,env_plus_no_ratio,extra_trees,0.1117166188870881,0.0005440287032646984,0.0005440287032646984,0.48935506707647025,0.48935506707647025,baseline,sr90_plus_20
19,0.1093287413857577,51.115856,30.109432,nuclide_mode,env_plus_no_ratio,extra_trees,0.1095132147805808,0.0001844733948231092,0.0001844733948231092,0.1687327526914534,0.1687327526914534,baseline,sr90_plus_20
20,0.1358857898655286,51.11586,30.13847,nuclide_mode,env_plus_no_ratio,extra_trees,0.1348178499327698,-0.0010679399327588046,0.0010679399327588046,-0.7859099423240861,0.7859099423240861,baseline,sr90_plus_20
21,0.1077516635136902,51.115849,30.209404,nuclide_mode,env_plus_no_ratio,extra_trees,0.1075606125216468,-0.00019105099204340392,0.00019105099204340392,-0.17730676800096945,0.17730676800096945,baseline,sr90_plus_20
22,0.1043559409673731,51.11654,30.28486,nuclide_mode,env_plus_no_ratio,extra_trees,0.1046725656861511,0.0003166247187779969,0.0003166247187779969,0.3034084268158625,0.3034084268158625,baseline,sr90_plus_20
23,0.1046026498987787,51.11642,30.30774,nuclide_mode,env_plus_no_ratio,extra_trees,0.1046502299392662,4.7580040487507635e-05,4.7580040487507635e-05,0.04548645807113837,0.04548645807113837,baseline,sr90_plus_20
24,0.1050871588828319,51.11399,30.14742,nuclide_mode,env_plus_no_ratio,extra_trees,0.1056663669927406,0.000579208109908691,0.000579208109908691,0.5511692542325609,0.5511692542325609,baseline,sr90_plus_20
25,0.1195531933891426,51.11288,30.01851,nuclide_mode,env_plus_no_ratio,extra_trees,0.1195833838653331,3.019047619050308e-05,3.019047619050308e-05,0.025252755978030506,0.025252755978030506,baseline,sr90_plus_20
26,0.097230647689367,51.112858,29.738181,nuclide_mode,env_plus_no_ratio,extra_trees,0.0972524002773587,2.175258799169688e-05,2.175258799169688e-05,0.02237215169150386,0.02237215169150386,baseline,sr90_plus_20
27,0.0971386521879377,51.11255,29.72871,nuclide_mode,env_plus_no_ratio,extra_trees,0.097441710168639,0.0003030579807013073,0.0003030579807013073,0.31198495539650883,0.31198495539650883,baseline,sr90_plus_20
28,0.0976289016049754,51.10995,29.74291,nuclide_mode,env_plus_no_ratio,extra_trees,0.0979609873379601,0.00033208573298471045,0.00033208573298471045,0.34015104904937965,0.34015104904937965,baseline,sr90_plus_20
29,0.102534775920953,51.10971,30.27507,nuclide_mode,env_plus_no_ratio,extra_trees,0.1024843181721232,-5.045774882980747e-05,5.045774882980747e-05,-0.049210376066659366,0.049210376066659366,baseline,sr90_plus_20
30,0.1061332060119472,51.10977,30.28535,nuclide_mode,env_plus_no_ratio,extra_trees,0.1063663219068877,0.00023311589494050267,0.00023311589494050267,0.21964463686724142,0.21964463686724142,baseline,sr90_plus_20
31,0.10526891823002,51.10672,30.30873,nuclide_mode,env_plus_no_ratio,extra_trees,0.1054941567404741,0.00022523851045409826,0.00022523851045409826,0.21396487609185477,0.21396487609185477,baseline,sr90_plus_20
32,0.105115847459066,51.107,30.29606,nuclide_mode,env_plus_no_ratio,extra_trees,0.1055633641462678,0.0004475166872017905,0.0004475166872017905,0.42573664962941155,0.42573664962941155,baseline,sr90_plus_20
33,0.1061234337994387,51.10643,30.2664,nuclide_mode,env_plus_no_ratio,extra_trees,0.1061924145869879,6.898078754920267e-05,6.898078754920267e-05,0.06500052352204186,0.06500052352204186,baseline,sr90_plus_20
34,0.1087094312672245,51.10683,30.25109,nuclide_mode,env_plus_no_ratio,extra_trees,0.1090995022311176,0.0003900709638930966,0.0003900709638930966,0.3588198000357873,0.3588198000357873,baseline,sr90_plus_20
35,0.1095474129997369,51.10669,30.22462,nuclide_mode,env_plus_no_ratio,extra_trees,0.1098809710951117,0.00033355809537480297,0.00033355809537480297,0.3044874235191698,0.3044874235191698,baseline,sr90_plus_20
36,0.1055437203235365,51.1069,30.21022,nuclide_mode,env_plus_no_ratio,extra_trees,0.105530203574094,-1.3516749442499254e-05,1.3516749442499254e-05,-0.012806777514630578,0.012806777514630578,baseline,sr90_plus_20
37,0.1069023441017802,51.10735,30.16653,nuclide_mode,env_plus_no_ratio,extra_trees,0.1070348057002909,0.00013246159851069972,0.00013246159851069972,0.12390897470366496,0.12390897470366496,baseline,sr90_plus_20
38,0.1076505148002356,51.1073,30.152575,nuclide_mode,env_plus_no_ratio,extra_trees,0.1077955112049608,0.00014499640472519226,0.00014499640472519226,0.13469178943942675,0.13469178943942675,baseline,sr90_plus_20
39,0.113338933435272,51.10651,30.13886,nuclide_mode,env_plus_no_ratio,extra_trees,0.1134920266127301,0.0001530931774580968,0.0001530931774580968,0.13507554096186064,0.13507554096186064,baseline,sr90_plus_20
40,0.1125520542748948,51.10657,30.12264,nuclide_mode,env_plus_no_ratio,extra_trees,0.1128666756878599,0.0003146214129650937,0.0003146214129650937,0.27953413644203146,0.27953413644203146,baseline,sr90_plus_20
41,0.1154129231075836,51.106865,30.109789,nuclide_mode,env_plus_no_ratio,extra_trees,0.1152436515403765,-0.00016927156720709935,0.00016927156720709935,-0.1466660428046786,0.1466660428046786,baseline,sr90_plus_20
42,0.1136901918207664,51.107079,30.095488,nuclide_mode,env_plus_no_ratio,extra_trees,0.1136967467723539,6.5549515875090725e-06,6.5549515875090725e-06,0.0057656262888913165,0.0057656262888913165,baseline,sr90_plus_20
43,0.1145053158110987,51.106864,30.080875,nuclide_mode,env_plus_no_ratio,extra_trees,0.1142743234249193,-0.00023099238617939333,0.00023099238617939333,-0.20173070965584278,0.20173070965584278,baseline,sr90_plus_20
44,0.1131549021163127,51.10712,29.98087,nuclide_mode,env_plus_no_ratio,extra_trees,0.1135149295332621,0.00036002741694940443,0.00036002741694940443,0.31817217832889805,0.31817217832889805,baseline,sr90_plus_20
45,0.1061970225914792,51.10735,29.96643,nuclide_mode,env_plus_no_ratio,extra_trees,0.1065962705208897,0.00039924792941049836,0.00039924792941049836,0.37595020996618067,0.37595020996618067,baseline,sr90_plus_20
46,0.1030089393629916,51.107076,29.955287,nuclide_mode,env_plus_no_ratio,extra_trees,0.1034999886305426,0.0004910492675510025,0.0004910492675510025,0.4767054884630951,0.4767054884630951,baseline,sr90_plus_20
47,0.1088705127278444,51.10574,29.90955,nuclide_mode,env_plus_no_ratio,extra_trees,0.1096648621320014,0.0007943494041569993,0.0007943494041569993,0.729627687290058,0.729627687290058,baseline,sr90_plus_20
48,0.0986437323446767,51.10689,29.77648,nuclide_mode,env_plus_no_ratio,extra_trees,0.0990792410555048,0.00043550871082809195,0.00043550871082809195,0.44149658622643767,0.44149658622643767,baseline,sr90_plus_20
49,0.0971304727127628,51.10423,29.76188,nuclide_mode,env_plus_no_ratio,extra_trees,0.0974159104715917,0.000285437758828902,0.000285437758828902,0.2938704516274797,0.2938704516274797,baseline,sr90_plus_20
50,0.096636071104778,51.097862,29.738101,nuclide_mode,env_plus_no_ratio,extra_trees,0.0968216606425811,0.0001855895378031075,0.0001855895378031075,0.19204996196697752,0.19204996196697752,baseline,sr90_plus_20
51,0.0985672600828685,51.09808,29.76195,nuclide_mode,env_plus_no_ratio,extra_trees,0.0987749052342667,0.00020764515139820583,0.00020764515139820583,0.21066341016645107,0.21066341016645107,baseline,sr90_plus_20
52,0.097060540150516,51.098832,29.779019,nuclide_mode,env_plus_no_ratio,extra_trees,0.0973791426776835,0.0003186025271674914,0.0003186025271674914,0.3282513436185504,0.3282513436185504,baseline,sr90_plus_20
53,0.0959933630412611,51.098953,29.825965,nuclide_mode,env_plus_no_ratio,extra_trees,0.0961596441719304,0.00016628113066929906,0.00016628113066929906,0.17322148677906613,0.17322148677906613,baseline,sr90_plus_20
54,0.0996404519828754,51.097862,29.866694,nuclide_mode,env_plus_no_ratio,extra_trees,0.0998963686969428,0.00025591671406739736,0.00025591671406739736,0.2568401778339787,0.2568401778339787,baseline,sr90_plus_20
55,0.1076017813918154,51.09713,29.95382,nuclide_mode,env_plus_no_ratio,extra_trees,0.1079475349476305,0.00034575355581510647,0.00034575355581510647,0.3213269811547988,0.3213269811547988,baseline,sr90_plus_20
56,0.1415541536470264,51.09827,29.99426,nuclide_mode,env_plus_no_ratio,extra_trees,0.1397809580328419,-0.0017731956141844862,0.0017731956141844862,-1.2526623687822358,1.2526623687822358,baseline,sr90_plus_20
57,0.113997375382735,51.097862,30.023769,nuclide_mode,env_plus_no_ratio,extra_trees,0.1139851326599406,-1.2242722794389427e-05,1.2242722794389427e-05,-0.010739477775945005,0.010739477775945005,baseline,sr90_plus_20
58,0.1116663820683513,51.09832,30.07888,nuclide_mode,env_plus_no_ratio,extra_trees,0.1121537336391969,0.00048735157084559,0.00048735157084559,0.43643535486560375,0.43643535486560375,baseline,sr90_plus_20
59,0.1133888522044016,51.09823,30.12301,nuclide_mode,env_plus_no_ratio,extra_trees,0.1134602688294711,7.141662506950086e-05,7.141662506950086e-05,0.06298381514680203,0.06298381514680203,baseline,sr90_plus_20
60,0.1092903633651651,51.09777,30.16727,nuclide_mode,env_plus_no_ratio,extra_trees,0.1092890469027522,-1.3164624129008429e-06,1.3164624129008429e-06,-0.0012045548869686058,0.0012045548869686058,baseline,sr90_plus_20
61,0.1075835633393497,51.09787,30.20979,nuclide_mode,env_plus_no_ratio,extra_trees,0.1075995614812916,1.5998141941905852e-05,1.5998141941905852e-05,0.014870433219843335,0.014870433219843335,baseline,sr90_plus_20
62,0.1041543282936543,51.09777,30.22431,nuclide_mode,env_plus_no_ratio,extra_trees,0.104153057215651,-1.2710780032954005e-06,1.2710780032954005e-06,-0.0012203794351317823,0.0012203794351317823,baseline,sr90_plus_20
63,0.106059684364872,51.098,30.25237,nuclide_mode,env_plus_no_ratio,extra_trees,0.1060902036056074,3.051924073541046e-05,3.051924073541046e-05,0.028775534189236875,0.028775534189236875,baseline,sr90_plus_20
64,0.1093383994381455,51.09788,30.26656,nuclide_mode,env_plus_no_ratio,extra_trees,0.1091998407682617,-0.00013855866988379817,0.00013855866988379817,-0.1267246187943176,0.1267246187943176,baseline,sr90_plus_20
65,0.1074710340525884,51.0983,30.29691,nuclide_mode,env_plus_no_ratio,extra_trees,0.1076931520854203,0.00022211803283189724,0.00022211803283189724,0.20667711517803863,0.20667711517803863,baseline,sr90_plus_20
66,0.0970753355581154,51.09198,29.75775,nuclide_mode,env_plus_no_ratio,extra_trees,0.0975769210615023,0.0005015855033869004,0.0005015855033869004,0.5166971615427688,0.5166971615427688,baseline,sr90_plus_20
67,0.1131144879203962,51.09238,30.03711,nuclide_mode,env_plus_no_ratio,extra_trees,0.1132715450236147,0.00015705710321849142,0.00015705710321849142,0.13884791073714592,0.13884791073714592,baseline,sr90_plus_20
68,0.1141721207735428,51.09123,30.05345,nuclide_mode,env_plus_no_ratio,extra_trees,0.1133043445996774,-0.000867776173865395,0.000867776173865395,-0.760059608235363,0.760059608235363,baseline,sr90_plus_20
69,0.1061139639841477,51.08926,30.33778,nuclide_mode,env_plus_no_ratio,extra_trees,0.1074775559719293,0.0013635919877816038,0.0013635919877816038,1.2850259632043433,1.2850259632043433,baseline,sr90_plus_20
70,0.1068028832962774,51.08871,30.30723,nuclide_mode,env_plus_no_ratio,extra_trees,0.1067011393407739,-0.00010174395550351101,0.00010174395550351101,-0.09526330410132033,0.09526330410132033,baseline,sr90_plus_20
71,0.1029074630280535,51.08875,30.2943,nuclide_mode,env_plus_no_ratio,extra_trees,0.10346696534959,0.0005595023215365091,0.0005595023215365091,0.5436946019978977,0.5436946019978977,baseline,sr90_plus_20
72,0.1056070321772351,51.08902,30.28173,nuclide_mode,env_plus_no_ratio,extra_trees,0.1058672833880686,0.00026025121083349256,0.00026025121083349256,0.24643359960795577,0.24643359960795577,baseline,sr90_plus_20
73,0.1469072783474464,51.08904,30.25095,nuclide_mode,env_plus_no_ratio,extra_trees,0.1450272961877848,-0.0018799821596616195,0.0018799821596616195,-1.279706615498876,1.279706615498876,baseline,sr90_plus_20
74,0.1067141310361769,51.08882,30.22364,nuclide_mode,env_plus_no_ratio,extra_trees,0.1073288372127636,0.0006147061765866962,0.0006147061765866962,0.5760307192852522,0.5760307192852522,baseline,sr90_plus_20
75,0.1093028290844321,51.08949,30.0375,nuclide_mode,env_plus_no_ratio,extra_trees,0.1095071767650744,0.00020434768064230002,0.00020434768064230002,0.1869555274589,0.1869555274589,baseline,sr90_plus_20
76,0.1113744152728581,51.08838,30.02322,nuclide_mode,env_plus_no_ratio,extra_trees,0.1114721838290485,9.776855619039737e-05,9.776855619039737e-05,0.08778367630561516,0.08778367630561516,baseline,sr90_plus_20
77,0.1081757700322409,51.089414,30.009772,nuclide_mode,env_plus_no_ratio,extra_trees,0.1083189233606857,0.0001431533284448061,0.0001431533284448061,0.13233400455771235,0.13233400455771235,baseline,sr90_plus_20
78,0.1027869666415951,51.08329,29.90467,nuclide_mode,env_plus_no_ratio,extra_trees,0.103286482167411,0.0004995155258158968,0.0004995155258158968,0.48597165782471524,0.48597165782471524,baseline,sr90_plus_20
79,0.1055291447558459,51.081516,29.99411,nuclide_mode,env_plus_no_ratio,extra_trees,0.1058744469959001,0.0003453022400541905,0.0003453022400541905,0.32721030844425764,0.32721030844425764,baseline,sr90_plus_20
80,0.1130746804918883,51.079876,30.237963,nuclide_mode,env_plus_no_ratio,extra_trees,0.1131445228437207,6.984235183239706e-05,6.984235183239706e-05,0.06176657013628031,0.06176657013628031,baseline,sr90_plus_20
81,0.1137494568909425,51.079876,30.252243,nuclide_mode,env_plus_no_ratio,extra_trees,0.1135668732007435,-0.00018258369019899523,0.00018258369019899523,-0.16051390062815654,0.16051390062815654,baseline,sr90_plus_20
82,0.1093402458290989,51.07945,30.28069,nuclide_mode,env_plus_no_ratio,extra_trees,0.109430191995515,8.994616641609665e-05,8.994616641609665e-05,0.0822626341600552,0.0822626341600552,baseline,sr90_plus_20
83,0.1072132218143199,51.07985,30.29523,nuclide_mode,env_plus_no_ratio,extra_trees,0.1072623902029673,4.916838864739426e-05,4.916838864739426e-05,0.04586037786696481,0.04586037786696481,baseline,sr90_plus_20
84,0.1026948755982633,51.079876,30.309361,nuclide_mode,env_plus_no_ratio,extra_trees,0.1030477102412649,0.00035283464300159273,0.00035283464300159273,0.3435757051616309,0.3435757051616309,baseline,sr90_plus_20
85,0.1056903762816073,51.07903,30.33656,nuclide_mode,env_plus_no_ratio,extra_trees,0.1057284622627699,3.8085981162602756e-05,3.8085981162602756e-05,0.03603542962239472,0.03603542962239472,baseline,sr90_plus_20
86,0.0996061977073475,51.0802,30.3521,nuclide_mode,env_plus_no_ratio,extra_trees,0.1004778890023736,0.0008716912950261085,0.0008716912950261085,0.8751376069862848,0.8751376069862848,baseline,sr90_plus_20
87,0.105953429877825,51.07991,30.38073,nuclide_mode,env_plus_no_ratio,extra_trees,0.1062768157744717,0.0003233858966467107,0.0003233858966467107,0.30521512802332806,0.30521512802332806,baseline,sr90_plus_20
88,0.1077266377233284,51.07956,30.39463,nuclide_mode,env_plus_no_ratio,extra_trees,0.1079041644407487,0.00017752671742030102,0.00017752671742030102,0.1647937048552823,0.1647937048552823,baseline,sr90_plus_20
89,0.1118598604466445,51.07692,29.99038,nuclide_mode,env_plus_no_ratio,extra_trees,0.1118598604466445,0.0,0.0,0.0,0.0,baseline,sr90_plus_20
90,0.1069263026238167,51.07718,29.90931,nuclide_mode,env_plus_no_ratio,extra_trees,0.1069571737906271,3.0871166810400585e-05,3.0871166810400585e-05,0.028871443277160846,0.028871443277160846,baseline,sr90_plus_20
91,0.1011562858495249,51.07401,29.9243,nuclide_mode,env_plus_no_ratio,extra_trees,0.1018403222518584,0.0006840364023335127,0.0006840364023335127,0.6762173962684351,0.6762173962684351,baseline,sr90_plus_20
92,0.1070062426846112,51.07378,29.96635,nuclide_mode,env_plus_no_ratio,extra_trees,0.1077232024584149,0.0007169597738036909,0.0007169597738036909,0.6700167726819909,0.6700167726819909,baseline,sr90_plus_20
93,0.1039666334846588,51.07352,29.98019,nuclide_mode,env_plus_no_ratio,extra_trees,0.1043745723424598,0.0004079388578009935,0.0004079388578009935,0.3923747880719717,0.3923747880719717,baseline,sr90_plus_20
94,0.1044948680211727,51.070883,30.380797,nuclide_mode,env_plus_no_ratio,extra_trees,0.1047600127865854,0.0002651447654127004,0.0002651447654127004,0.25373950934985334,0.25373950934985334,baseline,sr90_plus_20
95,0.1075089969510451,51.07149,30.35115,nuclide_mode,env_plus_no_ratio,extra_trees,0.1077705850901803,0.0002615881391351965,0.0002615881391351965,0.2433174399853366,0.2433174399853366,baseline,sr90_plus_20
96,0.1109399288766821,51.0716,30.29536,nuclide_mode,env_plus_no_ratio,extra_trees,0.1109399288766821,0.0,0.0,0.0,0.0,baseline,sr90_plus_20
97,0.114341737467818,51.07112,30.28154,nuclide_mode,env_plus_no_ratio,extra_trees,0.1144296252604346,8.788779261659219e-05,8.788779261659219e-05,0.0768641395197695,0.0768641395197695,baseline,sr90_plus_20
98,0.1107022920312239,51.07061,30.2655,nuclide_mode,env_plus_no_ratio,extra_trees,0.1109632142419307,0.000260922210706796,0.000260922210706796,0.23569720727480703,0.23569720727480703,baseline,sr90_plus_20
99,0.1120241245803468,51.07076,30.25218,nuclide_mode,env_plus_no_ratio,extra_trees,0.1119997078425626,-2.4416737784194176e-05,2.4416737784194176e-05,-0.021795963928003575,0.021795963928003575,baseline,sr90_plus_20
100,0.1114333423763695,51.07117,30.23779,nuclide_mode,env_plus_no_ratio,extra_trees,0.1113467454092935,-8.659696707599696e-05,8.659696707599696e-05,-0.07771189953498214,0.07771189953498214,baseline,sr90_plus_20
101,0.1049819530404434,51.070892,30.209384,nuclide_mode,env_plus_no_ratio,extra_trees,0.1050264137461977,4.446070575429839e-05,4.446070575429839e-05,0.04235080836910158,0.04235080836910158,baseline,sr90_plus_20
102,0.1137412221575503,51.07092,30.19519,nuclide_mode,env_plus_no_ratio,extra_trees,0.1139618926078722,0.0002206704503219109,0.0002206704503219109,0.19401097169172848,0.19401097169172848,baseline,sr90_plus_20
103,0.1042102353723809,51.07084,30.1686,nuclide_mode,env_plus_no_ratio,extra_trees,0.1048591622255722,0.0006489268531913034,0.0006489268531913034,0.6227093249261484,0.6227093249261484,baseline,sr90_plus_20
104,0.1504225231513647,51.07126,30.12382,nuclide_mode,env_plus_no_ratio,extra_trees,0.1495473021548812,-0.0008752209964834889,0.0008752209964834889,-0.5818417203405011,0.5818417203405011,baseline,sr90_plus_20
105,0.1154821407773227,51.06958,30.08226,nuclide_mode,env_plus_no_ratio,extra_trees,0.1157558158460621,0.0002736750687393902,0.0002736750687393902,0.23698475530264151,0.23698475530264151,baseline,sr90_plus_20
106,0.1053800352405235,51.07047,30.039138,nuclide_mode,env_plus_no_ratio,extra_trees,0.1055649118220907,0.00018487658156719766,0.00018487658156719766,0.17543795762188552,0.17543795762188552,baseline,sr90_plus_20
107,0.1094102194657331,51.07107,29.99345,nuclide_mode,env_plus_no_ratio,extra_trees,0.1095003337707226,9.011430498950812e-05,9.011430498950812e-05,0.08236370005430034,0.08236370005430034,baseline,sr90_plus_20
108,0.1094247842362929,51.071267,29.953709,nuclide_mode,env_plus_no_ratio,extra_trees,0.1094039611119389,-2.0823124354002465e-05,2.0823124354002465e-05,-0.019029623406921065,0.019029623406921065,baseline,sr90_plus_20
109,0.1013838183927468,51.07154,29.90879,nuclide_mode,env_plus_no_ratio,extra_trees,0.1015534041837653,0.00016958579101850058,0.00016958579101850058,0.16727106327910124,0.16727106327910124,baseline,sr90_plus_20
110,0.1018727132758231,51.069372,29.866127,nuclide_mode,env_plus_no_ratio,extra_trees,0.1032277053492051,0.0013549920733819942,0.0013549920733819942,1.3300834245116422,1.3300834245116422,baseline,sr90_plus_20
111,0.1005312590053387,51.06997,29.82462,nuclide_mode,env_plus_no_ratio,extra_trees,0.1007111246599183,0.00017986565457960013,0.00017986565457960013,0.17891515172415018,0.17891515172415018,baseline,sr90_plus_20
112,0.095739206076342,51.07151,29.78159,nuclide_mode,env_plus_no_ratio,extra_trees,0.0958391484441927,9.994236785069999e-05,9.994236785069999e-05,0.10439022000141343,0.10439022000141343,baseline,sr90_plus_20
113,0.0991348744830794,51.067894,29.804816,nuclide_mode,env_plus_no_ratio,extra_trees,0.0995405721616114,0.0004056976785320049,0.0004056976785320049,0.40923810177542563,0.40923810177542563,baseline,sr90_plus_20
114,0.1007936603350601,51.067894,29.819094,nuclide_mode,env_plus_no_ratio,extra_trees,0.1008996129337046,0.00010595259864450146,0.00010595259864450146,0.10511831626343554,0.10511831626343554,baseline,sr90_plus_20
115,0.1112181492458078,51.06536,30.26233,nuclide_mode,env_plus_no_ratio,extra_trees,0.111091702768604,-0.00012644647720380653,0.00012644647720380653,-0.11369230477333513,0.11369230477333513,baseline,sr90_plus_20
116,0.1066509694026618,51.06477,30.24661,nuclide_mode,env_plus_no_ratio,extra_trees,0.1067943105610169,0.00014334115835509809,0.00014334115835509809,0.13440211482177167,0.13440211482177167,baseline,sr90_plus_20
117,0.1075019306369451,51.064896,30.047557,nuclide_mode,env_plus_no_ratio,extra_trees,0.1072249062272594,-0.00027702440968570274,0.00027702440968570274,-0.257692497282926,0.257692497282926,baseline,sr90_plus_20
118,0.1496781346147653,51.061889,30.123726,nuclide_mode,env_plus_no_ratio,extra_trees,0.1490014351073761,-0.0006766995073892168,0.0006766995073892168,-0.4521031138789075,0.4521031138789075,baseline,sr90_plus_20
119,0.1090959301629868,51.061004,30.195435,nuclide_mode,env_plus_no_ratio,extra_trees,0.1094165531033552,0.0003206229403684008,0.0003206229403684008,0.29389083523958914,0.29389083523958914,baseline,sr90_plus_20
120,0.1103662563895594,51.061738,30.199676,nuclide_mode,env_plus_no_ratio,extra_trees,0.1101590758777911,-0.00020718051176829566,0.00020718051176829566,-0.18772088367028716,0.18772088367028716,baseline,sr90_plus_20
121,0.0972722937061006,51.05862,29.71945,nuclide_mode,env_plus_no_ratio,extra_trees,0.097245627039434,-2.6666666666605443e-05,2.6666666666605443e-05,-0.027414452410443154,0.027414452410443154,baseline,sr90_plus_20
122,0.1094321866552302,51.0527,30.26792,nuclide_mode,env_plus_no_ratio,extra_trees,0.109263376213005,-0.00016881044222520625,0.00016881044222520625,-0.15426032082960128,0.15426032082960128,baseline,sr90_plus_20
123,0.1098205000068578,51.05272,30.20061,nuclide_mode,env_plus_no_ratio,extra_trees,0.1103365573667302,0.00051605735987241,0.00051605735987241,0.469909861856561,0.469909861856561,baseline,sr90_plus_20
124,0.1359919974445503,51.05289,30.13888,nuclide_mode,env_plus_no_ratio,extra_trees,0.13582225718481,-0.0001697402597402864,0.0001697402597402864,-0.12481635899898941,0.12481635899898941,baseline,sr90_plus_20
125,0.106612658910983,51.05303,30.12438,nuclide_mode,env_plus_no_ratio,extra_trees,0.1064971520532925,-0.00011550685769050328,0.00011550685769050328,-0.10834253537091365,0.10834253537091365,baseline,sr90_plus_20
126,0.0995424522546118,51.05195,29.78041,nuclide_mode,env_plus_no_ratio,extra_trees,0.0998950285739084,0.00035257631929661026,0.00035257631929661026,0.3541969394071015,0.3541969394071015,baseline,sr90_plus_20
127,0.1094814856642437,51.05307,29.76716,nuclide_mode,env_plus_no_ratio,extra_trees,0.1092761980181227,-0.00020528764612100237,0.00020528764612100237,-0.1875090065461622,0.1875090065461622,baseline,sr90_plus_20
128,0.1027622190894767,51.05312,29.75195,nuclide_mode,env_plus_no_ratio,extra_trees,0.1031438890355104,0.00038166994603369697,0.00038166994603369697,0.3714107669292066,0.3714107669292066,baseline,sr90_plus_20
129,0.0992291314078962,51.05297,29.73811,nuclide_mode,env_plus_no_ratio,extra_trees,0.0995209818143393,0.0002918504064430977,0.0002918504064430977,0.2941176671630863,0.2941176671630863,baseline,sr90_plus_20
130,0.105385411707541,51.04988,29.79071,nuclide_mode,env_plus_no_ratio,extra_trees,0.1052329923766382,-0.00015241933090279214,0.00015241933090279214,-0.14463038900087685,0.14463038900087685,baseline,sr90_plus_20
131,0.1085716884576553,51.04561,30.19134,nuclide_mode,env_plus_no_ratio,extra_trees,0.1088775895967029,0.0003059011390476041,0.0003059011390476041,0.28175037470004016,0.28175037470004016,baseline,sr90_plus_20
132,0.1030881194615299,51.04714,30.14791,nuclide_mode,env_plus_no_ratio,extra_trees,0.1032934856603423,0.0002053661988123956,0.0002053661988123956,0.19921422554325816,0.19921422554325816,baseline,sr90_plus_20
133,0.1149639769437885,51.046912,30.133231,nuclide_mode,env_plus_no_ratio,extra_trees,0.114905903350715,-5.80735930734988e-05,5.80735930734988e-05,-0.050514599979342927,0.050514599979342927,baseline,sr90_plus_20
134,0.0996683696388325,51.04704,30.1141,nuclide_mode,env_plus_no_ratio,extra_trees,0.1001364030636934,0.00046803342486090305,0.00046803342486090305,0.46959073029579207,0.46959073029579207,baseline,sr90_plus_20
135,0.1022517590253016,51.04676,29.77086,nuclide_mode,env_plus_no_ratio,extra_trees,0.1023573884202769,0.00010562939497529844,0.00010562939497529844,0.10330325461605121,0.10330325461605121,baseline,sr90_plus_20
136,0.1046595640325094,51.043838,29.694039,nuclide_mode,env_plus_no_ratio,extra_trees,0.1045487132908634,-0.00011085074164599029,0.00011085074164599029,-0.1059155392731789,0.1059155392731789,baseline,sr90_plus_20
137,0.0986172790551493,51.044,29.73761,nuclide_mode,env_plus_no_ratio,extra_trees,0.0986523729993445,3.509394419519418e-05,3.509394419519418e-05,0.03558599926040217,0.03558599926040217,baseline,sr90_plus_20
138,0.0982866513330011,51.044203,29.78018,nuclide_mode,env_plus_no_ratio,extra_trees,0.0985967130282032,0.0003100616952021046,0.0003100616952021046,0.31546674039346084,0.31546674039346084,baseline,sr90_plus_20
139,0.1008975463038253,51.04325,29.82336,nuclide_mode,env_plus_no_ratio,extra_trees,0.101192144711157,0.00029459840733170317,0.00029459840733170317,0.2919777716344071,0.2919777716344071,baseline,sr90_plus_20
140,0.1109089959208549,51.04469,29.86551,nuclide_mode,env_plus_no_ratio,extra_trees,0.111020079916152,0.00011108399529709267,0.00011108399529709267,0.10015778645797374,0.10015778645797374,baseline,sr90_plus_20
141,0.1059305250638293,51.04398,29.90843,nuclide_mode,env_plus_no_ratio,extra_trees,0.1060140108555898,8.348579176049864e-05,8.348579176049864e-05,0.07881183606915343,0.07881183606915343,baseline,sr90_plus_20
142,0.1053496150624905,51.044055,29.952572,nuclide_mode,env_plus_no_ratio,extra_trees,0.105150446195502,-0.00019916886698850833,0.00019916886698850833,-0.18905514450182548,0.18905514450182548,baseline,sr90_plus_20
143,0.108478852798741,51.04321,30.03807,nuclide_mode,env_plus_no_ratio,extra_trees,0.1084856033916235,6.750592882492912e-06,6.750592882492912e-06,0.006222957478189019,0.006222957478189019,baseline,sr90_plus_20
144,0.1105715285827977,51.04409,30.07969,nuclide_mode,env_plus_no_ratio,extra_trees,0.1108857068765461,0.0003141782937483989,0.0003141782937483989,0.2841403187377818,0.2841403187377818,baseline,sr90_plus_20
145,0.1167585291709336,51.043903,30.123726,nuclide_mode,env_plus_no_ratio,extra_trees,0.1169039074361111,0.00014537826517750652,0.00014537826517750652,0.1245119017940641,0.1245119017940641,baseline,sr90_plus_20
146,0.1107739179544022,51.04356,30.16552,nuclide_mode,env_plus_no_ratio,extra_trees,0.1113689445137808,0.0005950265593785975,0.0005950265593785975,0.5371540253938909,0.5371540253938909,baseline,sr90_plus_20
147,0.1057668293286174,51.04325,30.18084,nuclide_mode,env_plus_no_ratio,extra_trees,0.1061420253023377,0.0003751959737202937,0.0003751959737202937,0.3547387929674627,0.3547387929674627,baseline,sr90_plus_20
148,0.1132913298778349,51.044871,30.254171,nuclide_mode,env_plus_no_ratio,extra_trees,0.1134298158675495,0.0001384859897145957,0.0001384859897145957,0.1222388243336263,0.1222388243336263,baseline,sr90_plus_20
149,0.1096326654763249,51.0379,29.91425,nuclide_mode,env_plus_no_ratio,extra_trees,0.1096291967959535,-3.4686803714045755e-06,3.4686803714045755e-06,-0.0031639113728869745,0.0031639113728869745,baseline,sr90_plus_20
150,0.1075214276459981,51.0377,30.09093,nuclide_mode,env_plus_no_ratio,extra_trees,0.1079290905723533,0.0004076629263551901,0.0004076629263551901,0.3791457528794848,0.3791457528794848,baseline,sr90_plus_20
151,0.1096491254685274,51.0352,30.08228,nuclide_mode,env_plus_no_ratio,extra_trees,0.1098133926225938,0.00016426715406640813,0.00016426715406640813,0.1498116408721908,0.1498116408721908,baseline,sr90_plus_20
152,0.1039015640475521,51.02865,29.91425,nuclide_mode,env_plus_no_ratio,extra_trees,0.1041881186248474,0.0002865545772953032,0.0002865545772953032,0.27579428656546234,0.27579428656546234,baseline,sr90_plus_20
153,0.1003846144063231,51.02773,29.90069,nuclide_mode,env_plus_no_ratio,extra_trees,0.1007110792629128,0.0003264648565897005,0.0003264648565897005,0.32521403655373,0.32521403655373,baseline,sr90_plus_20
154,0.0985601113880395,51.02546,29.52588,nuclide_mode,env_plus_no_ratio,extra_trees,0.0985334349174512,-2.667647058829381e-05,2.667647058829381e-05,-0.027066193628035067,0.027066193628035067,baseline,sr90_plus_20
155,0.0981213570146611,51.02572,29.7098,nuclide_mode,env_plus_no_ratio,extra_trees,0.0981756839842477,5.432696958659888e-05,5.432696958659888e-05,0.05536712010462865,0.05536712010462865,baseline,sr90_plus_20
156,0.1023653675152439,51.02575,30.06114,nuclide_mode,env_plus_no_ratio,extra_trees,0.1025373654139383,0.00017199789869440374,0.00017199789869440374,0.16802352482033572,0.16802352482033572,baseline,sr90_plus_20
157,0.1033958656480853,51.02256,29.94257,nuclide_mode,env_plus_no_ratio,extra_trees,0.1036945093155979,0.00029864366751260196,0.00029864366751260196,0.2888352117763156,0.2888352117763156,baseline,sr90_plus_20
158,0.099956571479043,51.02296,29.49086,nuclide_mode,env_plus_no_ratio,extra_trees,0.1000538986625933,9.732718355030812e-05,9.732718355030812e-05,0.09736946967084985,0.09736946967084985,baseline,sr90_plus_20
159,0.1018305798355028,51.02015,29.86218,nuclide_mode,env_plus_no_ratio,extra_trees,0.1017580832344301,-7.249660107269684e-05,7.249660107269684e-05,-0.07119334996403626,0.07119334996403626,baseline,sr90_plus_20
160,0.107219142294486,51.018467,30.082277,nuclide_mode,env_plus_no_ratio,extra_trees,0.1075337568037063,0.00031461450922030954,0.00031461450922030954,0.29343128707017213,0.29343128707017213,baseline,sr90_plus_20
161,0.1088325930235085,51.01669,30.05093,nuclide_mode,env_plus_no_ratio,extra_trees,0.108883654021307,5.106099779848827e-05,5.106099779848827e-05,0.04691700930755072,0.04691700930755072,baseline,sr90_plus_20
162,0.1085197233806798,51.01683,30.0377,nuclide_mode,env_plus_no_ratio,extra_trees,0.1086811204330734,0.00016139705239359703,0.00016139705239359703,0.14872600792339577,0.14872600792339577,baseline,sr90_plus_20
163,0.1066253020984084,51.01689,30.02491,nuclide_mode,env_plus_no_ratio,extra_trees,0.106971489454558,0.0003461873561496076,0.0003461873561496076,0.32467655362898634,0.32467655362898634,baseline,sr90_plus_20
164,0.1035133857931416,51.01733,30.01091,nuclide_mode,env_plus_no_ratio,extra_trees,0.103472542521429,-4.084327171259561e-05,4.084327171259561e-05,-0.03945699524718061,0.03945699524718061,baseline,sr90_plus_20
165,0.1057303253097919,51.015104,29.995365,nuclide_mode,env_plus_no_ratio,extra_trees,0.1060842274180598,0.0003539021082678978,0.0003539021082678978,0.3347214786589919,0.3347214786589919,baseline,sr90_plus_20
166,0.1095664801699954,51.01733,29.96693,nuclide_mode,env_plus_no_ratio,extra_trees,0.1095443401980202,-2.2139971975199124e-05,2.2139971975199124e-05,-0.020206884387312937,0.020206884387312937,baseline,sr90_plus_20
167,0.103800058287339,51.016923,29.952333,nuclide_mode,env_plus_no_ratio,extra_trees,0.1042770784863599,0.00047702019902090553,0.00047702019902090553,0.4595567737548082,0.4595567737548082,baseline,sr90_plus_20
168,0.1029674555289185,51.016923,29.938092,nuclide_mode,env_plus_no_ratio,extra_trees,0.1029338061823575,-3.364934656099883e-05,3.364934656099883e-05,-0.03267959413792485,0.03267959413792485,baseline,sr90_plus_20
169,0.1047640689234203,51.01651,29.9092,nuclide_mode,env_plus_no_ratio,extra_trees,0.1049380506495024,0.00017398172608210083,0.00017398172608210083,0.16607003514656993,0.16607003514656993,baseline,sr90_plus_20
170,0.1008947612948376,51.01713,29.86675,nuclide_mode,env_plus_no_ratio,extra_trees,0.1012557495484359,0.00036098825359830167,0.00036098825359830167,0.3577869147669732,0.3577869147669732,baseline,sr90_plus_20
171,0.1033391277313749,51.01694,29.85252,nuclide_mode,env_plus_no_ratio,extra_trees,0.1040643252158819,0.0007251974845070008,0.0007251974845070008,0.7017646659376853,0.7017646659376853,baseline,sr90_plus_20
172,0.0975522905979266,51.01673,29.82278,nuclide_mode,env_plus_no_ratio,extra_trees,0.0975618650660117,9.574468085096766e-06,9.574468085096766e-06,0.009814703505588688,0.009814703505588688,baseline,sr90_plus_20
173,0.0980071867646902,51.01672,29.7806,nuclide_mode,env_plus_no_ratio,extra_trees,0.0989886691575727,0.00098148239288251,0.00098148239288251,1.0014392059216992,1.0014392059216992,baseline,sr90_plus_20
174,0.0996059427988089,51.017546,29.740941,nuclide_mode,env_plus_no_ratio,extra_trees,0.0997776556267854,0.00017171282797649734,0.00017171282797649734,0.17239215166441926,0.17239215166441926,baseline,sr90_plus_20
175,0.1064571621173995,51.01699,29.69527,nuclide_mode,env_plus_no_ratio,extra_trees,0.1065455184565759,8.835633917639307e-05,8.835633917639307e-05,0.08299708297592501,0.08299708297592501,baseline,sr90_plus_20
176,0.1030188476103122,51.016936,29.652507,nuclide_mode,env_plus_no_ratio,extra_trees,0.1031895107431868,0.00017066313287460166,0.00017066313287460166,0.1656620480945064,0.1656620480945064,baseline,sr90_plus_20
177,0.1109947662845906,51.016936,29.62395,nuclide_mode,env_plus_no_ratio,extra_trees,0.1103676998339306,-0.000627066450659991,0.000627066450659991,-0.5649513681142339,0.5649513681142339,baseline,sr90_plus_20
178,0.1021027585478595,51.017298,29.610322,nuclide_mode,env_plus_no_ratio,extra_trees,0.1021373199513683,3.4561403508798216e-05,3.4561403508798216e-05,0.03384962757161743,0.03384962757161743,baseline,sr90_plus_20
179,0.0991039569320445,51.016936,29.566834,nuclide_mode,env_plus_no_ratio,extra_trees,0.0991673196421547,6.336271011019023e-05,6.336271011019023e-05,0.06393560062756927,0.06393560062756927,baseline,sr90_plus_20
180,0.1074592604356263,51.01683,29.52235,nuclide_mode,env_plus_no_ratio,extra_trees,0.1071952832295659,-0.0002639772060604034,0.0002639772060604034,-0.24565328757174867,0.24565328757174867,baseline,sr90_plus_20
181,0.1036165923868782,51.01756,29.5101,nuclide_mode,env_plus_no_ratio,extra_trees,0.103679154100792,6.256171391379184e-05,6.256171391379184e-05,0.06037808469921708,0.06037808469921708,baseline,sr90_plus_20
182,0.0975870358872168,51.016936,29.494968,nuclide_mode,env_plus_no_ratio,extra_trees,0.0975870358872168,0.0,0.0,0.0,0.0,baseline,sr90_plus_20
183,0.0986293467516517,51.016923,29.481023,nuclide_mode,env_plus_no_ratio,extra_trees,0.0988629743971461,0.0002336276454943942,0.0002336276454943942,0.23687437176550266,0.23687437176550266,baseline,sr90_plus_20
184,0.1087966189198201,51.0116,30.02819,nuclide_mode,env_plus_no_ratio,extra_trees,0.1088982396843449,0.00010162076452478741,0.00010162076452478741,0.09340434062540023,0.09340434062540023,baseline,sr90_plus_20
185,0.1039112157903205,51.01114,29.85768,nuclide_mode,env_plus_no_ratio,extra_trees,0.1046864677220063,0.0007752519316857887,0.0007752519316857887,0.7460714666741534,0.7460714666741534,baseline,sr90_plus_20
186,0.1022885283029214,51.010941,29.695343,nuclide_mode,env_plus_no_ratio,extra_trees,0.10221120206877,-7.732623415139528e-05,7.732623415139528e-05,-0.07559619385900071,0.07559619385900071,baseline,sr90_plus_20
187,0.1036214920949421,51.010941,29.681065,nuclide_mode,env_plus_no_ratio,extra_trees,0.1036054920949421,-1.6000000000002124e-05,1.6000000000002124e-05,-0.015440812206547161,0.015440812206547161,baseline,sr90_plus_20
188,0.1106183070915996,51.011283,29.61909,nuclide_mode,env_plus_no_ratio,extra_trees,0.1106317150281075,1.3407936507892071e-05,1.3407936507892071e-05,0.012120901919778408,0.012120901919778408,baseline,sr90_plus_20
189,0.1025685991919577,51.00804,29.52415,nuclide_mode,env_plus_no_ratio,extra_trees,0.1026478143931894,7.921520123170545e-05,7.921520123170545e-05,0.0772314352109399,0.0772314352109399,baseline,sr90_plus_20
190,0.0976720457739358,51.008,29.77188,nuclide_mode,env_plus_no_ratio,extra_trees,0.09828676225113,0.0006147164771942021,0.0006147164771942021,0.6293678731957529,0.6293678731957529,baseline,sr90_plus_20
191,0.101682096674673,51.0079,29.86667,nuclide_mode,env_plus_no_ratio,extra_trees,0.1018407042591018,0.00015860758442880207,0.00015860758442880207,0.15598378634565283,0.15598378634565283,baseline,sr90_plus_20
192,0.1083763604951641,51.00832,29.95249,nuclide_mode,env_plus_no_ratio,extra_trees,0.108343356989982,-3.300350518209427e-05,3.300350518209427e-05,-0.030452679007952968,0.030452679007952968,baseline,sr90_plus_20
193,0.1105877973402835,51.0072,30.01928,nuclide_mode,env_plus_no_ratio,extra_trees,0.1105816520078068,-6.145332476698018e-06,6.145332476698018e-06,-0.005556971586827578,0.005556971586827578,baseline,sr90_plus_20
194,0.1122695763559807,51.00467,30.00338,nuclide_mode,env_plus_no_ratio,extra_trees,0.1121436994630774,-0.00012587689290330384,0.00012587689290330384,-0.112120217238709,0.112120217238709,baseline,sr90_plus_20
195,0.0987821318032893,51.0051,29.79124,nuclide_mode,env_plus_no_ratio,extra_trees,0.0995562193565016,0.0007740875532122882,0.0007740875532122882,0.7836311477401343,0.7836311477401343,baseline,sr90_plus_20
196,0.1022485066028932,51.001948,29.695343,nuclide_mode,env_plus_no_ratio,extra_trees,0.1024866325134749,0.00023812591058169907,0.00023812591058169907,0.23288937755004935,0.23288937755004935,baseline,sr90_plus_20
197,0.1060421465689241,50.99842,29.76682,nuclide_mode,env_plus_no_ratio,extra_trees,0.1058110596673457,-0.00023108690157840062,0.00023108690157840062,-0.2179198639931353,0.2179198639931353,baseline,sr90_plus_20
198,0.0977695291419507,50.99902,29.52905,nuclide_mode,env_plus_no_ratio,extra_trees,0.0977857171063031,1.6187964352404327e-05,1.6187964352404327e-05,0.01655726942174506,0.01655726942174506,baseline,sr90_plus_20
199,0.102579902946923,50.99581,29.92384,nuclide_mode,env_plus_no_ratio,extra_trees,0.1030132580588605,0.0004333551119374973,0.0004333551119374973,0.4224561531918434,0.4224561531918434,baseline,sr90_plus_20
200,0.1021261442789498,50.98989,29.52395,nuclide_mode,env_plus_no_ratio,extra_trees,0.1021261442789498,0.0,0.0,0.0,0.0,baseline,sr90_plus_20
201,0.0995309033032998,50.99044,29.56701,nuclide_mode,env_plus_no_ratio,extra_trees,0.0995287533549352,-2.149948364602028e-06,2.149948364602028e-06,-0.0021600812343182557,0.0021600812343182557,baseline,sr90_plus_20
202,0.0977009564923632,50.99004,29.58575,nuclide_mode,env_plus_no_ratio,extra_trees,0.0978270575853298,0.00012610109296659622,0.00012610109296659622,0.12906843238167573,0.12906843238167573,baseline,sr90_plus_20
203,0.1019189312973938,50.98957,29.60909,nuclide_mode,env_plus_no_ratio,extra_trees,0.1018587258637049,-6.020543368889797e-05,6.020543368889797e-05,-0.05907188480344426,0.05907188480344426,baseline,sr90_plus_20
204,0.1078159742516321,50.989943,29.6525,nuclide_mode,env_plus_no_ratio,extra_trees,0.1078238631405209,7.888888888807344e-06,7.888888888807344e-06,0.007316994483948581,0.007316994483948581,baseline,sr90_plus_20
205,0.0983742530185106,50.989943,29.695338,nuclide_mode,env_plus_no_ratio,extra_trees,0.0983835940529333,9.341034422696848e-06,9.341034422696848e-06,0.009495405694149658,0.009495405694149658,baseline,sr90_plus_20
206,0.0994392081481102,50.98956,29.73812,nuclide_mode,env_plus_no_ratio,extra_trees,0.1000070535994479,0.0005678454513377007,0.0005678454513377007,0.5710478411009876,0.5710478411009876,baseline,sr90_plus_20
207,0.1021146555025987,50.98991,29.7527,nuclide_mode,env_plus_no_ratio,extra_trees,0.102159450187272,4.479468467330494e-05,4.479468467330494e-05,0.043867047734558504,0.043867047734558504,baseline,sr90_plus_20
208,0.1098579272593449,50.99019,29.767031,nuclide_mode,env_plus_no_ratio,extra_trees,0.110572277165147,0.000714349905802103,0.000714349905802103,0.6502488474188265,0.6502488474188265,baseline,sr90_plus_20
209,0.1017887446543772,50.99056,29.78161,nuclide_mode,env_plus_no_ratio,extra_trees,0.1018730979747563,8.43533203790936e-05,8.43533203790936e-05,0.08287097032733291,0.08287097032733291,baseline,sr90_plus_20
210,0.0976502496997286,50.98869,29.82286,nuclide_mode,env_plus_no_ratio,extra_trees,0.0976817397756476,3.1490075919002325e-05,3.1490075919002325e-05,0.03224781914622164,0.03224781914622164,baseline,sr90_plus_20
211,0.1024939919735471,50.991258,29.865266,nuclide_mode,env_plus_no_ratio,extra_trees,0.1026845810150415,0.00019058904149441003,0.00019058904149441003,0.1859514278101292,0.1859514278101292,baseline,sr90_plus_20
212,0.1048445493773917,50.98952,29.90993,nuclide_mode,env_plus_no_ratio,extra_trees,0.1049167298944959,7.218051710419782e-05,7.218051710419782e-05,0.06884527381998798,0.06884527381998798,baseline,sr90_plus_20
213,0.1124282669097823,50.99009,29.95323,nuclide_mode,env_plus_no_ratio,extra_trees,0.1121832354090134,-0.00024503150076890523,0.00024503150076890523,-0.21794474601794758,0.21794474601794758,baseline,sr90_plus_20
214,0.1055554090205393,50.99025,29.99456,nuclide_mode,env_plus_no_ratio,extra_trees,0.1057950020430667,0.00023959302252740677,0.00023959302252740677,0.22698317855107364,0.22698317855107364,baseline,sr90_plus_20
215,0.1118830984344701,50.98754,29.98126,nuclide_mode,env_plus_no_ratio,extra_trees,0.1116427269088988,-0.00024037152557129793,0.00024037152557129793,-0.21484167754978958,0.21484167754978958,baseline,sr90_plus_20
216,0.1133901948656578,50.986961,29.966644,nuclide_mode,env_plus_no_ratio,extra_trees,0.1134678852457133,7.769038005550621e-05,7.769038005550621e-05,0.0685159595567783,0.0685159595567783,baseline,sr90_plus_20
217,0.10752591018978,50.986,29.91985,nuclide_mode,env_plus_no_ratio,extra_trees,0.1076486630650652,0.0001227528752851953,0.0001227528752851953,0.11416120548855635,0.11416120548855635,baseline,sr90_plus_20
218,0.1013336013548846,50.983963,29.666786,nuclide_mode,env_plus_no_ratio,extra_trees,0.1015180861482152,0.0001844847933305943,0.0001844847933305943,0.18205688030814426,0.18205688030814426,baseline,sr90_plus_20
219,0.0968510892080693,50.980965,30.052317,nuclide_mode,env_plus_no_ratio,extra_trees,0.0970893477768743,0.0002382585688049943,0.0002382585688049943,0.2460050483202448,0.2460050483202448,baseline,sr90_plus_20
220,0.1089314925853855,50.98092,29.97109,nuclide_mode,env_plus_no_ratio,extra_trees,0.1092596380114358,0.00032814542605030805,0.00032814542605030805,0.3012401815692488,0.3012401815692488,baseline,sr90_plus_20
221,0.1079320032860266,50.980922,29.952048,nuclide_mode,env_plus_no_ratio,extra_trees,0.108071075336395,0.00013907205036839398,0.00013907205036839398,0.12885154183587633,0.12885154183587633,baseline,sr90_plus_20
222,0.1012951371585012,50.98036,29.78619,nuclide_mode,env_plus_no_ratio,extra_trees,0.1015172110220302,0.00022207386352898761,0.00022207386352898761,0.21923447636138577,0.21923447636138577,baseline,sr90_plus_20
223,0.1020903270981447,50.98055,29.7714,nuclide_mode,env_plus_no_ratio,extra_trees,0.101987703269883,-0.00010262382826169147,0.00010262382826169147,-0.10052257758272623,0.10052257758272623,baseline,sr90_plus_20
224,0.1051401466987556,50.98108,29.75715,nuclide_mode,env_plus_no_ratio,extra_trees,0.1053587707490961,0.00021862405034049626,0.00021862405034049626,0.2079358429724198,0.2079358429724198,baseline,sr90_plus_20
225,0.0979719656043391,50.98098,29.60994,nuclide_mode,env_plus_no_ratio,extra_trees,0.0981062869073195,0.00013432130298039746,0.00013432130298039746,0.13710177411654223,0.13710177411654223,baseline,sr90_plus_20
226,0.0990126715232741,50.980348,29.595394,nuclide_mode,env_plus_no_ratio,extra_trees,0.0991160748939369,0.00010340337066279404,0.00010340337066279404,0.10443448204353102,0.10443448204353102,baseline,sr90_plus_20
227,0.1002802476522334,50.9809,29.58118,nuclide_mode,env_plus_no_ratio,extra_trees,0.100576918172161,0.00029667051992759985,0.00029667051992759985,0.295841431262154,0.295841431262154,baseline,sr90_plus_20
228,0.0981336075041491,50.98112,29.43281,nuclide_mode,env_plus_no_ratio,extra_trees,0.0981236075041491,-9.999999999996123e-06,9.999999999996123e-06,-0.010190188921336987,0.010190188921336987,baseline,sr90_plus_20
229,0.101017507155379,50.977968,29.662026,nuclide_mode,env_plus_no_ratio,extra_trees,0.1010807605013272,6.325334594819987e-05,6.325334594819987e-05,0.06261622141487555,0.06261622141487555,baseline,sr90_plus_20
230,0.1119723910891164,50.97835,30.01494,nuclide_mode,env_plus_no_ratio,extra_trees,0.1119307715138721,-4.1619575244303264e-05,4.1619575244303264e-05,-0.03716949762301597,0.03716949762301597,baseline,sr90_plus_20
231,0.0999094967787527,50.97511,29.5334,nuclide_mode,env_plus_no_ratio,extra_trees,0.0998828203081644,-2.6676470588307688e-05,2.6676470588307688e-05,-0.02670063552355,0.02670063552355,baseline,sr90_plus_20
232,0.0990008246566636,50.97487,29.52447,nuclide_mode,env_plus_no_ratio,extra_trees,0.0990008246566636,0.0,0.0,0.0,0.0,baseline,sr90_plus_20
233,0.0976194278462332,50.9752,29.51049,nuclide_mode,env_plus_no_ratio,extra_trees,0.0976858555024199,6.64276561866961e-05,6.64276561866961e-05,0.0680475778769475,0.0680475778769475,baseline,sr90_plus_20
234,0.1049936357689363,50.97223,29.77673,nuclide_mode,env_plus_no_ratio,extra_trees,0.1054837929690041,0.0004901572000678006,0.0004901572000678006,0.4668446772778773,0.4668446772778773,baseline,sr90_plus_20
235,0.1024836731050738,50.97124,29.92359,nuclide_mode,env_plus_no_ratio,extra_trees,0.1027710129987424,0.0002873398936686089,0.0002873398936686089,0.2803762638113165,0.2803762638113165,baseline,sr90_plus_20
236,0.1091436408781199,50.97261,30.00841,nuclide_mode,env_plus_no_ratio,extra_trees,0.1092992615801164,0.0001556207019964978,0.0001556207019964978,0.14258338895829814,0.14258338895829814,baseline,sr90_plus_20
237,0.1031427648238852,50.96872,29.948,nuclide_mode,env_plus_no_ratio,extra_trees,0.1032704461193734,0.00012768129548820784,0.00012768129548820784,0.12379084049784958,0.12379084049784958,baseline,sr90_plus_20
238,0.0989686673588453,50.96917,29.87584,nuclide_mode,env_plus_no_ratio,extra_trees,0.099229253234217,0.0002605858753716994,0.0002605858753716994,0.2633013885362877,0.2633013885362877,baseline,sr90_plus_20
239,0.1269582054608184,50.962413,29.996578,nuclide_mode,env_plus_no_ratio,extra_trees,0.1261134041571792,-0.0008448013036392032,0.0008448013036392032,-0.6654168594876084,0.6654168594876084,baseline,sr90_plus_20
240,0.1135622959814029,50.9628,29.93671,nuclide_mode,env_plus_no_ratio,extra_trees,0.1132659730918386,-0.00029632288956429886,0.00029632288956429886,-0.26093421853043997,0.26093421853043997,baseline,sr90_plus_20
241,0.0988389807479079,50.96273,29.92281,nuclide_mode,env_plus_no_ratio,extra_trees,0.099547599761016,0.0007086190131081055,0.0007086190131081055,0.7169428577126487,0.7169428577126487,baseline,sr90_plus_20
242,0.0972960404319819,50.96457,29.91055,nuclide_mode,env_plus_no_ratio,extra_trees,0.0973789417071938,8.290127521190516e-05,8.290127521190516e-05,0.08520518907432838,0.08520518907432838,baseline,sr90_plus_20
243,0.1061891430521343,50.96309,29.88077,nuclide_mode,env_plus_no_ratio,extra_trees,0.1065714541852486,0.00038231113311430753,0.00038231113311430753,0.36002845688905244,0.36002845688905244,baseline,sr90_plus_20
244,0.1034124600522586,50.96238,29.86654,nuclide_mode,env_plus_no_ratio,extra_trees,0.1038005964818532,0.00038813642959460715,0.00038813642959460715,0.37532849464993456,0.37532849464993456,baseline,sr90_plus_20
245,0.1032768218271693,50.96257,29.82359,nuclide_mode,env_plus_no_ratio,extra_trees,0.103254435521872,-2.2386305297300568e-05,2.2386305297300568e-05,-0.021676020719114873,0.021676020719114873,baseline,sr90_plus_20
246,0.1114934448181495,50.96294,29.7816,nuclide_mode,env_plus_no_ratio,extra_trees,0.1111948770027019,-0.0002985678154475979,0.0002985678154475979,-0.2677895690949137,0.2677895690949137,baseline,sr90_plus_20
247,0.1016689338706617,50.96336,29.75333,nuclide_mode,env_plus_no_ratio,extra_trees,0.1015665781034762,-0.0001023557671854941,0.0001023557671854941,-0.10067555868708741,0.10067555868708741,baseline,sr90_plus_20
248,0.0997387872991942,50.96312,29.73859,nuclide_mode,env_plus_no_ratio,extra_trees,0.0998729261050475,0.00013413880585329274,0.00013413880585329274,0.1344901111048264,0.1344901111048264,baseline,sr90_plus_20
249,0.0992593207412562,50.961887,29.695044,nuclide_mode,env_plus_no_ratio,extra_trees,0.0992593207412562,0.0,0.0,0.0,0.0,baseline,sr90_plus_20
250,0.0989048082506559,50.962583,29.651804,nuclide_mode,env_plus_no_ratio,extra_trees,0.0993853820144159,0.0004805737637599977,0.0004805737637599977,0.4858952484312721,0.4858952484312721,baseline,sr90_plus_20
251,0.0993635402516202,50.962043,29.609604,nuclide_mode,env_plus_no_ratio,extra_trees,0.0993050878706677,-5.845238095249228e-05,5.845238095249228e-05,-0.05882678979077456,0.05882678979077456,baseline,sr90_plus_20
252,0.0968589400713295,50.963843,29.568409,nuclide_mode,env_plus_no_ratio,extra_trees,0.0968832931991323,2.4353127802800856e-05,2.4353127802800856e-05,0.02514288075511312,0.02514288075511312,baseline,sr90_plus_20
253,0.0983983799253421,50.962981,29.52422,nuclide_mode,env_plus_no_ratio,extra_trees,0.0983983799253421,0.0,0.0,0.0,0.0,baseline,sr90_plus_20
254,0.0985654442350082,50.96309,29.48104,nuclide_mode,env_plus_no_ratio,extra_trees,0.0985906192429043,2.517500789610272e-05,2.517500789610272e-05,0.025541413719070045,0.025541413719070045,baseline,sr90_plus_20
255,0.1032796539542675,50.96295,29.43806,nuclide_mode,env_plus_no_ratio,extra_trees,0.1032528118490044,-2.6842105263102933e-05,2.6842105263102933e-05,-0.025989731990183357,0.025989731990183357,baseline,sr90_plus_20
256,0.1022933469713623,50.95675,29.88591,nuclide_mode,env_plus_no_ratio,extra_trees,0.102724568052912,0.0004312210815496931,0.0004312210815496931,0.4215533994311636,0.4215533994311636,baseline,sr90_plus_20
257,0.0978596107611635,50.956985,29.466881,nuclide_mode,env_plus_no_ratio,extra_trees,0.0978596107611635,0.0,0.0,0.0,0.0,baseline,sr90_plus_20
258,0.099243715856859,50.95397,29.481144,nuclide_mode,env_plus_no_ratio,extra_trees,0.0992688908647552,2.5175007896199864e-05,2.5175007896199864e-05,0.025366853385971794,0.025366853385971794,baseline,sr90_plus_20
259,0.1008859104255281,50.953985,29.495439,nuclide_mode,env_plus_no_ratio,extra_trees,0.1014236883959954,0.0005377779704673069,0.0005377779704673069,0.5330555755496538,0.5330555755496538,baseline,sr90_plus_20
260,0.0981047763534544,50.953985,29.566834,nuclide_mode,env_plus_no_ratio,extra_trees,0.0981700932212568,6.531686780240908e-05,6.531686780240908e-05,0.06657868274128041,0.06657868274128041,baseline,sr90_plus_20
261,0.0988527537357165,50.953985,29.576353,nuclide_mode,env_plus_no_ratio,extra_trees,0.0988394406886337,-1.3313047082796903e-05,1.3313047082796903e-05,-0.013467553082425424,0.013467553082425424,baseline,sr90_plus_20
262,0.1058526048394395,50.95394,29.75214,nuclide_mode,env_plus_no_ratio,extra_trees,0.1060637357052856,0.00021113086584609309,0.00021113086584609309,0.19945741171541587,0.19945741171541587,baseline,sr90_plus_20
263,0.1073306251915958,50.95425,29.7667,nuclide_mode,env_plus_no_ratio,extra_trees,0.1087436747221796,0.0014130495305838126,0.0014130495305838126,1.3165389916078278,1.3165389916078278,baseline,sr90_plus_20
264,0.1086062238598413,50.953443,29.927568,nuclide_mode,env_plus_no_ratio,extra_trees,0.1091838281107182,0.000577604250876898,0.000577604250876898,0.5318334717375949,0.5318334717375949,baseline,sr90_plus_20
265,0.0980879657314581,50.95103,29.67626,nuclide_mode,env_plus_no_ratio,extra_trees,0.0983728704638717,0.0002849047324136045,0.0002849047324136045,0.29045839649035743,0.29045839649035743,baseline,sr90_plus_20
266,0.0973665888539732,50.950989,29.581112,nuclide_mode,env_plus_no_ratio,extra_trees,0.097461754002042,9.51651480688015e-05,9.51651480688015e-05,0.09773901826993923,0.09773901826993923,baseline,sr90_plus_20
267,0.1046758326810434,50.94813,29.45218,nuclide_mode,env_plus_no_ratio,extra_trees,0.1046786637758119,2.831094768507292e-06,2.831094768507292e-06,0.0027046307595506693,0.0027046307595506693,baseline,sr90_plus_20
268,0.104101402495147,50.947991,29.7477,nuclide_mode,env_plus_no_ratio,extra_trees,0.1045247943631845,0.0004233918680374982,0.0004233918680374982,0.40671101242582763,0.40671101242582763,baseline,sr90_plus_20
269,0.1187921189844043,50.94781,29.89494,nuclide_mode,env_plus_no_ratio,extra_trees,0.1184812798140086,-0.00031083917039569087,0.00031083917039569087,-0.261666491896234,0.261666491896234,baseline,sr90_plus_20
270,0.1092403967615027,50.94806,29.90969,nuclide_mode,env_plus_no_ratio,extra_trees,0.1095483012272322,0.00030790446572950825,0.00030790446572950825,0.2818595271140727,0.2818595271140727,baseline,sr90_plus_20
271,0.106961677621441,50.94785,29.98131,nuclide_mode,env_plus_no_ratio,extra_trees,0.1072654175894424,0.0003037399680013986,0.0003037399680013986,0.2839708339994402,0.2839708339994402,baseline,sr90_plus_20
272,0.1103578309587035,50.94508,29.90914,nuclide_mode,env_plus_no_ratio,extra_trees,0.1099162066718841,-0.00044162428681938926,0.00044162428681938926,-0.4001748520996643,0.4001748520996643,baseline,sr90_plus_20
273,0.1092239889643895,50.94423,29.89427,nuclide_mode,env_plus_no_ratio,extra_trees,0.1100378164115806,0.0008138274471910928,0.0008138274471910928,0.7450995471850295,0.7450995471850295,baseline,sr90_plus_20
274,0.1011180946162478,50.94487,29.8806,nuclide_mode,env_plus_no_ratio,extra_trees,0.1013609746088261,0.00024287999257829873,0.00024287999257829873,0.24019439201267587,0.24019439201267587,baseline,sr90_plus_20
275,0.1134825585042465,50.943449,29.876318,nuclide_mode,env_plus_no_ratio,extra_trees,0.1136965933534862,0.0002140348492396943,0.0002140348492396943,0.18860594267592684,0.18860594267592684,baseline,sr90_plus_20
276,0.1068655541428479,50.94224,29.97181,nuclide_mode,env_plus_no_ratio,extra_trees,0.1069841999418067,0.00011864579895880245,0.00011864579895880245,0.11102342556536769,0.11102342556536769,baseline,sr90_plus_20
277,0.1006858683103989,50.935984,29.481144,nuclide_mode,env_plus_no_ratio,extra_trees,0.1006858683103989,0.0,0.0,0.0,0.0,baseline,sr90_plus_20
278,0.1019646094802377,50.935984,29.523983,nuclide_mode,env_plus_no_ratio,extra_trees,0.1019175580639581,-4.705141627960041e-05,4.705141627960041e-05,-0.04614485017835497,0.04614485017835497,baseline,sr90_plus_20
279,0.1051478124602854,50.936001,29.566834,nuclide_mode,env_plus_no_ratio,extra_trees,0.1050948078109429,-5.3004649342505705e-05,5.3004649342505705e-05,-0.05040965484900192,0.05040965484900192,baseline,sr90_plus_20
280,0.0988395349341208,50.935984,29.609661,nuclide_mode,env_plus_no_ratio,extra_trees,0.0988455163030465,5.981368925697672e-06,5.981368925697672e-06,0.006051595578312276,0.006051595578312276,baseline,sr90_plus_20
281,0.0977118191005934,50.93602,29.65263,nuclide_mode,env_plus_no_ratio,extra_trees,0.0977479051063246,3.608600573119791e-05,3.608600573119791e-05,0.036931055079475805,0.036931055079475805,baseline,sr90_plus_20
282,0.0994460599399436,50.936559,29.695122,nuclide_mode,env_plus_no_ratio,extra_trees,0.0996022829769686,0.00015622303702500506,0.00015622303702500506,0.1570932394097359,0.1570932394097359,baseline,sr90_plus_20
283,0.0987122580511497,50.93682,29.73937,nuclide_mode,env_plus_no_ratio,extra_trees,0.0987881840363184,7.59259851686872e-05,7.59259851686872e-05,0.0769164708291291,0.0769164708291291,baseline,sr90_plus_20
284,0.1086397681731166,50.935877,29.780267,nuclide_mode,env_plus_no_ratio,extra_trees,0.1099546373670256,0.0013148691939089963,0.0013148691939089963,1.210301914317198,1.210301914317198,baseline,sr90_plus_20
285,0.099640503673367,50.93575,29.82374,nuclide_mode,env_plus_no_ratio,extra_trees,0.0999736310646709,0.00033312739130389457,0.00033312739130389457,0.3343292928304782,0.3343292928304782,baseline,sr90_plus_20
286,0.1025629231492669,50.935984,29.866694,nuclide_mode,env_plus_no_ratio,extra_trees,0.1027301490538715,0.00016722590460459263,0.00016722590460459263,0.16304713191648917,0.16304713191648917,baseline,sr90_plus_20
287,0.1087699326014782,50.93631,29.88148,nuclide_mode,env_plus_no_ratio,extra_trees,0.108852711436279,8.27788348008035e-05,8.27788348008035e-05,0.07610451971510969,0.07610451971510969,baseline,sr90_plus_20
288,0.1101886707351844,50.936001,29.895249,nuclide_mode,env_plus_no_ratio,extra_trees,0.1104458767834705,0.0002572060482860933,0.0002572060482860933,0.23342331527370416,0.23342331527370416,baseline,sr90_plus_20
289,0.1038303837860652,50.93622,29.90966,nuclide_mode,env_plus_no_ratio,extra_trees,0.103883140617333,5.2756831267805615e-05,5.2756831267805615e-05,0.05081059064224125,0.05081059064224125,baseline,sr90_plus_20
290,0.1108306458290198,50.93609,29.95312,nuclide_mode,env_plus_no_ratio,extra_trees,0.110864241542782,3.35957137621995e-05,3.35957137621995e-05,0.03031265721759678,0.03031265721759678,baseline,sr90_plus_20
291,0.1201281141010076,50.936169,29.997449,nuclide_mode,env_plus_no_ratio,extra_trees,0.1212107156622464,0.001082601561238794,0.001082601561238794,0.9012058245820023,0.9012058245820023,baseline,sr90_plus_20
292,0.1376460339293773,50.93582,30.03905,nuclide_mode,env_plus_no_ratio,extra_trees,0.1365231410722344,-0.0011228928571428987,0.0011228928571428987,-0.8157829361934442,0.8157829361934442,baseline,sr90_plus_20
293,0.1038478874368505,50.935984,30.080888,nuclide_mode,env_plus_no_ratio,extra_trees,0.1038378874368505,-9.999999999996123e-06,9.999999999996123e-06,-0.009629468876848441,0.009629468876848441,baseline,sr90_plus_20
294,0.0986229188290422,50.93321,29.63793,nuclide_mode,env_plus_no_ratio,extra_trees,0.0996631190175806,0.0010402001885383982,0.0010402001885383982,1.0547246024441157,1.0547246024441157,baseline,sr90_plus_20
295,0.1046203207627383,50.93013,29.96157,nuclide_mode,env_plus_no_ratio,extra_trees,0.1047793421373001,0.00015902137456179355,0.00015902137456179355,0.15199855382056024,0.15199855382056024,baseline,sr90_plus_20
296,0.1021290352903527,50.92674,29.89579,nuclide_mode,env_plus_no_ratio,extra_trees,0.1022807900566551,0.00015175476630240048,0.00015175476630240048,0.14859120706561255,0.14859120706561255,baseline,sr90_plus_20
297,0.1020724902352453,50.92687,29.49577,nuclide_mode,env_plus_no_ratio,extra_trees,0.1020727289028695,2.386676242055463e-07,2.386676242055463e-07,0.00023382169246139857,0.00023382169246139857,baseline,sr90_plus_20
298,0.0984863251003843,50.92461,29.51027,nuclide_mode,env_plus_no_ratio,extra_trees,0.0991731328839397,0.0006868077835553987,0.0006868077835553987,0.6973636013480605,0.6973636013480605,baseline,sr90_plus_20
299,0.0993341655884653,50.92474,29.523996,nuclide_mode,env_plus_no_ratio,extra_trees,0.0993359296437924,1.7640553270914516e-06,1.7640553270914516e-06,0.0017758797455447635,0.0017758797455447635,baseline,sr90_plus_20
300,0.0990724787424489,50.92395,29.65255,nuclide_mode,env_plus_no_ratio,extra_trees,0.0998275161168716,0.0007550373744227012,0.0007550373744227012,0.762106070229164,0.762106070229164,baseline,sr90_plus_20
301,0.0984172624789908,50.9239,29.70967,nuclide_mode,env_plus_no_ratio,extra_trees,0.098620707536192,0.00020344505720119865,0.00020344505720119865,0.20671684222534456,0.20671684222534456,baseline,sr90_plus_20
302,0.0982035435289338,50.924011,29.723902,nuclide_mode,env_plus_no_ratio,extra_trees,0.0986175045294215,0.00041396100048769757,0.00041396100048769757,0.4215336693687961,0.4215336693687961,baseline,sr90_plus_20
303,0.1027985713496893,50.92377,29.85221,nuclide_mode,env_plus_no_ratio,extra_trees,0.1031451219476044,0.00034655059791510734,0.00034655059791510734,0.33711616160135943,0.33711616160135943,baseline,sr90_plus_20
304,0.1004622635626263,50.921013,29.571594,nuclide_mode,env_plus_no_ratio,extra_trees,0.1006470335393984,0.00018476997677209506,0.00018476997677209506,0.1839197826325234,0.1839197826325234,baseline,sr90_plus_20
305,0.0985137080392425,50.921013,29.538276,nuclide_mode,env_plus_no_ratio,extra_trees,0.0985485464262608,3.4838387018301664e-05,3.4838387018301664e-05,0.035363999296853126,0.035363999296853126,baseline,sr90_plus_20
306,0.096736118615512,50.91805,29.63337,nuclide_mode,env_plus_no_ratio,extra_trees,0.096736118615512,0.0,0.0,0.0,0.0,baseline,sr90_plus_20
307,0.0975470969964043,50.91794,29.66702,nuclide_mode,env_plus_no_ratio,extra_trees,0.0976667608339599,0.00011966383755560028,0.00011966383755560028,0.12267288442218964,0.12267288442218964,baseline,sr90_plus_20
308,0.1009319270480361,50.91771,29.83874,nuclide_mode,env_plus_no_ratio,extra_trees,0.101311043334339,0.0003791162863029107,0.0003791162863029107,0.37561582087150636,0.37561582087150636,baseline,sr90_plus_20
309,0.0977495352907373,50.91783,29.8523,nuclide_mode,env_plus_no_ratio,extra_trees,0.098076960343565,0.00032742505282770673,0.00032742505282770673,0.33496328330753034,0.33496328330753034,baseline,sr90_plus_20
310,0.115744647688107,50.918015,29.952364,nuclide_mode,env_plus_no_ratio,extra_trees,0.1155465588985448,-0.00019808878956219245,0.00019808878956219245,-0.1711429370764299,0.1711429370764299,baseline,sr90_plus_20
311,0.1060605441052272,50.91496,29.96711,nuclide_mode,env_plus_no_ratio,extra_trees,0.1062418969412738,0.00018135283604660268,0.00018135283604660268,0.1709899167278218,0.1709899167278218,baseline,sr90_plus_20
312,0.1089004436248317,50.91552,29.93895,nuclide_mode,env_plus_no_ratio,extra_trees,0.1090552198712823,0.00015477624645060528,0.00015477624645060528,0.14212636909342477,0.14212636909342477,baseline,sr90_plus_20
313,0.0996518381443508,50.915,29.84282,nuclide_mode,env_plus_no_ratio,extra_trees,0.0999054657463092,0.0002536276019583922,0.0002536276019583922,0.25451372165458663,0.25451372165458663,baseline,sr90_plus_20
314,0.0975627183619774,50.91491,29.64777,nuclide_mode,env_plus_no_ratio,extra_trees,0.0975932120847209,3.0493722743496487e-05,3.0493722743496487e-05,0.03125550748838159,0.03125550748838159,baseline,sr90_plus_20
315,0.0969410067452298,50.91179,29.6682,nuclide_mode,env_plus_no_ratio,extra_trees,0.0969913784652467,5.037172001690071e-05,5.037172001690071e-05,0.051961209923559376,0.051961209923559376,baseline,sr90_plus_20
316,0.1358242852538626,50.908769,30.064622,nuclide_mode,env_plus_no_ratio,extra_trees,0.1354144000003704,-0.0004098852534921982,0.0004098852534921982,-0.3017761166393046,0.3017761166393046,baseline,sr90_plus_20
317,0.1257017110695377,50.908879,30.037079,nuclide_mode,env_plus_no_ratio,extra_trees,0.1253457105729755,-0.00035600049656220323,0.00035600049656220323,-0.28321054147406566,0.28321054147406566,baseline,sr90_plus_20
318,0.1056512421403786,50.909004,29.99518,nuclide_mode,env_plus_no_ratio,extra_trees,0.1058482015558313,0.00019695941545269657,0.00019695941545269657,0.1864241361128504,0.1864241361128504,baseline,sr90_plus_20
319,0.1017571509636329,50.908862,29.950215,nuclide_mode,env_plus_no_ratio,extra_trees,0.1025209564911322,0.0007638055274993005,0.0007638055274993005,0.7506160699922483,0.7506160699922483,baseline,sr90_plus_20
320,0.1006521659991328,50.91015,29.90946,nuclide_mode,env_plus_no_ratio,extra_trees,0.1007612853400817,0.00010911934094889886,0.00010911934094889886,0.10841231270655319,0.10841231270655319,baseline,sr90_plus_20
321,0.0990050143802206,50.910072,29.86494,nuclide_mode,env_plus_no_ratio,extra_trees,0.0999030088305941,0.0008979944503735016,0.0008979944503735016,0.9070191605900162,0.9070191605900162,baseline,sr90_plus_20
322,0.1039873527290808,50.909023,29.838133,nuclide_mode,env_plus_no_ratio,extra_trees,0.1038949591848473,-9.239354423350166e-05,9.239354423350166e-05,-0.08885075137379003,0.08885075137379003,baseline,sr90_plus_20
323,0.0982206269474577,50.909004,29.823855,nuclide_mode,env_plus_no_ratio,extra_trees,0.0985136238046201,0.0002929968571624003,0.0002929968571624003,0.2983048126124633,0.2983048126124633,baseline,sr90_plus_20
324,0.1021855591636671,50.9085,29.780774,nuclide_mode,env_plus_no_ratio,extra_trees,0.1024679914286151,0.00028243226494799323,0.00028243226494799323,0.27639156379780744,0.27639156379780744,baseline,sr90_plus_20
325,0.1008712268333798,50.908987,29.736924,nuclide_mode,env_plus_no_ratio,extra_trees,0.1008750333366281,3.806503248299231e-06,3.806503248299231e-06,0.0037736264024892403,0.0037736264024892403,baseline,sr90_plus_20
326,0.0972151845256485,50.908891,29.695276,nuclide_mode,env_plus_no_ratio,extra_trees,0.0972369371136402,2.175258799171076e-05,2.175258799171076e-05,0.022375710232768964,0.022375710232768964,baseline,sr90_plus_20
327,0.0963914435050687,50.90976,29.6514,nuclide_mode,env_plus_no_ratio,extra_trees,0.0964432704746553,5.182696958659638e-05,5.182696958659638e-05,0.05376718897655172,0.05376718897655172,baseline,sr90_plus_20
328,0.1015383026414183,50.909185,29.610752,nuclide_mode,env_plus_no_ratio,extra_trees,0.1015746578347892,3.635519337089055e-05,3.635519337089055e-05,0.035804413137846734,0.035804413137846734,baseline,sr90_plus_20
329,0.0974316658060373,50.909004,29.566716,nuclide_mode,env_plus_no_ratio,extra_trees,0.0974645850606957,3.291925465841172e-05,3.291925465841172e-05,0.033787018199961744,0.033787018199961744,baseline,sr90_plus_20
330,0.0971793683154859,50.90913,29.52413,nuclide_mode,env_plus_no_ratio,extra_trees,0.0971793683154859,0.0,0.0,0.0,0.0,baseline,sr90_plus_20
331,0.1040619693984121,50.909023,29.48116,nuclide_mode,env_plus_no_ratio,extra_trees,0.1040137103498377,-4.825904857440333e-05,4.825904857440333e-05,-0.04637529815492779,0.04637529815492779,baseline,sr90_plus_20
332,0.0975792571534354,50.90598,29.6809,nuclide_mode,env_plus_no_ratio,extra_trees,0.0978077183143123,0.0002284611608768944,0.0002284611608768944,0.2341288174777329,0.2341288174777329,baseline,sr90_plus_20
333,0.1010321181385968,50.9006,29.61066,nuclide_mode,env_plus_no_ratio,extra_trees,0.1010969849199937,6.48667813968884e-05,6.48667813968884e-05,0.06420411903856509,0.06420411903856509,baseline,sr90_plus_20
334,0.1245782984054808,50.900031,29.995201,nuclide_mode,env_plus_no_ratio,extra_trees,0.1239114187062327,-0.0006668796992480991,0.0006668796992480991,-0.5353096869869911,0.5353096869869911,baseline,sr90_plus_20
335,0.1019709724644525,50.897033,29.502,nuclide_mode,env_plus_no_ratio,extra_trees,0.1020128430231769,4.187055872439949e-05,4.187055872439949e-05,0.041061252739347694,0.041061252739347694,baseline,sr90_plus_20
336,0.0972816271494173,50.8945,29.7048,nuclide_mode,env_plus_no_ratio,extra_trees,0.097356546786786,7.49196373687061e-05,7.49196373687061e-05,0.07701314170417313,0.07701314170417313,baseline,sr90_plus_20
337,0.0987666124898656,50.89129,29.61509,nuclide_mode,env_plus_no_ratio,extra_trees,0.0992873703822623,0.0005207578923967088,0.0005207578923967088,0.527261064512204,0.527261064512204,baseline,sr90_plus_20
338,0.1073163209134037,50.885522,29.986943,nuclide_mode,env_plus_no_ratio,extra_trees,0.1077706289481929,0.0004543080347891998,0.0004543080347891998,0.42333545440473364,0.42333545440473364,baseline,sr90_plus_20
339,0.1047384392645151,50.885042,29.885729,nuclide_mode,env_plus_no_ratio,extra_trees,0.1049639968473699,0.00022555758285479344,0.00022555758285479344,0.21535320216597048,0.21535320216597048,baseline,sr90_plus_20
340,0.0977538963764198,50.88525,29.71897,nuclide_mode,env_plus_no_ratio,extra_trees,0.0977538963764198,0.0,0.0,0.0,0.0,baseline,sr90_plus_20
341,0.0973982626252045,50.88231,29.5246,nuclide_mode,env_plus_no_ratio,extra_trees,0.0973707626252045,-2.7499999999999747e-05,2.7499999999999747e-05,-0.0282345898774619,0.0282345898774619,baseline,sr90_plus_20
342,0.097800919094256,50.88234,29.53874,nuclide_mode,env_plus_no_ratio,extra_trees,0.097800919094256,0.0,0.0,0.0,0.0,baseline,sr90_plus_20
343,0.0971593225082599,50.88215,29.55243,nuclide_mode,env_plus_no_ratio,extra_trees,0.0971593225082599,0.0,0.0,0.0,0.0,baseline,sr90_plus_20
344,0.0981919969925877,50.88246,29.56604,nuclide_mode,env_plus_no_ratio,extra_trees,0.0981906522772015,-1.3447153861950722e-06,1.3447153861950722e-06,-0.0013694755452387652,0.0013694755452387652,baseline,sr90_plus_20
345,0.0973575954456323,50.882024,29.609562,nuclide_mode,env_plus_no_ratio,extra_trees,0.0974022868941963,4.4691448564004865e-05,4.4691448564004865e-05,0.04590442929433487,0.04590442929433487,baseline,sr90_plus_20
346,0.1166916395732342,50.881535,29.653384,nuclide_mode,env_plus_no_ratio,extra_trees,0.1170216071276778,0.0003299675544436026,0.0003299675544436026,0.28276880473216687,0.28276880473216687,baseline,sr90_plus_20
347,0.0971294769677287,50.88203,29.69548,nuclide_mode,env_plus_no_ratio,extra_trees,0.097190805297316,6.132832958730128e-05,6.132832958730128e-05,0.063140800817529,0.063140800817529,baseline,sr90_plus_20
348,0.100561465630693,50.88208,29.73746,nuclide_mode,env_plus_no_ratio,extra_trees,0.1014713410897916,0.0009098754590985969,0.0009098754590985969,0.904795344212732,0.904795344212732,baseline,sr90_plus_20
349,0.1004619894640973,50.882024,29.781016,nuclide_mode,env_plus_no_ratio,extra_trees,0.1006449649493867,0.0001829754852893939,0.0001829754852893939,0.1821340451900815,0.1821340451900815,baseline,sr90_plus_20
350,0.0991131315878546,50.882024,29.823794,nuclide_mode,env_plus_no_ratio,extra_trees,0.0992014461295147,8.831454166009778e-05,8.831454166009778e-05,0.08910478384170026,0.08910478384170026,baseline,sr90_plus_20
351,0.1005675505691098,50.882024,29.866694,nuclide_mode,env_plus_no_ratio,extra_trees,0.1009207436654397,0.00035319309632989015,0.00035319309632989015,0.35119985952842375,0.35119985952842375,baseline,sr90_plus_20
352,0.1132241750625168,50.882044,29.909528,nuclide_mode,env_plus_no_ratio,extra_trees,0.1132435071660871,1.9332103570302017e-05,1.9332103570302017e-05,0.017074183635807268,0.017074183635807268,baseline,sr90_plus_20
353,0.109996755540818,50.882024,29.952371,nuclide_mode,env_plus_no_ratio,extra_trees,0.1105102704604228,0.0005135149196048017,0.0005135149196048017,0.4668455147427004,0.4668455147427004,baseline,sr90_plus_20
354,0.1018077833782579,50.882044,29.995201,nuclide_mode,env_plus_no_ratio,extra_trees,0.102773304346632,0.0009655209683741006,0.0009655209683741006,0.9483763778519684,0.9483763778519684,baseline,sr90_plus_20
355,0.1099475025873489,50.882024,30.080888,nuclide_mode,env_plus_no_ratio,extra_trees,0.1098896131273203,-5.788946002859008e-05,5.788946002859008e-05,-0.052651909926375286,0.052651909926375286,baseline,sr90_plus_20
356,0.1006316857605403,50.879047,29.87621,nuclide_mode,env_plus_no_ratio,extra_trees,0.1013329165228168,0.0007012307622765029,0.0007012307622765029,0.6968289927539598,0.6968289927539598,baseline,sr90_plus_20
357,0.1020264328534888,50.879047,29.847653,nuclide_mode,env_plus_no_ratio,extra_trees,0.1021274947589015,0.00010106190541270266,0.00010106190541270266,0.09905462985051021,0.09905462985051021,baseline,sr90_plus_20
358,0.0969361949405912,50.873052,29.838133,nuclide_mode,env_plus_no_ratio,extra_trees,0.0971920805204914,0.00025588557990019467,0.00025588557990019467,0.2639732042886746,0.2639732042886746,baseline,sr90_plus_20
359,0.0995735287038849,50.87312,29.54792,nuclide_mode,env_plus_no_ratio,extra_trees,0.0995067646745953,-6.676402928960934e-05,6.676402928960934e-05,-0.0670499782006867,0.0670499782006867,baseline,sr90_plus_20
360,0.1032004729183646,50.870054,29.86669,nuclide_mode,env_plus_no_ratio,extra_trees,0.1040879176081768,0.0008874446898122085,0.0008874446898122085,0.8599230843779273,0.8599230843779273,baseline,sr90_plus_20
361,0.1034934163074114,50.87019,29.99148,nuclide_mode,env_plus_no_ratio,extra_trees,0.1037191237951295,0.00022570748771809368,0.00022570748771809368,0.21808874010658227,0.21808874010658227,baseline,sr90_plus_20
362,0.1022098015082774,50.86394,29.73887,nuclide_mode,env_plus_no_ratio,extra_trees,0.102607715234288,0.0003979137260105986,0.0003979137260105986,0.389310731591993,0.389310731591993,baseline,sr90_plus_20
363,0.0981704440794663,50.86406,29.852412,nuclide_mode,env_plus_no_ratio,extra_trees,0.0983912815680328,0.00022083748856649432,0.00022083748856649432,0.2249531319097756,0.2249531319097756,baseline,sr90_plus_20
364,0.1069822209393555,50.86422,29.995201,nuclide_mode,env_plus_no_ratio,extra_trees,0.1071642209317456,0.00018199999239010278,0.00018199999239010278,0.17012171816219093,0.17012171816219093,baseline,sr90_plus_20
365,0.1063934774052899,50.86163,30.05635,nuclide_mode,env_plus_no_ratio,extra_trees,0.1064207287056136,2.7251300323702377e-05,2.7251300323702377e-05,0.02561369454998887,0.02561369454998887,baseline,sr90_plus_20
366,0.0984397435451883,50.86114,29.55719,nuclide_mode,env_plus_no_ratio,extra_trees,0.098581451787824,0.00014170824263570747,0.00014170824263570747,0.1439542988758976,0.1439542988758976,baseline,sr90_plus_20
367,0.1020368406694485,50.855044,30.066608,nuclide_mode,env_plus_no_ratio,extra_trees,0.1020782183095723,4.137764012379641e-05,4.137764012379641e-05,0.04055166727264769,0.04055166727264769,baseline,sr90_plus_20
368,0.1052304363371764,50.85485,30.03866,nuclide_mode,env_plus_no_ratio,extra_trees,0.1055148359086348,0.0002843995714583991,0.0002843995714583991,0.2702636056236943,0.2702636056236943,baseline,sr90_plus_20
369,0.1124777977758643,50.85492,29.99515,nuclide_mode,env_plus_no_ratio,extra_trees,0.1126961713102549,0.00021837353439060903,0.00021837353439060903,0.19414812408202045,0.19414812408202045,baseline,sr90_plus_20
370,0.1061132694426609,50.85538,29.98096,nuclide_mode,env_plus_no_ratio,extra_trees,0.1062320163252697,0.00011874688260879451,0.00011874688260879451,0.1119057807119592,0.1119057807119592,baseline,sr90_plus_20
371,0.1067921135270163,50.85519,29.96151,nuclide_mode,env_plus_no_ratio,extra_trees,0.1067498827082289,-4.22308187874032e-05,4.22308187874032e-05,-0.0395448852847356,0.0395448852847356,baseline,sr90_plus_20
372,0.1056277093481949,50.85513,29.9514,nuclide_mode,env_plus_no_ratio,extra_trees,0.1055850974195833,-4.2611928611602234e-05,4.2611928611602234e-05,-0.04034161951873326,0.04034161951873326,baseline,sr90_plus_20
373,0.1016506586257147,50.855044,29.909532,nuclide_mode,env_plus_no_ratio,extra_trees,0.1017620500730396,0.0001113914473249017,0.0001113914473249017,0.10958261247972166,0.10958261247972166,baseline,sr90_plus_20
374,0.0998003173451395,50.855067,29.86669,nuclide_mode,env_plus_no_ratio,extra_trees,0.0997640129797142,-3.630436542530202e-05,3.630436542530202e-05,-0.036377003992633224,0.036377003992633224,baseline,sr90_plus_20
375,0.1029972458118241,50.85502,29.824691,nuclide_mode,env_plus_no_ratio,extra_trees,0.1033978087065964,0.000400562894772305,0.000400562894772305,0.3889064135793817,0.3889064135793817,baseline,sr90_plus_20
376,0.0981113863016824,50.8553,29.78149,nuclide_mode,env_plus_no_ratio,extra_trees,0.0984069580655909,0.0002955717639085004,0.0002955717639085004,0.30126142851518545,0.30126142851518545,baseline,sr90_plus_20
377,0.098266065426565,50.85599,29.73814,nuclide_mode,env_plus_no_ratio,extra_trees,0.0987665950090781,0.0005005295825130929,0.0005005295825130929,0.5093615790357888,0.5093615790357888,baseline,sr90_plus_20
378,0.0987361100892455,50.85507,29.72476,nuclide_mode,env_plus_no_ratio,extra_trees,0.0996955873816928,0.0009594772924473027,0.0009594772924473027,0.9717592596873134,0.9717592596873134,baseline,sr90_plus_20
379,0.0978671903345022,50.85513,29.70952,nuclide_mode,env_plus_no_ratio,extra_trees,0.0982043517699834,0.00033716143548120914,0.00033716143548120914,0.3445091601473573,0.3445091601473573,baseline,sr90_plus_20
380,0.0982480332998853,50.85502,29.69525,nuclide_mode,env_plus_no_ratio,extra_trees,0.098347701333235,9.966803334970908e-05,9.966803334970908e-05,0.10144532160301822,0.10144532160301822,baseline,sr90_plus_20
381,0.0983376790352957,50.855044,29.652408,nuclide_mode,env_plus_no_ratio,extra_trees,0.0983376790352957,0.0,0.0,0.0,0.0,baseline,sr90_plus_20
382,0.0975758244305897,50.855067,29.60967,nuclide_mode,env_plus_no_ratio,extra_trees,0.0975758244305897,0.0,0.0,0.0,0.0,baseline,sr90_plus_20
383,0.1174021892574953,50.855485,29.566641,nuclide_mode,env_plus_no_ratio,extra_trees,0.1170386312816272,-0.000363557975868109,0.000363557975868109,-0.3096688214823033,0.3096688214823033,baseline,sr90_plus_20
384,0.1022737128740231,50.854414,29.524199,nuclide_mode,env_plus_no_ratio,extra_trees,0.1022645364034349,-9.17647058820692e-06,9.17647058820692e-06,-0.008972462552044189,0.008972462552044189,baseline,sr90_plus_20
385,0.0994623841191254,50.84633,29.72407,nuclide_mode,env_plus_no_ratio,extra_trees,0.1000086142056313,0.0005462300865058944,0.0005462300865058944,0.5491825792670307,0.5491825792670307,baseline,sr90_plus_20
386,0.0985990004919443,50.8461,29.7384,nuclide_mode,env_plus_no_ratio,extra_trees,0.0990330075963613,0.00043400710441700296,0.00043400710441700296,0.4401739391389287,0.4401739391389287,baseline,sr90_plus_20
387,0.1057265012682633,50.846,29.9565,nuclide_mode,env_plus_no_ratio,extra_trees,0.1057419763596832,1.5475091419900333e-05,1.5475091419900333e-05,0.014636908659858968,0.014636908659858968,baseline,sr90_plus_20
388,0.1044711948900922,50.84558,29.98077,nuclide_mode,env_plus_no_ratio,extra_trees,0.1044713463638089,1.5147371670853893e-07,1.5147371670853893e-07,0.0001449908913819692,0.0001449908913819692,baseline,sr90_plus_20
389,0.1008352961451956,50.84552,30.06597,nuclide_mode,env_plus_no_ratio,extra_trees,0.1018601069400464,0.0010248107948507973,0.0010248107948507973,1.0163215005340425,1.0163215005340425,baseline,sr90_plus_20
390,0.1007856155335001,50.84613,30.08079,nuclide_mode,env_plus_no_ratio,extra_trees,0.1010103354495607,0.0002247199160606006,0.0002247199160606006,0.22296824290953107,0.22296824290953107,baseline,sr90_plus_20
391,0.0990987015080899,50.84361,29.8196,nuclide_mode,env_plus_no_ratio,extra_trees,0.1007642955582392,0.0016655940501492938,0.0016655940501492938,1.6807425574726864,1.6807425574726864,baseline,sr90_plus_20
392,0.1015080948043946,50.84024,29.53695,nuclide_mode,env_plus_no_ratio,extra_trees,0.101445865783866,-6.222902052860357e-05,6.222902052860357e-05,-0.06130449068965236,0.06130449068965236,baseline,sr90_plus_20
393,0.0989419119859492,50.8405,29.54701,nuclide_mode,env_plus_no_ratio,extra_trees,0.099059426991064,0.00011751500511479607,0.00011751500511479607,0.11877171438882689,0.11877171438882689,baseline,sr90_plus_20
394,0.1029984646853106,50.84052,29.67177,nuclide_mode,env_plus_no_ratio,extra_trees,0.1031735506166788,0.00017508593136819628,0.00017508593136819628,0.1699888749828779,0.1699888749828779,baseline,sr90_plus_20
395,0.106825495096902,50.84004,29.94798,nuclide_mode,env_plus_no_ratio,extra_trees,0.1068400732772345,1.4578180332500135e-05,1.4578180332500135e-05,0.013646723864257485,0.013646723864257485,baseline,sr90_plus_20
396,0.1008084080782315,50.83739,30.07978,nuclide_mode,env_plus_no_ratio,extra_trees,0.1010335299549368,0.0002251218767052865,0.0002251218767052865,0.22331656753331783,0.22331656753331783,baseline,sr90_plus_20
397,0.1016656799396012,50.837058,30.052328,nuclide_mode,env_plus_no_ratio,extra_trees,0.1018675608285537,0.00020188088895249645,0.00020188088895249645,0.19857329343828944,0.19857329343828944,baseline,sr90_plus_20
398,0.0995299864435798,50.83717,29.80961,nuclide_mode,env_plus_no_ratio,extra_trees,0.100049062991986,0.0005190765484062027,0.0005190765484062027,0.5215277997656009,0.5215277997656009,baseline,sr90_plus_20
399,0.0978075578104336,50.83714,29.66121,nuclide_mode,env_plus_no_ratio,extra_trees,0.0981170862560973,0.00030952844566370374,0.00030952844566370374,0.316466797242416,0.316466797242416,baseline,sr90_plus_20
400,0.0988881942511114,50.83716,29.64882,nuclide_mode,env_plus_no_ratio,extra_trees,0.0995184827281704,0.00063028847705901,0.00063028847705901,0.637374847252736,0.637374847252736,baseline,sr90_plus_20
401,0.103964592714003,50.83403,29.52908,nuclide_mode,env_plus_no_ratio,extra_trees,0.1039355740691321,-2.9018644870898447e-05,2.9018644870898447e-05,-0.027912045931566397,0.027912045931566397,baseline,sr90_plus_20
402,0.1010443886910164,50.83419,29.55745,nuclide_mode,env_plus_no_ratio,extra_trees,0.101084782701097,4.039401008060217e-05,4.039401008060217e-05,0.039976500035170684,0.039976500035170684,baseline,sr90_plus_20
403,0.1051041380582084,50.83407,29.79894,nuclide_mode,env_plus_no_ratio,extra_trees,0.1054628245201226,0.0003586864619141983,0.0003586864619141983,0.34126768797204904,0.34126768797204904,baseline,sr90_plus_20
404,0.1067962381071466,50.833328,29.937748,nuclide_mode,env_plus_no_ratio,extra_trees,0.1071964469505711,0.00040020884342449603,0.00040020884342449603,0.3747405812393637,0.3747405812393637,baseline,sr90_plus_20
405,0.0981748299934975,50.83024,29.78474,nuclide_mode,env_plus_no_ratio,extra_trees,0.0987485295722711,0.0005736995787735955,0.0005736995787735955,0.5843652378227635,0.5843652378227635,baseline,sr90_plus_20
406,0.0982392837821256,50.831086,29.771498,nuclide_mode,env_plus_no_ratio,extra_trees,0.0982848060704878,4.55222883622014e-05,4.55222883622014e-05,0.0463381720729565,0.0463381720729565,baseline,sr90_plus_20
407,0.1001173776493323,50.83147,29.519772,nuclide_mode,env_plus_no_ratio,extra_trees,0.1001802163593861,6.283871005380304e-05,6.283871005380304e-05,0.062765037927681,0.062765037927681,baseline,sr90_plus_20
408,0.0978726349462812,50.82844,29.523211,nuclide_mode,env_plus_no_ratio,extra_trees,0.0978913180235282,1.868307724699203e-05,1.868307724699203e-05,0.01908917365640202,0.01908917365640202,baseline,sr90_plus_20
409,0.0981150939103732,50.82792,29.56786,nuclide_mode,env_plus_no_ratio,extra_trees,0.0981400939103732,2.5000000000011124e-05,2.5000000000011124e-05,0.025480279336886007,0.025480279336886007,baseline,sr90_plus_20
410,0.0971425039777265,50.828065,29.595381,nuclide_mode,env_plus_no_ratio,extra_trees,0.0971425039777265,0.0,0.0,0.0,0.0,baseline,sr90_plus_20
411,0.0971995646284267,50.82841,29.6095,nuclide_mode,env_plus_no_ratio,extra_trees,0.097313823774802,0.00011425914637529233,0.00011425914637529233,0.11755108864127199,0.11755108864127199,baseline,sr90_plus_20
412,0.0976988568424679,50.8291,29.65034,nuclide_mode,env_plus_no_ratio,extra_trees,0.0978556771570577,0.0001568203145898006,0.0001568203145898006,0.16051397084682542,0.16051397084682542,baseline,sr90_plus_20
413,0.0970131754971145,50.828443,29.697905,nuclide_mode,env_plus_no_ratio,extra_trees,0.0971077504297043,9.457493258981098e-05,9.457493258981098e-05,0.0974866889009565,0.0974866889009565,baseline,sr90_plus_20
414,0.0992330295140697,50.82842,29.7381,nuclide_mode,env_plus_no_ratio,extra_trees,0.1010476562797654,0.001814626765695701,0.001814626765695701,1.8286519867242539,1.8286519867242539,baseline,sr90_plus_20
415,0.0973688906653055,50.8279,29.78119,nuclide_mode,env_plus_no_ratio,extra_trees,0.0974278046684786,5.891400317309392e-05,5.891400317309392e-05,0.06050598170580387,0.06050598170580387,baseline,sr90_plus_20
416,0.1078948700328936,50.828089,29.795297,nuclide_mode,env_plus_no_ratio,extra_trees,0.1087260024295741,0.0008311323966805062,0.0008311323966805062,0.7703168801511334,0.7703168801511334,baseline,sr90_plus_20
417,0.1019438801786542,50.82773,29.82307,nuclide_mode,env_plus_no_ratio,extra_trees,0.1033483655237147,0.001404485345060491,0.001404485345060491,1.3777044218830636,1.3777044218830636,baseline,sr90_plus_20
418,0.1019720199972622,50.828065,29.866694,nuclide_mode,env_plus_no_ratio,extra_trees,0.102590609214227,0.0006185892169647961,0.0006185892169647961,0.6066264226024004,0.6066264226024004,baseline,sr90_plus_20
419,0.1061237485604394,50.82973,29.90933,nuclide_mode,env_plus_no_ratio,extra_trees,0.1069351198863157,0.0008113713258763033,0.0008113713258763033,0.7645520789479207,0.7645520789479207,baseline,sr90_plus_20
420,0.1084919569444023,50.828089,29.952364,nuclide_mode,env_plus_no_ratio,extra_trees,0.109648674355046,0.0011567174106436873,0.0011567174106436873,1.0661780312769706,1.0661780312769706,baseline,sr90_plus_20
421,0.1146703608504827,50.828065,29.99521,nuclide_mode,env_plus_no_ratio,extra_trees,0.1140466229732979,-0.0006237378771847962,0.0006237378771847962,-0.5439399270732919,0.5439399270732919,baseline,sr90_plus_20
422,0.1052426346321376,50.828089,30.038037,nuclide_mode,env_plus_no_ratio,extra_trees,0.1058948933130821,0.0006522586809445119,0.0006522586809445119,0.6197665834045301,0.6197665834045301,baseline,sr90_plus_20
423,0.0990190745219642,50.827524,30.081477,nuclide_mode,env_plus_no_ratio,extra_trees,0.0999532577910881,0.0009341832691238949,0.0009341832691238949,0.9434376897924615,0.9434376897924615,baseline,sr90_plus_20
424,0.1015910221885285,50.8251,30.09468,nuclide_mode,env_plus_no_ratio,extra_trees,0.1022767721187036,0.000685749930175103,0.000685749930175103,0.6750103654853635,0.6750103654853635,baseline,sr90_plus_20
425,0.1029504006469213,50.81948,29.89986,nuclide_mode,env_plus_no_ratio,extra_trees,0.1030257333522235,7.533270530218905e-05,7.533270530218905e-05,0.07317378546252588,0.07317378546252588,baseline,sr90_plus_20
426,0.0998652757094361,50.81923,29.59508,nuclide_mode,env_plus_no_ratio,extra_trees,0.1001024650324968,0.00023718932306070195,0.00023718932306070195,0.23750930578794802,0.23750930578794802,baseline,sr90_plus_20
427,0.1013000252654743,50.81824,29.58169,nuclide_mode,env_plus_no_ratio,extra_trees,0.1013002261673056,2.0090183129595207e-07,2.0090183129595207e-07,0.0001983235747172362,0.0001983235747172362,baseline,sr90_plus_20
428,0.1002387540307508,50.816099,29.638228,nuclide_mode,env_plus_no_ratio,extra_trees,0.1005914057123405,0.00035265168158969684,0.00035265168158969684,0.35181171693486124,0.35181171693486124,baseline,sr90_plus_20
429,0.0979772158486267,50.810078,29.581102,nuclide_mode,env_plus_no_ratio,extra_trees,0.098171047986646,0.00019383213801929533,0.00019383213801929533,0.1978338906044881,0.1978338906044881,baseline,sr90_plus_20
430,0.1055273498115013,50.81033,29.91423,nuclide_mode,env_plus_no_ratio,extra_trees,0.1059537460032156,0.00042639619171429277,0.00042639619171429277,0.40406225729722656,0.40406225729722656,baseline,sr90_plus_20
431,0.1032043339788926,50.800511,30.08088,nuclide_mode,env_plus_no_ratio,extra_trees,0.1037620027577081,0.0005576687788154955,0.0005576687788154955,0.5403540309940377,0.5403540309940377,baseline,sr90_plus_20
432,0.1035374134985954,50.80111,30.038037,nuclide_mode,env_plus_no_ratio,extra_trees,0.1037923297487794,0.0002549162501840063,0.0002549162501840063,0.24620689427157127,0.24620689427157127,baseline,sr90_plus_20
433,0.1032002835132643,50.801379,30.008669,nuclide_mode,env_plus_no_ratio,extra_trees,0.10387046467225,0.0006701811589857054,0.0006701811589857054,0.6493985638126345,0.6493985638126345,baseline,sr90_plus_20
434,0.1067763837525931,50.801488,29.995708,nuclide_mode,env_plus_no_ratio,extra_trees,0.1072040209147246,0.00042763716213149727,0.00042763716213149727,0.4004978882993047,0.4004978882993047,baseline,sr90_plus_20
435,0.116902977703869,50.800727,29.951162,nuclide_mode,env_plus_no_ratio,extra_trees,0.116517357694249,-0.0003856200096200024,0.0003856200096200024,-0.329863291076152,0.329863291076152,baseline,sr90_plus_20
436,0.1033982839748484,50.80116,29.91087,nuclide_mode,env_plus_no_ratio,extra_trees,0.1039838066496753,0.0005855226748268938,0.0005855226748268938,0.566278909395945,0.566278909395945,baseline,sr90_plus_20
437,0.0981427232124458,50.801085,29.86691,nuclide_mode,env_plus_no_ratio,extra_trees,0.0989288038471737,0.0007860806347279037,0.0007860806347279037,0.8009566160359184,0.8009566160359184,baseline,sr90_plus_20
438,0.1017571451070569,50.80162,29.82391,nuclide_mode,env_plus_no_ratio,extra_trees,0.1019265666237175,0.00016942151666060612,0.00016942151666060612,0.16649594137331658,0.16649594137331658,baseline,sr90_plus_20
439,0.0938286717727342,50.80108,29.737545,nuclide_mode,env_plus_no_ratio,extra_trees,0.0938851717727342,5.6500000000000994e-05,5.6500000000000994e-05,0.06021613535876504,0.06021613535876504,baseline,sr90_plus_20
440,0.0970696472735757,50.800773,29.695775,nuclide_mode,env_plus_no_ratio,extra_trees,0.0971868923844947,0.00011724511091899814,0.00011724511091899814,0.1207845234963727,0.1207845234963727,baseline,sr90_plus_20
441,0.0984844725825222,50.800875,29.652148,nuclide_mode,env_plus_no_ratio,extra_trees,0.0986089728232004,0.0001245002406781992,0.0001245002406781992,0.12641611150821552,0.12641611150821552,baseline,sr90_plus_20
442,0.0976344642049996,50.80111,29.60967,nuclide_mode,env_plus_no_ratio,extra_trees,0.0976518180453507,1.7353840351091998e-05,1.7353840351091998e-05,0.017774297726113147,0.017774297726113147,baseline,sr90_plus_20
443,0.1020531632314862,50.80115,29.52336,nuclide_mode,env_plus_no_ratio,extra_trees,0.102012770781817,-4.039244966919098e-05,4.039244966919098e-05,-0.039579811531729965,0.039579811531729965,baseline,sr90_plus_20
444,0.0978453566169238,50.79814,29.5096,nuclide_mode,env_plus_no_ratio,extra_trees,0.0981001429200548,0.00025478630313099937,0.00025478630313099937,0.260396928316709,0.260396928316709,baseline,sr90_plus_20
445,0.1023856672627886,50.795115,30.052317,nuclide_mode,env_plus_no_ratio,extra_trees,0.1027065738101004,0.0003209065473118028,0.0003209065473118028,0.31342917020616434,0.31342917020616434,baseline,sr90_plus_20
446,0.1016310514132412,50.795115,30.033279,nuclide_mode,env_plus_no_ratio,extra_trees,0.1020221684080541,0.00039111699481289564,0.00039111699481289564,0.38484005564655427,0.38484005564655427,baseline,sr90_plus_20
447,0.098101922791997,50.79279,29.52362,nuclide_mode,env_plus_no_ratio,extra_trees,0.0982346380599383,0.00013271526794129962,0.00013271526794129962,0.13528304457670254,0.13528304457670254,baseline,sr90_plus_20
448,0.0979844419566564,50.78891,29.55187,nuclide_mode,env_plus_no_ratio,extra_trees,0.0982239187482968,0.00023947679164040836,0.00023947679164040836,0.24440287341366027,0.24440287341366027,baseline,sr90_plus_20
449,0.1008730448965963,50.78651,29.53798,nuclide_mode,env_plus_no_ratio,extra_trees,0.1010308071332973,0.00015776223670099787,0.00015776223670099787,0.15639682222611398,0.15639682222611398,baseline,sr90_plus_20
450,0.098927262201862,50.78292,29.52433,nuclide_mode,env_plus_no_ratio,extra_trees,0.0996135974240167,0.0006863352221546937,0.0006863352221546937,0.6937776371029254,0.6937776371029254,baseline,sr90_plus_20
451,0.0969884533901725,50.78271,29.51032,nuclide_mode,env_plus_no_ratio,extra_trees,0.0971209645549886,0.00013251116481610703,0.00013251116481610703,0.1366257118082202,0.1366257118082202,baseline,sr90_plus_20
452,0.0985071519328446,50.774105,29.481023,nuclide_mode,env_plus_no_ratio,extra_trees,0.0984596433077597,-4.750862508488829e-05,4.750862508488829e-05,-0.04822860488066532,0.04822860488066532,baseline,sr90_plus_20
453,0.0983443168702017,50.77541,29.52476,nuclide_mode,env_plus_no_ratio,extra_trees,0.0983443168702017,0.0,0.0,0.0,0.0,baseline,sr90_plus_20
454,0.1063632609196547,50.772658,29.565394,nuclide_mode,env_plus_no_ratio,extra_trees,0.1063643965536836,1.1356340288981581e-06,1.1356340288981581e-06,0.0010676938814013985,0.0010676938814013985,baseline,sr90_plus_20
455,0.097412732659583,50.774105,29.652408,nuclide_mode,env_plus_no_ratio,extra_trees,0.097565810428878,0.00015307776929500416,0.00015307776929500416,0.15714349152892293,0.15714349152892293,baseline,sr90_plus_20
456,0.0968253125875363,50.774132,29.695343,nuclide_mode,env_plus_no_ratio,extra_trees,0.0969062724154394,8.095982790311262e-05,8.095982790311262e-05,0.0836143212343567,0.0836143212343567,baseline,sr90_plus_20
457,0.0988143741388597,50.774132,29.738181,nuclide_mode,env_plus_no_ratio,extra_trees,0.0991364359994257,0.00032206186056600583,0.00032206186056600583,0.3259261249921249,0.3259261249921249,baseline,sr90_plus_20
458,0.0991826929790881,50.774105,29.780948,nuclide_mode,env_plus_no_ratio,extra_trees,0.100219862325797,0.0010371693467088883,0.0010371693467088883,1.0457160574653557,1.0457160574653557,baseline,sr90_plus_20
459,0.1035224636746715,50.774105,29.952371,nuclide_mode,env_plus_no_ratio,extra_trees,0.1049393652621513,0.001416901587479799,0.001416901587479799,1.368689980111503,1.368689980111503,baseline,sr90_plus_20
460,0.1145799205420447,50.774105,29.99521,nuclide_mode,env_plus_no_ratio,extra_trees,0.1151938202262,0.0006138996841553029,0.0006138996841553029,0.5357829550335869,0.5357829550335869,baseline,sr90_plus_20
461,0.1002146602932528,50.774132,30.038037,nuclide_mode,env_plus_no_ratio,extra_trees,0.1012410176088818,0.0010263573156290007,0.0010263573156290007,1.02415885323128,1.02415885323128,baseline,sr90_plus_20
462,0.0981243045214156,51.151822,29.823855,nuclide_mode,env_plus_no_ratio,extra_trees,0.0984753313818386,0.000351026860423001,0.000351026860423001,0.3577369155736432,0.3577369155736432,baseline,sr90_plus_20
463,0.0969702995988891,51.123834,29.781093,nuclide_mode,env_plus_no_ratio,extra_trees,0.0971259277507762,0.000155628151887105,0.000155628151887105,0.16049053424692922,0.16049053424692922,baseline,sr90_plus_20
464,0.1019784732578362,51.152105,29.778549,nuclide_mode,env_plus_no_ratio,extra_trees,0.1034517808409224,0.0014733075830861975,0.0014733075830861975,1.4447241030576872,1.4447241030576872,baseline,sr90_plus_20
465,0.0969491486532636,51.12511,29.73936,nuclide_mode,env_plus_no_ratio,extra_trees,0.0970049012412553,5.575258799170313e-05,5.575258799170313e-05,0.057507042368263574,0.057507042368263574,baseline,sr90_plus_20
466,0.0969604166311191,51.152375,29.739076,nuclide_mode,env_plus_no_ratio,extra_trees,0.0969922436007057,3.182696958660414e-05,3.182696958660414e-05,0.032824703824951784,0.032824703824951784,baseline,sr90_plus_20
467,0.0979715874086053,51.151822,29.695338,nuclide_mode,env_plus_no_ratio,extra_trees,0.0981358406890688,0.00016425328046350274,0.00016425328046350274,0.16765399521236665,0.16765399521236665,baseline,sr90_plus_20
468,0.0972703406730663,51.12492,29.696735,nuclide_mode,env_plus_no_ratio,extra_trees,0.0972853406730663,1.5000000000001124e-05,1.5000000000001124e-05,0.015420939102513655,0.015420939102513655,baseline,sr90_plus_20
469,0.1001997939568618,51.125291,29.656334,nuclide_mode,env_plus_no_ratio,extra_trees,0.1002822720255201,8.247806865831209e-05,8.247806865831209e-05,0.08231361103778387,0.08231361103778387,baseline,sr90_plus_20
470,0.0978144837742707,51.097862,29.695255,nuclide_mode,env_plus_no_ratio,extra_trees,0.097892982623131,7.849884886029779e-05,7.849884886029779e-05,0.08025278653154459,0.08025278653154459,baseline,sr90_plus_20
471,0.0978157834227462,51.070635,29.735813,nuclide_mode,env_plus_no_ratio,extra_trees,0.0978157834227462,0.0,0.0,0.0,0.0,baseline,sr90_plus_20
472,0.0993025062241475,51.072272,29.694579,nuclide_mode,env_plus_no_ratio,extra_trees,0.0993849832607618,8.24770366142924e-05,8.24770366142924e-05,0.0830563494823823,0.0830563494823823,baseline,sr90_plus_20
473,0.1180574413718893,51.0435,29.65191,nuclide_mode,env_plus_no_ratio,extra_trees,0.1172980219099404,-0.0007594194619488931,0.0007594194619488931,-0.6432626805426589,0.6432626805426589,baseline,sr90_plus_20
474,0.1017158284517118,51.043935,29.607021,nuclide_mode,env_plus_no_ratio,extra_trees,0.1017418537086333,2.602525692149693e-05,2.602525692149693e-05,0.025586240920066894,0.025586240920066894,baseline,sr90_plus_20
475,0.1017118885106578,51.043315,29.566834,nuclide_mode,env_plus_no_ratio,extra_trees,0.1017548550417739,4.296653111610094e-05,4.296653111610094e-05,0.042243371689631666,0.042243371689631666,baseline,sr90_plus_20
476,0.1033580754092425,51.043903,29.523869,nuclide_mode,env_plus_no_ratio,extra_trees,0.1033580754092425,0.0,0.0,0.0,0.0,baseline,sr90_plus_20
477,0.1026996600178465,51.070883,29.523869,nuclide_mode,env_plus_no_ratio,extra_trees,0.103026581874772,0.0003269218569254967,0.0003269218569254967,0.31832808099723625,0.31832808099723625,baseline,sr90_plus_20
478,0.1016711401843387,51.070892,29.480208,nuclide_mode,env_plus_no_ratio,extra_trees,0.1016900362770851,1.8896092746398252e-05,1.8896092746398252e-05,0.018585502938334296,0.018585502938334296,baseline,sr90_plus_20
479,0.1016231908158156,51.043914,29.48116,nuclide_mode,env_plus_no_ratio,extra_trees,0.1016231908158156,0.0,0.0,0.0,0.0,baseline,sr90_plus_20
480,0.1102039201674336,51.043903,29.438176,nuclide_mode,env_plus_no_ratio,extra_trees,0.1101847535007669,-1.9166666666708965e-05,1.9166666666708965e-05,-0.01739200079052443,0.01739200079052443,baseline,sr90_plus_20
481,0.1087172068561866,51.016936,29.438323,nuclide_mode,env_plus_no_ratio,extra_trees,0.1086132707022116,-0.00010393615397499834,0.00010393615397499834,-0.09560230342606875,0.09560230342606875,baseline,sr90_plus_20
482,0.0988643592000742,50.988598,29.438219,nuclide_mode,env_plus_no_ratio,extra_trees,0.098855182729486,-9.17647058820692e-06,9.17647058820692e-06,-0.009281879397646499,0.009281879397646499,baseline,sr90_plus_20
483,0.1032639527067165,50.989943,29.39533,nuclide_mode,env_plus_no_ratio,extra_trees,0.1032429527067165,-2.0999999999993246e-05,2.0999999999993246e-05,-0.020336234910197627,0.020336234910197627,baseline,sr90_plus_20
484,0.0983031841337185,50.962981,29.395487,nuclide_mode,env_plus_no_ratio,extra_trees,0.0983281841337185,2.4999999999997247e-05,2.4999999999997247e-05,0.02543152617110611,0.02543152617110611,baseline,sr90_plus_20
485,0.1027821510178769,50.93645,29.438323,nuclide_mode,env_plus_no_ratio,extra_trees,0.1027802915066143,-1.8595112625946486e-06,1.8595112625946486e-06,-0.0018091772201490742,0.0018091772201490742,baseline,sr90_plus_20
486,0.09875914042807,50.90868,29.4383,nuclide_mode,env_plus_no_ratio,extra_trees,0.0987591404280701,9.71445146547012e-17,9.71445146547012e-17,9.836508725534646e-14,9.836508725534646e-14,baseline,sr90_plus_20
487,0.0972457649697158,50.882024,29.481023,nuclide_mode,env_plus_no_ratio,extra_trees,0.0972838592322703,3.809426255449444e-05,3.809426255449444e-05,0.03917318411383542,0.03917318411383542,baseline,sr90_plus_20
488,0.0968913511922961,50.855044,29.481023,nuclide_mode,env_plus_no_ratio,extra_trees,0.0969475792624716,5.622807017550968e-05,5.622807017550968e-05,0.05803208385846148,0.05803208385846148,baseline,sr90_plus_20
489,0.09905161835374,50.827867,29.478841,nuclide_mode,env_plus_no_ratio,extra_trees,0.0990601381482094,8.51979446939155e-06,8.51979446939155e-06,0.008601368267366486,0.008601368267366486,baseline,sr90_plus_20
490,0.0980863580212666,50.800762,29.479558,nuclide_mode,env_plus_no_ratio,extra_trees,0.0981214865113882,3.512849012160535e-05,3.512849012160535e-05,0.03581383877459184,0.03581383877459184,baseline,sr90_plus_20
491,0.0972313372816802,50.773533,29.438323,nuclide_mode,env_plus_no_ratio,extra_trees,0.0972313372816802,0.0,0.0,0.0,0.0,baseline,sr90_plus_20
492,0.0967678258954647,50.7463,29.47899,nuclide_mode,env_plus_no_ratio,extra_trees,0.0967463020859409,-2.1523809523804616e-05,2.1523809523804616e-05,-0.022242733392663097,0.022242733392663097,baseline,sr90_plus_20
493,0.0969218638488712,50.747125,29.523869,nuclide_mode,env_plus_no_ratio,extra_trees,0.098072030341037,0.0011501664921657884,0.0011501664921657884,1.1866945666245394,1.1866945666245394,baseline,sr90_plus_20
494,0.0971357575038358,50.747125,29.566822,nuclide_mode,env_plus_no_ratio,extra_trees,0.097114233694312,-2.1523809523790738e-05,2.1523809523790738e-05,-0.02215848218709859,0.02215848218709859,baseline,sr90_plus_20
495,0.0979414805793735,50.774105,29.609562,nuclide_mode,env_plus_no_ratio,extra_trees,0.0981902527425354,0.000248772163161895,0.000248772163161895,0.2540008193569073,0.2540008193569073,baseline,sr90_plus_20
496,0.0987930578575639,50.747154,29.60967,nuclide_mode,env_plus_no_ratio,extra_trees,0.1007009920883241,0.0019079342307602026,0.0019079342307602026,1.9312432190437816,1.9312432190437816,baseline,sr90_plus_20
497,0.0967392740226036,50.747154,29.652507,nuclide_mode,env_plus_no_ratio,extra_trees,0.0973250192476654,0.0005857452250618012,0.0005857452250618012,0.6054885474176072,0.6054885474176072,baseline,sr90_plus_20
498,0.1034538136898852,50.747753,29.695343,nuclide_mode,env_plus_no_ratio,extra_trees,0.1055376732537648,0.002083859563879603,0.002083859563879603,2.0142897487822093,2.0142897487822093,baseline,sr90_plus_20
499,0.0979959529069607,50.747125,29.738101,nuclide_mode,env_plus_no_ratio,extra_trees,0.0996210698225839,0.0016251169156231982,0.0016251169156231982,1.6583510516665074,1.6583510516665074,baseline,sr90_plus_20
500,0.0977030114778707,50.747125,29.780948,nuclide_mode,env_plus_no_ratio,extra_trees,0.0978226301367019,0.00011961865883119982,0.00011961865883119982,0.12243088214153247,0.12243088214153247,baseline,sr90_plus_20
501,0.09746686076657,50.774132,29.823854,nuclide_mode,env_plus_no_ratio,extra_trees,0.0977587623445108,0.00029190157794078964,0.00029190157794078964,0.2994880266431116,0.2994880266431116,baseline,sr90_plus_20
502,0.0965896383959853,50.747154,29.823854,nuclide_mode,env_plus_no_ratio,extra_trees,0.0980372432061173,0.0014476048101319944,0.0014476048101319944,1.4987164608664312,1.4987164608664312,baseline,sr90_plus_20
503,0.1048047315687721,50.77465,29.86633,nuclide_mode,env_plus_no_ratio,extra_trees,0.1056826832705709,0.0008779517017988014,0.0008779517017988014,0.8377023524197434,0.8377023524197434,baseline,sr90_plus_20
504,0.1052879609637925,50.747154,29.86669,nuclide_mode,env_plus_no_ratio,extra_trees,0.1075630073493184,0.0022750463855258918,0.0022750463855258918,2.160784922321991,2.160784922321991,baseline,sr90_plus_20
505,0.0980326767282704,50.747503,29.909794,nuclide_mode,env_plus_no_ratio,extra_trees,0.0980199490481821,-1.2727680088295279e-05,1.2727680088295279e-05,-0.012983099628682184,0.012983099628682184,baseline,sr90_plus_20
506,0.1016250495581393,50.774105,29.909532,nuclide_mode,env_plus_no_ratio,extra_trees,0.1020996363635613,0.00047458680542200593,0.00047458680542200593,0.46699785878135947,0.46699785878135947,baseline,sr90_plus_20
507,0.1021420527970868,50.74714,29.95358,nuclide_mode,env_plus_no_ratio,extra_trees,0.1025841584586709,0.00044210566158410514,0.00044210566158410514,0.43283412607966937,0.43283412607966937,baseline,sr90_plus_20
508,0.1158951488711948,50.747665,29.994827,nuclide_mode,env_plus_no_ratio,extra_trees,0.1158046599083495,-9.048896284530317e-05,9.048896284530317e-05,-0.07807830071116444,0.07807830071116444,baseline,sr90_plus_20
509,0.0972778703622809,50.747154,30.03899,nuclide_mode,env_plus_no_ratio,extra_trees,0.0975564924813325,0.0002786221190515942,0.0002786221190515942,0.2864188103768653,0.2864188103768653,baseline,sr90_plus_20
510,0.0968856098908211,50.747296,30.080938,nuclide_mode,env_plus_no_ratio,extra_trees,0.0968951843589062,9.574468085110643e-06,9.574468085110643e-06,0.00988223957706409,0.00988223957706409,baseline,sr90_plus_20
511,0.1003134480131489,50.774132,30.079923,nuclide_mode,env_plus_no_ratio,extra_trees,0.1007475134642863,0.0004340654511374026,0.0004340654511374026,0.43270913295743363,0.43270913295743363,baseline,sr90_plus_20
512,0.1031251907279557,50.774162,30.121927,nuclide_mode,env_plus_no_ratio,extra_trees,0.104946085106825,0.0018208943788693005,0.0018208943788693005,1.765712495672198,1.765712495672198,baseline,sr90_plus_20
513,0.1019205112260741,50.801309,30.123328,nuclide_mode,env_plus_no_ratio,extra_trees,0.1022203972732699,0.00029988604719580203,0.00029988604719580203,0.2942352266371706,0.2942352266371706,baseline,sr90_plus_20
514,0.0994692410305849,50.829576,30.122386,nuclide_mode,env_plus_no_ratio,extra_trees,0.1004570624876725,0.0009878214570876037,0.0009878214570876037,0.99309238399021,0.99309238399021,baseline,sr90_plus_20
515,0.1097650716457877,50.85554,30.123768,nuclide_mode,env_plus_no_ratio,extra_trees,0.1118183308810609,0.0020532592352731915,0.0020532592352731915,1.87059435618925,1.87059435618925,baseline,sr90_plus_20
516,0.1010279394108345,50.854993,30.080178,nuclide_mode,env_plus_no_ratio,extra_trees,0.1014561469153939,0.00042820750455939416,0.00042820750455939416,0.42385057743093196,0.42385057743093196,baseline,sr90_plus_20
517,0.1065069635179778,50.882024,30.123719,nuclide_mode,env_plus_no_ratio,extra_trees,0.1065864936549212,7.953013694340927e-05,7.953013694340927e-05,0.07467130252942102,0.07467130252942102,baseline,sr90_plus_20
518,0.10949717017121,50.908554,30.122395,nuclide_mode,env_plus_no_ratio,extra_trees,0.1111118596547049,0.0016146894834948994,0.0016146894834948994,1.4746403774363919,1.4746403774363919,baseline,sr90_plus_20
519,0.119178409444757,50.935336,30.122566,nuclide_mode,env_plus_no_ratio,extra_trees,0.1202546532263097,0.001076243781552702,0.001076243781552702,0.9030526473434565,0.9030526473434565,baseline,sr90_plus_20
520,0.1081162018230049,50.963576,30.078535,nuclide_mode,env_plus_no_ratio,extra_trees,0.1080909841572782,-2.5217665726690042e-05,2.5217665726690042e-05,-0.02332459455796776,0.02332459455796776,baseline,sr90_plus_20
521,0.106001931785976,50.990691,30.081797,nuclide_mode,env_plus_no_ratio,extra_trees,0.1058332774091707,-0.0001686543768052995,0.0001686543768052995,-0.15910500305392772,0.15910500305392772,baseline,sr90_plus_20
522,0.1202116117741009,51.01667,30.166168,nuclide_mode,env_plus_no_ratio,extra_trees,0.1201724982276144,-3.9113546486502226e-05,3.9113546486502226e-05,-0.03253724487115568,0.03253724487115568,baseline,sr90_plus_20
523,0.1127965495807201,51.017658,30.211893,nuclide_mode,env_plus_no_ratio,extra_trees,0.1128088887131237,1.2339132403588193e-05,1.2339132403588193e-05,0.010939281786060302,0.010939281786060302,baseline,sr90_plus_20
524,0.1089209851471124,51.016184,30.252025,nuclide_mode,env_plus_no_ratio,extra_trees,0.1086709262244226,-0.000250058922689797,0.000250058922689797,-0.22957827855858895,0.22957827855858895,baseline,sr90_plus_20
525,0.1279762146172516,51.018467,30.338781,nuclide_mode,env_plus_no_ratio,extra_trees,0.1272346995861057,-0.0007415150311458896,0.0007415150311458896,-0.5794162871308518,0.5794162871308518,baseline,sr90_plus_20
526,0.1345992797885141,51.017858,30.380573,nuclide_mode,env_plus_no_ratio,extra_trees,0.1347430939596371,0.00014381417112299677,0.00014381417112299677,0.10684616689551486,0.10684616689551486,baseline,sr90_plus_20
527,0.0940108791710965,51.178653,29.864102,nuclide_mode,env_plus_no_ratio,extra_trees,0.0948177953417086,0.0008069161706120986,0.0008069161706120986,0.858322119446984,0.858322119446984,baseline,sr90_plus_20
528,0.0975319254155762,51.178802,29.823794,nuclide_mode,env_plus_no_ratio,extra_trees,0.0976105874527705,7.866203719429643e-05,7.866203719429643e-05,0.08065260360556135,0.08065260360556135,baseline,sr90_plus_20
529,0.1047312228577882,50.818897,29.452915,nuclide_mode,env_plus_no_ratio,extra_trees,0.1046727704768358,-5.845238095239513e-05,5.845238095239513e-05,-0.05581180029929193,0.05581180029929193,baseline,sr90_plus_20
530,0.1206674987673083,50.989958,30.123711,nuclide_mode,env_plus_no_ratio,extra_trees,0.1199455839160777,-0.000721914851230604,0.000721914851230604,-0.5982678505856193,0.5982678505856193,baseline,sr90_plus_20
531,0.112716630196078,51.07074,29.65233,nuclide_mode,env_plus_no_ratio,extra_trees,0.1127425786087764,2.594841269840109e-05,2.594841269840109e-05,0.023020926595536187,0.023020926595536187,baseline,sr90_plus_20
532,0.1088698739360847,50.951421,29.872403,nuclide_mode,env_plus_no_ratio,extra_trees,0.1087876471081227,-8.222682796199532e-05,8.222682796199532e-05,-0.07552762301375404,0.07552762301375404,baseline,sr90_plus_20
533,0.121601196416845,50.94914,29.87865,nuclide_mode,env_plus_no_ratio,extra_trees,0.1213919478458938,-0.0002092485709511982,0.0002092485709511982,-0.17207772383579256,0.17207772383579256,baseline,sr90_plus_20
534,0.0987370237194208,50.94783,29.86594,nuclide_mode,env_plus_no_ratio,extra_trees,0.0991334245359101,0.0003964008164893118,0.0003964008164893118,0.401471303830017,0.401471303830017,baseline,sr90_plus_20
535,0.0979157544145766,50.944693,29.866018,nuclide_mode,env_plus_no_ratio,extra_trees,0.0984885253080021,0.0005727708934255005,0.0005727708934255005,0.5849629580551265,0.5849629580551265,baseline,sr90_plus_20
536,0.0987688336747727,50.938095,29.86207,nuclide_mode,env_plus_no_ratio,extra_trees,0.0992292598888736,0.00046042621410090356,0.00046042621410090356,0.466165486591652,0.466165486591652,baseline,sr90_plus_20
537,0.1009910710663737,50.93631,29.85117,nuclide_mode,env_plus_no_ratio,extra_trees,0.1011299513457933,0.00013888027941960646,0.00013888027941960646,0.13751738441147046,0.13751738441147046,baseline,sr90_plus_20
538,0.1030050390545453,50.933984,29.862585,nuclide_mode,env_plus_no_ratio,extra_trees,0.1028991676179182,-0.00010587143662710297,0.00010587143662710297,-0.10278277412335117,0.10278277412335117,baseline,sr90_plus_20
539,0.1001523398634015,50.93393,29.86825,nuclide_mode,env_plus_no_ratio,extra_trees,0.100544316509228,0.0003919766458265056,0.0003919766458265056,0.3913804174332076,0.3913804174332076,baseline,sr90_plus_20
540,0.0996843515934303,50.932329,29.878773,nuclide_mode,env_plus_no_ratio,extra_trees,0.0998397389108854,0.0001553873174551107,0.0001553873174551107,0.15587934813366586,0.15587934813366586,baseline,sr90_plus_20
541,0.1092716731434978,51.0759,30.2851,nuclide_mode,env_plus_no_ratio,extra_trees,0.1092562185980432,-1.5454545454596236e-05,1.5454545454596236e-05,-0.01414323127852267,0.01414323127852267,baseline,sr90_plus_20
542,0.1092716731434978,51.075759,30.285121,nuclide_mode,env_plus_no_ratio,extra_trees,0.1092562185980432,-1.5454545454596236e-05,1.5454545454596236e-05,-0.01414323127852267,0.01414323127852267,baseline,sr90_plus_20
543,0.1035622588623543,51.021745,30.04811,nuclide_mode,env_plus_no_ratio,extra_trees,0.1038083872555948,0.00024612839324049396,0.00024612839324049396,0.2376622487228922,0.2376622487228922,baseline,sr90_plus_20
544,0.1084263383305646,51.022164,30.04918,nuclide_mode,env_plus_no_ratio,extra_trees,0.1083334444206598,-9.289390990480095e-05,9.289390990480095e-05,-0.08567467216460894,0.08567467216460894,baseline,sr90_plus_20
